{
"type": "FeatureCollection",
"name": "TH",
"crs": { "type": "name", "properties": { "name": "urn:ogc:def:crs:OGC:1.3:CRS84" } },
"features": [
{ "type": "Feature", "properties": { "adm3_name": "Phraborom Maharatchawang", "adm3_name1": "พระบรมมหาราชวัง", "adm3_name2": null, "adm3_name3": null, "adm3_pcode": "TH100101", "adm2_name": "Phra Nakhon", "adm2_name1": "พระนคร", "adm2_name2": null, "adm2_name3": null, "adm2_pcode": "TH1001", "adm1_name": "Bangkok", "adm1_name1": "กรุงเทพมหานคร", "adm1_name2": null, "adm1_name3": null, "adm1_pcode": "TH10", "adm0_name": "Thailand", "adm0_name1": "ประเทศไทย", "adm0_name2": null, "adm0_name3": null, "adm0_pcode": "TH", "valid_on": "2022-01-22T00:00:00", "valid_to": null, "area_sqkm": 1.53655487, "version": "v01", "lang": "en", "lang1": "th", "lang2": null, "lang3": null, "adm3_ref_n": "Phraborom Maharatchawang", "center_lat": 13.75155214, "center_lon": 100.49197306000001 }, "geometry": { "type": "Polygon", "coordinates": [ [ [ 100.49452506300014, 13.757592173000091 ], [ 100.494862763000185, 13.757271752000122 ], [ 100.494883572000049, 13.757247350000057 ], [ 100.494929441000181, 13.757207289 ], [ 100.494932930000061, 13.757205560000159 ], [ 100.494935198000064, 13.757200922000095 ], [ 100.49498053800005, 13.757147549000024 ], [ 100.495128170000044, 13.756917278000117 ], [ 100.495205536000014, 13.756627565000031 ], [ 100.495211940000047, 13.75658818200003 ], [ 100.495318299000019, 13.756091268000148 ], [ 100.495398425000076, 13.755693051000151 ], [ 100.495590261000132, 13.754772135000167 ], [ 100.495777546000113, 13.75395743100006 ], [ 100.495986126000162, 13.753036413000075 ], [ 100.496139078000169, 13.75236880000017 ], [ 100.496248332000164, 13.751269715000092 ], [ 100.496286130000101, 13.750862852000068 ], [ 100.496370687000081, 13.749887197000078 ], [ 100.496328834000053, 13.74848521399997 ], [ 100.496291787000132, 13.747476417000087 ], [ 100.496281920000115, 13.746286652000151 ], [ 100.496282285000063, 13.745520554 ], [ 100.496375625000098, 13.745021662000113 ], [ 100.496438991000048, 13.744626955000058 ], [ 100.496454220000146, 13.744473160000041 ], [ 100.496442522000052, 13.74436027500019 ], [ 100.496420079000075, 13.744285835000085 ], [ 100.496361686000114, 13.744192406000082 ], [ 100.496248120000132, 13.744058615000085 ], [ 100.495030506000091, 13.742797092000103 ], [ 100.494875732000082, 13.742634195000051 ], [ 100.494311790000154, 13.741742698000053 ], [ 100.493441237000184, 13.740802218000056 ], [ 100.493373945000087, 13.740852315000041 ], [ 100.493115275000036, 13.741076478000025 ], [ 100.492444017000082, 13.741671511000106 ], [ 100.492299179000156, 13.741796685 ], [ 100.492087917999982, 13.742026227000167 ], [ 100.491969798000184, 13.742172671000048 ], [ 100.491945714000167, 13.742203325000105 ], [ 100.491608053000164, 13.742686763000108 ], [ 100.490377774000081, 13.744448170000112 ], [ 100.489849827000171, 13.745303866000029 ], [ 100.48902393700007, 13.746642449000035 ], [ 100.488635773000112, 13.747409743999981 ], [ 100.488299250000068, 13.748209494000093 ], [ 100.488274199000045, 13.74826729900019 ], [ 100.488153090000026, 13.748672532000057 ], [ 100.487977796000109, 13.749380932 ], [ 100.487871102000156, 13.750149934000092 ], [ 100.487782866000146, 13.750908647000074 ], [ 100.487700845000177, 13.751834561000123 ], [ 100.487644537000165, 13.75270722700003 ], [ 100.487678670000037, 13.753445987000191 ], [ 100.487694899000076, 13.754275260000156 ], [ 100.487707167000167, 13.754940734000172 ], [ 100.487730044000045, 13.755270531000178 ], [ 100.487769100000094, 13.755775398000139 ], [ 100.487811558000033, 13.756092634000083 ], [ 100.48786876500003, 13.756459512000049 ], [ 100.487940010000159, 13.756848931000036 ], [ 100.488109008000151, 13.757433211000034 ], [ 100.488393871000142, 13.758149010000068 ], [ 100.488817907000055, 13.759033440000053 ], [ 100.489244114000087, 13.75979922199997 ], [ 100.489252836999981, 13.759812719000138 ], [ 100.489698342000167, 13.760520735000057 ], [ 100.490245859000083, 13.761187486000097 ], [ 100.490842322000162, 13.76181890200013 ], [ 100.490971988000069, 13.761928724000143 ], [ 100.491475636000132, 13.761268083000118 ], [ 100.491872857000089, 13.760765657000093 ], [ 100.492223188000196, 13.760322546000111 ], [ 100.492881232000116, 13.759488157000078 ], [ 100.493577184000117, 13.758689662 ], [ 100.493863565000083, 13.758366674000115 ], [ 100.493944481000028, 13.758277574000033 ], [ 100.49452506300014, 13.757592173000091 ] ] ] } },
{ "type": "Feature", "properties": { "adm3_name": "Ko Sarai", "adm3_name1": "เกาะสาหร่าย", "adm3_name2": null, "adm3_name3": null, "adm3_pcode": "TH910106", "adm2_name": "Mueang Satun", "adm2_name1": "เมืองสตูล", "adm2_name2": null, "adm2_name3": null, "adm2_pcode": "TH9101", "adm1_name": "Satun", "adm1_name1": "สตูล", "adm1_name2": null, "adm1_name3": null, "adm1_pcode": "TH91", "adm0_name": "Thailand", "adm0_name1": "ประเทศไทย", "adm0_name2": null, "adm0_name3": null, "adm0_pcode": "TH", "valid_on": "2022-01-22T00:00:00", "valid_to": null, "area_sqkm": 236.23144132, "version": "v01", "lang": "en", "lang1": "th", "lang2": null, "lang3": null, "adm3_ref_n": "Ko Sarai", "center_lat": 6.5605285, "center_lon": 99.22368861 }, "geometry": { "type": "MultiPolygon", "coordinates": [ [ [ [ 99.658865369000068, 6.720967541000164 ], [ 99.659384952000153, 6.720055473 ], [ 99.659905566000077, 6.719469076999985 ], [ 99.660099861000049, 6.718882564000069 ], [ 99.660132045000069, 6.718426836 ], [ 99.660131519, 6.718036208 ], [ 99.660131036000053, 6.717678333000151 ], [ 99.660130554000034, 6.717320462000146 ], [ 99.660130290000041, 6.717124836000096 ], [ 99.660325243000045, 6.717027353000105 ], [ 99.660423302000083, 6.717189466000093 ], [ 99.660423653000066, 6.717450078000184 ], [ 99.660488869000119, 6.717580037 ], [ 99.660684087000107, 6.717677587000082 ], [ 99.660749904000113, 6.717840300000148 ], [ 99.660912453000151, 6.718035155 ], [ 99.66104317900016, 6.718100553000113 ], [ 99.66133606000011, 6.718067368000106 ], [ 99.661433545000136, 6.71780658800003 ], [ 99.661661078000179, 6.717546222000124 ], [ 99.66201896400014, 6.717480715000136 ], [ 99.662409419000198, 6.71725236400016 ], [ 99.66266992400017, 6.717121407999969 ], [ 99.66289779900012, 6.717088902000171 ], [ 99.663222572000052, 6.716827848000037 ], [ 99.663417371000094, 6.716176868 ], [ 99.663351317000149, 6.715427869000109 ], [ 99.663350391000108, 6.714744362000147 ], [ 99.663642256000173, 6.713962641000023 ], [ 99.663999159000127, 6.713180836000106 ], [ 99.664030722000177, 6.712269462000165 ], [ 99.663931516000105, 6.711260447000086 ], [ 99.66379975600006, 6.709991418000186 ], [ 99.663928915000156, 6.709339968999984 ], [ 99.664189025000042, 6.708916759000147 ], [ 99.664416675000041, 6.708720824000181 ], [ 99.664611532000094, 6.708557759000087 ], [ 99.664675998000064, 6.708134778000044 ], [ 99.664754609999989, 6.707728745999987 ], [ 99.664899127000126, 6.707116843999984 ], [ 99.665073469, 6.706417832000056 ], [ 99.66513094000004, 6.705864293 ], [ 99.665013, 6.705194504000076 ], [ 99.664837240999987, 6.704437205000033 ], [ 99.664719773000058, 6.703709727999978 ], [ 99.664952063000101, 6.703214197000136 ], [ 99.665359827000088, 6.702834842000073 ], [ 99.666348788000107, 6.701960065000094 ], [ 99.666872987000033, 6.701551172000109 ], [ 99.667192874000136, 6.701405422000107 ], [ 99.667455049000068, 6.701259234000077 ], [ 99.667599966000068, 6.700967856000148 ], [ 99.667541111000105, 6.700502101999973 ], [ 99.667540596000151, 6.700123333000022 ], [ 99.667627729000117, 6.699744407000082 ], [ 99.667773277000094, 6.699482451999984 ], [ 99.668006140000102, 6.699423927000055 ], [ 99.668297349000113, 6.699394110000128 ], [ 99.668558859000086, 6.699189680000131 ], [ 99.66873363100018, 6.698811234000061 ], [ 99.668791214000066, 6.698315900000125 ], [ 99.668848834000187, 6.697849981 ], [ 99.668993588000092, 6.697412779999979 ], [ 99.669197227000154, 6.69706310600003 ], [ 99.669575762000136, 6.696829661000152 ], [ 99.66998344100017, 6.696799716000044 ], [ 99.670362572000045, 6.697003278000011 ], [ 99.670624745000111, 6.697264688000189 ], [ 99.670857974000171, 6.697439057000111 ], [ 99.670974485000102, 6.697468284000138 ], [ 99.671441421000054, 6.697788204000119 ], [ 99.671703678000142, 6.69810785300001 ], [ 99.671733540000105, 6.698428333999971 ], [ 99.671850459000098, 6.698748732000013 ], [ 99.672084048000158, 6.699184870000067 ], [ 99.672318030000156, 6.699942130000181 ], [ 99.672493364000104, 6.700378895000028 ], [ 99.672523225000191, 6.7006988280001 ], [ 99.672610630000065, 6.700931647000061 ], [ 99.672785370000099, 6.700960782000095 ], [ 99.672931150000124, 6.700872955000023 ], [ 99.67304742500005, 6.700698110000019 ], [ 99.673512568000092, 6.700115183000037 ], [ 99.673687062000113, 6.699940254000012 ], [ 99.673803136000117, 6.6996489120001 ], [ 99.67391988300011, 6.699415854000165 ], [ 99.674327295000069, 6.699211180000134 ], [ 99.6746768000001, 6.699240116 ], [ 99.674880955000049, 6.699239835000071 ], [ 99.675172362000069, 6.699384708000082 ], [ 99.675317946000064, 6.699559210000132 ], [ 99.67537712800015, 6.700258455000153 ], [ 99.675320150000061, 6.701161416 ], [ 99.675378771, 6.701452481 ], [ 99.675524951000057, 6.701655793000157 ], [ 99.6757874500002, 6.70174305900008 ], [ 99.676078658000108, 6.701742658000114 ], [ 99.676369707000106, 6.701596427000027 ], [ 99.676544236000097, 6.701479704000064 ], [ 99.676777228000162, 6.701479383000105 ], [ 99.676951999000153, 6.701508558000114 ], [ 99.677126616000123, 6.701420654000117 ], [ 99.677097301000117, 6.701071303999981 ], [ 99.676892580000128, 6.700663997000163 ], [ 99.676746912000169, 6.70040188400003 ], [ 99.676746470000126, 6.700081322000187 ], [ 99.676833237000096, 6.699848306000092 ], [ 99.677065991000177, 6.699702670000079 ], [ 99.677211091000117, 6.699119589000077 ], [ 99.677472459000057, 6.698391630000174 ], [ 99.678053706000128, 6.697516811000185 ], [ 99.678314801000113, 6.696992365000085 ], [ 99.678343670000118, 6.696613562000095 ], [ 99.678284845000121, 6.696206008000161 ], [ 99.677993395000158, 6.696031721000054 ], [ 99.677585673000181, 6.696002899000121 ], [ 99.677381602000082, 6.696061392999979 ], [ 99.677235780000103, 6.69611983600015 ], [ 99.677060932000188, 6.69603300600005 ], [ 99.677031816000124, 6.695828975000154 ], [ 99.677147609000201, 6.695333559000176 ], [ 99.677438529000085, 6.695100219000039 ], [ 99.677846135000095, 6.695041454000091 ], [ 99.678195398000128, 6.694895662000079 ], [ 99.678719417000195, 6.694370303000028 ], [ 99.678893548000133, 6.693933611000148 ], [ 99.678863795000098, 6.69367132800005 ], [ 99.678834719000179, 6.693496677000041 ], [ 99.678630485000156, 6.693438751000087 ], [ 99.678368508000062, 6.693293247000099 ], [ 99.678222248, 6.693031691000158 ], [ 99.678075702000172, 6.692565491000096 ], [ 99.678075100000115, 6.692129040000168 ], [ 99.678190294000046, 6.691196618999982 ], [ 99.678335589000085, 6.690759407000087 ], [ 99.678655251000066, 6.690060194000012 ], [ 99.67882969599998, 6.689855879000106 ], [ 99.679062481000187, 6.689739065000026 ], [ 99.679237337000075, 6.689826452000034 ], [ 99.679383797000128, 6.69023388 ], [ 99.67950087000014, 6.690670730000079 ], [ 99.679646534000085, 6.690903467999988 ], [ 99.679850731000045, 6.690961425000069 ], [ 99.679995954000049, 6.690873564000185 ], [ 99.680170911000062, 6.690640424000094 ], [ 99.681014073000199, 6.689445235000051 ], [ 99.68176915100014, 6.687959016000093 ], [ 99.682088843000088, 6.687288661000139 ], [ 99.682524780000051, 6.686851044999969 ], [ 99.682932602, 6.686529922000148 ], [ 99.683368784000038, 6.686296378000179 ], [ 99.68371826900011, 6.685917685000049 ], [ 99.683950605000121, 6.685450969000158 ], [ 99.684153554000147, 6.685013642000115 ], [ 99.684124397000119, 6.68478078000004 ], [ 99.683920081999986, 6.684635789000026 ], [ 99.683482982999976, 6.684636396000144 ], [ 99.683250010000165, 6.684636719000082 ], [ 99.683016981000151, 6.6845788010001 ], [ 99.682900152000173, 6.684346024000092 ], [ 99.682870835000131, 6.683996123000043 ], [ 99.682957155000167, 6.683443100000034 ], [ 99.683101872000179, 6.68262712100011 ], [ 99.683333925000113, 6.681956851000052 ], [ 99.683595053000033, 6.681461238000168 ], [ 99.683682204000036, 6.681111728000189 ], [ 99.683623423000085, 6.680704184000035 ], [ 99.683448340000041, 6.680471525000087 ], [ 99.683214991, 6.68018070300019 ], [ 99.682689334000145, 6.679511490000152 ], [ 99.68239765900006, 6.679191326000137 ], [ 99.682251834000169, 6.678813324000089 ], [ 99.682251027, 6.67823044 ], [ 99.682366445000184, 6.677473307000184 ], [ 99.682248849000189, 6.676657646000081 ], [ 99.6822466710002, 6.675084862000176 ], [ 99.682390036000072, 6.673687150000148 ], [ 99.682767610000042, 6.672754365000173 ], [ 99.683260246000145, 6.670802121000122 ], [ 99.683434086000148, 6.670190734000073 ], [ 99.683549826000103, 6.669637109000178 ], [ 99.683577646000117, 6.668908878000025 ], [ 99.683489071000167, 6.667831465000177 ], [ 99.683604403000118, 6.66698666700006 ], [ 99.683778487000097, 6.666549414000031 ], [ 99.6840694280001, 6.666344935999973 ], [ 99.684302317000117, 6.666315785000165 ], [ 99.684447806000151, 6.666024406000133 ], [ 99.684330656000043, 6.665529348000177 ], [ 99.684154760000069, 6.664684954000109 ], [ 99.684065634000149, 6.66360754100009 ], [ 99.68418052800007, 6.662471597000035 ], [ 99.684354846000076, 6.662180211000077 ], [ 99.684529633000068, 6.661829991000104 ], [ 99.684673838000037, 6.661014569000088 ], [ 99.684702290000075, 6.660344618000181 ], [ 99.684759981000127, 6.659936909000123 ], [ 99.684962841000072, 6.659441371000128 ], [ 99.684991454, 6.65885904300012 ], [ 99.684756796000158, 6.657635965000168 ], [ 99.684317868000051, 6.656296678000103 ], [ 99.684142181000198, 6.655598187000123 ], [ 99.684286306000104, 6.654753345000017 ], [ 99.684343392000017, 6.653908627000135 ], [ 99.684225592000075, 6.652947692000112 ], [ 99.683904749000078, 6.652365847000056 ], [ 99.683787634000055, 6.65189958100018 ], [ 99.683727692000105, 6.650676853000107 ], [ 99.683639252000035, 6.65009409400011 ], [ 99.683347667000191, 6.649803319000114 ], [ 99.682881779000184, 6.649803957000131 ], [ 99.682356846000175, 6.649659408 ], [ 99.682181684000057, 6.649339091000058 ], [ 99.682210749000092, 6.649076727000022 ], [ 99.682471976000102, 6.648668779000047 ], [ 99.683257263000144, 6.647794225000155 ], [ 99.683664696, 6.647240166000017 ], [ 99.683926163000081, 6.647006909000027 ], [ 99.684158806000028, 6.646773094000139 ], [ 99.684274783000149, 6.646423544000129 ], [ 99.684215607000056, 6.645724854000093 ], [ 99.684098587000108, 6.645346247000077 ], [ 99.684185814000159, 6.645054943000162 ], [ 99.68430195500008, 6.644792469000095 ], [ 99.684301513000037, 6.644472503000088 ], [ 99.684068145000083, 6.644181087000163 ], [ 99.683805522000114, 6.643977931000052 ], [ 99.683484318000183, 6.643541365000146 ], [ 99.683250997000187, 6.643250540000167 ], [ 99.682814211000107, 6.643047032000027 ], [ 99.682318825000152, 6.642989506000049 ], [ 99.681793971000047, 6.642873747000181 ], [ 99.681531900000095, 6.642670585000019 ], [ 99.681560202000128, 6.642262360000132 ], [ 99.681647478000116, 6.642029341000125 ], [ 99.682084373000066, 6.641883425000117 ], [ 99.68266659700015, 6.641795004000187 ], [ 99.683132283000134, 6.641649085999973 ], [ 99.683335893000105, 6.641269996000062 ], [ 99.683655894000196, 6.640861964000067 ], [ 99.684150038000041, 6.640424232999976 ], [ 99.684411940000189, 6.640103350000174 ], [ 99.684440128000062, 6.639637469999968 ], [ 99.684264727000198, 6.639142464000088 ], [ 99.683944408000059, 6.638909967000131 ], [ 99.683507355000074, 6.638910570000064 ], [ 99.682925491000049, 6.63929017300012 ], [ 99.682372576000034, 6.639727352000136 ], [ 99.681673419, 6.639903606000189 ], [ 99.68117871200019, 6.639933106000115 ], [ 99.680770366000161, 6.63984659900018 ], [ 99.680478829000094, 6.639584680000041 ], [ 99.680362050000156, 6.639351902000158 ], [ 99.680332578, 6.638885549000065 ], [ 99.680360891000134, 6.638507305000189 ], [ 99.680331539000179, 6.638128540000025 ], [ 99.680098137000073, 6.637808297000106 ], [ 99.679980329999978, 6.637255548999974 ], [ 99.680155158000048, 6.636905366000065 ], [ 99.680416265000076, 6.636439172000053 ], [ 99.680619676000163, 6.635914811000077 ], [ 99.68064750700006, 6.635186621000059 ], [ 99.680676010000184, 6.634546054000054 ], [ 99.680849597000076, 6.633701171000098 ], [ 99.680877823000117, 6.63326411900016 ], [ 99.680790384000034, 6.633001920000027 ], [ 99.680207539000037, 6.632653338000125 ], [ 99.679449576000138, 6.63239205800005 ], [ 99.678779407000036, 6.632276520000062 ], [ 99.678313371000172, 6.63216067400009 ], [ 99.678108967000128, 6.631957434000128 ], [ 99.678050397999982, 6.631695191000176 ], [ 99.678166495000085, 6.631432713000152 ], [ 99.678253773000051, 6.631170836000081 ], [ 99.678253494000103, 6.630966762000071 ], [ 99.678107414000124, 6.630821093000179 ], [ 99.677729011000167, 6.630705162000083 ], [ 99.677670523000131, 6.630530543000077 ], [ 99.677699028000063, 6.630268746000013 ], [ 99.677814935000129, 6.62986040200019 ], [ 99.677988881000147, 6.629307254000025 ], [ 99.678046779000169, 6.629044856000178 ], [ 99.678104230000201, 6.628491280000048 ], [ 99.678191459000061, 6.628200014000072 ], [ 99.678278255000123, 6.627559366000014 ], [ 99.678044113000112, 6.627093256000023 ], [ 99.677868646000093, 6.626540595 ], [ 99.677897549000079, 6.626190608000115 ], [ 99.678013458000123, 6.625782815000036 ], [ 99.677954728000088, 6.625404129000117 ], [ 99.678041408000126, 6.625112868000087 ], [ 99.678186968000091, 6.624909150000121 ], [ 99.678257038000027, 6.624447147000183 ], [ 99.678313670000136, 6.624105608000093 ], [ 99.678398766000043, 6.623906488000102 ], [ 99.678653968000049, 6.623650046000023 ], [ 99.678909969000188, 6.623564339000154 ], [ 99.679137498000046, 6.623336752000057 ], [ 99.679278552000198, 6.62271070700001 ], [ 99.679306524000197, 6.622056575999977 ], [ 99.679305707000026, 6.621458988000143 ], [ 99.679190934000076, 6.621061143000134 ], [ 99.679048198000146, 6.620463752000035 ], [ 99.6790476930002, 6.620094023000092 ], [ 99.679132482000171, 6.619667639000113 ], [ 99.679416318000051, 6.619240430000048 ], [ 99.679415695999978, 6.61878530000007 ], [ 99.679272836000052, 6.618529398000021 ], [ 99.679045405000181, 6.618416081000134 ], [ 99.678789140000049, 6.618302792000122 ], [ 99.678532568000094, 6.617961684000136 ], [ 99.678589355000099, 6.617733746000113 ], [ 99.678674373000035, 6.617478094999967 ], [ 99.678787897000177, 6.617392610000081 ], [ 99.678815975000191, 6.617250079000144 ], [ 99.678730332000157, 6.617051194000112 ], [ 99.678531325000108, 6.617051466000134 ], [ 99.67804808600016, 6.617165755000087 ], [ 99.677706889000092, 6.617394084000068 ], [ 99.677365405999979, 6.617394550000085 ], [ 99.677279802000044, 6.617223901000102 ], [ 99.677364515000193, 6.616740426000149 ], [ 99.677563618000079, 6.616398692000132 ], [ 99.67793305400005, 6.616142061000119 ], [ 99.678074768000045, 6.616028229000108 ], [ 99.678216928000097, 6.615771945000063 ], [ 99.67841589700015, 6.615743402000078 ], [ 99.678615028000195, 6.615828497999985 ], [ 99.678672393000056, 6.616027414000143 ], [ 99.678843290000088, 6.616140820000112 ], [ 99.678985199000181, 6.61614062600006 ], [ 99.679155786000138, 6.616026754000075 ], [ 99.679382594000117, 6.615684987000122 ], [ 99.679581849000158, 6.615428619000056 ], [ 99.679866224000136, 6.615428230000134 ], [ 99.680150407000099, 6.61528594400005 ], [ 99.680434396000066, 6.6150011900001 ], [ 99.680690309000056, 6.614858340000012 ], [ 99.680860854, 6.614687382999989 ], [ 99.681002173000081, 6.614260365 ], [ 99.681295947000024, 6.613274557000182 ], [ 99.681752582000058, 6.612328109000032 ], [ 99.682331457000089, 6.611441994000131 ], [ 99.682483570000159, 6.611044901000071 ], [ 99.68281857900007, 6.610464414000091 ], [ 99.683153870000012, 6.610067068999967 ], [ 99.683671387000118, 6.609395298000095 ], [ 99.684097978000182, 6.608784114000173 ], [ 99.684585803000118, 6.608295006 ], [ 99.685042926, 6.607714314000077 ], [ 99.68534781, 6.607408600000042 ], [ 99.685683572000073, 6.607347081000171 ], [ 99.685989041000028, 6.607468770000025 ], [ 99.686233339000182, 6.607529494000062 ], [ 99.68638543600008, 6.607529285000169 ], [ 99.686537960000067, 6.607437484000116 ], [ 99.686537749000138, 6.607284843000173 ], [ 99.686384683000085, 6.606980344000135 ], [ 99.686110117000112, 6.606705962000149 ], [ 99.686018146000038, 6.606431313000087 ], [ 99.686109528000145, 6.606278539000073 ], [ 99.686231488000146, 6.606186786000023 ], [ 99.686383589000172, 6.606186575999971 ], [ 99.68650587400009, 6.60630852200012 ], [ 99.686719884000013, 6.60652194000005 ], [ 99.686933604000103, 6.6065216450001 ], [ 99.687086047000037, 6.606399313000111 ], [ 99.687207620000038, 6.606002296000042 ], [ 99.687328944000171, 6.605422065000084 ], [ 99.687389501000098, 6.605055628000059 ], [ 99.687511156000141, 6.604719673000034 ], [ 99.687601993000101, 6.604170609999983 ], [ 99.687662505000105, 6.603773633000117 ], [ 99.687814782000032, 6.603498657000102 ], [ 99.687967216, 6.603345796000156 ], [ 99.688241999000127, 6.603375949000053 ], [ 99.688547558000096, 6.603558707000104 ], [ 99.688731033000067, 6.603772157000151 ], [ 99.688823053000078, 6.604077333000021 ], [ 99.689037434000113, 6.604564917 ], [ 99.689250894, 6.604808854000055 ], [ 99.689556459000187, 6.604991611000173 ], [ 99.689984268000103, 6.605265743000075 ], [ 99.690259635000075, 6.605723315000148 ], [ 99.690474158000143, 6.606303036000043 ], [ 99.6905666830001, 6.606974567000066 ], [ 99.69059809200013, 6.607615054000064 ], [ 99.690720642000144, 6.6079201820001 ], [ 99.690904040000191, 6.608072570000104 ], [ 99.691148280000164, 6.608072231000165 ], [ 99.691270240000108, 6.607980472000122 ], [ 99.69145313100006, 6.607766515000094 ], [ 99.691848717000084, 6.606820135000078 ], [ 99.692273762000184, 6.605506812000044 ], [ 99.692517041000144, 6.604834852000067 ], [ 99.692485323000199, 6.603980665000165 ], [ 99.69239291800011, 6.60337019800005 ], [ 99.692331517000071, 6.603126042999975 ], [ 99.692330796000135, 6.602607082000134 ], [ 99.692696617000081, 6.602240214000119 ], [ 99.693062302000044, 6.60175126900009 ], [ 99.693274823000138, 6.600896743000078 ], [ 99.693304167000122, 6.60004186600014 ], [ 99.693242429000122, 6.59955351300016 ], [ 99.693363700000134, 6.598942757999964 ], [ 99.693484973000125, 6.59833259100003 ], [ 99.693484124000179, 6.597722 ], [ 99.6932698170001, 6.597294919000149 ], [ 99.692933690000075, 6.597081673000105 ], [ 99.69253633500017, 6.596746402000178 ], [ 99.692565978000061, 6.596105272000045 ], [ 99.692870385000106, 6.595464318000097 ], [ 99.693205621000118, 6.595036439000182 ], [ 99.693723997000177, 6.594608307999977 ], [ 99.694089637000047, 6.594088834 ], [ 99.694240879000176, 6.593081731999973 ], [ 99.694207217000042, 6.590822659000025 ], [ 99.694175751000103, 6.590151608000042 ], [ 99.69426653000005, 6.589571453000076 ], [ 99.694418543000097, 6.589113298000086 ], [ 99.694478751000133, 6.588502659000085 ], [ 99.694569411000145, 6.587830920000044 ], [ 99.694691147000128, 6.587556538000058 ], [ 99.694872492000115, 6.586670965000053 ], [ 99.695023826000181, 6.585724327999969 ], [ 99.695053551000058, 6.585144268000136 ], [ 99.695113887000105, 6.584625766000045 ], [ 99.695296345000088, 6.584106504999966 ], [ 99.695417944000098, 6.583739986000126 ], [ 99.695356297000046, 6.583312690000128 ], [ 99.695202930000107, 6.582793903000095 ], [ 99.695019284000182, 6.582458336000116 ], [ 99.695018774000118, 6.582092017000093 ], [ 99.695018308000101, 6.581756744000131 ], [ 99.694834674000163, 6.581421214000102 ], [ 99.694712217000074, 6.581177143000048 ], [ 99.694651156000077, 6.580749811999965 ], [ 99.694741389000171, 6.580200191000074 ], [ 99.694709587000034, 6.579284345000133 ], [ 99.694677363000039, 6.577636419000044 ], [ 99.694491349000089, 6.575591818000078 ], [ 99.694520270000112, 6.574431687000072 ], [ 99.694335823000188, 6.573516649000055 ], [ 99.694060015000105, 6.572753824000074 ], [ 99.693815020000159, 6.57220462500004 ], [ 99.693478824000067, 6.571899798000118 ], [ 99.693021065000096, 6.572022545000038 ], [ 99.692624535000164, 6.572267334000173 ], [ 99.692227609000042, 6.572206823000045 ], [ 99.691861701000107, 6.572115739000139 ], [ 99.691586351000069, 6.571688706000032 ], [ 99.691310921000195, 6.571200649000104 ], [ 99.690943906000143, 6.570682705000024 ], [ 99.690821030000052, 6.570133380000129 ], [ 99.690911521000032, 6.569339519000096 ], [ 99.691032501000052, 6.56851505000003 ], [ 99.691031996000106, 6.568148731000178 ], [ 99.690878595000129, 6.567599965000056 ], [ 99.690939189000176, 6.567264085000147 ], [ 99.691152208000119, 6.566775317000065 ], [ 99.69148752500007, 6.566439033000108 ], [ 99.691609379, 6.566255721000061 ], [ 99.691761560000089, 6.565919688 ], [ 99.691943665000167, 6.565553080000086 ], [ 99.69218772500011, 6.565430621000132 ], [ 99.692370722000021, 6.565308250000044 ], [ 99.692461934000107, 6.565064483000072 ], [ 99.692430770000044, 6.564606577000177 ], [ 99.692399857000055, 6.564301326000077 ], [ 99.692491152000059, 6.564118015000076 ], [ 99.69270480400013, 6.564087190000123 ], [ 99.692948990000104, 6.564056325000138 ], [ 99.693162564000033, 6.563964444000078 ], [ 99.693375831000139, 6.563658887000088 ], [ 99.693374991000098, 6.563048292000133 ], [ 99.693342938, 6.561949898000023 ], [ 99.693281042000024, 6.56133939700004 ], [ 99.693219688000113, 6.561125769000114 ], [ 99.693066760000079, 6.560912270000131 ], [ 99.692852849000076, 6.560759961000088 ], [ 99.692669426000066, 6.560577029 ], [ 99.692668962000198, 6.560241207000104 ], [ 99.692638062000128, 6.559966479000138 ], [ 99.692729473000156, 6.559844239000142 ], [ 99.692943088000163, 6.559782886000107 ], [ 99.693156614000031, 6.559660505000068 ], [ 99.693217326000081, 6.55941673600006 ], [ 99.693277962000138, 6.559111359000099 ], [ 99.693399735000185, 6.55886695300012 ], [ 99.69376569200017, 6.558622245000095 ], [ 99.694162264000113, 6.558407989000159 ], [ 99.694497936000175, 6.558315934000063 ], [ 99.694680259000108, 6.558132506 ], [ 99.694710531000112, 6.557949284000131 ], [ 99.694679625000049, 6.557674563000035 ], [ 99.694770913000127, 6.557460726000045 ], [ 99.695076017000133, 6.557338185999981 ], [ 99.695778076000067, 6.557306716000085 ], [ 99.696388708000143, 6.557366893000165 ], [ 99.696633059000192, 6.557458144000179 ], [ 99.696755303000032, 6.557580094000116 ], [ 99.696816649000084, 6.557793717000152 ], [ 99.696999900000094, 6.557854520000092 ], [ 99.697213558000158, 6.557823694000035 ], [ 99.697335535000036, 6.557731942999965 ], [ 99.697578738000175, 6.557426302000181 ], [ 99.697792096000057, 6.557181809000099 ], [ 99.698035973000117, 6.556937229000141 ], [ 99.698188276000167, 6.556693333000055 ], [ 99.698218249000092, 6.556296442000132 ], [ 99.698187129000189, 6.555869074000157 ], [ 99.698003324000126, 6.555411385000184 ], [ 99.697972500000105, 6.555197751000094 ], [ 99.698185727000066, 6.554861631000165 ], [ 99.698246189000088, 6.554434136000054 ], [ 99.698275230000093, 6.553366151000091 ], [ 99.698213201000044, 6.552664087999972 ], [ 99.698273238000127, 6.551931335 ], [ 99.698332933000131, 6.550954887000046 ], [ 99.698331872000153, 6.550191650000045 ], [ 99.698392420000175, 6.549825251000186 ], [ 99.698574853000082, 6.549305994000122 ], [ 99.698512825000137, 6.548603931000059 ], [ 99.698482044000173, 6.548420794000094 ], [ 99.698481239000159, 6.547841324000103 ], [ 99.6984803470001, 6.547200201000066 ], [ 99.698326955000198, 6.546650919000115 ], [ 99.698234355000181, 6.545918337000046 ], [ 99.698264033000157, 6.545308292000129 ], [ 99.698140994000198, 6.54463684500007 ], [ 99.6980177800001, 6.543843250000066 ], [ 99.697894495000128, 6.542988628000046 ], [ 99.697649644000194, 6.542531573000133 ], [ 99.697344841000131, 6.542440406000139 ], [ 99.697009175000062, 6.542532462000111 ], [ 99.696399058000111, 6.542808077000132 ], [ 99.69575799900008, 6.542808965000177 ], [ 99.695177733000037, 6.542596054000057 ], [ 99.694323028000099, 6.542200388000026 ], [ 99.693956287000049, 6.541895596000188 ], [ 99.693803065000168, 6.541468389000102 ], [ 99.693801633000021, 6.540430417000039 ], [ 99.693799991999981, 6.539240396000082 ], [ 99.693799066000111, 6.538568742000109 ], [ 99.693920665000121, 6.538202219000027 ], [ 99.694042396000157, 6.537927317000026 ], [ 99.6941029890001, 6.537591410000061 ], [ 99.694041428000105, 6.537225131000014 ], [ 99.693796920000125, 6.537012362000098 ], [ 99.693552503000035, 6.536860046000129 ], [ 99.693399358000079, 6.536463373000061 ], [ 99.693215820000148, 6.536188855999967 ], [ 99.692818769000098, 6.536036759000126 ], [ 99.692238807000081, 6.536037554000075 ], [ 99.691963819000023, 6.535854752000034 ], [ 99.691811282000117, 6.535519174000171 ], [ 99.691658145000133, 6.535153024000067 ], [ 99.691535534000025, 6.534786835999967 ], [ 99.691534864000175, 6.534298955000054 ], [ 99.691594869000085, 6.533535664 ], [ 99.691686118000064, 6.533291302000066 ], [ 99.691685866000057, 6.533108121999987 ], [ 99.691593947000172, 6.53286401400004 ], [ 99.691624266000076, 6.532711322000011 ], [ 99.691837825000107, 6.53261947500016 ], [ 99.692295118000175, 6.53258831900007 ], [ 99.69266118500019, 6.532435172000078 ], [ 99.692935712000065, 6.53228214100011 ], [ 99.693149228000152, 6.532159730000046 ], [ 99.693637392000028, 6.53200640700004 ], [ 99.693850698000119, 6.531731347000061 ], [ 99.693911080000134, 6.531243382000071 ], [ 99.69369710300009, 6.531029966000176 ], [ 99.693391462000136, 6.530725094 ], [ 99.693390916000055, 6.530328237000106 ], [ 99.69348182300007, 6.529839638000112 ], [ 99.693420432000039, 6.529595489000087 ], [ 99.693298034, 6.529381944000079 ], [ 99.692931514000065, 6.529229806999979 ], [ 99.692687304000117, 6.529230143 ], [ 99.692565456000182, 6.529413482 ], [ 99.69250469900004, 6.529627278000135 ], [ 99.692382844000178, 6.529810621000081 ], [ 99.692108319999988, 6.529933117000098 ], [ 99.6917121150002, 6.529994723000073 ], [ 99.691467746000114, 6.529872934000025 ], [ 99.691192674000092, 6.529629080000063 ], [ 99.69076493100016, 6.529324363 ], [ 99.689971084000092, 6.529172844000186 ], [ 99.68951314800006, 6.529142943000124 ], [ 99.689177655000094, 6.529357065000056 ], [ 99.689208561000157, 6.529631798000139 ], [ 99.689392011000052, 6.529845251000097 ], [ 99.689819458000159, 6.529905723000127 ], [ 99.689850318000026, 6.530149923000124 ], [ 99.689850485000136, 6.530272045000061 ], [ 99.68966741100013, 6.530333348999989 ], [ 99.689392721000104, 6.530364255000052 ], [ 99.688935751000145, 6.530609121000111 ], [ 99.688661229000161, 6.530762113000151 ], [ 99.688203421000139, 6.53082379000017 ], [ 99.687868213000115, 6.531221142 ], [ 99.687624587000187, 6.531648291000067 ], [ 99.687594853000064, 6.532228402000044 ], [ 99.687595228000134, 6.532503163000115 ], [ 99.687595687000112, 6.532838958000127 ], [ 99.687504438000133, 6.53308332000006 ], [ 99.687260316000163, 6.533144709999988 ], [ 99.686863515000084, 6.533145251000121 ], [ 99.686619425000174, 6.533237174000021 ], [ 99.686436598000057, 6.533481657999971 ], [ 99.686253532000194, 6.533542970000099 ], [ 99.685948939000127, 6.533604446000027 ], [ 99.685674251000137, 6.533635349000178 ], [ 99.685521867000091, 6.533818741000061 ], [ 99.685370310999986, 6.53461212100018 ], [ 99.685035358000107, 6.535223139000095 ], [ 99.684913701000085, 6.535528603000159 ], [ 99.684914158000197, 6.535864390000143 ], [ 99.684914822000053, 6.536352869000154 ], [ 99.684793011000011, 6.536597277000112 ], [ 99.684487912000122, 6.536689272 ], [ 99.684060583000189, 6.536720382999988 ], [ 99.68326765200004, 6.536843583000064 ], [ 99.68293186600016, 6.536844035000115 ], [ 99.682534973000088, 6.536783515000081 ], [ 99.682321082000044, 6.53663115400019 ], [ 99.682137714000135, 6.536478760000023 ], [ 99.68189346600019, 6.536448558000188 ], [ 99.681496413000104, 6.536296442000037 ], [ 99.68128251700017, 6.536113551000085 ], [ 99.680915415000186, 6.535534027999972 ], [ 99.6806409470002, 6.535320686000091 ], [ 99.680488143000161, 6.535168241000179 ], [ 99.680213366000089, 6.535138083 ], [ 99.680060937000178, 6.535290942000131 ], [ 99.679908797000053, 6.53565750000007 ], [ 99.679817472000195, 6.535840768000128 ], [ 99.679542897000147, 6.535963261000063 ], [ 99.679329499000062, 6.536146721000136 ], [ 99.67920788400005, 6.536513249999985 ], [ 99.679055579000135, 6.536757690000172 ], [ 99.678872881000132, 6.537093768000091 ], [ 99.678781794000145, 6.537459652000166 ], [ 99.678720944000077, 6.537612385999978 ], [ 99.678537988000187, 6.537765277000119 ], [ 99.678263370000025, 6.537826708000125 ], [ 99.677897386000154, 6.538071445000071 ], [ 99.677654384000107, 6.538560212000107 ], [ 99.677593825000145, 6.53892665 ], [ 99.677563707000161, 6.539231991000179 ], [ 99.677563954000107, 6.53941512900002 ], [ 99.677594684000155, 6.539567740000166 ], [ 99.677533758000095, 6.539659412000105 ], [ 99.677381121000167, 6.539659618000087 ], [ 99.677197635000084, 6.539415623000082 ], [ 99.677014180000072, 6.539171668000051 ], [ 99.676861545000122, 6.539171873000157 ], [ 99.676647907000074, 6.53920269300005 ], [ 99.67640352300009, 6.539080899000112 ], [ 99.676097890000108, 6.538806538000017 ], [ 99.675425521000136, 6.538196851000123 ], [ 99.674998498000093, 6.538014280000027 ], [ 99.674570639000137, 6.537648496000145 ], [ 99.674356213000124, 6.53709983900012 ], [ 99.674050096000144, 6.536459120000131 ], [ 99.673621894000064, 6.535818604999974 ], [ 99.672766054000135, 6.534964916000149 ], [ 99.67221575300016, 6.533928230000186 ], [ 99.671633993000171, 6.532585759000028 ], [ 99.671205247000046, 6.531548911000016 ], [ 99.670868324000139, 6.530694562000122 ], [ 99.670745886000134, 6.530419949000077 ], [ 99.670501556000147, 6.530359216000079 ], [ 99.670226864000142, 6.530359582000131 ], [ 99.66958634000008, 6.530757290000167 ], [ 99.668855357000098, 6.531552033000139 ], [ 99.668367499000055, 6.531948984 ], [ 99.667970944000047, 6.532163215000082 ], [ 99.667818269000122, 6.532132885000067 ], [ 99.667756900000086, 6.531888732000027 ], [ 99.667695521000041, 6.531645163000178 ], [ 99.667451030000166, 6.531431778000012 ], [ 99.667267952000145, 6.531462549000025 ], [ 99.666993173000037, 6.531432385000187 ], [ 99.666840214999979, 6.531188348000114 ], [ 99.666839891000166, 6.53094411100011 ], [ 99.666991637000081, 6.530272290000028 ], [ 99.66708261000008, 6.529814213000066 ], [ 99.667112246000045, 6.529142562000175 ], [ 99.667295005000142, 6.528837570000121 ], [ 99.667508040000087, 6.528379344000086 ], [ 99.667568524000103, 6.527951880000046 ], [ 99.667659861000118, 6.527768579000053 ], [ 99.667934269000114, 6.527523981000058 ], [ 99.668147668000074, 6.527309983000123 ], [ 99.668269250000037, 6.526912973000151 ], [ 99.668360257000188, 6.52648543600003 ], [ 99.668450663000044, 6.525600536000184 ], [ 99.668449894000048, 6.525020515000051 ], [ 99.668601841999987, 6.524531827000146 ], [ 99.669028632000163, 6.524103881000087 ], [ 99.669516127000065, 6.523859002000165 ], [ 99.66985171400006, 6.523705902000074 ], [ 99.669943079000063, 6.523553130000096 ], [ 99.670248180000158, 6.52343061300013 ], [ 99.67073646800003, 6.523338368000054 ], [ 99.670949986000153, 6.523247090000154 ], [ 99.671193790000075, 6.522941461000187 ], [ 99.671315446000165, 6.522605475000091 ], [ 99.671589850000146, 6.522360876 ], [ 99.671894583000039, 6.521963575000086 ], [ 99.671955186000162, 6.521627705000185 ], [ 99.671985262000192, 6.521322370000064 ], [ 99.671862875000102, 6.521078290000105 ], [ 99.671618428000045, 6.52089543000011 ], [ 99.671343700000193, 6.520895796000104 ], [ 99.671160909000093, 6.521170815000062 ], [ 99.670886589000133, 6.521476476000032 ], [ 99.670581532000199, 6.521629530999974 ], [ 99.670460076000097, 6.522118137000064 ], [ 99.670277123000176, 6.522240499000077 ], [ 99.669788714000163, 6.522241148000035 ], [ 99.669544303000066, 6.522088819000146 ], [ 99.669330851000041, 6.521814340000105 ], [ 99.669208069000149, 6.521295529000042 ], [ 99.669145396000033, 6.520075007000173 ], [ 99.669174990000158, 6.519372818000022 ], [ 99.669327248000172, 6.519097848000058 ], [ 99.669601067000144, 6.518853242000034 ], [ 99.669661710000128, 6.51854790100009 ], [ 99.669599933000086, 6.517998445000103 ], [ 99.669477261000054, 6.51757178400004 ], [ 99.669355185000086, 6.517144522000081 ], [ 99.669385188000149, 6.516747596000073 ], [ 99.669719766000128, 6.516289240000162 ], [ 99.669994208000105, 6.516075171000125 ], [ 99.670482210000159, 6.515799751000088 ], [ 99.670726088000094, 6.515524660000153 ], [ 99.670817142000146, 6.515158175000124 ], [ 99.671152671000129, 6.514974595000012 ], [ 99.671732572000053, 6.514912762000165 ], [ 99.672037701000136, 6.514851854000085 ], [ 99.672372723000194, 6.514698757000133 ], [ 99.672738374000119, 6.514209827000172 ], [ 99.673134389000154, 6.513629231999971 ], [ 99.673469681000142, 6.513262429000122 ], [ 99.67359124799998, 6.512865415000135 ], [ 99.673559995000176, 6.512315920000049 ], [ 99.6734678910002, 6.511919744000124 ], [ 99.673345629000039, 6.511797786000159 ], [ 99.673131867999984, 6.511737016000097 ], [ 99.672948766000161, 6.511767788000157 ], [ 99.672857632000046, 6.51210314500014 ], [ 99.672827433000123, 6.512347424000154 ], [ 99.672553031000177, 6.512561499000014 ], [ 99.672035350000044, 6.513081195000041 ], [ 99.671577915000114, 6.51338706700011 ], [ 99.67075385600009, 6.513449216000026 ], [ 99.669899524000073, 6.513725124000132 ], [ 99.668618623000043, 6.514154238000117 ], [ 99.667947186, 6.514216188000091 ], [ 99.66675674600009, 6.514217761000111 ], [ 99.665963315999988, 6.51394403300003 ], [ 99.665474433000156, 6.513578319000146 ], [ 99.665015787000016, 6.512968362000038 ], [ 99.664709812000012, 6.512419230999967 ], [ 99.664434245000052, 6.511779059000105 ], [ 99.664219166000123, 6.510710828000128 ], [ 99.664096545000177, 6.510283564000133 ], [ 99.663828508000108, 6.509789252000076 ], [ 99.663362606000135, 6.509265225000149 ], [ 99.662770679000062, 6.508767922000118 ], [ 99.662334277000014, 6.508301505000134 ], [ 99.662115553000035, 6.507897016000186 ], [ 99.661990541000193, 6.507399099999986 ], [ 99.661865652000074, 6.506994449 ], [ 99.661647098000117, 6.506714892000048 ], [ 99.661522208000065, 6.506310272000178 ], [ 99.661365874000126, 6.505625256000144 ], [ 99.661302834000026, 6.505376577999982 ], [ 99.661053630000197, 6.505034330000115 ], [ 99.66055523000017, 6.504723452000121 ], [ 99.660119279000071, 6.504599649000113 ], [ 99.659745523000083, 6.504506840000147 ], [ 99.659496010000112, 6.504320059000065 ], [ 99.659371367000176, 6.504102545000023 ], [ 99.659250148000183, 6.503895772000021 ], [ 99.659047459000021, 6.503653502000077 ], [ 99.658784459000117, 6.503552661000185 ], [ 99.658279668000034, 6.503532976000031 ], [ 99.657693778, 6.503736108000169 ], [ 99.656966507000163, 6.503898740000125 ], [ 99.656300053999985, 6.503879271000187 ], [ 99.655734136000092, 6.503799160000028 ], [ 99.655046587000129, 6.50365870000013 ], [ 99.654682989000037, 6.503537640000104 ], [ 99.654339236000112, 6.503497925999966 ], [ 99.653914799000063, 6.503538634000165 ], [ 99.653329641000141, 6.50388311800009 ], [ 99.652764558000058, 6.504449759000124 ], [ 99.652401201000089, 6.504975424 ], [ 99.652220272000136, 6.505379922000088 ], [ 99.652099225000143, 6.5057639260001 ], [ 99.651635210000052, 6.506229255000108 ], [ 99.651130812000019, 6.506977856000162 ], [ 99.65066697200001, 6.507585087000052 ], [ 99.650566367000124, 6.508049947000131 ], [ 99.65046629800014, 6.508474086000149 ], [ 99.650143803000162, 6.509121263000111 ], [ 99.649780754000062, 6.509890053000163 ], [ 99.649660343000164, 6.51031422300008 ], [ 99.64966083700017, 6.510698665000064 ], [ 99.64972198300012, 6.511203438 ], [ 99.64980346100009, 6.511708754000097 ], [ 99.649783690000163, 6.512173509999968 ], [ 99.649622656000133, 6.512638411000182 ], [ 99.649481795000099, 6.51300269 ], [ 99.649421771000107, 6.513366313000176 ], [ 99.649320936000038, 6.513629316 ], [ 99.648958201000141, 6.514216040000065 ], [ 99.648493688000144, 6.514762211000061 ], [ 99.647867918000088, 6.515167244000054 ], [ 99.647463933000154, 6.515309113000171 ], [ 99.646939248000137, 6.51567329 ], [ 99.646494948000168, 6.516098428000021 ], [ 99.646172134000096, 6.51650310600013 ], [ 99.645809082000085, 6.516847289000054 ], [ 99.645345480000117, 6.517676123000058 ], [ 99.644720764000112, 6.518909978000124 ], [ 99.644479116000184, 6.519577390000109 ], [ 99.644398928000101, 6.520082349000063 ], [ 99.644358937999982, 6.520648319000145 ], [ 99.644440310000164, 6.521072784000182 ], [ 99.644541869000136, 6.521375698000043 ], [ 99.644582229000093, 6.521537331000161 ], [ 99.64456260500009, 6.521658921000096 ], [ 99.644461630000137, 6.521840531 ], [ 99.644320466000181, 6.521941895000055 ], [ 99.644178835000105, 6.522144485000126 ], [ 99.644159473000116, 6.522467301 ], [ 99.644159782000202, 6.522709829 ], [ 99.644099513000128, 6.522891976999972 ], [ 99.643978091000179, 6.522993321 ], [ 99.643897472, 6.523155113000087 ], [ 99.643877385000053, 6.523356992000174 ], [ 99.643857988000093, 6.523660580000069 ], [ 99.643817599000045, 6.523882823000065 ], [ 99.6436702700002, 6.524059409000131 ], [ 99.643497953000065, 6.524133700000164 ], [ 99.64337531200016, 6.524145704000091 ], [ 99.643289406000122, 6.524183128000175 ], [ 99.643080585000178, 6.524416892000147 ], [ 99.643019393000088, 6.524773141000026 ], [ 99.643019644000049, 6.524969881000118 ], [ 99.643081651000102, 6.525252499000089 ], [ 99.643106814000134, 6.525498380000101 ], [ 99.643057909000106, 6.525695180000014 ], [ 99.642849041000034, 6.525928941000075 ], [ 99.642750954000178, 6.526138257000184 ], [ 99.642776219000041, 6.526457643000128 ], [ 99.642850029000101, 6.52670349300007 ], [ 99.64285043600006, 6.527022910000085 ], [ 99.642801808000115, 6.527465658000153 ], [ 99.642716627000084, 6.528042985000013 ], [ 99.642606169000032, 6.52831392600018 ], [ 99.6424837630002, 6.528510828000094 ], [ 99.64243483100006, 6.528719528000124 ], [ 99.642435129000091, 6.528952979 ], [ 99.642459809000172, 6.529223755000032 ], [ 99.642460122000102, 6.529469144000188 ], [ 99.64238706000009, 6.529813521000165 ], [ 99.642178435000176, 6.530231566 ], [ 99.641933723000136, 6.530711316000122 ], [ 99.641810916000054, 6.531068203000075 ], [ 99.641676258000075, 6.531387792000146 ], [ 99.641664074000118, 6.531597001000137 ], [ 99.641541849000077, 6.531940875000146 ], [ 99.641431626000099, 6.53239615300015 ], [ 99.641345992000083, 6.532617308000056 ], [ 99.641174248000084, 6.532703447000188 ], [ 99.640830145000166, 6.532814703000156 ], [ 99.64059696400011, 6.533036046000063 ], [ 99.640523263000148, 6.533318802 ], [ 99.64051183800018, 6.533688029000132 ], [ 99.640512213000136, 6.533982553000158 ], [ 99.640500118000091, 6.534228508000126 ], [ 99.640389574000039, 6.534437842000045 ], [ 99.640045772000178, 6.53480686000006 ], [ 99.639653437000106, 6.535237598000151 ], [ 99.639266989000134, 6.535843017000047 ], [ 99.639267594999978, 6.536320202000013 ], [ 99.639507163000133, 6.537125497000147 ], [ 99.639836528999979, 6.537840829000174 ], [ 99.640045864000172, 6.538437011000099 ], [ 99.640166141000122, 6.539212519000159 ], [ 99.640137048999975, 6.539898891000121 ], [ 99.640078946000074, 6.540883263000183 ], [ 99.639870800000097, 6.541689169000051 ], [ 99.639752836000071, 6.542703546000098 ], [ 99.639723848000187, 6.543478690000086 ], [ 99.639725025000189, 6.544403594000073 ], [ 99.639667002000124, 6.545447882000133 ], [ 99.63947750400007, 6.546232265000071 ], [ 99.639250442000105, 6.546847121000155 ], [ 99.639000259000113, 6.547052627000141 ], [ 99.638863706000052, 6.547234871000114 ], [ 99.638682092000124, 6.547576564000053 ], [ 99.638455361000126, 6.547986155999979 ], [ 99.638318928000103, 6.548259950000102 ], [ 99.637932136000074, 6.548601943000051 ], [ 99.637614061000136, 6.548761778000028 ], [ 99.637181832000181, 6.54894435600005 ], [ 99.636863402000131, 6.549263065000048 ], [ 99.636658770000054, 6.549718977000111 ], [ 99.636363997000103, 6.550402316999964 ], [ 99.636091927000166, 6.551176613999985 ], [ 99.635751447000018, 6.551928402000044 ], [ 99.635501373000125, 6.552224426 ], [ 99.635273903000154, 6.552520933000153 ], [ 99.634864395000193, 6.552771361000055 ], [ 99.634318588000042, 6.552999874000079 ], [ 99.633795179000174, 6.553068938000081 ], [ 99.633544941000082, 6.553228686000182 ], [ 99.633181218000118, 6.553479605000064 ], [ 99.63304465300007, 6.553684451000095 ], [ 99.632840304000126, 6.553889931000072 ], [ 99.632453175000194, 6.554004018000171 ], [ 99.63215784200014, 6.554254858000149 ], [ 99.631862353000145, 6.554847156000108 ], [ 99.631862870000077, 6.555257051000012 ], [ 99.631863099000043, 6.555439080000099 ], [ 99.63190909399998, 6.555598454000119 ], [ 99.631886106000081, 6.555734756000049 ], [ 99.63159067700002, 6.555940323000073 ], [ 99.631022176000158, 6.55653240200013 ], [ 99.63072706700018, 6.556988472 ], [ 99.63061395800014, 6.557375318000084 ], [ 99.630273052000177, 6.557831400000111 ], [ 99.630000193000058, 6.558423664000088 ], [ 99.629909563000012, 6.558742083000084 ], [ 99.629750461000185, 6.558992715000045 ], [ 99.629500265000104, 6.55919824900019 ], [ 99.628977087000123, 6.559426219000045 ], [ 99.628659065000136, 6.559631802000069 ], [ 99.628385943000069, 6.560018884000101 ], [ 99.628204837, 6.560747839000101 ], [ 99.627864951000163, 6.562023146000058 ], [ 99.62757044, 6.562933714000053 ], [ 99.627298075000112, 6.56348077500013 ], [ 99.626843036000082, 6.563982245000034 ], [ 99.626183868000055, 6.564438167000105 ], [ 99.625387475000139, 6.564985297000078 ], [ 99.625001324000095, 6.565441468000074 ], [ 99.624751842000023, 6.566193140000109 ], [ 99.624342538000121, 6.56664874300003 ], [ 99.624046615000054, 6.566876938000178 ], [ 99.623751066000182, 6.566990946000033 ], [ 99.623409615000128, 6.566991371000142 ], [ 99.622885910000036, 6.566832589000171 ], [ 99.622620536000113, 6.566634514000043 ], [ 99.622561006000126, 6.566485863000082 ], [ 99.62238205400007, 6.566248069000096 ], [ 99.622307846000183, 6.566129444000183 ], [ 99.622084345000076, 6.565965777000031 ], [ 99.621518824000077, 6.565817788000118 ], [ 99.621101934000194, 6.565624937000052 ], [ 99.620952992000127, 6.565416530000164 ], [ 99.620670109000116, 6.565223544000162 ], [ 99.620313194000119, 6.56506059000003 ], [ 99.619985850000035, 6.565046288000076 ], [ 99.619688455000073, 6.565016674000105 ], [ 99.619375611000123, 6.564838404999989 ], [ 99.619062792000079, 6.564675432000115 ], [ 99.618795257000045, 6.564586429000144 ], [ 99.618393272000105, 6.564556952000089 ], [ 99.617813249000164, 6.564572932000146 ], [ 99.617560725000033, 6.564691954000068 ], [ 99.617278019000082, 6.564677634000134 ], [ 99.616801507000105, 6.564722861000064 ], [ 99.616504278000093, 6.564827265000133 ], [ 99.61617720900017, 6.565035716000068 ], [ 99.615939574000095, 6.56533393400008 ], [ 99.615791128000069, 6.565527485000189 ], [ 99.615642598000079, 6.565646384000161 ], [ 99.615166807000037, 6.565825622999967 ], [ 99.614542340000128, 6.565975079999987 ], [ 99.614155262999986, 6.566139504000091 ], [ 99.613768924000112, 6.566422638000063 ], [ 99.613665182000034, 6.566630844999963 ], [ 99.61366547300014, 6.566868867000153 ], [ 99.613635739000188, 6.567062236000083 ], [ 99.613561949000143, 6.567285635000189 ], [ 99.613265046000151, 6.56765802700005 ], [ 99.613027398000042, 6.567955692000112 ], [ 99.612655791000122, 6.568283494000013 ], [ 99.61240275300014, 6.568447162999973 ], [ 99.612120504000131, 6.568804825000086 ], [ 99.61201684800011, 6.569117034000101 ], [ 99.611987905000092, 6.569474357000047 ], [ 99.611988505000113, 6.569965100000104 ], [ 99.611958879000156, 6.570218413000021 ], [ 99.611899688000165, 6.570381881 ], [ 99.611765865, 6.570501315000115 ], [ 99.611617361000185, 6.57065018100019 ], [ 99.611602333000178, 6.570843566000121 ], [ 99.611647217000154, 6.571036849000052 ], [ 99.611766937000084, 6.571378762000165 ], [ 99.611796730000151, 6.571721334000074 ], [ 99.611767773000167, 6.572063387000071 ], [ 99.611768337000058, 6.572524749000024 ], [ 99.611604877, 6.572926325000026 ], [ 99.611456596000096, 6.573253849000139 ], [ 99.61141223900006, 6.573521899000127 ], [ 99.611412366000138, 6.573625900000138 ], [ 99.611323280000079, 6.57378940500007 ], [ 99.610981721000144, 6.574191790000043 ], [ 99.610714141000017, 6.574519464000161 ], [ 99.610447444999977, 6.575085151000167 ], [ 99.610313502, 6.575144672000022 ], [ 99.609911771999975, 6.575293852000073 ], [ 99.609569976000159, 6.575502306000089 ], [ 99.609243182000114, 6.575949353000055 ], [ 99.609109501000148, 6.576187539000045 ], [ 99.608901567000146, 6.576306502000023 ], [ 99.608633897000061, 6.576530136000088 ], [ 99.608113848000073, 6.577036772000042 ], [ 99.607668552000177, 6.577691972000082 ], [ 99.607565040000168, 6.578093508000109 ], [ 99.607461366000109, 6.578391599000156 ], [ 99.607297852000102, 6.578748531000031 ], [ 99.607134753000196, 6.578986742000097 ], [ 99.606837136000138, 6.579239833000031 ], [ 99.606510049000178, 6.579448828000181 ], [ 99.606123772000103, 6.579791351000154 ], [ 99.605871480000189, 6.580148945000076 ], [ 99.605782562000115, 6.580491104999965 ], [ 99.605648914000085, 6.580759260000036 ], [ 99.605515158000173, 6.580937491000157 ], [ 99.60532192, 6.581042325000112 ], [ 99.605158649000089, 6.581146523000029 ], [ 99.60486167900001, 6.581474225000136 ], [ 99.604608758000154, 6.581771907000075 ], [ 99.60437103300012, 6.582010208000156 ], [ 99.604074046000164, 6.582323205000023 ], [ 99.603627780000181, 6.58260644500001 ], [ 99.603390067000134, 6.582859426000084 ], [ 99.603212467000162, 6.583276317000013 ], [ 99.602989867000076, 6.583856659000105 ], [ 99.602752430000066, 6.584332981000045 ], [ 99.602559473000156, 6.584645854000087 ], [ 99.602351233000149, 6.584973449000131 ], [ 99.602158100000054, 6.585137036000049 ], [ 99.601994989000161, 6.585375290000059 ], [ 99.601786840999978, 6.585777475000043 ], [ 99.601549186000113, 6.586045199000182 ], [ 99.601193136000177, 6.58664092000015 ], [ 99.600822314000197, 6.587608145000161 ], [ 99.600570480000158, 6.588352435000104 ], [ 99.600377182000159, 6.588843419000057 ], [ 99.600021313000127, 6.589587866999977 ], [ 99.599709393000069, 6.590183550000177 ], [ 99.599457216000076, 6.590644614000155 ], [ 99.599071100000117, 6.591106406000165 ], [ 99.598729281000146, 6.591300189000094 ], [ 99.598253165000187, 6.59170272900019 ], [ 99.597971200000018, 6.591851745999975 ], [ 99.597807485000089, 6.592015307000111 ], [ 99.597673927000017, 6.592402764000099 ], [ 99.597555752000119, 6.59284895899998 ], [ 99.597407532000091, 6.593235842000126 ], [ 99.597154598000145, 6.593533520000051 ], [ 99.596961584000155, 6.59383168200003 ], [ 99.596857934000127, 6.594129214000134 ], [ 99.596888457000091, 6.594619883000178 ], [ 99.596903941000107, 6.595259849000172 ], [ 99.596889597000143, 6.595572506 ], [ 99.596740695000108, 6.595855386000153 ], [ 99.596473788000139, 6.596271788000138 ], [ 99.596220951000078, 6.596644087000129 ], [ 99.596043129000122, 6.596882313000094 ], [ 99.595999071, 6.597373665000077 ], [ 99.595983944000125, 6.597492439000177 ], [ 99.595894754000199, 6.597611817000086 ], [ 99.595701631000111, 6.597820088000162 ], [ 99.595642629, 6.598117567000031 ], [ 99.595747504000087, 6.598816786000043 ], [ 99.595867858000076, 6.599694601000124 ], [ 99.595927627000151, 6.600066564000088 ], [ 99.595957830000089, 6.600259896000068 ], [ 99.595928196000102, 6.600542599000107 ], [ 99.595869227000094, 6.600840044000108 ], [ 99.595869618000052, 6.601167387000089 ], [ 99.5958993590001, 6.601464726000131 ], [ 99.595914821000179, 6.601628663999975 ], [ 99.595915016000106, 6.601792055000089 ], [ 99.595811403000141, 6.602149468000107 ], [ 99.595856743000127, 6.602699508000114 ], [ 99.595871788000068, 6.602982156000053 ], [ 99.595872358000122, 6.60345822700009 ], [ 99.595887490000109, 6.603845470000067 ], [ 99.596111415000053, 6.60435061700008 ], [ 99.596468634000075, 6.604722179000078 ], [ 99.596960163000119, 6.604900255000075 ], [ 99.597153608000042, 6.604989353000121 ], [ 99.597287872000152, 6.605227206 ], [ 99.597436853000147, 6.605465049000088 ], [ 99.597526330000164, 6.605583652 ], [ 99.597541270000193, 6.605777006000039 ], [ 99.597422913000059, 6.606075079000107 ], [ 99.597378524000192, 6.606327855000075 ], [ 99.597379024000077, 6.606744501000037 ], [ 99.597438798000042, 6.607086480000021 ], [ 99.597587929000042, 6.607428360000085 ], [ 99.597901097000033, 6.607889307000107 ], [ 99.597975469000119, 6.608141912000121 ], [ 99.598124632000122, 6.608499050000034 ], [ 99.598437619000151, 6.608781340000121 ], [ 99.598824661000037, 6.60904886000003 ], [ 99.598914177000154, 6.609197445000177 ], [ 99.598899657, 6.609360858000116 ], [ 99.598840049000046, 6.609643596000012 ], [ 99.598900337000089, 6.609926219000045 ], [ 99.599004574999981, 6.610090050000053 ], [ 99.599123586000189, 6.610327918000166 ], [ 99.599258049000184, 6.610729134000167 ], [ 99.599332962000062, 6.610967064000135 ], [ 99.599392764000072, 6.611339017000091 ], [ 99.599616690000119, 6.611814782000067 ], [ 99.600078682000174, 6.612350170000184 ], [ 99.600495054000135, 6.612572425000167 ], [ 99.600911801000052, 6.612616567000089 ], [ 99.601417944000104, 6.612705285000118 ], [ 99.602057619, 6.612912592000157 ], [ 99.602668070000163, 6.613224452 ], [ 99.603055262000055, 6.613610723000079 ], [ 99.603353514000048, 6.613863602000151 ], [ 99.603621227000076, 6.614086035000184 ], [ 99.603889776000187, 6.614561743000081 ], [ 99.604098730000032, 6.614814773000091 ], [ 99.604396297000051, 6.614963093000085 ], [ 99.604723655000157, 6.614962695000031 ], [ 99.604976344000193, 6.614947717000064 ], [ 99.605154846000062, 6.614813489000142 ], [ 99.605288582000071, 6.614604725000106 ], [ 99.605511160000049, 6.614455772000099 ], [ 99.605823700000144, 6.614366060000179 ], [ 99.606240436000178, 6.614395524000088 ], [ 99.606999245000168, 6.614453961000038 ], [ 99.607475321000095, 6.614468645000045 ], [ 99.607832024000061, 6.614408255000171 ], [ 99.608189116000119, 6.614229194000188 ], [ 99.608426959000155, 6.61408018100002 ], [ 99.608620318000078, 6.614065276000133 ], [ 99.608799027000032, 6.614094995000187 ], [ 99.609022597000035, 6.614302797000164 ], [ 99.609245812000154, 6.614674520000108 ], [ 99.609395377000169, 6.614927057000102 ], [ 99.609782411000197, 6.61517983300007 ], [ 99.610154654000041, 6.615372748000141 ], [ 99.610616865000168, 6.615595485000028 ], [ 99.610673031000033, 6.615763326000149 ], [ 99.61067330100019, 6.615987227000062 ], [ 99.610673645000077, 6.616267632000131 ], [ 99.610814407000134, 6.616687509000144 ], [ 99.611010672000134, 6.616771522000079 ], [ 99.61157139900007, 6.617106660000047 ], [ 99.611964066000155, 6.617358314000114 ], [ 99.612412508000148, 6.61789033499997 ], [ 99.61260921700017, 6.618310135000058 ], [ 99.612835312000129, 6.619626584 ], [ 99.613117145999979, 6.621222770000088 ], [ 99.613427080000065, 6.622679312 ], [ 99.613484240000162, 6.623659572000122 ], [ 99.613569333000044, 6.624332239000069 ], [ 99.613766290000058, 6.624948226000186 ], [ 99.61430035300009, 6.626572408000072 ], [ 99.615932611000176, 6.632481181 ], [ 99.616468608, 6.635198168000045 ], [ 99.616581554000106, 6.636010447 ], [ 99.616582111000071, 6.63645817600019 ], [ 99.616582424000171, 6.636710344000107 ], [ 99.616750812000078, 6.637074793000124 ], [ 99.617060112000104, 6.637998756000115 ], [ 99.61728570300005, 6.638894552000181 ], [ 99.61739876200005, 6.639791082000102 ], [ 99.617400298000177, 6.641023550000114 ], [ 99.617429721000065, 6.64194841900013 ], [ 99.617626035000114, 6.642480187000103 ], [ 99.617682755000033, 6.643096351000111 ], [ 99.617656056000044, 6.643881085000032 ], [ 99.617712742000094, 6.644468981000159 ], [ 99.617993909000177, 6.645028913000147 ], [ 99.618302478000032, 6.645364880000102 ], [ 99.618526577000182, 6.645532507000041 ], [ 99.618666965999978, 6.645672539000088 ], [ 99.618750994000038, 6.645952317000138 ], [ 99.618695426000045, 6.646261057000117 ], [ 99.618499499000109, 6.646485205000033 ], [ 99.618079431000126, 6.646513403000029 ], [ 99.617435659000193, 6.646710387000155 ], [ 99.617071204000126, 6.646907031000069 ], [ 99.616791572000068, 6.647103529 ], [ 99.61653986400006, 6.647467941000116 ], [ 99.616288289000124, 6.647972559000152 ], [ 99.616008550000117, 6.648533154000063 ], [ 99.615756911000176, 6.648953549000112 ], [ 99.615337406000037, 6.649458371000151 ], [ 99.615002157000106, 6.649963093000167 ], [ 99.614778449000028, 6.650551890000145 ], [ 99.614526597000179, 6.650832051000123 ], [ 99.614330665000125, 6.651028475000032 ], [ 99.614163424000083, 6.651588930000116 ], [ 99.61416419000011, 6.652205168000137 ], [ 99.614165442000058, 6.653213768000114 ], [ 99.61425099600018, 6.654278214000101 ], [ 99.614223833000153, 6.655174918 ], [ 99.614112475000184, 6.65565108900006 ], [ 99.614141171000085, 6.656435754000086 ], [ 99.614171535000082, 6.658116498000027 ], [ 99.614172440000118, 6.658844698000053 ], [ 99.614173172000164, 6.659433222000075 ], [ 99.614005927000107, 6.659993676000113 ], [ 99.614006414000016, 6.660385484000187 ], [ 99.614174774000105, 6.660721663000061 ], [ 99.614679382000134, 6.660945457000082 ], [ 99.615099603000147, 6.661000917000024 ], [ 99.615492059000132, 6.661056410000128 ], [ 99.61638906800016, 6.661223173000167 ], [ 99.617285636000133, 6.661502493000171 ], [ 99.617790425000067, 6.661837688999981 ], [ 99.617979001000037, 6.662068097999963 ], [ 99.618150565000178, 6.66226973400012 ], [ 99.618166751999979, 6.662534297000093 ], [ 99.618120057000112, 6.662736728000027 ], [ 99.617995988000075, 6.663001463 ], [ 99.617840195000099, 6.663204069000074 ], [ 99.617809365000198, 6.663406521000127 ], [ 99.617840643000136, 6.663561943000047 ], [ 99.618058988000143, 6.663623841000174 ], [ 99.618168189000016, 6.663686467000048 ], [ 99.618214867000177, 6.663935171 ], [ 99.618215198000087, 6.664199752000115 ], [ 99.618308895000155, 6.664511165000079 ], [ 99.618465151000066, 6.664681697000105 ], [ 99.618620723000163, 6.664744264000092 ], [ 99.618838331000063, 6.664665964000164 ], [ 99.618978261999985, 6.664432291000082 ], [ 99.619040226000152, 6.664260925000121 ], [ 99.619242436000036, 6.664074084000049 ], [ 99.619600189000039, 6.663933438000129 ], [ 99.620191436000198, 6.663761373 ], [ 99.621373822000123, 6.663370958000144 ], [ 99.622649962000025, 6.662887095000144 ], [ 99.623567707000063, 6.662481154000034 ], [ 99.624096755000096, 6.66229389800003 ], [ 99.625155267000139, 6.662323649000086 ], [ 99.625964746000022, 6.662571381000134 ], [ 99.6268061130001, 6.663037305000159 ], [ 99.627335907000088, 6.663441416000069 ], [ 99.627772630000038, 6.664063318000046 ], [ 99.627959922000116, 6.664623361999986 ], [ 99.628045114000201, 6.665350266000132 ], [ 99.628045684000085, 6.665798026000061 ], [ 99.62799311100008, 6.666241932000162 ], [ 99.62790026700003, 6.666615152000134 ], [ 99.627966720000131, 6.666851969000106 ], [ 99.628094770000075, 6.667043474000081 ], [ 99.628334676000179, 6.66715509800008 ], [ 99.628622639000127, 6.667298302000177 ], [ 99.628744375000053, 6.667851093000024 ], [ 99.628647511000054, 6.668176857000105 ], [ 99.628517295000108, 6.668502065000041 ], [ 99.628517959000192, 6.669023337000169 ], [ 99.628778861000114, 6.66918580600003 ], [ 99.629006728000036, 6.669185515000095 ], [ 99.629267220000088, 6.66905462 ], [ 99.62959165400008, 6.668500701000085 ], [ 99.629818853000188, 6.667979736000063 ], [ 99.630144164000171, 6.667653680000114 ], [ 99.630567607000103, 6.667620904000046 ], [ 99.630860795000046, 6.667848392000053 ], [ 99.630991403, 6.668271087000107 ], [ 99.631057152000039, 6.66885729400002 ], [ 99.631351558000063, 6.669572638000091 ], [ 99.631774816000075, 6.669799917000148 ], [ 99.63203576799998, 6.670028006999985 ], [ 99.632166132000123, 6.670287898000083 ], [ 99.632687181000165, 6.670482859000174 ], [ 99.633403691000126, 6.670579160000045 ], [ 99.633729429000084, 6.670578741000099 ], [ 99.634119824000152, 6.67035041500003 ], [ 99.634477504000074, 6.670154882000077 ], [ 99.63486811000007, 6.670056602000159 ], [ 99.635388870000156, 6.670055932000082 ], [ 99.636040875, 6.670510744000069 ], [ 99.636464856000032, 6.671324313000127 ], [ 99.636921637000057, 6.672104459000025 ], [ 99.637281089000112, 6.672853086000089 ], [ 99.637476794000065, 6.673340763000169 ], [ 99.63754250400018, 6.673861909000152 ], [ 99.637510675000101, 6.67418703300001 ], [ 99.637250487000074, 6.674545799000043 ], [ 99.63695770400011, 6.674643398000057 ], [ 99.636632220000195, 6.67480665800008 ], [ 99.636534809000182, 6.675132424000026 ], [ 99.636633145000189, 6.675522959000091 ], [ 99.636828980000132, 6.675685543000043 ], [ 99.637089337000077, 6.675880243000165 ], [ 99.637285506000069, 6.676270651000152 ], [ 99.637676580000061, 6.676563552000118 ], [ 99.638392794000197, 6.676822683000125 ], [ 99.638718492000123, 6.676822261000098 ], [ 99.639109397000084, 6.676951767000162 ], [ 99.639467710000133, 6.677244745000053 ], [ 99.639729005000163, 6.677732297000091 ], [ 99.639924788000087, 6.678253310000116 ], [ 99.63995842900016, 6.678903953000031 ], [ 99.63995881000011, 6.679196839000099 ], [ 99.640122319, 6.679717855999968 ], [ 99.6402207860001, 6.680205649000129 ], [ 99.640352303000043, 6.681344649000039 ], [ 99.640613723000172, 6.682353459000183 ], [ 99.641234792000148, 6.684240906000127 ], [ 99.641366986000094, 6.685444964999988 ], [ 99.641498422000097, 6.686486694000109 ], [ 99.641727481000146, 6.687397768000039 ], [ 99.641761463000137, 6.688309060000108 ], [ 99.641729393000105, 6.688862566000068 ], [ 99.641534820000118, 6.689253486999974 ], [ 99.641372712000191, 6.689839401000143 ], [ 99.641438386000118, 6.690327791000072 ], [ 99.641764941000019, 6.690978051000059 ], [ 99.642058199000132, 6.69123831800016 ], [ 99.642384246000063, 6.691497953000066 ], [ 99.642612586000098, 6.691856083000062 ], [ 99.642841262, 6.692441482000049 ], [ 99.643006094000157, 6.693971099000066 ], [ 99.643235756000138, 6.695305622999967 ], [ 99.643791637000049, 6.697485996000182 ], [ 99.644250370000066, 6.699308077000069 ], [ 99.644479785000158, 6.700479761000167 ], [ 99.644612000000166, 6.70210722500002 ], [ 99.644613539000034, 6.703278622000028 ], [ 99.644549141000198, 6.703767146000132 ], [ 99.644386779000058, 6.70415802600013 ], [ 99.644224152000049, 6.704321072000141 ], [ 99.643898609000189, 6.704451512000105 ], [ 99.643475699000192, 6.704517090000024 ], [ 99.643215108000049, 6.704582453000171 ], [ 99.643020034000074, 6.704615499000056 ], [ 99.64279249700013, 6.704876412999965 ], [ 99.642564790000051, 6.705006759000128 ], [ 99.642206319000138, 6.705040018000091 ], [ 99.641815478000069, 6.704974950000064 ], [ 99.641424634000032, 6.704910436000034 ], [ 99.64116438200017, 6.704813519000083 ], [ 99.641001464, 6.704780977000098 ], [ 99.64083870900015, 6.704846178000082 ], [ 99.640643332000082, 6.705074293 ], [ 99.640415752000081, 6.705302416000166 ], [ 99.640384020999988, 6.705693119000045 ], [ 99.640482283000154, 6.706018630000074 ], [ 99.640644991000102, 6.706344057000081 ], [ 99.640645501000165, 6.706734728000185 ], [ 99.640580926000041, 6.707092647000024 ], [ 99.64051631000001, 6.707385617000114 ], [ 99.640516645000162, 6.707646231000183 ], [ 99.640744870000105, 6.707905993 ], [ 99.641005718000201, 6.708036220000054 ], [ 99.641136006000124, 6.708198886000162 ], [ 99.641169105000131, 6.708426668000186 ], [ 99.641234698000119, 6.708849479000094 ], [ 99.641495124000187, 6.709076964000189 ], [ 99.641788893000069, 6.709304440000153 ], [ 99.642114272000072, 6.709466814999985 ], [ 99.642505202999985, 6.709596352000176 ], [ 99.642799062000051, 6.709889371000145 ], [ 99.642995, 6.710539839000148 ], [ 99.643224625000187, 6.711841541000013 ], [ 99.643258235000133, 6.712459984000134 ], [ 99.643291509000051, 6.713274055000056 ], [ 99.643227231000083, 6.713827050000077 ], [ 99.64296690000009, 6.714120792000074 ], [ 99.642805211000166, 6.714576654000098 ], [ 99.642674870000121, 6.714804694000179 ], [ 99.642512282000155, 6.714999938000119 ], [ 99.642317330000196, 6.715098007000165 ], [ 99.642219747000183, 6.715293171000155 ], [ 99.642188184000133, 6.715814478000027 ], [ 99.642188525000108, 6.716074536000065 ], [ 99.642091326000127, 6.716563103000055 ], [ 99.641928866, 6.716856201000155 ], [ 99.641701120000164, 6.716986509000094 ], [ 99.641603573, 6.717182229000116 ], [ 99.641571536000129, 6.717345108000018 ], [ 99.641376113000035, 6.71754039800004 ], [ 99.641181113000073, 6.717605678000098 ], [ 99.640985860000171, 6.717931573000158 ], [ 99.640954080000199, 6.718257252000171 ], [ 99.641051754000102, 6.718582766000111 ], [ 99.641410490000112, 6.718745130000059 ], [ 99.641736258000094, 6.718776947000094 ], [ 99.641964444000109, 6.718972238 ], [ 99.642094869000175, 6.719264916000043 ], [ 99.64219326400007, 6.719687683000132 ], [ 99.642128052000146, 6.719981174000168 ], [ 99.641933305000123, 6.720241487000123 ], [ 99.641640507000034, 6.720339685000113 ], [ 99.641184695000163, 6.720340282000052 ], [ 99.640858968000146, 6.720340708000094 ], [ 99.640305230000138, 6.720276409000178 ], [ 99.639816660000065, 6.720277047000081 ], [ 99.639458990000094, 6.720505340000045 ], [ 99.639394506000087, 6.720928320000041 ], [ 99.63945996800004, 6.72125387300008 ], [ 99.639558063000038, 6.721448775 ], [ 99.639786247000131, 6.721676898000169 ], [ 99.639884348000123, 6.721871805000035 ], [ 99.639884646000155, 6.722099631000049 ], [ 99.639722136000046, 6.72236049300011 ], [ 99.639494516000013, 6.722588616999985 ], [ 99.639397393000081, 6.723141653000084 ], [ 99.639432910000096, 6.725192698000058 ], [ 99.639595796000094, 6.725648171000046 ], [ 99.639824237000028, 6.726070731000164 ], [ 99.640118278000159, 6.726493799000025 ], [ 99.64021620200009, 6.726982115000055 ], [ 99.640184428999987, 6.727340033000019 ], [ 99.639989208000088, 6.727665928000079 ], [ 99.639729671000055, 6.728121952000151 ], [ 99.639502769000103, 6.728903573000082 ], [ 99.63960128400015, 6.729847013000153 ], [ 99.639732437000077, 6.730237468000041 ], [ 99.639667954000174, 6.730661005000172 ], [ 99.639472818, 6.731084161000013 ], [ 99.63940854700013, 6.731670502000156 ], [ 99.639376978000087, 6.732614113000125 ], [ 99.639509964000069, 6.734404413000107 ], [ 99.639608316000022, 6.735218362000069 ], [ 99.639837274000172, 6.736031629000081 ], [ 99.640098565000187, 6.736486933000094 ], [ 99.64058765700014, 6.736844163 ], [ 99.641141331000142, 6.736876231000167 ], [ 99.641434267000022, 6.736875846000032 ], [ 99.641662245000077, 6.736908337000159 ], [ 99.641727466000077, 6.73707108800005 ], [ 99.641662844000052, 6.737364022000122 ], [ 99.641598266000187, 6.737721978000081 ], [ 99.641533484000149, 6.738340550000089 ], [ 99.641664684000034, 6.738763793000032 ], [ 99.641859991000103, 6.738925823000102 ], [ 99.642479054000091, 6.73921840700018 ], [ 99.644238306000148, 6.739996827000084 ], [ 99.645248117000108, 6.740288938 ], [ 99.645802011000114, 6.740451007 ], [ 99.646322845000043, 6.740450318000057 ], [ 99.646713584000111, 6.740417010000158 ], [ 99.647071820000122, 6.740188710999973 ], [ 99.647494157000153, 6.739667479000047 ], [ 99.648013866000099, 6.738820434 ], [ 99.648403824000184, 6.738201435000065 ], [ 99.648664041000131, 6.737842658000091 ], [ 99.648826669000073, 6.737647407000054 ], [ 99.648891113000104, 6.737223870000093 ], [ 99.648890291000043, 6.736605386000065 ], [ 99.648922526000092, 6.736149657999988 ], [ 99.649084382000183, 6.735824361000027 ], [ 99.649474563000069, 6.735368190000031 ], [ 99.649669991000053, 6.735205093000104 ], [ 99.649864612999977, 6.734846409999989 ], [ 99.650189698000133, 6.734358093000026 ], [ 99.650580302000151, 6.73422696900019 ], [ 99.650840769000126, 6.734031587000175 ], [ 99.65100288900004, 6.733901325000033 ], [ 99.651360901000146, 6.733510186000103 ], [ 99.651848578999989, 6.733248923000076 ], [ 99.65240185600004, 6.732987569000102 ], [ 99.653215948000081, 6.732791447000068 ], [ 99.653508707000071, 6.732661010000186 ], [ 99.653866082000036, 6.732204884000112 ], [ 99.654125982000039, 6.731586014000072 ], [ 99.65425507000009, 6.730869579000057 ], [ 99.654482219000158, 6.730315772000154 ], [ 99.6548725130001, 6.729957379000041 ], [ 99.655229963000181, 6.729566235 ], [ 99.655425261000175, 6.729305363000094 ], [ 99.655685725000069, 6.729109981000079 ], [ 99.656075729000179, 6.7289788490001 ], [ 99.656336147000047, 6.728750680000132 ], [ 99.656596137000065, 6.728229660000181 ], [ 99.656725437000091, 6.727643754000042 ], [ 99.656887055000141, 6.726732195000181 ], [ 99.657081183000059, 6.726015674000166 ], [ 99.65776318200011, 6.724744961000056 ], [ 99.657990827, 6.724126170000147 ], [ 99.658378817000141, 6.722498570000084 ], [ 99.658865369000068, 6.720967541000164 ] ] ], [ [ [ 99.366218939000078, 6.483848773000034 ], [ 99.366082614999982, 6.48374315600006 ], [ 99.365898392000133, 6.483797578000122 ], [ 99.365791719000072, 6.484025492000171 ], [ 99.365787948000047, 6.484289527999977 ], [ 99.365704986000139, 6.484471629000041 ], [ 99.365620388000025, 6.484745357000122 ], [ 99.365557898000191, 6.485111742000186 ], [ 99.365619850000201, 6.485536881000087 ], [ 99.365650563000145, 6.485801454000011 ], [ 99.365772272000186, 6.486078403000135 ], [ 99.365952747999984, 6.486276136000072 ], [ 99.366169824000053, 6.486313886000175 ], [ 99.366354036000189, 6.486248169000135 ], [ 99.366550119000124, 6.486159250000128 ], [ 99.366633132000175, 6.485999750000076 ], [ 99.366774766000162, 6.485703967000063 ], [ 99.366781251000077, 6.48529123100019 ], [ 99.366786656000102, 6.484935599000039 ], [ 99.366758633000188, 6.484499137 ], [ 99.366670313000157, 6.484291708000171 ], [ 99.366627220000055, 6.484118740000042 ], [ 99.366502776000061, 6.48400237200002 ], [ 99.366401525000128, 6.483885955000062 ], [ 99.366218939000078, 6.483848773000034 ] ] ], [ [ [ 99.334682943000075, 6.48688461100005 ], [ 99.334294024000144, 6.486856038000042 ], [ 99.333892096000113, 6.486872675000086 ], [ 99.333305995000046, 6.486966918000178 ], [ 99.332821165000041, 6.487211491999972 ], [ 99.332521106000172, 6.487333258000092 ], [ 99.332324477000157, 6.487456626000039 ], [ 99.332218851000107, 6.48761557500012 ], [ 99.331996332000131, 6.487910291000162 ], [ 99.332016817000124, 6.488082684000119 ], [ 99.332044606000181, 6.488255703000164 ], [ 99.332320614000139, 6.48845452900008 ], [ 99.332594252000035, 6.488550468000085 ], [ 99.332914212000048, 6.488612427000021 ], [ 99.333257943000149, 6.488652369000079 ], [ 99.333636105000153, 6.488658307000037 ], [ 99.333944759000133, 6.488697121000087 ], [ 99.334276604000138, 6.488748369000064 ], [ 99.334735043000137, 6.488755403000084 ], [ 99.335079251000195, 6.488737649000029 ], [ 99.335459042000082, 6.488628837000135 ], [ 99.335681023000063, 6.488357314000098 ], [ 99.335585195000135, 6.487862128000188 ], [ 99.335373514000139, 6.487469328000032 ], [ 99.335160202000054, 6.487178861000018 ], [ 99.335036873000035, 6.48700479300004 ], [ 99.334682943000075, 6.48688461100005 ] ] ], [ [ [ 99.177840807000109, 6.493308030000094 ], [ 99.177667045000078, 6.493285166000021 ], [ 99.177561874, 6.493326320000051 ], [ 99.177535615000068, 6.493375921000109 ], [ 99.177479565000056, 6.493481791000022 ], [ 99.177525293000087, 6.49376072299998 ], [ 99.177607601000147, 6.494021365000094 ], [ 99.177753926000094, 6.494208845000117 ], [ 99.17802371300013, 6.49436888800011 ], [ 99.178229483000109, 6.494501495000179 ], [ 99.178412390000062, 6.494679829 ], [ 99.1785495700002, 6.494885600000089 ], [ 99.178581577999978, 6.495105088000116 ], [ 99.178654741000116, 6.495287993999966 ], [ 99.178741622000075, 6.495507482 ], [ 99.17885593800014, 6.495662953000021 ], [ 99.178970255000081, 6.495736116000103 ], [ 99.179093717000171, 6.495736115 ], [ 99.179121153000153, 6.495617226000036 ], [ 99.179125726000109, 6.495466327999964 ], [ 99.179052564000074, 6.495283421000067 ], [ 99.178970255000081, 6.495027352000079 ], [ 99.178923970000085, 6.494937097000161 ], [ 99.178834596000172, 6.494774828000175 ], [ 99.178666313000178, 6.494508030000077 ], [ 99.178594984000028, 6.494311369000059 ], [ 99.178558715000179, 6.49424542600002 ], [ 99.178545636000024, 6.4941669480001 ], [ 99.178540425000051, 6.494135682000035 ], [ 99.178544997000074, 6.493998502000068 ], [ 99.178476408000165, 6.493833886000118 ], [ 99.178362854, 6.493694128000072 ], [ 99.178357518000098, 6.493687561000172 ], [ 99.178183757000056, 6.493532089999974 ], [ 99.177991704000021, 6.493390337000108 ], [ 99.177840807000109, 6.493308030000094 ] ] ], [ [ [ 99.314445879000061, 6.485836882000115 ], [ 99.314533084000061, 6.485190034000084 ], [ 99.314518042000088, 6.484646739000141 ], [ 99.314327241000171, 6.484132342000123 ], [ 99.313885878000178, 6.483398187000034 ], [ 99.313709379000045, 6.483133705 ], [ 99.312886348000063, 6.482222826000054 ], [ 99.312533425000083, 6.481856110000081 ], [ 99.312445045000061, 6.481576860000075 ], [ 99.312415607000105, 6.481473983000171 ], [ 99.312283296000089, 6.481429965000075 ], [ 99.312180399, 6.481400615000155 ], [ 99.312136277000093, 6.481341839000095 ], [ 99.312003877000166, 6.48115083800019 ], [ 99.311768624000138, 6.480930484000055 ], [ 99.311562751000054, 6.480798290000109 ], [ 99.311401021, 6.480680823000114 ], [ 99.311052069000084, 6.480338404000122 ], [ 99.310580425000126, 6.479978541000094 ], [ 99.31038189200018, 6.479780209000182 ], [ 99.310183438000081, 6.479718709000053 ], [ 99.309898026999974, 6.479743194000037 ], [ 99.309687248000046, 6.479867710000065 ], [ 99.309526153000149, 6.479892668000161 ], [ 99.30940178600008, 6.47988033200005 ], [ 99.30933956500013, 6.479780846000153 ], [ 99.309228101000144, 6.479607361000092 ], [ 99.309054506000109, 6.479532805000133 ], [ 99.308818835000068, 6.479545392000034 ], [ 99.308582032000118, 6.479642762000083 ], [ 99.308292190000088, 6.479874784000117 ], [ 99.307799896000063, 6.479932733 ], [ 99.307510493000166, 6.479961738000043 ], [ 99.306931133000035, 6.479990919000045 ], [ 99.306468269000106, 6.480136518000108 ], [ 99.306120820000046, 6.48042621899998 ], [ 99.305831117000139, 6.480889998000066 ], [ 99.305740231000073, 6.481052306000038 ], [ 99.305669099000056, 6.481238909000069 ], [ 99.305623422000053, 6.481419868000046 ], [ 99.305669888000182, 6.481621109000116 ], [ 99.305840119000152, 6.481760106000138 ], [ 99.305917670000099, 6.481914979000067 ], [ 99.305901909000113, 6.482069349000028 ], [ 99.305809329000112, 6.482239584000183 ], [ 99.305639354000164, 6.482533669000077 ], [ 99.305546772000127, 6.482703911000158 ], [ 99.305376745, 6.482905284000026 ], [ 99.305052366000098, 6.48305984000001 ], [ 99.3047037460002, 6.483256796000148 ], [ 99.30417492700002, 6.483756329000187 ], [ 99.303558717000044, 6.484550486000103 ], [ 99.302824195000198, 6.485050724000075 ], [ 99.302090078000106, 6.485374009000111 ], [ 99.301355432000094, 6.485668457000145 ], [ 99.300855732000116, 6.485668753000141 ], [ 99.300503511000045, 6.485551359000056 ], [ 99.299739061000196, 6.485198992999983 ], [ 99.29865170700009, 6.484612198000036 ], [ 99.297916637000014, 6.48420104500002 ], [ 99.297182194000129, 6.483907502000022 ], [ 99.29638847700005, 6.483790358000078 ], [ 99.295566066000163, 6.48382021700013 ], [ 99.295036990000085, 6.483820525000169 ], [ 99.294537206000086, 6.48367383100009 ], [ 99.293685199000038, 6.483410284000058 ], [ 99.291833787000144, 6.483117337000067 ], [ 99.290305743000033, 6.482824232000098 ], [ 99.289659505000031, 6.482589395000105 ], [ 99.289409621000118, 6.482501348000028 ], [ 99.289056889000108, 6.482501549000119 ], [ 99.288762936000182, 6.482442912000124 ], [ 99.288542420000056, 6.48232543 ], [ 99.287704958000063, 6.481826691000037 ], [ 99.286837652000031, 6.481474372000093 ], [ 99.286353203000033, 6.481386451000049 ], [ 99.286118043000101, 6.48138658400012 ], [ 99.285662513000091, 6.481533834000061 ], [ 99.285339253000132, 6.481592820000174 ], [ 99.284928318000141, 6.481666527000129 ], [ 99.284516852000024, 6.481710890000159 ], [ 99.283943670000042, 6.481725883000081 ], [ 99.283620965000068, 6.481784868000034 ], [ 99.283444672000144, 6.481917279000072 ], [ 99.283239079000111, 6.482196138000177 ], [ 99.283151044000192, 6.482504879000032 ], [ 99.283239399000138, 6.48276942200016 ], [ 99.283474583000043, 6.482886899 ], [ 99.283753401000013, 6.483107249000113 ], [ 99.28384166800015, 6.483298284000057 ], [ 99.283988819000172, 6.483562794000079 ], [ 99.284165278000103, 6.483723840999971 ], [ 99.284341636000136, 6.483767829000101 ], [ 99.28448865900009, 6.483811840999977 ], [ 99.28463565300018, 6.483885272000123 ], [ 99.284768029000134, 6.484105704000058 ], [ 99.284856334000096, 6.484296728000061 ], [ 99.284988802000044, 6.484678854000038 ], [ 99.285121275000051, 6.485002184000166 ], [ 99.285224254000127, 6.485192687 ], [ 99.285414788000082, 6.485280765000027 ], [ 99.285620574000063, 6.485339453000108 ], [ 99.285767577000058, 6.485354042000154 ], [ 99.285855813000069, 6.485486305000165 ], [ 99.286017613000126, 6.485721428000147 ], [ 99.28626757800015, 6.485956466000061 ], [ 99.286444064000193, 6.486162191000119 ], [ 99.286620661000143, 6.48655900000017 ], [ 99.286855355000171, 6.486778782000044 ], [ 99.287134674000129, 6.486896231000117 ], [ 99.28753157400007, 6.487028285 ], [ 99.287766786000191, 6.487189846000149 ], [ 99.287943312000039, 6.487454339000124 ], [ 99.288119874000074, 6.487792352999975 ], [ 99.288354667000078, 6.488174416999982 ], [ 99.288487122000106, 6.488467801000127 ], [ 99.288722477000135, 6.488805740000089 ], [ 99.289134157000092, 6.489128901000072 ], [ 99.289751570000078, 6.489407850000021 ], [ 99.290603585000156, 6.489686671000072 ], [ 99.29149968300004, 6.489891390000025 ], [ 99.292116979000127, 6.489979224000024 ], [ 99.293086572000163, 6.490228588000036 ], [ 99.293924537000123, 6.490610302 ], [ 99.294395048000069, 6.490992232000167 ], [ 99.294791477000103, 6.491314801000101 ], [ 99.295497506000174, 6.492299291000052 ], [ 99.295938768000099, 6.492886474000045 ], [ 99.29621753400005, 6.493018627000083 ], [ 99.296790847000125, 6.493268175000082 ], [ 99.29714373000013, 6.493488469000056 ], [ 99.29734965900019, 6.493797040000061 ], [ 99.297540930000139, 6.494179122000048 ], [ 99.297687516000167, 6.49448717100006 ], [ 99.297981589000074, 6.494692786000087 ], [ 99.298246307000113, 6.494986648000065 ], [ 99.298481624000146, 6.495236393000084 ], [ 99.299157488000105, 6.495868119000079 ], [ 99.299672122000061, 6.496234748000177 ], [ 99.300495499000078, 6.496851633000119 ], [ 99.301171241000191, 6.497262854000155 ], [ 99.301773973000138, 6.497511820000113 ], [ 99.302332044000082, 6.497717281000178 ], [ 99.302552546000186, 6.49777595300003 ], [ 99.302714252000044, 6.497849368000175 ], [ 99.302787803, 6.497996317000172 ], [ 99.302993719000199, 6.498216691000096 ], [ 99.30334659000016, 6.498466363000148 ], [ 99.303757647000168, 6.498642531000144 ], [ 99.303845950000095, 6.498804173000053 ], [ 99.304022328000144, 6.498862869999982 ], [ 99.304228148999982, 6.498921550000034 ], [ 99.304286978000164, 6.498980314000107 ], [ 99.304404580000153, 6.499067880000098 ], [ 99.304551626000034, 6.499155973000029 ], [ 99.304639857000154, 6.499258818999976 ], [ 99.304801600000133, 6.49937632000001 ], [ 99.30505142700008, 6.49936146400006 ], [ 99.305491776, 6.499331817000154 ], [ 99.306050176000042, 6.499213872000098 ], [ 99.306799069000078, 6.498978798000167 ], [ 99.30760718900018, 6.498625489000176 ], [ 99.308239060000119, 6.49846341000017 ], [ 99.308620586000075, 6.498448469999971 ], [ 99.309458333, 6.498418572 ], [ 99.3101484620002, 6.498300543000084 ], [ 99.310706881000158, 6.498167920000071 ], [ 99.311177146000034, 6.498108828000113 ], [ 99.311676104000128, 6.497785126000167 ], [ 99.312249044000112, 6.497403131000112 ], [ 99.312513486000114, 6.497241274000146 ], [ 99.312880825000036, 6.497108725999965 ], [ 99.31321813600016, 6.496829250000133 ], [ 99.313335539000036, 6.496535163000033 ], [ 99.313394214000198, 6.496344007000062 ], [ 99.313438190000056, 6.496167615 ], [ 99.313555540000038, 6.495844698000042 ], [ 99.313687477000201, 6.495271334 ], [ 99.313819511000077, 6.494859634000079 ], [ 99.314024932000109, 6.494330872000035 ], [ 99.314142235000133, 6.493875124000112 ], [ 99.314185946000123, 6.493272397000112 ], [ 99.314171090000173, 6.493037196000103 ], [ 99.31409753700018, 6.492949056999976 ], [ 99.313935690000051, 6.492655701000047 ], [ 99.313656286000196, 6.492347183000106 ], [ 99.313523749000126, 6.491950392000035 ], [ 99.31344988800015, 6.491303607000077 ], [ 99.313478919000147, 6.490745577000098 ], [ 99.313669464000043, 6.489936962000058 ], [ 99.313801420000118, 6.489393535000147 ], [ 99.313874764000161, 6.489143607000074 ], [ 99.313948015000051, 6.488805457000183 ], [ 99.314021363000109, 6.488570198000161 ], [ 99.314080027000159, 6.488364369000067 ], [ 99.314064958000074, 6.487776949000136 ], [ 99.314035431000036, 6.487541787000055 ], [ 99.313947032999977, 6.487218447000146 ], [ 99.313873518000037, 6.487130271000126 ], [ 99.313902825000071, 6.487027355000123 ], [ 99.313976230000037, 6.486880325000016 ], [ 99.314049565000118, 6.486674491000031 ], [ 99.314078863000077, 6.486483941000074 ], [ 99.31416694800015, 6.486351570000068 ], [ 99.31422572200006, 6.486322120000125 ], [ 99.314343227000109, 6.486204437000083 ], [ 99.314445879000061, 6.485836882000115 ] ] ], [ [ [ 99.179539368, 6.498450772000183 ], [ 99.179364766000162, 6.49843105900004 ], [ 99.179246487000057, 6.498445140000058 ], [ 99.179195796000045, 6.498447957000053 ], [ 99.179164818000118, 6.498408530000063 ], [ 99.179074700000115, 6.498380368000028 ], [ 99.178956422000113, 6.498408530000063 ], [ 99.178840958000137, 6.498478934000048 ], [ 99.178762106000192, 6.49852962500006 ], [ 99.1786945180001, 6.498600030000091 ], [ 99.178649459000042, 6.498712676000025 ], [ 99.178643827000087, 6.498819691000051 ], [ 99.178688727000065, 6.49895911800013 ], [ 99.178697335000095, 6.49898584400006 ], [ 99.17874239300005, 6.499112572000058 ], [ 99.178897282000037, 6.499320968000063 ], [ 99.179004296000187, 6.499419535000129 ], [ 99.179119760000106, 6.499568792000161 ], [ 99.179240577000087, 6.499654382000131 ], [ 99.179393319000098, 6.499705296000059 ], [ 99.179601218000187, 6.499709538000047 ], [ 99.179749717000107, 6.499641654000129 ], [ 99.179906702000039, 6.499463455000068 ], [ 99.180033987000172, 6.49931919800008 ], [ 99.180110358000036, 6.499162212999977 ], [ 99.180110358000036, 6.499026443000105 ], [ 99.18003783000006, 6.498861933 ], [ 99.179922367000188, 6.498656353000058 ], [ 99.179798456000128, 6.498554971000033 ], [ 99.179674545000125, 6.498501464000128 ], [ 99.179539368, 6.498450772000183 ] ] ], [ [ [ 99.31909916900014, 6.498483253000131 ], [ 99.318711829000051, 6.498328019000041 ], [ 99.318447890000186, 6.498346862000119 ], [ 99.318149950000191, 6.498319326000171 ], [ 99.317850422000106, 6.498417894000113 ], [ 99.317630597000118, 6.498552013000108 ], [ 99.317478693000169, 6.498767535000184 ], [ 99.317405904000111, 6.499007874000085 ], [ 99.31748077300017, 6.499352712000018 ], [ 99.317602995000129, 6.499607035 ], [ 99.317840569999987, 6.499840397000128 ], [ 99.318078661000072, 6.500016059000131 ], [ 99.318419113000175, 6.500239200000181 ], [ 99.318773573000044, 6.500313603000052 ], [ 99.319161453000163, 6.500434335000079 ], [ 99.319424316000152, 6.500472628000125 ], [ 99.319653819, 6.500476450000122 ], [ 99.319794461000129, 6.500271683000108 ], [ 99.319821425000043, 6.500020077000102 ], [ 99.319851098000072, 6.499550226000053 ], [ 99.319764920000068, 6.499192986000139 ], [ 99.319630274000133, 6.498984426000106 ], [ 99.319404566000117, 6.498762918000068 ], [ 99.31909916900014, 6.498483253000131 ] ] ], [ [ [ 99.180930233000083, 6.501585321000107 ], [ 99.181251867000071, 6.501567678000129 ], [ 99.181481369000039, 6.501571002000048 ], [ 99.181712543000174, 6.501460093000048 ], [ 99.181898514000181, 6.501354872000149 ], [ 99.181940829000041, 6.501163736000137 ], [ 99.181813592000083, 6.501015643000017 ], [ 99.181501542000035, 6.500986369000088 ], [ 99.181318082000132, 6.500983028000121 ], [ 99.181169146000059, 6.500958212000171 ], [ 99.180998411000019, 6.50087516800005 ], [ 99.180734665000045, 6.500848101000031 ], [ 99.180446689000064, 6.500912122999978 ], [ 99.180351524000059, 6.501140547999967 ], [ 99.180497704000118, 6.50134914 ], [ 99.180759494000085, 6.501490963000094 ], [ 99.180930233000083, 6.501585321000107 ] ] ], [ [ [ 99.1819473070002, 6.501876708000168 ], [ 99.181695449000188, 6.501827036000122 ], [ 99.181521921000183, 6.501927740000099 ], [ 99.181483593000053, 6.502191194000034 ], [ 99.181549530000098, 6.502375516000029 ], [ 99.18163861700009, 6.502560930000072 ], [ 99.181773786000178, 6.502723692000075 ], [ 99.181978439000147, 6.502853083 ], [ 99.182183132000091, 6.502982513000063 ], [ 99.182422856000017, 6.503066651000097 ], [ 99.182559402000152, 6.503149157000166 ], [ 99.182798835000142, 6.503244629000108 ], [ 99.182980883000141, 6.503350868999973 ], [ 99.183162680000123, 6.503479678000076 ], [ 99.18335658, 6.503563304000068 ], [ 99.183426648000136, 6.503391388000068 ], [ 99.183362957000099, 6.503179399000032 ], [ 99.18323799000018, 6.503056204000018 ], [ 99.183080470999982, 6.502847616 ], [ 99.183025867000083, 6.50266273799997 ], [ 99.182751941000163, 6.502555419000089 ], [ 99.182638290999989, 6.5024848 ], [ 99.18246917700003, 6.502275657000041 ], [ 99.182299271000034, 6.50213495100013 ], [ 99.18214040700019, 6.502006106000181 ], [ 99.1819473070002, 6.501876708000168 ] ] ], [ [ [ 99.180040040000051, 6.50656544900005 ], [ 99.179992130000187, 6.506368482000028 ], [ 99.179986024000016, 6.506329233000031 ], [ 99.17994687800018, 6.506077576000109 ], [ 99.179888696000148, 6.50584485100012 ], [ 99.179871723000076, 6.505814086000157 ], [ 99.179785263000042, 6.505657378000137 ], [ 99.179559003000122, 6.505424653000148 ], [ 99.179184057000043, 6.505140212000185 ], [ 99.178970726000045, 6.50499152600014 ], [ 99.178847899000118, 6.504907487000025 ], [ 99.178718608000167, 6.504875164000055 ], [ 99.178641032000144, 6.504771731000119 ], [ 99.178518205000159, 6.504610115999981 ], [ 99.178375985000116, 6.504487289000053 ], [ 99.178143260000127, 6.50409941300012 ], [ 99.17801396800013, 6.503834366000092 ], [ 99.177961970000069, 6.503692238999975 ], [ 99.177761849000149, 6.503375381000069 ], [ 99.177613163000103, 6.503162050000071 ], [ 99.177354580000099, 6.502942254 ], [ 99.177095997000094, 6.502838819999965 ], [ 99.176869737, 6.502838821000068 ], [ 99.17666287000003, 6.502935789000105 ], [ 99.176481862000173, 6.503149120000103 ], [ 99.176468482000132, 6.503171655000074 ], [ 99.176359035000075, 6.503355987000077 ], [ 99.176365499000042, 6.503511137000089 ], [ 99.176436471000045, 6.503627734000077 ], [ 99.176456003000055, 6.503659822000088 ], [ 99.176494791000096, 6.503769720000093 ], [ 99.176451380000117, 6.503846896000084 ], [ 99.176436609000064, 6.503873153000029 ], [ 99.176326712000105, 6.504060626000182 ], [ 99.176262066000106, 6.504248099000165 ], [ 99.176346106000153, 6.504487289000053 ], [ 99.176462468000182, 6.504564863999974 ], [ 99.176462468000182, 6.504771730000073 ], [ 99.176533578000033, 6.504965668000125 ], [ 99.176617618000023, 6.505166069999973 ], [ 99.17678321700015, 6.505366953000021 ], [ 99.177225289000148, 6.505670307000059 ], [ 99.177483872000153, 6.50578667000002 ], [ 99.177729526, 6.505851316000189 ], [ 99.177897605000169, 6.505915961000142 ], [ 99.178065684000103, 6.506012930000054 ], [ 99.178220835000104, 6.506096970000101 ], [ 99.178330732, 6.506096970000101 ], [ 99.178427701000146, 6.506181009000045 ], [ 99.178524669000183, 6.506316765000065 ], [ 99.178660426000135, 6.506420199000104 ], [ 99.178834970000196, 6.506523632000039 ], [ 99.178951332000054, 6.506504239000151 ], [ 99.179106482000066, 6.506465451000111 ], [ 99.179274769000074, 6.506521547000148 ], [ 99.179300419000072, 6.506530096000063 ], [ 99.179436176000195, 6.506620600000076 ], [ 99.179454761000045, 6.50667171200007 ], [ 99.179487892000054, 6.506762821000052 ], [ 99.179584861000137, 6.506866255000091 ], [ 99.179720616999987, 6.506917971000064 ], [ 99.179869302000156, 6.506937365000113 ], [ 99.179992130000187, 6.506930899999986 ], [ 99.180030917000124, 6.506840396000143 ], [ 99.180056776000185, 6.506749893 ], [ 99.180050311000116, 6.506607671000154 ], [ 99.180040040000051, 6.50656544900005 ] ] ], [ [ [ 99.173928130000093, 6.506187819000047 ], [ 99.173643184000127, 6.505995062000181 ], [ 99.173502391000113, 6.50599115100016 ], [ 99.173492330999977, 6.505990872000041 ], [ 99.173366619000092, 6.506007634000184 ], [ 99.173194814000169, 6.506041157000027 ], [ 99.17297272400009, 6.506041156000094 ], [ 99.172754823999981, 6.506024395000054 ], [ 99.172497083000053, 6.505941329000109 ], [ 99.172419594000132, 6.505936397000028 ], [ 99.172319025000093, 6.505986682000014 ], [ 99.172230624000122, 6.506109301000151 ], [ 99.172222646000193, 6.506355435000103 ], [ 99.172344167000062, 6.506502098000055 ], [ 99.172549495000169, 6.50672418900001 ], [ 99.172759014000178, 6.506992372000127 ], [ 99.17281847400011, 6.507410630999971 ], [ 99.172974154000201, 6.507713094000053 ], [ 99.173134281000046, 6.507899909000173 ], [ 99.173258825000062, 6.50804669300004 ], [ 99.173436745, 6.508162341 ], [ 99.173574631000065, 6.508162340000126 ], [ 99.17369028000013, 6.508157892000099 ], [ 99.173837063000121, 6.50812675700007 ], [ 99.17393936700006, 6.508060037000064 ], [ 99.174072807000073, 6.507944389000102 ], [ 99.174184006000132, 6.507842086000096 ], [ 99.17421069400018, 6.507708646000026 ], [ 99.174213417000146, 6.50747177900007 ], [ 99.174200505000158, 6.507407220000175 ], [ 99.174162792000118, 6.507252176000122 ], [ 99.174120888000061, 6.506967230000157 ], [ 99.174095744999988, 6.506787044000021 ], [ 99.174095744999988, 6.506652950999978 ], [ 99.173990986000149, 6.5063428630001 ], [ 99.173928130000093, 6.506187819000047 ] ] ], [ [ [ 99.173232117000168, 6.511747786000115 ], [ 99.173084911000046, 6.511731429000065 ], [ 99.172947517000068, 6.511770685000158 ], [ 99.172797038000112, 6.511921163000181 ], [ 99.172715257, 6.512038929000141 ], [ 99.172708715000169, 6.512146880999978 ], [ 99.172692358000177, 6.512245019000147 ], [ 99.17270417800006, 6.512304051000058 ], [ 99.172772857000155, 6.512421209000138 ], [ 99.172837496000113, 6.512506049000081 ], [ 99.172869815000183, 6.512611087000039 ], [ 99.17288193600001, 6.512752485000021 ], [ 99.172873855000148, 6.512861564000048 ], [ 99.172869815000183, 6.512938322000025 ], [ 99.172845576000043, 6.513047400000175 ], [ 99.172890015000064, 6.513192838000123 ], [ 99.17304565500018, 6.51333762400003 ], [ 99.173245203000135, 6.513442303999966 ], [ 99.173389139000165, 6.51350445800017 ], [ 99.173608314000091, 6.513543714000036 ], [ 99.173804589999975, 6.513556798000025 ], [ 99.173964883, 6.513553527000056 ], [ 99.174049935000141, 6.513546985 ], [ 99.174144803000161, 6.513514272000066 ], [ 99.174236398000176, 6.513432491000174 ], [ 99.17427238200014, 6.513340895000056 ], [ 99.174355391000176, 6.513187554000069 ], [ 99.174392192000141, 6.513069789000156 ], [ 99.174399553000114, 6.512979010000038 ], [ 99.174384832000044, 6.512898046000089 ], [ 99.174371530000201, 6.512865901000168 ], [ 99.174338173000194, 6.512785287000042 ], [ 99.174220042000059, 6.512719353000136 ], [ 99.174148073000083, 6.512653928000134 ], [ 99.173981238000067, 6.512542704000168 ], [ 99.173778420000133, 6.512441295000031 ], [ 99.173660654000173, 6.512372599 ], [ 99.173591957000099, 6.512336614000162 ], [ 99.173555973000134, 6.512310445000026 ], [ 99.173542887999986, 6.512264647000165 ], [ 99.173533075000194, 6.512137068000186 ], [ 99.173516718000144, 6.512002945000177 ], [ 99.173480734000179, 6.511921163000181 ], [ 99.173379325000042, 6.511819754000044 ], [ 99.173232117000168, 6.511747786000115 ] ] ], [ [ [ 99.270050157000071, 6.5134984070001 ], [ 99.269924088000039, 6.513496213999986 ], [ 99.269761899, 6.513574330000097 ], [ 99.269894915000179, 6.513897655999983 ], [ 99.270108167000046, 6.514187553000113 ], [ 99.270334967000167, 6.514374586000031 ], [ 99.270528909000063, 6.514446294000095 ], [ 99.270631251000168, 6.514493739000045 ], [ 99.270851069000059, 6.514382795000074 ], [ 99.270921688000158, 6.514245921000111 ], [ 99.270821516000012, 6.514049229000022 ], [ 99.270742878000078, 6.513933362000103 ], [ 99.270585609000136, 6.513724842000101 ], [ 99.270300648000102, 6.513593830000104 ], [ 99.270050157000071, 6.5134984070001 ] ] ], [ [ [ 99.175359122000032, 6.513932882000063 ], [ 99.175107839000077, 6.513860016000081 ], [ 99.174751711000113, 6.513889001999985 ], [ 99.174417934000132, 6.513941105000129 ], [ 99.174221204000162, 6.514041248000183 ], [ 99.174104549000049, 6.514165677000051 ], [ 99.174067564000097, 6.514348881000103 ], [ 99.174062305000064, 6.51469321400009 ], [ 99.174057894000157, 6.514991719000022 ], [ 99.174157198000046, 6.515256877000127 ], [ 99.174316100000055, 6.515374385000086 ], [ 99.174532895000141, 6.515458020000153 ], [ 99.174718025000175, 6.515357312000162 ], [ 99.174879382000086, 6.515302975 ], [ 99.175121034000199, 6.51527181 ], [ 99.17532986000009, 6.515125860000182 ], [ 99.175493172000074, 6.514944869000033 ], [ 99.175600228000064, 6.514694349000081 ], [ 99.175662831000182, 6.51435058900006 ], [ 99.175596348999989, 6.514188912000122 ], [ 99.175552516000039, 6.514062284000147 ], [ 99.175359122000032, 6.513932882000063 ] ] ], [ [ [ 99.25928140700006, 6.512666170000045 ], [ 99.259040600000162, 6.512662322000097 ], [ 99.258898300000112, 6.512958634000086 ], [ 99.258895575000111, 6.513130528000147 ], [ 99.258951031000095, 6.513269 ], [ 99.259039847000167, 6.513442549000104 ], [ 99.259118518000037, 6.513558411000076 ], [ 99.259413123000115, 6.513781018000145 ], [ 99.259627509000097, 6.514048324000044 ], [ 99.259819824000147, 6.514212179000026 ], [ 99.259989465000046, 6.514352341000063 ], [ 99.26026151300016, 6.514585667000176 ], [ 99.260555581000176, 6.514854667000066 ], [ 99.260759182000072, 6.515041128000121 ], [ 99.261067321000041, 6.515137643 ], [ 99.261215998000182, 6.515163018000067 ], [ 99.261456845000112, 6.515166854000029 ], [ 99.261617377000107, 6.515180894000139 ], [ 99.261868427000081, 6.515276325000116 ], [ 99.262108160000082, 6.515337265000028 ], [ 99.262358621000146, 6.515455848000158 ], [ 99.262575752000089, 6.515528103000179 ], [ 99.262680832000058, 6.515403661000164 ], [ 99.26266093300012, 6.515185425000084 ], [ 99.262595802000135, 6.514966111000035 ], [ 99.262552192000101, 6.514816287000087 ], [ 99.262474088000033, 6.514654669000038 ], [ 99.262327581000079, 6.514468703000091 ], [ 99.262147180000113, 6.514294092000114 ], [ 99.26195323900015, 6.514221824000174 ], [ 99.261793241000078, 6.514173854000092 ], [ 99.261439857000141, 6.514041757000086 ], [ 99.260856954000133, 6.513906925000128 ], [ 99.260455573000058, 6.513877745000059 ], [ 99.260033253000131, 6.513767696000059 ], [ 99.259806492000109, 6.513569356 ], [ 99.259705759000042, 6.513407153000173 ], [ 99.259583511000187, 6.513141474000122 ], [ 99.259438671000112, 6.512886550000189 ], [ 99.25928140700006, 6.512666170000045 ] ] ], [ [ [ 99.186963119000097, 6.519304921000014 ], [ 99.186838124000133, 6.519285814000114 ], [ 99.186752799000089, 6.519305776000181 ], [ 99.186686385000087, 6.519321313000148 ], [ 99.186606415000085, 6.519340021000062 ], [ 99.186480292, 6.519415695000134 ], [ 99.186357773000111, 6.519541818000164 ], [ 99.186336152000194, 6.519671545000165 ], [ 99.186364980000064, 6.519790460000138 ], [ 99.186437727000168, 6.519875751000029 ], [ 99.186530742000116, 6.52002108500011 ], [ 99.186581190000197, 6.520168829000113 ], [ 99.186592001000122, 6.520309366000106 ], [ 99.186620829, 6.520442697000021 ], [ 99.186707313000056, 6.520518370000161 ], [ 99.186797401000035, 6.520547198000031 ], [ 99.186898300000166, 6.520601251000187 ], [ 99.186966766000126, 6.520658907000154 ], [ 99.18710370000008, 6.520648097000162 ], [ 99.187222616000156, 6.520590440999968 ], [ 99.187309101000096, 6.520536388000039 ], [ 99.18732351500006, 6.520467921000147 ], [ 99.187296779000178, 6.520280302000174 ], [ 99.187288332000094, 6.520263042000181 ], [ 99.187271518000102, 6.520228681000049 ], [ 99.187161227000161, 6.520128417000137 ], [ 99.187070990000052, 6.520018127000071 ], [ 99.187055950000058, 6.519973008000136 ], [ 99.187060964000125, 6.519895304000102 ], [ 99.187063469000066, 6.519759947000182 ], [ 99.187063470000112, 6.519592006000039 ], [ 99.187048431000051, 6.51947168900017 ], [ 99.187018351000063, 6.519388972000115 ], [ 99.186963119000097, 6.519304921000014 ] ] ], [ [ [ 99.704845083, 6.523800679000033 ], [ 99.704808468000124, 6.523502767000082 ], [ 99.70461129600011, 6.523171219000176 ], [ 99.704335314000048, 6.523069270000178 ], [ 99.704276837000066, 6.522897473000114 ], [ 99.704366273, 6.522587537000049 ], [ 99.704502695000144, 6.522310907000076 ], [ 99.704627250000044, 6.522046705000037 ], [ 99.704625132000047, 6.521748197000022 ], [ 99.7046455750002, 6.52140389900012 ], [ 99.704700403000118, 6.521001860000183 ], [ 99.704812895000032, 6.520599740000137 ], [ 99.705005766000113, 6.520288500000163 ], [ 99.704947327000127, 6.520116742000141 ], [ 99.704728352000075, 6.519980220000036 ], [ 99.704453793000141, 6.520073893000074 ], [ 99.704351761000055, 6.520280969000112 ], [ 99.704318740000076, 6.520510541000135 ], [ 99.704170223000119, 6.520614747000025 ], [ 99.704137117000073, 6.520809869 ], [ 99.704103464000013, 6.520982309999965 ], [ 99.70401266000016, 6.521143573000074 ], [ 99.703944373000127, 6.521212653000134 ], [ 99.703783184000201, 6.521156338000026 ], [ 99.703656433999981, 6.521065482000097 ], [ 99.703587347000052, 6.520985291000159 ], [ 99.70342615900006, 6.520905820000053 ], [ 99.703253068000038, 6.520838221000076 ], [ 99.703114287000176, 6.52062073899998 ], [ 99.703262142000085, 6.520436244000109 ], [ 99.703398613000047, 6.520194631000095 ], [ 99.703305061000151, 6.520000288000119 ], [ 99.703200800000161, 6.519828592000124 ], [ 99.703200035000179, 6.519679321000069 ], [ 99.70301482800005, 6.519428005000066 ], [ 99.702830375000133, 6.519291469000166 ], [ 99.702623382000127, 6.519223879000094 ], [ 99.702450279000118, 6.519121821000169 ], [ 99.702289119000113, 6.519088110000098 ], [ 99.702117400000191, 6.519157897000127 ], [ 99.70206102700007, 6.519272716000103 ], [ 99.702061681000146, 6.51934170100003 ], [ 99.702039875000082, 6.519514169000104 ], [ 99.702166688000034, 6.519650819000049 ], [ 99.702282769000135, 6.519799339000087 ], [ 99.702191378000123, 6.519926111000075 ], [ 99.70212308300006, 6.519995747000166 ], [ 99.701997065000114, 6.520030928000153 ], [ 99.701790170000152, 6.520031813000116 ], [ 99.701607759000069, 6.520136068000113 ], [ 99.701434679000101, 6.52005717000003 ], [ 99.701272711000058, 6.519862913 ], [ 99.701019329000189, 6.519738332000088 ], [ 99.700995296000087, 6.519531437000126 ], [ 99.701143164000086, 6.519358804000149 ], [ 99.70139444300014, 6.519173609000177 ], [ 99.701715434000164, 6.519114363000085 ], [ 99.701898326, 6.51895241200009 ], [ 99.701931484000113, 6.518791790000137 ], [ 99.701965169000118, 6.518642506 ], [ 99.70194126500013, 6.51852775600014 ], [ 99.70178003000018, 6.518413788000089 ], [ 99.701481562000197, 6.518415911000034 ], [ 99.701264771000069, 6.518600505 ], [ 99.701139528000112, 6.518796306000127 ], [ 99.701012803000197, 6.518716742000095 ], [ 99.700668576000055, 6.518718929000045 ], [ 99.700520063000113, 6.518823172000054 ], [ 99.700337673000092, 6.518973224000035 ], [ 99.700004027000034, 6.518883240000036 ], [ 99.699752731000046, 6.519057135000139 ], [ 99.699501530000134, 6.519299464000028 ], [ 99.699295188000121, 6.519300306000105 ], [ 99.699053762, 6.519244694000122 ], [ 99.698790546000112, 6.519395445000043 ], [ 99.698791960000051, 6.519590473000051 ], [ 99.698677933999988, 6.519694083000047 ], [ 99.698528633000194, 6.519660940000108 ], [ 99.698321017000069, 6.51954704100018 ], [ 99.698068312000032, 6.519502705000036 ], [ 99.697919724000144, 6.519561160000023 ], [ 99.697748779000165, 6.519814669000084 ], [ 99.697635446000106, 6.520021720999978 ], [ 99.697614322000106, 6.520285805000185 ], [ 99.697719285000176, 6.520560388999968 ], [ 99.697606648000033, 6.520870918000185 ], [ 99.697791235000125, 6.521076448000144 ], [ 99.697976998000115, 6.521327799000062 ], [ 99.698093174000121, 6.521545273000129 ], [ 99.698185481000053, 6.52167067400012 ], [ 99.698222069000053, 6.521957795000162 ], [ 99.698258068000086, 6.522244370000124 ], [ 99.69842062400005, 6.522484424000083 ], [ 99.698674786000083, 6.522746983000047 ], [ 99.698917033000157, 6.522963169000036 ], [ 99.699549241000057, 6.523143216000108 ], [ 99.699848380000049, 6.523221934000048 ], [ 99.700101149000091, 6.523277531000076 ], [ 99.700572046000048, 6.523286514000063 ], [ 99.701189456000179, 6.522973022000031 ], [ 99.701428005000082, 6.522581470000148 ], [ 99.701392099000145, 6.522363848000055 ], [ 99.701426456000036, 6.522294847000126 ], [ 99.701634179000109, 6.522488447000171 ], [ 99.70196788800007, 6.522624217000043 ], [ 99.702221356999985, 6.522783335000042 ], [ 99.702383944000076, 6.52304653200008 ], [ 99.70259160400019, 6.523194371000159 ], [ 99.702625494000131, 6.523159835000115 ], [ 99.702821884000059, 6.523330881000049 ], [ 99.702960604000168, 6.52350197300018 ], [ 99.703076767000084, 6.5237081840001 ], [ 99.703249207000169, 6.523729987000024 ], [ 99.703569431000176, 6.523521466000091 ], [ 99.703753921000157, 6.52368122900009 ], [ 99.703870200000097, 6.523967138000046 ], [ 99.703906823000182, 6.524276868000072 ], [ 99.704069396000079, 6.524528245 ], [ 99.704208086000165, 6.524676699000054 ], [ 99.704391828000098, 6.524675891000129 ], [ 99.704631887000176, 6.524547807000033 ], [ 99.704721952000057, 6.524283654000101 ], [ 99.7047211470001, 6.524134417000141 ], [ 99.704845083, 6.523800679000033 ] ] ], [ [ [ 99.269743653000091, 6.523876717000121 ], [ 99.269469461000142, 6.523803387999976 ], [ 99.26926257100007, 6.523857783000153 ], [ 99.269043246000138, 6.523922892000087 ], [ 99.268905339000185, 6.523955197000021 ], [ 99.268763596000099, 6.524240213000155 ], [ 99.26882819400015, 6.524504807000028 ], [ 99.268882577000113, 6.524700941999981 ], [ 99.269018324000058, 6.524840514000175 ], [ 99.269211159000122, 6.524981221000189 ], [ 99.269405647000042, 6.525018423000063 ], [ 99.269725661000052, 6.52508098200019 ], [ 99.269965950000142, 6.525130620000027 ], [ 99.270218593000152, 6.525099954000154 ], [ 99.270505784000193, 6.525081156 ], [ 99.270598964999976, 6.524956718000055 ], [ 99.270532742000114, 6.524795061000077 ], [ 99.270464877000109, 6.524724989000106 ], [ 99.270306541000139, 6.52459672000009 ], [ 99.27021713400012, 6.524445822000018 ], [ 99.270162183000082, 6.524284705000127 ], [ 99.270084642000143, 6.524076696000066 ], [ 99.269972095000185, 6.523960304000184 ], [ 99.269743653000091, 6.523876717000121 ] ] ], [ [ [ 99.692962863000105, 6.526945777000037 ], [ 99.692937508000057, 6.526612834000105 ], [ 99.692900849000125, 6.526245973000016 ], [ 99.692876131000048, 6.525970684000072 ], [ 99.692931732000091, 6.525694692000172 ], [ 99.693080298000154, 6.525624978000053 ], [ 99.693181622000168, 6.525303127000029 ], [ 99.693133641000031, 6.524947582000152 ], [ 99.693166751000092, 6.524752503000116 ], [ 99.69316389100004, 6.524339241000177 ], [ 99.693162396000162, 6.524063922000039 ], [ 99.693275824000125, 6.523925822000024 ], [ 99.693482053000082, 6.523867298000141 ], [ 99.693560817, 6.523602608999965 ], [ 99.693558597, 6.523201245000166 ], [ 99.693555065000055, 6.522707661000027 ], [ 99.693357916000195, 6.522387408999975 ], [ 99.693207296000139, 6.522204993000173 ], [ 99.693079108000063, 6.521872747000032 ], [ 99.693055204000188, 6.521758039000133 ], [ 99.693145219000087, 6.521459390000018 ], [ 99.693143081000073, 6.521115086000123 ], [ 99.693083880000074, 6.520817241000088 ], [ 99.693081753000172, 6.520507430000123 ], [ 99.693183819000069, 6.520322997000051 ], [ 99.693401319000145, 6.520218661000115 ], [ 99.693423123000173, 6.52004619600018 ], [ 99.693421674000149, 6.519827968000072 ], [ 99.693765121000069, 6.519665251000163 ], [ 99.694095999000069, 6.51938832899998 ], [ 99.694174689000192, 6.51906654600009 ], [ 99.694093714000132, 6.518963764000148 ], [ 99.693805212000086, 6.518804738000142 ], [ 99.693608806000157, 6.51859922500006 ], [ 99.693572826000036, 6.518347103000167 ], [ 99.693571429000201, 6.518140217000109 ], [ 99.693581230000177, 6.517888038000137 ], [ 99.693500182000037, 6.517727610000179 ], [ 99.693294003000119, 6.517820591000145 ], [ 99.692916628000091, 6.517983389000108 ], [ 99.69281468600019, 6.518259408000119 ], [ 99.69258593700016, 6.518375618000164 ], [ 99.692333810000036, 6.51837707500016 ], [ 99.692184590000124, 6.518377874000123 ], [ 99.692057890000115, 6.518321508000099 ], [ 99.691930501000115, 6.518161699000132 ], [ 99.691689667999981, 6.518162587000177 ], [ 99.691574977000187, 6.51818649300003 ], [ 99.691379360000099, 6.518176015000051 ], [ 99.691163247000077, 6.51845274600015 ], [ 99.691152744000192, 6.518625195000084 ], [ 99.6912681350002, 6.51868157500013 ], [ 99.69149835800016, 6.51880678800012 ], [ 99.691727847000038, 6.518770827000083 ], [ 99.691922851000186, 6.518769450000036 ], [ 99.692107238000119, 6.518860195000173 ], [ 99.692142551000074, 6.519055216000083 ], [ 99.69205171800013, 6.519193285000028 ], [ 99.691846165000072, 6.519332619000181 ], [ 99.6918130520001, 6.519504537000046 ], [ 99.69184835100009, 6.519688226000028 ], [ 99.691874399000085, 6.520124090000024 ], [ 99.691863955000144, 6.520342335000066 ], [ 99.69169284600008, 6.52048106400008 ], [ 99.691450730000156, 6.520355909000102 ], [ 99.691289441000038, 6.520196100000135 ], [ 99.691071243000067, 6.520197554000049 ], [ 99.690855160000069, 6.520496921000074 ], [ 99.690822176000154, 6.520761542 ], [ 99.690616600000055, 6.520911621000096 ], [ 99.690423082, 6.521165207000138 ], [ 99.690380134000179, 6.521589823000056 ], [ 99.690347836000171, 6.521946035000042 ], [ 99.690303494000091, 6.522187483000152 ], [ 99.690145194000138, 6.52258966300019 ], [ 99.69016987700013, 6.522842349000143 ], [ 99.690124879000109, 6.523014286999967 ], [ 99.689988213000163, 6.523118480000164 ], [ 99.689838966000195, 6.523096635000059 ], [ 99.689700422999977, 6.523051587000054 ], [ 99.689575740000066, 6.52324738599998 ], [ 99.689462447000039, 6.523488930000099 ], [ 99.689338585000087, 6.52385660300007 ], [ 99.689237981000076, 6.524270559 ], [ 99.689343622000024, 6.524637327000164 ], [ 99.689471876000198, 6.524992209000061 ], [ 99.689588653000158, 6.525243623000051 ], [ 99.689727380000193, 6.52540341700012 ], [ 99.689866086000109, 6.525563771000066 ], [ 99.689970214000198, 6.525665961000186 ], [ 99.69002866500017, 6.525826457000164 ], [ 99.6901449020001, 6.526089734000152 ], [ 99.690249153000082, 6.526249606000079 ], [ 99.690342741000052, 6.52650161300005 ], [ 99.690446971000142, 6.526650149999966 ], [ 99.69064198000018, 6.526626134000139 ], [ 99.690848939000148, 6.526693692000038 ], [ 99.691045343000098, 6.526876600999969 ], [ 99.691287558000113, 6.527070187 ], [ 99.69155085400007, 6.526999732000149 ], [ 99.691814051000108, 6.526825783000049 ], [ 99.69191830699998, 6.527020716000095 ], [ 99.691919679000137, 6.527181258000041 ], [ 99.691955608000171, 6.527422072000093 ], [ 99.692025330000092, 6.527559327000176 ], [ 99.692186508000077, 6.527604342000075 ], [ 99.69241537500011, 6.527545228000179 ], [ 99.692655344000173, 6.52734871500013 ], [ 99.692826430000082, 6.527221878000034 ], [ 99.692962863000105, 6.526945777000037 ] ] ], [ [ [ 99.165240635000089, 6.540567252000073 ], [ 99.165179603000183, 6.54046806700012 ], [ 99.16509949400006, 6.540403219999973 ], [ 99.165019386000154, 6.540349816 ], [ 99.164939277000201, 6.540380332000041 ], [ 99.16485535400011, 6.540441365000049 ], [ 99.164737099000149, 6.540456624000171 ], [ 99.164573063000091, 6.540498588000048 ], [ 99.164523474000191, 6.540498587000172 ], [ 99.164409031000048, 6.54049476900019 ], [ 99.164210665000155, 6.54049095400012 ], [ 99.164142003000109, 6.540551993000122 ], [ 99.164092412, 6.540616840999974 ], [ 99.164023748000034, 6.540662615000031 ], [ 99.163989414000014, 6.540677877000064 ], [ 99.163924565000059, 6.540693133000104 ], [ 99.16384064000016, 6.54073890900014 ], [ 99.163756716000137, 6.540754171000174 ], [ 99.163638459000197, 6.540784686000109 ], [ 99.163585053000077, 6.540830463000077 ], [ 99.163516389000051, 6.540910573000133 ], [ 99.163478244000032, 6.540960165000172 ], [ 99.163493501000119, 6.541009752999969 ], [ 99.163558349000141, 6.541074602000094 ], [ 99.163604130000124, 6.541108936000114 ], [ 99.163684239000077, 6.541177602000118 ], [ 99.163764347000154, 6.54124626700019 ], [ 99.163894043000028, 6.541334002999974 ], [ 99.163955078000015, 6.541383597 ], [ 99.164080966000142, 6.541501852000124 ], [ 99.164145817000076, 6.541570517000025 ], [ 99.164237370000137, 6.541642993000153 ], [ 99.164351810000198, 6.54171166000009 ], [ 99.164416661000132, 6.541730732000076 ], [ 99.164470065000103, 6.541704031000052 ], [ 99.16455399, 6.541620107000028 ], [ 99.164607396000179, 6.541570517000025 ], [ 99.16467606100008, 6.541471332000071 ], [ 99.164729467000086, 6.541406485000152 ], [ 99.164782870000124, 6.541341634 ], [ 99.164855352000075, 6.541242452000176 ], [ 99.164920202000133, 6.541211936000138 ], [ 99.16500412400012, 6.541196677000187 ], [ 99.165118567000093, 6.541169974000184 ], [ 99.165187231000118, 6.541105124000183 ], [ 99.165194860000099, 6.540990683000189 ], [ 99.165198676000102, 6.54086098300013 ], [ 99.165217749000135, 6.540811391000091 ], [ 99.165252082000052, 6.540746540000157 ], [ 99.165271155000141, 6.540651175000164 ], [ 99.165240635000089, 6.540567252000073 ] ] ], [ [ [ 99.161233476000064, 6.538679688 ], [ 99.161397800000032, 6.538434812 ], [ 99.161645898000131, 6.538151271000118 ], [ 99.161729672000092, 6.538102940000101 ], [ 99.161820369000054, 6.538063033000071 ], [ 99.161890774000142, 6.538032054999974 ], [ 99.162067987000114, 6.537980502000096 ], [ 99.162132911000185, 6.537951816000032 ], [ 99.162206536000156, 6.537919283000065 ], [ 99.162328974000161, 6.537845176000076 ], [ 99.16241597000004, 6.537774291000176 ], [ 99.162451412000166, 6.537706627000091 ], [ 99.162493752999978, 6.53767106100014 ], [ 99.162531964000038, 6.537638964000053 ], [ 99.162602849000166, 6.537619631000155 ], [ 99.162614753000071, 6.537620993000075 ], [ 99.162645315000134, 6.537624485000038 ], [ 99.162715621000075, 6.537632520000045 ], [ 99.163521134000177, 6.537829065999972 ], [ 99.163667679000127, 6.537908444000152 ], [ 99.163753122, 6.537954726000066 ], [ 99.163765744000159, 6.53795893299997 ], [ 99.164114679000193, 6.538075244000083 ], [ 99.164240344000177, 6.538075245000186 ], [ 99.164370704000135, 6.538043379000044 ], [ 99.164374143000146, 6.538041142000111 ], [ 99.164428641000029, 6.538005719000125 ], [ 99.164483683000185, 6.537927503000049 ], [ 99.164532930000064, 6.537863772000037 ], [ 99.164570588000174, 6.537689958000044 ], [ 99.164590867000129, 6.537516145000097 ], [ 99.164628527000048, 6.53737419800018 ], [ 99.164695155000061, 6.537220663000028 ], [ 99.16491242100011, 6.536968633000129 ], [ 99.16493648800008, 6.536938149999969 ], [ 99.165092295000079, 6.536740794000025 ], [ 99.16527134200004, 6.536394249000011 ], [ 99.165513924000038, 6.536030376000042 ], [ 99.165612111000087, 6.535805122000056 ], [ 99.165750729000194, 6.53556831700007 ], [ 99.166033741000149, 6.535302633000128 ], [ 99.166386062000072, 6.53504850000013 ], [ 99.166559334000056, 6.534869452000066 ], [ 99.166686401000163, 6.534546010000156 ], [ 99.166923206000149, 6.534199465000142 ], [ 99.16709070200011, 6.533870247000095 ], [ 99.167160012000181, 6.533575685000073 ], [ 99.167160011000078, 6.533356206000121 ], [ 99.167136909000135, 6.533136728000045 ], [ 99.167183115000057, 6.532951905000118 ], [ 99.167315956000095, 6.532830614000147 ], [ 99.168089906000034, 6.532449415000144 ], [ 99.168315160000191, 6.532310797000036 ], [ 99.168517312000063, 6.532195282000146 ], [ 99.168713687000036, 6.532137524000177 ], [ 99.169094886000039, 6.532022009000116 ], [ 99.169493412000179, 6.531866064000099 ], [ 99.170070988000134, 6.531652362000159 ], [ 99.171289670000078, 6.531213405000187 ], [ 99.171919226000114, 6.531051684000033 ], [ 99.172202238000125, 6.530982375000065 ], [ 99.172508351000147, 6.53087841200005 ], [ 99.172687400000086, 6.530907291000062 ], [ 99.172860673000116, 6.530901515000096 ], [ 99.173045496000043, 6.530861084000037 ], [ 99.173467126000162, 6.530676260000064 ], [ 99.173715482000091, 6.530491436000034 ], [ 99.173906083000134, 6.529821450000043 ], [ 99.174050476000104, 6.528741385999979 ], [ 99.174298833000137, 6.527776836000157 ], [ 99.174639602000184, 6.527020214000061 ], [ 99.174847529000033, 6.526667893000138 ], [ 99.174991922000174, 6.52651772400003 ], [ 99.175228728000036, 6.526431088000152 ], [ 99.175413552000066, 6.526344451 ], [ 99.175563721000174, 6.526176954999983 ], [ 99.175685012000145, 6.52614230000006 ], [ 99.17592181700013, 6.526176954999983 ], [ 99.176227932000131, 6.526182731000119 ], [ 99.176493616000073, 6.526096095000071 ], [ 99.176632234000181, 6.52598058000018 ], [ 99.176788180000131, 6.525847737000106 ], [ 99.177042312000196, 6.525691792000089 ], [ 99.177284893000092, 6.525639810000087 ], [ 99.177458166000122, 6.525512744000025 ], [ 99.177602560000196, 6.525356799000178 ], [ 99.17777986800013, 6.525200983000104 ], [ 99.177828075000093, 6.525061491000088 ], [ 99.177835090000031, 6.52481595800009 ], [ 99.177842106000128, 6.524542366000048 ], [ 99.177743892000137, 6.524233696000067 ], [ 99.177750908000178, 6.524009209000042 ], [ 99.177870166000105, 6.523861890000035 ], [ 99.1778767240001, 6.523857025000098 ], [ 99.178087638000193, 6.523700541000096 ], [ 99.178501535000066, 6.523560236000151 ], [ 99.178838266000128, 6.523525160000077 ], [ 99.179111858000169, 6.523574266000026 ], [ 99.179406498000048, 6.523777708000182 ], [ 99.179817855000067, 6.524347803000182 ], [ 99.180079957000089, 6.524570427000128 ], [ 99.180430698000066, 6.524806598000055 ], [ 99.180688561000181, 6.524907064 ], [ 99.180822515000045, 6.5249003670001 ], [ 99.180926330000034, 6.524856832000125 ], [ 99.180967010000188, 6.524808940000071 ], [ 99.1810140460002, 6.524753567000175 ], [ 99.181079558000079, 6.524617504000048 ], [ 99.181223952000153, 6.524409577000142 ], [ 99.181356794000124, 6.524253632000125 ], [ 99.181570497000109, 6.524068808000095 ], [ 99.181940145000169, 6.523756917000128 ], [ 99.182328712000071, 6.523553346000085 ], [ 99.182831111000155, 6.523584745000107 ], [ 99.183160809000071, 6.52360044500017 ], [ 99.183584708000069, 6.523521945000084 ], [ 99.184181306000028, 6.523490546000062 ], [ 99.184487707000073, 6.523422456000105 ], [ 99.184569168000166, 6.523390453000047 ], [ 99.184720848000097, 6.523288302000026 ], [ 99.184757707000074, 6.523259092999979 ], [ 99.184884910000164, 6.523158291000186 ], [ 99.185284229000104, 6.522793021000155 ], [ 99.18539876400007, 6.522517521000111 ], [ 99.185460674000012, 6.522310122000079 ], [ 99.185435910000137, 6.522009858000104 ], [ 99.185299708000059, 6.521740549000128 ], [ 99.185008730000106, 6.52126384100012 ], [ 99.184689893000098, 6.520839757000033 ], [ 99.18432771900018, 6.520505442000172 ], [ 99.183919111000137, 6.520211369000037 ], [ 99.183259769000074, 6.519991588000096 ], [ 99.182758297000191, 6.519883246000177 ], [ 99.182349690000194, 6.519759425000132 ], [ 99.181925606000107, 6.519564408000065 ], [ 99.181659393000189, 6.519366295000111 ], [ 99.181492235000064, 6.519056746 ], [ 99.181461229000149, 6.519026118000113 ], [ 99.181344594000166, 6.518910904 ], [ 99.181238404000112, 6.518806009000116 ], [ 99.180885516000046, 6.518511936000039 ], [ 99.180606921000162, 6.518258105000086 ], [ 99.180210696000131, 6.518035228000031 ], [ 99.179944482000167, 6.51793617200002 ], [ 99.179659695000112, 6.5178525930001 ], [ 99.179328476000137, 6.51783711600018 ], [ 99.179099518000044, 6.517788631000144 ], [ 99.179079859000126, 6.517784468000059 ], [ 99.179065359000163, 6.517781397000078 ], [ 99.179036832000179, 6.517783363999968 ], [ 99.178867448, 6.517779020000148 ], [ 99.178740381000068, 6.517894535000039 ], [ 99.178653314000087, 6.517977020000046 ], [ 99.178569640000092, 6.51800379600013 ], [ 99.178460686000108, 6.51799541500003 ], [ 99.178376875000197, 6.517978652000181 ], [ 99.178255348, 6.517844555000181 ], [ 99.178075154, 6.51775236300017 ], [ 99.177811150000196, 6.51763083700007 ], [ 99.177542954000046, 6.517358450000188 ], [ 99.177354379000178, 6.517220162000115 ], [ 99.177140661000067, 6.517169875000093 ], [ 99.17691856100015, 6.51714892300015 ], [ 99.176621031000082, 6.517023205000044 ], [ 99.176352836000149, 6.516801106000059 ], [ 99.175904446000175, 6.516419766000126 ], [ 99.175611107000179, 6.51628985800005 ], [ 99.175355483000146, 6.516315001000066 ], [ 99.17521300400017, 6.516394622000178 ], [ 99.175095669000143, 6.516562245000102 ], [ 99.174974143000043, 6.516729867000151 ], [ 99.174852617000113, 6.516843012000152 ], [ 99.174814901, 6.516859774000125 ], [ 99.174596992000033, 6.516943585000035 ], [ 99.174169555000105, 6.516968728999984 ], [ 99.173750500000153, 6.517031587000019 ], [ 99.173503257, 6.51712377900003 ], [ 99.173311180000042, 6.51728808200005 ], [ 99.173149460000161, 6.51746135500008 ], [ 99.17301661800019, 6.517721263000112 ], [ 99.172961710000038, 6.517970461000118 ], [ 99.172941532000152, 6.518062032000103 ], [ 99.172947308000118, 6.518425904000026 ], [ 99.172750933000145, 6.518807103000029 ], [ 99.172427492000111, 6.519038133000151 ], [ 99.172080947000097, 6.519280714000047 ], [ 99.171786384000143, 6.519378903000131 ], [ 99.171538026000064, 6.519396229000108 ], [ 99.171174154000141, 6.519350024000119 ], [ 99.170798731000048, 6.51929226600015 ], [ 99.170586847000095, 6.51927795 ], [ 99.170371326000122, 6.519263387000137 ], [ 99.170180726000183, 6.519176751000089 ], [ 99.170007454000029, 6.519170975000122 ], [ 99.169764873000133, 6.519246060000057 ], [ 99.169585824000137, 6.519338472000072 ], [ 99.169354795000118, 6.519494417000089 ], [ 99.169268159000069, 6.519621484000027 ], [ 99.169060232, 6.519702344000109 ], [ 99.168742566000049, 6.519777428000111 ], [ 99.168603948000111, 6.519898719000139 ], [ 99.16849998400005, 6.520037337000076 ], [ 99.168344038999976, 6.520037337000076 ], [ 99.168159216000049, 6.519991131000154 ], [ 99.167951288000097, 6.520095095000045 ], [ 99.167818446000126, 6.520239489000062 ], [ 99.167679828000189, 6.520510948000094 ], [ 99.167564313000128, 6.520649565999975 ], [ 99.167513732000145, 6.520715025000186 ], [ 99.167466126000079, 6.520776633000139 ], [ 99.167422303000137, 6.520912484000064 ], [ 99.167408369000043, 6.520955681000032 ], [ 99.167391114000111, 6.521145485000091 ], [ 99.167379490000201, 6.521273346999976 ], [ 99.167281302000106, 6.521388861000162 ], [ 99.167304405000152, 6.521614115000148 ], [ 99.167327508000199, 6.521775837000177 ], [ 99.167304405000152, 6.521983763000151 ], [ 99.167183114000125, 6.52215703600001 ], [ 99.167015618000107, 6.522347636000177 ], [ 99.166755709000199, 6.522595993000039 ], [ 99.166466922000041, 6.522861676000048 ], [ 99.166195462000132, 6.523121585000183 ], [ 99.165952881000067, 6.523317960000156 ], [ 99.165698748000068, 6.523445027000093 ], [ 99.165490821000162, 6.523433475000047 ], [ 99.165121173000159, 6.523317961000089 ], [ 99.16471687100011, 6.523260203000063 ], [ 99.164127745000201, 6.52328330600011 ], [ 99.163915290000091, 6.523265302000084 ], [ 99.163786976000154, 6.52325442800003 ], [ 99.163411553000117, 6.523162016000015 ], [ 99.163018802000181, 6.523156240000105 ], [ 99.162654930000087, 6.523162015000139 ], [ 99.162083131000145, 6.523462355000106 ], [ 99.161840549000146, 6.523491233000186 ], [ 99.161569090000171, 6.523508561000028 ], [ 99.161262975000113, 6.52343925200006 ], [ 99.160962637000125, 6.522948313000029 ], [ 99.160777813000152, 6.522572890000163 ], [ 99.160471698000094, 6.522312981000027 ], [ 99.159767750000128, 6.52213556300012 ], [ 99.159727578000172, 6.522132857000088 ], [ 99.159122778000039, 6.522092119000092 ], [ 99.158577146000198, 6.522142786000074 ], [ 99.158436841000082, 6.522189554000022 ], [ 99.15830822800018, 6.522322065000083 ], [ 99.158292638000148, 6.522431191000067 ], [ 99.158280946000048, 6.52252862500012 ], [ 99.158300018000034, 6.522647974000165 ], [ 99.158364818000052, 6.52292517800015 ], [ 99.15840985900013, 6.523316318000184 ], [ 99.158390041000075, 6.523398889000021 ], [ 99.1582975620002, 6.523527701000035 ], [ 99.158135721000178, 6.523616879000087 ], [ 99.157921034000083, 6.523679634000075 ], [ 99.157854977000056, 6.523699451000027 ], [ 99.15772946800007, 6.523745691000101 ], [ 99.157590798000115, 6.523801748000039 ], [ 99.157574233000105, 6.523808446000032 ], [ 99.157461935000072, 6.52386129100006 ], [ 99.157376060000161, 6.523957075 ], [ 99.157313306000106, 6.52407267600006 ], [ 99.157237340000052, 6.524142036000114 ], [ 99.157171283000139, 6.524211396000169 ], [ 99.157042471000182, 6.524330299000155 ], [ 99.156850905000113, 6.524469019000094 ], [ 99.156741909000175, 6.524601134000079 ], [ 99.156695670000147, 6.524759672000073 ], [ 99.15665428200009, 6.524852795000072 ], [ 99.156616401000065, 6.524938027000189 ], [ 99.156284282000058, 6.525281714000073 ], [ 99.155776017000164, 6.525472313000137 ], [ 99.155371715000115, 6.525628259000086 ], [ 99.155181116000051, 6.525847738000039 ], [ 99.155152236000163, 6.526084543000024 ], [ 99.155030573000147, 6.526462010000046 ], [ 99.154926983000109, 6.526783408000028 ], [ 99.154678625000145, 6.527516928000125 ], [ 99.154343632000064, 6.528354411000066 ], [ 99.154262772000095, 6.528752937000149 ], [ 99.154222341000036, 6.528955089000021 ], [ 99.154158808000034, 6.529370942000071 ], [ 99.154251220000049, 6.529671281000105 ], [ 99.154430268000112, 6.529936965000047 ], [ 99.154516905000094, 6.530214201000092 ], [ 99.154563111000186, 6.530537643000059 ], [ 99.154563111000186, 6.530814878000172 ], [ 99.154580438000096, 6.531149872000128 ], [ 99.154580438000096, 6.531490640000129 ], [ 99.154476474000035, 6.531687016000035 ], [ 99.154164583000068, 6.531825634000086 ], [ 99.153956657000094, 6.531952700000147 ], [ 99.153806488000043, 6.532143300000087 ], [ 99.153806488000043, 6.532345451000026 ], [ 99.153852694000136, 6.532611136000071 ], [ 99.153852693000033, 6.532888371000013 ], [ 99.153760281000189, 6.533165607000058 ], [ 99.15364476700006, 6.533292673000062 ], [ 99.153650543000197, 6.533639218000076 ], [ 99.154066396000189, 6.534528683000019 ], [ 99.154667074000145, 6.535152464000021 ], [ 99.155325509000193, 6.535972620000052 ], [ 99.155596968, 6.536353818000123 ], [ 99.15579912000004, 6.536509764000073 ], [ 99.155972392000194, 6.536706139000046 ], [ 99.15601859800006, 6.53686208400012 ], [ 99.155920410000135, 6.537041132000184 ], [ 99.156018599000163, 6.537433883000062 ], [ 99.156087907000028, 6.537647585000173 ], [ 99.156219211000064, 6.537729650000131 ], [ 99.156235634000097, 6.537749531000088 ], [ 99.156249285000058, 6.537856006000084 ], [ 99.156249284000182, 6.537927225000033 ], [ 99.156249285000058, 6.537978862000102 ], [ 99.156244300000083, 6.538033689000144 ], [ 99.15623836400016, 6.538098989000048 ], [ 99.156161920000045, 6.538213655000106 ], [ 99.156077285000038, 6.53835562200004 ], [ 99.156090936000055, 6.538492129000076 ], [ 99.156183761000136, 6.538568572999964 ], [ 99.156385792000094, 6.53853854100015 ], [ 99.156574172000035, 6.538464828000031 ], [ 99.156673316000081, 6.538480408000055 ], [ 99.156765282000038, 6.538494859000082 ], [ 99.156847185000174, 6.538546732000043 ], [ 99.156851380000091, 6.538557219000097 ], [ 99.156912709000096, 6.538710540000068 ], [ 99.156915439000102, 6.538860698000065 ], [ 99.156911329000138, 6.53899426400011 ], [ 99.156838754000091, 6.53921858800004 ], [ 99.156682809000074, 6.539490048000118 ], [ 99.156515312000124, 6.539732630000117 ], [ 99.156515312000124, 6.540038744000015 ], [ 99.156653930000061, 6.540471925000077 ], [ 99.156809875000079, 6.540697179000063 ], [ 99.156913838000094, 6.540864676000183 ], [ 99.157150644000126, 6.541101482000045 ], [ 99.157489641000041, 6.54125883800009 ], [ 99.157665677000011, 6.541321185000186 ], [ 99.158085801000141, 6.541641327000036 ], [ 99.158301103000042, 6.541752240000051 ], [ 99.158477261000201, 6.541732668 ], [ 99.158575125000141, 6.541569559000152 ], [ 99.158614270999976, 6.54137383 ], [ 99.158725184000048, 6.541197673000113 ], [ 99.158881769000118, 6.541041090000022 ], [ 99.159188412000162, 6.540851884000176 ], [ 99.159534200000166, 6.540701824 ], [ 99.159801698000081, 6.540636581 ], [ 99.159984379000036, 6.540590911000152 ], [ 99.160206206000169, 6.540414754000039 ], [ 99.160343217000047, 6.54023859800003 ], [ 99.160538946000202, 6.539945004000117 ], [ 99.160747725000135, 6.539566593000131 ], [ 99.160893327999986, 6.539131952000162 ], [ 99.161060824000174, 6.538866268 ], [ 99.161233476000064, 6.538679688 ] ] ], [ [ [ 99.260198005000063, 6.54484072300005 ], [ 99.260859495000091, 6.544831206000083 ], [ 99.261206896000147, 6.544859760000122 ], [ 99.261440084000071, 6.544859760000122 ], [ 99.26172085900015, 6.544797893000066 ], [ 99.262144032000037, 6.544672401000184 ], [ 99.262431279000111, 6.544335628000113 ], [ 99.262768825000137, 6.543756260000123 ], [ 99.262925002000031, 6.543625272000156 ], [ 99.263116446000026, 6.543564816000128 ], [ 99.263257510000187, 6.543453981000084 ], [ 99.263312927000072, 6.543277652000143 ], [ 99.263237358000083, 6.543045904000167 ], [ 99.263186977000089, 6.542788966000046 ], [ 99.263207130000069, 6.542567295000083 ], [ 99.263267585000051, 6.542285168000092 ], [ 99.263227282000173, 6.542068535 ], [ 99.262950192000119, 6.54185190100003 ], [ 99.262552191000168, 6.541665496000178 ], [ 99.262431280000044, 6.541348103000075 ], [ 99.262194494000141, 6.540940025999987 ], [ 99.262003051000192, 6.540622633000112 ], [ 99.261776342000189, 6.54043118900006 ], [ 99.261524442000109, 6.540385847000039 ], [ 99.261297732, 6.540501721000055 ], [ 99.261181859000089, 6.54057225300005 ], [ 99.261128890000066, 6.540614187000131 ], [ 99.261060947000033, 6.540667975000133 ], [ 99.26097530200019, 6.540809039000067 ], [ 99.260864466000044, 6.540940025999987 ], [ 99.260703251000109, 6.541045823000161 ], [ 99.260456389000126, 6.541131470000039 ], [ 99.260204490000149, 6.541101242000025 ], [ 99.260033198000201, 6.540985368 ], [ 99.259841755000082, 6.540804 ], [ 99.259791375000191, 6.540733469000031 ], [ 99.259680539000044, 6.540693165000107 ], [ 99.259564666000131, 6.540738507000128 ], [ 99.259442221000086, 6.540808475000063 ], [ 99.259282538000093, 6.540899722000063 ], [ 99.258970183000088, 6.541055900000174 ], [ 99.258516764000149, 6.541247343000123 ], [ 99.258320284000035, 6.541403521000063 ], [ 99.258053270000175, 6.541579850000176 ], [ 99.257947472000126, 6.541786408000064 ], [ 99.257876940000131, 6.541922433000025 ], [ 99.257654738000042, 6.542049994000024 ], [ 99.257604889000106, 6.542078610000033 ], [ 99.2572723830001, 6.54223982600007 ], [ 99.256949951000081, 6.542355700000087 ], [ 99.256728280000118, 6.542476611000041 ], [ 99.256546912000033, 6.54257737100005 ], [ 99.256451190000121, 6.542652941000085 ], [ 99.256338271000118, 6.542679565000128 ], [ 99.256236479000052, 6.542668850000041 ], [ 99.256115934000093, 6.542615275000117 ], [ 99.256104145000108, 6.54260186 ], [ 99.256038249000142, 6.542526875000135 ], [ 99.25597128000004, 6.542489372000091 ], [ 99.255904310000176, 6.542508124000051 ], [ 99.25578376600015, 6.542542948000118 ], [ 99.255652506000104, 6.542542948000118 ], [ 99.255572143000109, 6.542475978000084 ], [ 99.255486422000047, 6.542384900000172 ], [ 99.255336411000144, 6.542355434000058 ], [ 99.255194436000068, 6.542430440000032 ], [ 99.255020316000014, 6.542572414000063 ], [ 99.254958269000156, 6.54269103300004 ], [ 99.254929238000159, 6.542746535000163 ], [ 99.254872982999984, 6.542968872000188 ], [ 99.254878341000108, 6.543140314000141 ], [ 99.254906084000197, 6.543260762000159 ], [ 99.255006020999986, 6.54338449300019 ], [ 99.255191619000072, 6.543508226000029 ], [ 99.255396252000025, 6.543555815000161 ], [ 99.255600886000082, 6.543574850000027 ], [ 99.255786484000168, 6.54372713600003 ], [ 99.256152921000023, 6.544022189000032 ], [ 99.25657646500008, 6.544369590000088 ], [ 99.256795375000081, 6.54453139400016 ], [ 99.256919108000091, 6.544607537000161 ], [ 99.257128500000192, 6.544607537000161 ], [ 99.257361687000071, 6.544559947000096 ], [ 99.257647223000049, 6.544498082000075 ], [ 99.257985106000035, 6.544498081000143 ], [ 99.258337266000012, 6.544569465 ], [ 99.258518105000178, 6.544626572000027 ], [ 99.258717980000085, 6.544617054000128 ], [ 99.258898819000024, 6.544645608000167 ], [ 99.259117730000128, 6.544755063000082 ], [ 99.259260497000128, 6.544921625000029 ], [ 99.259403264000127, 6.544973974000186 ], [ 99.2595650680002, 6.544964456000116 ], [ 99.2597934960001, 6.544897831000185 ], [ 99.260198005000063, 6.54484072300005 ] ] ], [ [ [ 99.706993894000107, 6.54893352800002 ], [ 99.707186137000122, 6.548568608000039 ], [ 99.707057386000201, 6.548247666000123 ], [ 99.706970987000091, 6.547926119000067 ], [ 99.706970536000142, 6.54760500499998 ], [ 99.706884356999979, 6.547412344000122 ], [ 99.706670017000192, 6.547348184000157 ], [ 99.706284319000076, 6.547241311999983 ], [ 99.70611274800018, 6.547027292000053 ], [ 99.70611223700007, 6.546663200000125 ], [ 99.706004591000067, 6.546492065000109 ], [ 99.705661839000129, 6.546363645000156 ], [ 99.705361643000117, 6.546364067000184 ], [ 99.705040770000153, 6.546514907000017 ], [ 99.704633211999976, 6.546515479000107 ], [ 99.704397749000123, 6.546708581000075 ], [ 99.704312903000073, 6.547072757000024 ], [ 99.704205835000096, 6.547308700000087 ], [ 99.704077953000137, 6.547630554000079 ], [ 99.704099864000113, 6.54793015100006 ], [ 99.704207091000171, 6.548208690000138 ], [ 99.704314796000119, 6.548422844000072 ], [ 99.704850609000118, 6.54876466200011 ], [ 99.705364983000038, 6.54874304000009 ], [ 99.705708092000123, 6.548699579000129 ], [ 99.706158454000047, 6.548998573000176 ], [ 99.706608623000079, 6.549105355000165 ], [ 99.706993894000107, 6.54893352800002 ] ] ], [ [ [ 99.351068854000061, 6.550485401000117 ], [ 99.350992354000141, 6.550232154000014 ], [ 99.350762313000189, 6.55028600300011 ], [ 99.350669610000068, 6.550330198000154 ], [ 99.350484311000116, 6.550465460000169 ], [ 99.350297866000062, 6.550668526999971 ], [ 99.350121141000045, 6.550986974000125 ], [ 99.350035475000084, 6.551341517000083 ], [ 99.349962727000104, 6.551592594000169 ], [ 99.350108714000044, 6.551812440000049 ], [ 99.350073142000099, 6.551869559000068 ], [ 99.350153432000184, 6.551870651000172 ], [ 99.35025739200006, 6.551814598000021 ], [ 99.350362456000028, 6.551690134000069 ], [ 99.350536504000047, 6.551566779000041 ], [ 99.35066526900016, 6.551385200000027 ], [ 99.350887259000046, 6.551101783000149 ], [ 99.351016575000074, 6.550908907000178 ], [ 99.351068854000061, 6.550485401000117 ] ] ], [ [ [ 99.345800398000051, 6.552850724000166 ], [ 99.34565925600009, 6.552804948000073 ], [ 99.345468523000022, 6.552930833000119 ], [ 99.34534644900009, 6.552984238000022 ], [ 99.345312117000049, 6.553102492 ], [ 99.345312119000084, 6.553190229999984 ], [ 99.345308305000117, 6.553312302000165 ], [ 99.345300672000121, 6.55346107400004 ], [ 99.345209120000163, 6.55360603500003 ], [ 99.345144272000141, 6.553693772000088 ], [ 99.345018385000117, 6.553838732000031 ], [ 99.345018386, 6.553899766000086 ], [ 99.345010756000079, 6.554079054000169 ], [ 99.345067976000053, 6.554227829000126 ], [ 99.345125199000051, 6.554349902000013 ], [ 99.34524345300008, 6.554414748000056 ], [ 99.345392228000037, 6.554418563000127 ], [ 99.345514297000079, 6.554422377000094 ], [ 99.345727921, 6.554368971000088 ], [ 99.345853803000125, 6.55422401300018 ], [ 99.345945357000062, 6.554075241000135 ], [ 99.345979692000128, 6.553930282000124 ], [ 99.345983505000049, 6.553838728000187 ], [ 99.345987320000063, 6.553689956000142 ], [ 99.345991136, 6.553571700000134 ], [ 99.345994947000065, 6.553392411000118 ], [ 99.345968247000201, 6.553270341000143 ], [ 99.345914838000112, 6.553091049000045 ], [ 99.345914843, 6.552972792000105 ], [ 99.345888139000124, 6.552942276000067 ], [ 99.345800398000051, 6.552850724000166 ] ] ], [ [ [ 99.349796838000145, 6.556939512000042 ], [ 99.349543434000168, 6.556749127000046 ], [ 99.349194561000161, 6.556686043000127 ], [ 99.349004070000092, 6.556717858000184 ], [ 99.348750910000092, 6.55687688200004 ], [ 99.348497080000072, 6.556877059000158 ], [ 99.348307078000175, 6.556813307000027 ], [ 99.347894804000134, 6.556623628000011 ], [ 99.347482650000188, 6.556560624000156 ], [ 99.347070528000188, 6.556592552000154 ], [ 99.346595150000098, 6.556656203000159 ], [ 99.346183111000187, 6.556814775000134 ], [ 99.346025010000176, 6.557132093000121 ], [ 99.346056867000073, 6.557385920000058 ], [ 99.34608865600012, 6.557607508999979 ], [ 99.346025469000097, 6.55779807600004 ], [ 99.345771748000175, 6.557956572000023 ], [ 99.345772054, 6.558400394000159 ], [ 99.345709613999986, 6.559668600000066 ], [ 99.345710269000165, 6.560619554000084 ], [ 99.345647213000063, 6.560999532000096 ], [ 99.345520878, 6.561443441000108 ], [ 99.344919315000084, 6.562236521000045 ], [ 99.344064111000193, 6.563251379000121 ], [ 99.343589183000176, 6.564044371000023 ], [ 99.343240697000113, 6.564551753000103 ], [ 99.343051132000141, 6.565122341000063 ], [ 99.343051566000156, 6.565756684000064 ], [ 99.343146866000041, 6.566199882000149 ], [ 99.343115463000061, 6.566548751000141 ], [ 99.343052326000077, 6.566865964000158 ], [ 99.342798619000121, 6.567056112000103 ], [ 99.3425772330001, 6.567373424000039 ], [ 99.342481898000131, 6.567690664 ], [ 99.342387144000099, 6.568007346000115 ], [ 99.342197317000114, 6.568198038000048 ], [ 99.341880235000133, 6.56835654200006 ], [ 99.341341562000082, 6.568483556000047 ], [ 99.341087798000046, 6.568642603000171 ], [ 99.340961364000066, 6.568895986000086 ], [ 99.34086675500015, 6.569466511000144 ], [ 99.340993809000167, 6.570069080000167 ], [ 99.341343140000049, 6.570797636000066 ], [ 99.34175560400007, 6.571304490000045 ], [ 99.342199765000146, 6.571779683000045 ], [ 99.342643654000199, 6.571906587000058 ], [ 99.342928573000052, 6.57190639200013 ], [ 99.343245644000092, 6.571778967000171 ], [ 99.343720884000106, 6.571430389000113 ], [ 99.34406935700008, 6.570890771000052 ], [ 99.344322331000058, 6.570447334 ], [ 99.34470254900009, 6.570066545000032 ], [ 99.345272702000102, 6.569654016000129 ], [ 99.346064870000077, 6.56898745 ], [ 99.34628680700007, 6.56860736100009 ], [ 99.346349867000129, 6.568290148000074 ], [ 99.346413053000049, 6.56810013900008 ], [ 99.346571243000142, 6.567909499000109 ], [ 99.346825013, 6.56781435900001 ], [ 99.347078231000182, 6.567719183000179 ], [ 99.347395101000131, 6.567306793000114 ], [ 99.348123235000116, 6.566418649000184 ], [ 99.349073685000064, 6.564959864 ], [ 99.349326452000128, 6.564230380000083 ], [ 99.349580020000133, 6.563849672000174 ], [ 99.350276485000109, 6.562929916000087 ], [ 99.350941876000036, 6.562137336000092 ], [ 99.35128979600006, 6.561629953000079 ], [ 99.351479820000122, 6.560932154 ], [ 99.351542741000117, 6.560361619000162 ], [ 99.351479087000143, 6.559886203000076 ], [ 99.351256616000114, 6.559474189000071 ], [ 99.350907571000107, 6.559125612000116 ], [ 99.350654035000105, 6.558745854000108 ], [ 99.350527129000113, 6.55836542100019 ], [ 99.350336273000096, 6.557921731000079 ], [ 99.350019260000067, 6.557319848000077 ], [ 99.349796838000145, 6.556939512000042 ] ] ], [ [ [ 99.46810743500015, 6.568973093000182 ], [ 99.467980706000048, 6.568882178000024 ], [ 99.467821447000119, 6.569055912000181 ], [ 99.46779958000019, 6.569251531000134 ], [ 99.467800850000117, 6.569423966000102 ], [ 99.467733204000183, 6.569632083000158 ], [ 99.467701307000141, 6.569954387000166 ], [ 99.467702608000138, 6.570149985 ], [ 99.467760954000198, 6.570299770000076 ], [ 99.467946027000096, 6.570505381000089 ], [ 99.468256528000154, 6.570641923000039 ], [ 99.468452207000098, 6.570698279999988 ], [ 99.46872814000011, 6.570753970000169 ], [ 99.468866765000087, 6.57085677800012 ], [ 99.468936493000172, 6.571051749000048 ], [ 99.46889262000019, 6.571328240000071 ], [ 99.468883289000019, 6.571604733000129 ], [ 99.468873291000079, 6.571812228000169 ], [ 99.468873986000062, 6.571961473000158 ], [ 99.468954957000108, 6.572053549000145 ], [ 99.469115495000096, 6.572052285000041 ], [ 99.469252748000144, 6.571913059000053 ], [ 99.469377478000183, 6.571693604000131 ], [ 99.469534807000116, 6.571278469000106 ], [ 99.469704638000053, 6.57090912600006 ], [ 99.469749758000034, 6.570781879000094 ], [ 99.469748431000198, 6.570586245000072 ], [ 99.469610467000166, 6.570564335000029 ], [ 99.469483167000135, 6.570449662000044 ], [ 99.469391545000178, 6.570415850000074 ], [ 99.469287421999979, 6.570324349000032 ], [ 99.469148831000155, 6.570221590000187 ], [ 99.46897570800013, 6.57008436000018 ], [ 99.468825704000153, 6.569901315000038 ], [ 99.468732866000096, 6.569752159000132 ], [ 99.468651320000106, 6.569591653000032 ], [ 99.468557832000045, 6.569384840000055 ], [ 99.468419190000077, 6.569270739000103 ], [ 99.468223471000158, 6.569122232000154 ], [ 99.46810743500015, 6.568973093000182 ] ] ], [ [ [ 99.292857827000148, 6.56696011300005 ], [ 99.293883358000187, 6.566593851000107 ], [ 99.294725760000063, 6.566703730000086 ], [ 99.295201900000052, 6.566483973000118 ], [ 99.295879484000125, 6.565971207000132 ], [ 99.29646550200016, 6.564890736000166 ], [ 99.296941642000093, 6.564689291000093 ], [ 99.297344529000156, 6.564945674000114 ], [ 99.297875608000084, 6.565183745000184 ], [ 99.298534879000044, 6.565165431000082 ], [ 99.298956080000153, 6.565495066999972 ], [ 99.299725229000103, 6.566007833000128 ], [ 99.300457752000057, 6.566062772000123 ], [ 99.301373406000152, 6.566136025000105 ], [ 99.301977737000129, 6.565971207000132 ], [ 99.302673634000087, 6.565586632000191 ], [ 99.303351217999989, 6.564945674000114 ], [ 99.303863984000145, 6.564634352000098 ], [ 99.304743011000141, 6.564176525000107 ], [ 99.305695292000166, 6.563279185000113 ], [ 99.306501067000113, 6.562455096000065 ], [ 99.307489973000088, 6.561978956000132 ], [ 99.308680322000043, 6.561759199000164 ], [ 99.309541037000145, 6.562033896000059 ], [ 99.310127055000123, 6.562546661999988 ], [ 99.310584882000057, 6.562656540000035 ], [ 99.311390657000061, 6.563059427999974 ], [ 99.312123181000061, 6.563498942000138 ], [ 99.312782451000089, 6.56384689000015 ], [ 99.313460035000048, 6.564030020000189 ], [ 99.314100992000192, 6.564231465000034 ], [ 99.314522194000062, 6.564469535000057 ], [ 99.314851829000077, 6.564597726000102 ], [ 99.315456160000053, 6.56454278700005 ], [ 99.315840735000165, 6.564469535000057 ], [ 99.316280248000055, 6.564103273000114 ], [ 99.316518319000124, 6.563334124000164 ], [ 99.316481692000195, 6.562876297 ], [ 99.316023865000034, 6.562436783000066 ], [ 99.315620978000197, 6.561869078000086 ], [ 99.315492786000107, 6.561484503000145 ], [ 99.315602665000199, 6.561209807000182 ], [ 99.315346281000132, 6.560843546000115 ], [ 99.315016646000117, 6.560477284000058 ], [ 99.314851829000077, 6.559763074999978 ], [ 99.314430628000139, 6.559378500000093 ], [ 99.313771357, 6.558902360000104 ], [ 99.313569914000141, 6.55804164500006 ], [ 99.313533287000041, 6.557565506000174 ], [ 99.313533287000041, 6.557071052000083 ], [ 99.313899549000155, 6.556466721000106 ], [ 99.314558819000183, 6.555844077000131 ], [ 99.315199777000089, 6.555404562999968 ], [ 99.316390127000147, 6.55498336200003 ], [ 99.316976145000183, 6.554910110000037 ], [ 99.317287467000142, 6.555422875999966 ], [ 99.31778192000013, 6.556265277000136 ], [ 99.318221435000169, 6.556301903000133 ], [ 99.318660948, 6.556045521000101 ], [ 99.319063835000065, 6.55562431900006 ], [ 99.319393471000126, 6.555221432 ], [ 99.320107681000081, 6.554708666000067 ], [ 99.320968395000079, 6.554122647000156 ], [ 99.322158745000138, 6.553353497999979 ], [ 99.323385721000079, 6.553060490000121 ], [ 99.324026679000156, 6.553060489000188 ], [ 99.324667637000061, 6.55276748 ], [ 99.325363533000086, 6.552218088000018 ], [ 99.325619916999983, 6.55179688700008 ], [ 99.325601603000109, 6.55139399900014 ], [ 99.325271968000095, 6.551100990000123 ], [ 99.324869080000155, 6.55099111100003 ], [ 99.324191497000129, 6.551009425000132 ], [ 99.323605478000047, 6.551009425000132 ], [ 99.323129339000161, 6.55062485000019 ], [ 99.32270813700012, 6.549672570999974 ], [ 99.322158745000138, 6.548317403000112 ], [ 99.321536101000163, 6.546870670000089 ], [ 99.321591040000158, 6.546229712000127 ], [ 99.321920675000172, 6.545790199000123 ], [ 99.322103806000143, 6.545295746000136 ], [ 99.322067180000147, 6.54445334400009 ], [ 99.321792484000127, 6.543775761000063 ], [ 99.321627667000087, 6.542951672000186 ], [ 99.321627667000087, 6.541871200000116 ], [ 99.321664292000037, 6.539398935000122 ], [ 99.3217375440002, 6.538794604000145 ], [ 99.321920675000172, 6.53830015200009 ], [ 99.322085493000145, 6.537439436000057 ], [ 99.322396815000161, 6.534655849000046 ], [ 99.322634886, 6.533905014000027 ], [ 99.322946207000143, 6.533630317000132 ], [ 99.323184277000109, 6.533154176999972 ], [ 99.32331246900003, 6.532531532000064 ], [ 99.323092712000062, 6.531744071000048 ], [ 99.322818016000099, 6.530700224999975 ], [ 99.323019460000069, 6.529967702000022 ], [ 99.32331246900003, 6.52921686600007 ], [ 99.323367408000081, 6.527806760000146 ], [ 99.323239217000037, 6.525499311999965 ], [ 99.323220904000038, 6.524327275000076 ], [ 99.323056086000065, 6.523228491000111 ], [ 99.322286937000115, 6.521891637000181 ], [ 99.320620447000067, 6.519272867000041 ], [ 99.32069369900006, 6.518448778000163 ], [ 99.320419003000097, 6.517606377000163 ], [ 99.319796359000065, 6.516837228000043 ], [ 99.319594915000096, 6.516232896000133 ], [ 99.319466723000176, 6.515793383000073 ], [ 99.318770826000048, 6.515482061000114 ], [ 99.318276374000163, 6.515097486000172 ], [ 99.316426753000201, 6.512844978000146 ], [ 99.313423409, 6.509402120000175 ], [ 99.312913215000094, 6.509101237000095 ], [ 99.312709199000096, 6.508980919000066 ], [ 99.312196433000111, 6.509127424000042 ], [ 99.311628727000198, 6.509438746 ], [ 99.3107313860001, 6.509988137999983 ], [ 99.310273560000098, 6.51011633000013 ], [ 99.309650915000134, 6.509841634000111 ], [ 99.308918393000113, 6.509695129000022 ], [ 99.308222495999985, 6.509457059 ], [ 99.3078745480002, 6.509164050000038 ], [ 99.307215276000136, 6.509017545000063 ], [ 99.306574319000163, 6.508266709000111 ], [ 99.305567100000019, 6.507827196000108 ], [ 99.305127586000083, 6.508065266000074 ], [ 99.304120367000166, 6.508394901000088 ], [ 99.302307373000076, 6.508834414000091 ], [ 99.301464972000076, 6.50894429300007 ], [ 99.301062083000033, 6.508596344000125 ], [ 99.300640883000199, 6.507937074000097 ], [ 99.300274621000085, 6.50777225600018 ], [ 99.299633664000112, 6.507992013000148 ], [ 99.29908427200013, 6.507900447 ], [ 99.298772950000114, 6.507717317000129 ], [ 99.298351748000073, 6.507735630000127 ], [ 99.297710791000043, 6.508028639000145 ], [ 99.297051520000139, 6.508504779000077 ], [ 99.296172492000039, 6.508980919000066 ], [ 99.295769606000135, 6.509035858000061 ], [ 99.294963830000086, 6.509017545000063 ], [ 99.293828420000068, 6.508907667000017 ], [ 99.292839513000047, 6.508596344000125 ], [ 99.292198556000073, 6.508523092000132 ], [ 99.291484345000185, 6.508761162000098 ], [ 99.290403874000049, 6.509017545000063 ], [ 99.289762916000143, 6.509127424000042 ], [ 99.28917689900004, 6.50885272700009 ], [ 99.288883889000147, 6.508834415000024 ], [ 99.288535941000134, 6.509035858000061 ], [ 99.288059801000031, 6.509072485 ], [ 99.287492095000118, 6.508834414000091 ], [ 99.287162460000104, 6.508394901000088 ], [ 99.287290652000024, 6.508010326000147 ], [ 99.287308964000147, 6.507735630000127 ], [ 99.287052582000058, 6.507405995000113 ], [ 99.286466563000147, 6.507460934000164 ], [ 99.285935484, 6.507552498999985 ], [ 99.285239588000138, 6.507808882000177 ], [ 99.284562004000065, 6.508120205000068 ], [ 99.284067551000078, 6.50837658800009 ], [ 99.284052238000129, 6.508744093000189 ], [ 99.284049236999977, 6.508816102000026 ], [ 99.284195742000122, 6.509511999000154 ], [ 99.284159116000126, 6.510336087000098 ], [ 99.284148635000065, 6.510362418000057 ], [ 99.284268994000172, 6.510665722000113 ], [ 99.284745135000037, 6.510867166000082 ], [ 99.285038144, 6.511288366000088 ], [ 99.28489163900008, 6.511874385 ], [ 99.284745134000104, 6.512680160000173 ], [ 99.284708508000108, 6.513156300000105 ], [ 99.284800073000099, 6.513650753000093 ], [ 99.284800074000032, 6.514474842000141 ], [ 99.28489163900008, 6.515390495000133 ], [ 99.285166335000042, 6.516141332000188 ], [ 99.285404405, 6.516892167000037 ], [ 99.285843919000172, 6.517459873000121 ], [ 99.286338372000102, 6.517679629000042 ], [ 99.286466563000147, 6.518174081999973 ], [ 99.286448250000149, 6.518869979000101 ], [ 99.285880545000168, 6.521232366000049 ], [ 99.285093083000049, 6.524858355000163 ], [ 99.284122490000129, 6.528099768 ], [ 99.283939359000158, 6.528868918000057 ], [ 99.283957672000156, 6.529656380000063 ], [ 99.283902733000104, 6.530279025000141 ], [ 99.283628037000142, 6.531011548000095 ], [ 99.28344490600017, 6.531670818000066 ], [ 99.283225149000032, 6.532659724000041 ], [ 99.283170209000104, 6.533392247000165 ], [ 99.282712383000046, 6.535040423999988 ], [ 99.282254556000112, 6.536304026000096 ], [ 99.282181303000186, 6.536926671 ], [ 99.28240106100003, 6.537512689000039 ], [ 99.282309495000106, 6.538245212000163 ], [ 99.281979860000092, 6.539325683000072 ], [ 99.281815043000051, 6.539728571000012 ], [ 99.281522033000158, 6.54002158000003 ], [ 99.281375529000115, 6.540369529000145 ], [ 99.281045893000169, 6.541211930000088 ], [ 99.280404935000092, 6.542512159000125 ], [ 99.27961747400002, 6.543775760000131 ], [ 99.279177958999981, 6.544306840000047 ], [ 99.278482063000126, 6.544929484000022 ], [ 99.278005923000194, 6.54505767600017 ], [ 99.277859418000048, 6.545442250000178 ], [ 99.277786166000055, 6.546028269000089 ], [ 99.277786166000055, 6.54679741800004 ], [ 99.277438218000043, 6.547200305000104 ], [ 99.276957894000077, 6.547545538000122 ], [ 99.2768522, 6.547621506000041 ], [ 99.276357746000144, 6.54800608000005 ], [ 99.276083050000182, 6.548482221000086 ], [ 99.276119676000178, 6.548921735000022 ], [ 99.276010047000057, 6.549798770000052 ], [ 99.275991485000134, 6.549947267000164 ], [ 99.275829605000069, 6.550454490000106 ], [ 99.275716788000068, 6.550807981000162 ], [ 99.275332214000059, 6.551375686000142 ], [ 99.275094144000036, 6.55179688700008 ], [ 99.275075831000038, 6.552273027000069 ], [ 99.275031124000179, 6.552675393000129 ], [ 99.274984266000047, 6.553097115000185 ], [ 99.274819860000093, 6.553480728000068 ], [ 99.274709570000198, 6.55373807300009 ], [ 99.27425174200016, 6.554690353000012 ], [ 99.274266908000186, 6.555433433000076 ], [ 99.274270056000091, 6.555587693 ], [ 99.274361621000082, 6.55692454800004 ], [ 99.274251743000093, 6.557510567000122 ], [ 99.274251743000093, 6.558023332 ], [ 99.274434873000132, 6.558700916000134 ], [ 99.274434873000132, 6.559396813000092 ], [ 99.274178491000043, 6.559854640000026 ], [ 99.273940421000077, 6.560330779000083 ], [ 99.27388548100015, 6.560990049999987 ], [ 99.274215116000164, 6.561722573000111 ], [ 99.274434874000065, 6.562583288000042 ], [ 99.274379934000137, 6.563205932000017 ], [ 99.274068612000121, 6.563480629000082 ], [ 99.273939936000147, 6.563677427000073 ], [ 99.273757289, 6.563956767999969 ], [ 99.27368403700018, 6.564762544000018 ], [ 99.273702350000178, 6.565568319000022 ], [ 99.273807112000156, 6.565866484000082 ], [ 99.273940420000145, 6.566245903000095 ], [ 99.273958733000143, 6.567656009000075 ], [ 99.27395189900011, 6.567908859000056 ], [ 99.273940420000145, 6.568333593000034 ], [ 99.274361621000082, 6.5686082900001 ], [ 99.274434873000132, 6.56917599500008 ], [ 99.274233429000162, 6.569688761000066 ], [ 99.274031985000192, 6.569963457000028 ], [ 99.274141864000114, 6.570549475 ], [ 99.274434873000132, 6.571758138000121 ], [ 99.274856075000173, 6.572692105000044 ], [ 99.275588597000194, 6.574248717000046 ], [ 99.275442092000048, 6.574614978000056 ], [ 99.275423780000153, 6.575182683000037 ], [ 99.275551971000198, 6.576336407000099 ], [ 99.276211242000102, 6.577123869000104 ], [ 99.277053643000102, 6.577325313000074 ], [ 99.27784110500005, 6.577087243000051 ], [ 99.279800604000116, 6.575896893000163 ], [ 99.281265650000137, 6.575109431000044 ], [ 99.282803948000094, 6.574083899000073 ], [ 99.283701289000135, 6.573571133000087 ], [ 99.284012611000151, 6.573186557999975 ], [ 99.284452125000087, 6.572985114 ], [ 99.284983204000071, 6.572673792000046 ], [ 99.285752354000124, 6.572197652000057 ], [ 99.286210180000182, 6.572069461000012 ], [ 99.286594754000191, 6.571831390000114 ], [ 99.287180773000102, 6.571684886000071 ], [ 99.287730165000085, 6.571483442000101 ], [ 99.288023174999978, 6.571117180000044 ], [ 99.288499314000035, 6.570897424000123 ], [ 99.289085333000116, 6.57078754500003 ], [ 99.28948822000018, 6.570549475 ], [ 99.289726290000146, 6.570348031000037 ], [ 99.290403874000049, 6.570146587000067 ], [ 99.2904588130001, 6.569853578999982 ], [ 99.290458813999976, 6.569249247000073 ], [ 99.290587005000191, 6.56897455100011 ], [ 99.290953266000031, 6.568754794000142 ], [ 99.291081458000178, 6.568333593000034 ], [ 99.29126458900015, 6.568022271000189 ], [ 99.291722414999981, 6.567747575 ], [ 99.292253495000068, 6.567381313000112 ], [ 99.292857827000148, 6.56696011300005 ] ] ], [ [ [ 99.453828230000056, 6.577418732000069 ], [ 99.454251635000162, 6.57735840100014 ], [ 99.454779049000138, 6.577309309000157 ], [ 99.4551108510002, 6.577237757000091 ], [ 99.455395557000145, 6.576959905000024 ], [ 99.455737291000162, 6.576647507000075 ], [ 99.456045815000152, 6.576484415000095 ], [ 99.45625496800011, 6.576441246000172 ], [ 99.456560691999982, 6.576297353000086 ], [ 99.456697417000044, 6.576181363000103 ], [ 99.456775727000149, 6.575881617000164 ], [ 99.456692285000145, 6.575513657999977 ], [ 99.456633857000099, 6.575307330000157 ], [ 99.456515898000191, 6.574916798000174 ], [ 99.45636403300017, 6.574514957000019 ], [ 99.456141184000103, 6.573802796 ], [ 99.45598745000018, 6.573216625999976 ], [ 99.455901360000155, 6.572423488000084 ], [ 99.45585232500008, 6.571952009000086 ], [ 99.455712409000057, 6.571653646000186 ], [ 99.455319090000103, 6.571218641000144 ], [ 99.455018620000146, 6.570909678000078 ], [ 99.454567590000124, 6.570440825000105 ], [ 99.454230691000021, 6.569878602000017 ], [ 99.453883089000044, 6.569351409000035 ], [ 99.45368419600004, 6.568811660000051 ], [ 99.453553619000161, 6.568225507000136 ], [ 99.453399860000161, 6.567616174000079 ], [ 99.453269262000163, 6.567006824000089 ], [ 99.453264785000044, 6.566396767000185 ], [ 99.453249010000093, 6.565832550000096 ], [ 99.453062699000043, 6.565477085999987 ], [ 99.452772838000101, 6.565052772000058 ], [ 99.452321873000187, 6.564618408 ], [ 99.45182631400013, 6.564264380000054 ], [ 99.451261837000061, 6.56396861900015 ], [ 99.450916846000041, 6.563821388000122 ], [ 99.450582564000115, 6.563639057000046 ], [ 99.450098348000154, 6.563342669000065 ], [ 99.449672473000192, 6.563115219000053 ], [ 99.449004524000088, 6.562808801000131 ], [ 99.448406803000125, 6.562651608000181 ], [ 99.447945765000156, 6.562297541000078 ], [ 99.447507370000039, 6.56202370699998 ], [ 99.447115970000141, 6.561818828000185 ], [ 99.446757203000061, 6.561429616000112 ], [ 99.446512514000119, 6.560913102000029 ], [ 99.446383215000196, 6.560464854999964 ], [ 99.446229477000088, 6.559855514000105 ], [ 99.44610088800016, 6.559579738000025 ], [ 99.445892633000085, 6.559339642000054 ], [ 99.445523197000057, 6.559030734000089 ], [ 99.445314322000115, 6.558744243000092 ], [ 99.445208874000116, 6.55841079400011 ], [ 99.445285345000116, 6.557949942000164 ], [ 99.445224464000148, 6.557489223000175 ], [ 99.445084573000202, 6.55720211900001 ], [ 99.444921416000113, 6.556834776000073 ], [ 99.444746438000038, 6.556513244000143 ], [ 99.444260946000156, 6.556009912000036 ], [ 99.443938568000135, 6.555838909000045 ], [ 99.443811899000082, 6.555805081000074 ], [ 99.443559783000183, 6.555852803000107 ], [ 99.44340045500013, 6.555957546000172 ], [ 99.443184126000062, 6.556166376000022 ], [ 99.442978487, 6.556329366 ], [ 99.442774028000088, 6.556549482000094 ], [ 99.442660577000197, 6.556757637000032 ], [ 99.442549599000074, 6.557207214000186 ], [ 99.442552124000201, 6.557506852000131 ], [ 99.442715271000111, 6.557862885000191 ], [ 99.443016971000191, 6.558287203000077 ], [ 99.443306149000136, 6.558630723000078 ], [ 99.443572767000148, 6.559009265000157 ], [ 99.443918934000123, 6.559237354000118 ], [ 99.444184932000098, 6.559546391000026 ], [ 99.444395077000195, 6.560005837 ], [ 99.444512352000174, 6.560315560000163 ], [ 99.444595216000096, 6.560672264000175 ], [ 99.444678708000083, 6.561109176000116 ], [ 99.444887592000157, 6.561395673999982 ], [ 99.44494783500005, 6.561764211000025 ], [ 99.44511229200009, 6.562304027000096 ], [ 99.445196367000051, 6.562764138000091 ], [ 99.445370780000189, 6.563085708000017 ], [ 99.445592847000171, 6.56361354400002 ], [ 99.445629890000134, 6.563981582000054 ], [ 99.445701453000083, 6.564338260000113 ], [ 99.445704608000085, 6.564718188000086 ], [ 99.445741089000137, 6.565028542 ], [ 99.445675946, 6.5655244350001 ], [ 99.445793913999978, 6.565938201000051 ], [ 99.446116249000113, 6.566062263 ], [ 99.446405495000079, 6.566428933000168 ], [ 99.446695238000132, 6.566772448000052 ], [ 99.446971260000055, 6.566932191000035 ], [ 99.447431637000079, 6.567124561000185 ], [ 99.447789200000045, 6.5674103180001 ], [ 99.44799679800019, 6.567535670000154 ], [ 99.448481010000137, 6.567866518000187 ], [ 99.448919505000049, 6.568243238000093 ], [ 99.449290196000106, 6.568701426000132 ], [ 99.449740625000175, 6.569158949999974 ], [ 99.44991440300015, 6.569376478000038 ], [ 99.450056206000056, 6.569928166000068 ], [ 99.450105817000178, 6.570376452 ], [ 99.450005569000041, 6.570803383000055 ], [ 99.449928466000131, 6.571217884000021 ], [ 99.449863344999983, 6.571724519000099 ], [ 99.449798824000084, 6.5722430080001 ], [ 99.449722372000167, 6.572761509000088 ], [ 99.449667936000083, 6.573210481000103 ], [ 99.449694298000111, 6.573601689000157 ], [ 99.44972016000014, 6.574050002000035 ], [ 99.449745884000151, 6.574394860000154 ], [ 99.450037643000201, 6.575037414 ], [ 99.450385210000093, 6.575518815000123 ], [ 99.450835602000041, 6.575929982000162 ], [ 99.451193759000148, 6.576284138000119 ], [ 99.451493, 6.576466500000151 ], [ 99.451910204000171, 6.577050729000064 ], [ 99.452313538000112, 6.577290053000127 ], [ 99.45270427000014, 6.577402224000082 ], [ 99.453151474000038, 6.577399567000157 ], [ 99.453483929000072, 6.577432052000063 ], [ 99.453828230000056, 6.577418732000069 ] ] ], [ [ [ 99.290713218000064, 6.578527241000188 ], [ 99.290918493000106, 6.578500754000061 ], [ 99.291050928000118, 6.578500754000061 ], [ 99.291163497000127, 6.57852062000012 ], [ 99.291514451000012, 6.57834845300016 ], [ 99.291772699000092, 6.578129936000096 ], [ 99.291971352000076, 6.577831957000058 ], [ 99.291977974000076, 6.577659791000031 ], [ 99.291898513000035, 6.577481003000116 ], [ 99.291785943000093, 6.577388298000187 ], [ 99.291540938000196, 6.577401543000121 ], [ 99.291289311000071, 6.577553843000146 ], [ 99.29101781900016, 6.577712765000115 ], [ 99.290766193000138, 6.577964392000069 ], [ 99.290627135000136, 6.578110070000037 ], [ 99.290494700000124, 6.578275614000063 ], [ 99.290481456000066, 6.57840805 ], [ 99.29054105300014, 6.578480889000105 ], [ 99.290713218000064, 6.578527241000188 ] ] ], [ [ [ 99.249699172000135, 6.581762883000067 ], [ 99.250131964000047, 6.581191893000039 ], [ 99.250580214000195, 6.580814419999967 ], [ 99.250638591000154, 6.580765260000021 ], [ 99.250936873000114, 6.580448901000011 ], [ 99.251290753000092, 6.579911187000107 ], [ 99.251460277000092, 6.579477958999973 ], [ 99.251579570999979, 6.579157747000124 ], [ 99.251698866000197, 6.578906601000142 ], [ 99.251826793000191, 6.578773964000106 ], [ 99.251982191000081, 6.578689202000021 ], [ 99.252036405000126, 6.578685667000173 ], [ 99.252198804000159, 6.578675074999978 ], [ 99.252443672000197, 6.578651531 ], [ 99.252586457000177, 6.578584337000109 ], [ 99.252677772000197, 6.578442291000101 ], [ 99.252698435000013, 6.578410150000025 ], [ 99.252715378000119, 6.578388534000169 ], [ 99.252836444000195, 6.578234069000075 ], [ 99.25314101500004, 6.578005641 ], [ 99.253369443000111, 6.577872392000131 ], [ 99.253550282000106, 6.577753418000043 ], [ 99.253859612000099, 6.577501195000025 ], [ 99.254216531000054, 6.577120481000179 ], [ 99.254521103, 6.576906330000099 ], [ 99.254551555000035, 6.576890854000055 ], [ 99.254811397000083, 6.576758803000075 ], [ 99.255149280000069, 6.576616036000075 ], [ 99.255290447000107, 6.576387677000071 ], [ 99.255311083000038, 6.576354294999987 ], [ 99.255515717000094, 6.576102072000026 ], [ 99.255644208000149, 6.575954546000048 ], [ 99.255820288000166, 6.575840331000109 ], [ 99.255953538000142, 6.57576418900004 ], [ 99.255980039000121, 6.575745638000171 ], [ 99.256096305000142, 6.575664252000024 ], [ 99.256229555000175, 6.575488171000075 ], [ 99.256311779000043, 6.575294548000159 ], [ 99.256321872000058, 6.575270780000153 ], [ 99.256377082000199, 6.575140770000019 ], [ 99.256468734000123, 6.574686872000143 ], [ 99.256477019000044, 6.574645843000042 ], [ 99.256498780000129, 6.574593732999972 ], [ 99.256657858000153, 6.574212779999982 ], [ 99.256814902000201, 6.573884415000123 ], [ 99.256854137000175, 6.573746310000104 ], [ 99.256863331000034, 6.573713949000023 ], [ 99.256933876000062, 6.573465629999987 ], [ 99.257067126000095, 6.572732756000107 ], [ 99.257167394000021, 6.572591953000085 ], [ 99.257290795000017, 6.572418667000136 ], [ 99.257400250000103, 6.572237828000027 ], [ 99.257571571000199, 6.572142649000057 ], [ 99.257642955000051, 6.572033194000142 ], [ 99.257795241000053, 6.571838078000155 ], [ 99.257847163000065, 6.571722251000097 ], [ 99.257857106000074, 6.571700070000134 ], [ 99.257947526000123, 6.571324114999982 ], [ 99.258109329000092, 6.570415160000039 ], [ 99.25817703000007, 6.570113895000077 ], [ 99.25820450700013, 6.569991617000085 ], [ 99.258242511999981, 6.569499957000062 ], [ 99.258180713000115, 6.568649601000061 ], [ 99.258185472000093, 6.568497315000059 ], [ 99.258104570000114, 6.568268887000158 ], [ 99.258014151000054, 6.567992869000079 ], [ 99.257990356000107, 6.567654986000093 ], [ 99.257876142000043, 6.567136264000169 ], [ 99.257942767000145, 6.566912594000144 ], [ 99.257984749000059, 6.566817678000064 ], [ 99.25805222200006, 6.56666513100015 ], [ 99.258237820000147, 6.566255863000038 ], [ 99.25855666800004, 6.565727623000043 ], [ 99.258718471000066, 6.565532506000125 ], [ 99.258827927000198, 6.565413532999969 ], [ 99.258918346000144, 6.565280284000039 ], [ 99.258975453000176, 6.565127998999969 ], [ 99.259021401000041, 6.564936548000048 ], [ 99.25903255999998, 6.564890052000123 ], [ 99.259061114000076, 6.564637829000105 ], [ 99.259065872000122, 6.564314223000167 ], [ 99.258984971000075, 6.563638455000046 ], [ 99.258780337000189, 6.562867510999979 ], [ 99.258827926000151, 6.562615288000188 ], [ 99.25886599800009, 6.562382100000093 ], [ 99.258918346000144, 6.562077529000021 ], [ 99.258942141000091, 6.561739646000035 ], [ 99.25900876500009, 6.561201888000141 ], [ 99.25900876500009, 6.560916352000106 ], [ 99.258980212000097, 6.560664129000145 ], [ 99.258975453000176, 6.56039287100009 ], [ 99.258965935000106, 6.56015492500012 ], [ 99.258827926000151, 6.559902702000102 ], [ 99.258632810000165, 6.559645720000162 ], [ 99.258532874000025, 6.559474399000123 ], [ 99.258466248000047, 6.559274524000159 ], [ 99.258304445000078, 6.559107962000041 ], [ 99.258280650000131, 6.558998507000183 ], [ 99.258280651000064, 6.558874775000049 ], [ 99.258304445000078, 6.558660624000026 ], [ 99.258271133000164, 6.5582751500001 ], [ 99.258275892000086, 6.55782305300005 ], [ 99.258261614000162, 6.557589866000058 ], [ 99.258099811000193, 6.557271018000108 ], [ 99.258037945000069, 6.557133010000086 ], [ 99.257909454000185, 6.556742778000114 ], [ 99.257642955000051, 6.556423930000051 ], [ 99.257390732000033, 6.556024180000179 ], [ 99.257157545000041, 6.555786234000038 ], [ 99.256510331000129, 6.55540076200009 ], [ 99.25612485900001, 6.555315101000019 ], [ 99.255668002000164, 6.555324619000089 ], [ 99.25537770800014, 6.555319860000168 ], [ 99.255244459000039, 6.555291307 ], [ 99.255135003000191, 6.555196129000137 ], [ 99.255011271000058, 6.555020048000074 ], [ 99.254849468000089, 6.554948665000097 ], [ 99.254616281000096, 6.554872521 ], [ 99.254449718000046, 6.554777343000126 ], [ 99.254216531000054, 6.554758308000089 ], [ 99.253992862000132, 6.554782102000104 ], [ 99.253826300000185, 6.554791620000174 ], [ 99.253612148000059, 6.554724995000072 ], [ 99.253331372000105, 6.554620298000032 ], [ 99.253107702000079, 6.554601263000109 ], [ 99.252779337000163, 6.554663129000119 ], [ 99.252355792000174, 6.554729754 ], [ 99.251627678000148, 6.554872522000096 ], [ 99.251175580000051, 6.554939147000027 ], [ 99.250928116000182, 6.55489155700019 ], [ 99.25075679400004, 6.55491535200008 ], [ 99.250361805000125, 6.555039083000111 ], [ 99.249448091000033, 6.555110468000066 ], [ 99.248891297000171, 6.555081914000027 ], [ 99.24817745900009, 6.555043842999964 ], [ 99.247882406000087, 6.555005771000026 ], [ 99.247644460000117, 6.554958182000064 ], [ 99.247463621000179, 6.554839209000079 ], [ 99.247306576000199, 6.554672647000189 ], [ 99.24712573700009, 6.55443946000014 ], [ 99.247011524000129, 6.554187237000178 ], [ 99.246783095000183, 6.553958808000175 ], [ 99.246535631000086, 6.553892184000176 ], [ 99.246297685000116, 6.553892184000176 ], [ 99.246083534000093, 6.553863630000137 ], [ 99.245864622999989, 6.553773211000021 ], [ 99.24554101700005, 6.553630443000088 ], [ 99.245322106000174, 6.553644719000033 ], [ 99.245131749000109, 6.553649478000182 ], [ 99.244941392000101, 6.553682790999972 ], [ 99.244731999000066, 6.553754175000051 ], [ 99.244403634000037, 6.553787487000136 ], [ 99.244199000000151, 6.553749416000073 ], [ 99.244060992000072, 6.553663756000105 ], [ 99.243861117000165, 6.553549541000166 ], [ 99.243694555000047, 6.553387737999969 ], [ 99.24358985900011, 6.553173586000014 ], [ 99.243585100000132, 6.552997506000054 ], [ 99.243570890000058, 6.552864888999977 ], [ 99.243570823000141, 6.552864257000124 ], [ 99.243480403000092, 6.552731007000091 ], [ 99.243347153000059, 6.552659623000068 ], [ 99.243346294000105, 6.552659009000024 ], [ 99.243311273000131, 6.552633994000132 ], [ 99.24328052900006, 6.552612034000106 ], [ 99.243180591000169, 6.552612034000106 ], [ 99.24310448500006, 6.552630092000186 ], [ 99.242899815000044, 6.552678658000104 ], [ 99.242747529000042, 6.552764319 ], [ 99.242604761000109, 6.552811908000137 ], [ 99.242343021000124, 6.552783354999974 ], [ 99.241971825000178, 6.552783354999974 ], [ 99.241857611000114, 6.552721489000021 ], [ 99.241743397000107, 6.552702453000052 ], [ 99.241633941000089, 6.552664381999989 ], [ 99.241419790000066, 6.552573962000167 ], [ 99.241291299000181, 6.552526373000035 ], [ 99.24102004100007, 6.552507337000065 ], [ 99.240824924000037, 6.552474025000151 ], [ 99.240677398000059, 6.552326499 ], [ 99.240615532000106, 6.552131382000141 ], [ 99.240577461000044, 6.551964820000023 ], [ 99.240444211000067, 6.551855365000108 ], [ 99.240253855000105, 6.551812535000124 ], [ 99.240063498000097, 6.551803017000054 ], [ 99.239801756000077, 6.55176018700007 ], [ 99.239411525000037, 6.551650731000052 ], [ 99.238402634000181, 6.551279535000106 ], [ 99.237745902000199, 6.551079661000074 ], [ 99.236618037000198, 6.550779849000151 ], [ 99.236322984000196, 6.550613287000033 ], [ 99.235718601000201, 6.550380099000108 ], [ 99.235147531000052, 6.550156430000129 ], [ 99.234923861000198, 6.54998510900009 ], [ 99.234781094000198, 6.549556806000112 ], [ 99.234547907000149, 6.54901428900007 ], [ 99.23436706800004, 6.548552674000177 ], [ 99.233648470000105, 6.547648478000099 ], [ 99.232565444000159, 6.547236112000121 ], [ 99.232006643000034, 6.547215415999972 ], [ 99.231368947000192, 6.547044095000103 ], [ 99.231083411000043, 6.546929881000096 ], [ 99.230755047000059, 6.546749042000158 ], [ 99.230350538000039, 6.546520613000155 ], [ 99.229898440000113, 6.546325498000101 ], [ 99.229474896000056, 6.546306462000132 ], [ 99.229065629000047, 6.546363569000107 ], [ 99.22853738800012, 6.546373087 ], [ 99.227823550000039, 6.546277909000139 ], [ 99.227533256000186, 6.546206525000116 ], [ 99.227261997000198, 6.546044721000044 ], [ 99.226933632000112, 6.545721115000106 ], [ 99.22667189100008, 6.545326123999985 ], [ 99.226557676000141, 6.545164321000186 ], [ 99.22643394500011, 6.544850232000044 ], [ 99.226438704000032, 6.544593250000105 ], [ 99.226467257000195, 6.544364822000034 ], [ 99.226548159000117, 6.544188741000141 ], [ 99.2265509180001, 6.54418694300017 ], [ 99.226657614000032, 6.544117358000165 ], [ 99.22682417600015, 6.544069769000032 ], [ 99.226981221000074, 6.544031697000094 ], [ 99.227090676000159, 6.543998385000179 ], [ 99.227223926000192, 6.543984108000132 ], [ 99.227342899000178, 6.543936519000056 ], [ 99.227461872000163, 6.543869894000125 ], [ 99.227542772999982, 6.543784233000054 ], [ 99.227595122000139, 6.543703332 ], [ 99.227657933000103, 6.543600143000106 ], [ 99.22766174700007, 6.543593877000092 ], [ 99.227709336000032, 6.543432074000123 ], [ 99.227680783000039, 6.543203645000176 ], [ 99.227528497000037, 6.542846726 ], [ 99.227247721000083, 6.542561191000118 ], [ 99.226957427000059, 6.542423182000164 ], [ 99.226652856000157, 6.54221378900013 ], [ 99.226262623000139, 6.541913977000036 ], [ 99.225982126000076, 6.541769604000081 ], [ 99.225939017000201, 6.541747415000088 ], [ 99.225715348000051, 6.541709344000083 ], [ 99.225444089000064, 6.541661754000017 ], [ 99.225414797000155, 6.541675538000106 ], [ 99.225363187000141, 6.541699826000183 ], [ 99.225277527000173, 6.541704584 ], [ 99.225201384000172, 6.541685549000135 ], [ 99.225077652000039, 6.54163796 ], [ 99.224953920000132, 6.541595130000189 ], [ 99.224744527000098, 6.541528504000041 ], [ 99.2245256180002, 6.54147139700018 ], [ 99.224244841000143, 6.541385737000041 ], [ 99.223973388000161, 6.541268731000116 ], [ 99.223968824000167, 6.541266764000056 ], [ 99.22337871700006, 6.54110496100003 ], [ 99.222945655000103, 6.540928880000138 ], [ 99.222760057000073, 6.540729006000106 ], [ 99.222536388000094, 6.540476783000145 ], [ 99.222474522000141, 6.540310220000094 ], [ 99.222284165000133, 6.539996132000056 ], [ 99.222155674000021, 6.539743909000038 ], [ 99.222154516000103, 6.539742518000025 ], [ 99.221989112000131, 6.53954403400013 ], [ 99.221637866000037, 6.539275978000148 ], [ 99.221627434000197, 6.539268017000097 ], [ 99.221554571000127, 6.539230544000134 ], [ 99.221269486000097, 6.539083929000185 ], [ 99.220507632000135, 6.538941889000114 ], [ 99.220238435000113, 6.538929270000096 ], [ 99.219571580000093, 6.538801643000056 ], [ 99.219338392000168, 6.538744535000149 ], [ 99.218881536000197, 6.538468518000116 ], [ 99.218472268000085, 6.53817346500017 ], [ 99.218048725000131, 6.538030697000067 ], [ 99.217810778000057, 6.538030697000067 ], [ 99.217634698000097, 6.538092563000021 ], [ 99.217477654000049, 6.538206777000084 ], [ 99.217457777999982, 6.538233042 ], [ 99.217344404000016, 6.538382858000148 ], [ 99.217287838000175, 6.538458279999986 ], [ 99.217144529000109, 6.538649357000111 ], [ 99.216916101000038, 6.539244222000036 ], [ 99.21683044100007, 6.539339400000074 ], [ 99.216592494000167, 6.539439338000022 ], [ 99.21611660300016, 6.539872400000149 ], [ 99.215902451000034, 6.540196006000087 ], [ 99.215773094000042, 6.540454720000184 ], [ 99.215731130000165, 6.540538648 ], [ 99.215616915, 6.540662381 ], [ 99.215440835000038, 6.540743283000154 ], [ 99.215155300000106, 6.540786112000035 ], [ 99.214584230000128, 6.540805149000107 ], [ 99.213670515999979, 6.540790871000183 ], [ 99.213080410000032, 6.54073852300013 ], [ 99.212266635000105, 6.540605274000029 ], [ 99.211465014000112, 6.540541547000146 ], [ 99.211129252000035, 6.54051485399998 ], [ 99.210677154000109, 6.54052437200005 ], [ 99.210529628000188, 6.540557685000067 ], [ 99.210513022000043, 6.540562173000069 ], [ 99.210353548000171, 6.540605274000029 ], [ 99.210225057000116, 6.540686176000122 ], [ 99.210072771000114, 6.540757559999975 ], [ 99.209930004000114, 6.540781353000114 ], [ 99.209739647000106, 6.540781353999989 ], [ 99.209611156000051, 6.54070045300017 ], [ 99.209387486000196, 6.540643345000035 ], [ 99.20903056700007, 6.540676658000052 ], [ 99.208635577000052, 6.540743282000051 ], [ 99.20825486300015, 6.540686175000019 ], [ 99.20793601600019, 6.540576720000161 ], [ 99.207762126000148, 6.54041222900014 ], [ 99.20775993500007, 6.540410158000043 ], [ 99.207541025000069, 6.54028642600008 ], [ 99.207322114000192, 6.540229319000105 ], [ 99.206979472000057, 6.540124623000111 ], [ 99.206689177000101, 6.540067516000079 ], [ 99.206441714000164, 6.540086552000105 ], [ 99.20631798200003, 6.540229319000105 ], [ 99.206194250000124, 6.540367327000126 ], [ 99.206179974000179, 6.540643345000035 ], [ 99.206160938000039, 6.540838461000021 ], [ 99.206070518000161, 6.541000264 ], [ 99.205899197000122, 6.541133514000023 ], [ 99.205601630000103, 6.541200133000132 ], [ 99.205580349000059, 6.541204898000046 ], [ 99.205285296000056, 6.541195379999976 ], [ 99.2051528880001, 6.541190083000174 ], [ 99.205047350000086, 6.541185862000077 ], [ 99.204923618000123, 6.541238211000064 ], [ 99.204628565000178, 6.541371460000164 ], [ 99.204476279000176, 6.541533263000133 ], [ 99.204328752000151, 6.541818798000065 ], [ 99.204138396000189, 6.542213790000062 ], [ 99.204028940000171, 6.542594503000032 ], [ 99.203967075000151, 6.542770583000049 ], [ 99.203867137000032, 6.542956181000079 ], [ 99.203733887, 6.542984735000175 ], [ 99.203688564000117, 6.542978374000086 ], [ 99.203462629000114, 6.542946664000112 ], [ 99.203224682000098, 6.542880039000011 ], [ 99.203091433000168, 6.542775342000141 ], [ 99.20307715600012, 6.542551672000116 ], [ 99.203129504, 6.542356557000062 ], [ 99.203119986000104, 6.542209030000038 ], [ 99.203053361, 6.542028192000146 ], [ 99.203015290000167, 6.541799762999972 ], [ 99.203001013000119, 6.541580852999971 ], [ 99.203024808000066, 6.541285800000026 ], [ 99.203110468000034, 6.541043093999974 ], [ 99.203229442000122, 6.540805149000107 ], [ 99.203248476999988, 6.540567202000034 ], [ 99.203248476999988, 6.540372086000104 ], [ 99.203224683000144, 6.540129381000156 ], [ 99.203053361, 6.539924748000033 ], [ 99.20284267500017, 6.53966724300011 ], [ 99.20283921000015, 6.539663007000115 ], [ 99.202802099, 6.539642544000117 ], [ 99.201911332000122, 6.539151373000038 ], [ 99.201820801000167, 6.539101454000104 ], [ 99.201597131000142, 6.539101454000104 ], [ 99.201373462000049, 6.539158561000136 ], [ 99.201145034000149, 6.539344159000052 ], [ 99.201021302000186, 6.539586864000114 ], [ 99.20097371300011, 6.539820051000163 ], [ 99.201007025000195, 6.54004848000011 ], [ 99.201230694000117, 6.540472024000167 ], [ 99.201378221000141, 6.540809907000153 ], [ 99.201497194000126, 6.54107164800007 ], [ 99.201492435000034, 6.541238210000131 ], [ 99.201344909000056, 6.541552300000035 ], [ 99.201183104999984, 6.541828317000068 ], [ 99.200935641000115, 6.542170959000146 ], [ 99.200740526000061, 6.542342280000014 ], [ 99.200569707000056, 6.542390625000053 ], [ 99.200488303000043, 6.542413664000094 ], [ 99.20015993700008, 6.542304209000179 ], [ 99.199941025999976, 6.542123370000013 ], [ 99.199856455000202, 6.54202342100001 ], [ 99.199679286, 6.54181404000019 ], [ 99.199422304000052, 6.541647478000073 ], [ 99.199241465000114, 6.541652236000118 ], [ 99.19912725100005, 6.541742656000167 ], [ 99.19899876, 6.541947290000053 ], [ 99.198884546000158, 6.542128129000162 ], [ 99.198875028000089, 6.542247101000044 ], [ 99.198813163000182, 6.542527878000101 ], [ 99.198794127000042, 6.542979975000094 ], [ 99.198784609000143, 6.543370207000066 ], [ 99.198746537000034, 6.543512975000169 ], [ 99.198521725000091, 6.543711847999987 ], [ 99.198499073000164, 6.543731886000046 ], [ 99.198213538000061, 6.543850858000155 ], [ 99.198102745000199, 6.543855782000037 ], [ 99.197999387000038, 6.543860376000055 ], [ 99.197847101000036, 6.543812787000093 ], [ 99.197737646000121, 6.543884171000173 ], [ 99.19756632400015, 6.544069769000032 ], [ 99.19730934200004, 6.544331509000017 ], [ 99.197142781000196, 6.544650358000013 ], [ 99.196823933000076, 6.545116731000178 ], [ 99.196562192000044, 6.545364196000151 ], [ 99.196233826000196, 6.54551648100005 ], [ 99.196096300000193, 6.54556232300007 ], [ 99.196005398000125, 6.545592624 ], [ 99.195662756000047, 6.545583106000095 ], [ 99.195316309000077, 6.54553265200002 ], [ 99.195172587000059, 6.545511722000072 ], [ 99.194668141000079, 6.545635454000035 ], [ 99.194368009000129, 6.545663157999968 ], [ 99.194358811000086, 6.545664008000074 ], [ 99.194353197000112, 6.545662566000146 ], [ 99.194303005000052, 6.54564968000011 ], [ 99.194006651000052, 6.545573588000025 ], [ 99.193706839000129, 6.545378472000039 ], [ 99.193506964, 6.545183356000109 ], [ 99.193335643000125, 6.544993000000147 ], [ 99.193173840000156, 6.544921616000124 ], [ 99.1929692060001, 6.544878785000037 ], [ 99.192947772000082, 6.544884144000036 ], [ 99.192835956000067, 6.544912098 ], [ 99.192697947000113, 6.544964446000108 ], [ 99.192555180000113, 6.545107213999984 ], [ 99.19239813500019, 6.545326123999985 ], [ 99.192279162000034, 6.545545035000089 ], [ 99.192188743000088, 6.545744909000121 ], [ 99.192060252000033, 6.546073275000083 ], [ 99.191907966000031, 6.546434953000187 ], [ 99.191873419000103, 6.546494626000026 ], [ 99.191803270000094, 6.546615792000125 ], [ 99.191612914000132, 6.546672899000157 ], [ 99.191341654000098, 6.546706212000117 ], [ 99.19061353900014, 6.546691935000126 ], [ 99.190366076000032, 6.546668140000179 ], [ 99.189933014000076, 6.546577721000062 ], [ 99.189404774000081, 6.546425435000117 ], [ 99.188790872000084, 6.546192248000068 ], [ 99.188505337000151, 6.546058999000138 ], [ 99.188342700000135, 6.545958051000127 ], [ 99.188229319000072, 6.545887677 ], [ 99.187939025, 6.545697320000158 ], [ 99.187624937000123, 6.545497446000127 ], [ 99.187353679000068, 6.545297571000049 ], [ 99.187144286000091, 6.545111972000029 ], [ 99.186906339000188, 6.544921616000124 ], [ 99.186698022000087, 6.544702706000123 ], [ 99.186625563000064, 6.544626563000122 ], [ 99.186614100999975, 6.544602000000111 ], [ 99.186544278000156, 6.544452380000166 ], [ 99.186525626000048, 6.544412412000042 ], [ 99.186519944000111, 6.544340446000149 ], [ 99.186511349, 6.544231572 ], [ 99.186478037000086, 6.544041215000163 ], [ 99.186487554000109, 6.543888930000094 ], [ 99.18657321500018, 6.543698573000086 ], [ 99.186673153000072, 6.543551046 ], [ 99.186682670000096, 6.54341303700005 ], [ 99.18666363400007, 6.543251234000081 ], [ 99.186639840000055, 6.542984735000175 ], [ 99.186628362000192, 6.542902305999974 ], [ 99.186587492000172, 6.542608780000023 ], [ 99.186535144000118, 6.542404145999967 ], [ 99.186525626000048, 6.542256620000046 ], [ 99.186482795000131, 6.542042468000091 ], [ 99.186435207000102, 6.541842594000059 ], [ 99.186363822000146, 6.541685549000135 ], [ 99.18616870600016, 6.541538022000111 ], [ 99.185906966000175, 6.541423808000047 ], [ 99.185488181000096, 6.541361943000027 ], [ 99.18526927, 6.541323871000031 ], [ 99.185145539000189, 6.541233452000142 ], [ 99.184993253000187, 6.541133514000023 ], [ 99.184898071000134, 6.541075347000117 ], [ 99.184896339000147, 6.541074289 ], [ 99.184821931000045, 6.541028818000086 ], [ 99.184712477000062, 6.540943157000186 ], [ 99.184579226000096, 6.540828943000122 ], [ 99.184498325000106, 6.54072900500006 ], [ 99.184365075000073, 6.540567203000137 ], [ 99.18425086100001, 6.540414916000088 ], [ 99.184131888000024, 6.540334015000042 ], [ 99.183692266000094, 6.540192053 ], [ 99.18367503200011, 6.540186489000064 ], [ 99.183673046000081, 6.54018642799997 ], [ 99.183613686000172, 6.54018463 ], [ 99.18351798700013, 6.540181729000039 ], [ 99.183146791000183, 6.540186489000064 ], [ 99.182951676000073, 6.540238836000071 ], [ 99.182670899000072, 6.54033877400019 ], [ 99.18237584600007, 6.540491059999965 ], [ 99.182223560000068, 6.540557683999964 ], [ 99.182152177000091, 6.540657622000083 ], [ 99.1821379000001, 6.540795631000037 ], [ 99.182099828000162, 6.54096695100003 ], [ 99.182037962000152, 6.541057371000022 ], [ 99.181935612000075, 6.541088387000116 ], [ 99.181880918000161, 6.54110496100003 ], [ 99.181738150000058, 6.541114478000054 ], [ 99.181481169, 6.541062130000171 ], [ 99.181243222000148, 6.540971711000054 ], [ 99.180895821000092, 6.540867014000185 ], [ 99.180691187000036, 6.54082418400003 ], [ 99.180481795000105, 6.540790872000116 ], [ 99.180105840000181, 6.540652863000105 ], [ 99.179975618000071, 6.540606562000107 ], [ 99.179891689000158, 6.540576720000161 ], [ 99.17972512700004, 6.540481542000066 ], [ 99.179587118000086, 6.54045298900013 ], [ 99.179477662000068, 6.540472023000063 ], [ 99.17937296600013, 6.540633828000068 ], [ 99.179330136000146, 6.540748042000075 ], [ 99.179239716000097, 6.54082418400003 ], [ 99.179058878000035, 6.540924122000092 ], [ 99.178944663000095, 6.54096695100003 ], [ 99.178768583000135, 6.540976469999976 ], [ 99.178592503000118, 6.541019300000187 ], [ 99.178540168000154, 6.541045468 ], [ 99.178440217000116, 6.541095443000131 ], [ 99.178302208000161, 6.541138273000172 ], [ 99.178173717999982, 6.541143032000093 ], [ 99.178026191000129, 6.541138273000172 ], [ 99.177902459000052, 6.541143032000093 ], [ 99.177788245000158, 6.541143032000093 ], [ 99.177664513000082, 6.541109719000076 ], [ 99.177536999000154, 6.54106996500019 ], [ 99.177354321000166, 6.540972536000027 ], [ 99.177205131000051, 6.540887861000044 ], [ 99.177129018000073, 6.540844661 ], [ 99.177068125000119, 6.540844661 ], [ 99.176964608000162, 6.540887286999975 ], [ 99.176867179000169, 6.54099689300017 ], [ 99.176830643000187, 6.541124768000032 ], [ 99.176812375000054, 6.541203929000062 ], [ 99.176769750000176, 6.541356161000067 ], [ 99.176602205000108, 6.541492009000081 ], [ 99.17654444700014, 6.541538840000158 ], [ 99.176331322000181, 6.541593643000169 ], [ 99.176008591000198, 6.541605821000132 ], [ 99.175653687000136, 6.541591336000067 ], [ 99.175411841000198, 6.54158146400016 ], [ 99.175279861000092, 6.541568692000169 ], [ 99.17484553800017, 6.541526661000148 ], [ 99.174632412999983, 6.541435322000098 ], [ 99.174464190000037, 6.541303471000163 ], [ 99.174407109000185, 6.541258732000074 ], [ 99.174218341000199, 6.541264822000073 ], [ 99.174090466, 6.541337893000161 ], [ 99.174079707000089, 6.54135113600006 ], [ 99.174011306000068, 6.541435322000098 ], [ 99.173822538000081, 6.541435322000098 ], [ 99.173621592000131, 6.541374429000143 ], [ 99.173432825000077, 6.541289179000046 ], [ 99.173219700000118, 6.541252643 ], [ 99.173024842000132, 6.541161304000184 ], [ 99.172985954000126, 6.541151582000111 ], [ 99.172610772000155, 6.541057786000124 ], [ 99.172204771000054, 6.541101719000153 ], [ 99.17179147100012, 6.541181712000082 ], [ 99.171378170000139, 6.541435025 ], [ 99.170804882000141, 6.541834995000045 ], [ 99.17024492600018, 6.541981650000025 ], [ 99.169831625000143, 6.542061643000181 ], [ 99.169285002000152, 6.542448278999984 ], [ 99.168818371000157, 6.543248216 ], [ 99.168525062000128, 6.543328210000084 ], [ 99.168045099000153, 6.543328210000084 ], [ 99.167711791999977, 6.543608188000121 ], [ 99.167405150000036, 6.544101482000087 ], [ 99.167151837000119, 6.544341463000137 ], [ 99.166778533000127, 6.544554780000112 ], [ 99.166725204000102, 6.544781429000125 ], [ 99.166841226000088, 6.545187074000012 ], [ 99.167231830000105, 6.545554701000185 ], [ 99.167138503999979, 6.546114657000146 ], [ 99.166925188000107, 6.546607951999988 ], [ 99.166498554000157, 6.547221237000031 ], [ 99.166388946000154, 6.547276041000146 ], [ 99.166098586000089, 6.547421221000036 ], [ 99.165165327000068, 6.547407888000123 ], [ 99.164592038000137, 6.547607873000061 ], [ 99.164498712000068, 6.547967844000084 ], [ 99.16471202800011, 6.54832781600004 ], [ 99.165018671000041, 6.548607794000077 ], [ 99.165525298000091, 6.548661123000159 ], [ 99.165618624, 6.548927768999988 ], [ 99.165618624, 6.548929824000083 ], [ 99.165618624, 6.5493677340001 ], [ 99.165778612000111, 6.549874360999979 ], [ 99.165605291000077, 6.550367656000049 ], [ 99.16535197800016, 6.550847618000148 ], [ 99.165258538000046, 6.550909911000076 ], [ 99.164912013000048, 6.551140928000052 ], [ 99.164765358000125, 6.551647554000056 ], [ 99.164778690000162, 6.552007527000114 ], [ 99.164845352000157, 6.552514153000118 ], [ 99.164889956000138, 6.552528765000091 ], [ 99.165618624, 6.552767466000034 ], [ 99.16639189600005, 6.552820796000162 ], [ 99.167165168000054, 6.552820796000162 ], [ 99.167645131000086, 6.552687473000049 ], [ 99.167858447000128, 6.552380830000175 ], [ 99.167738457000155, 6.551980862000107 ], [ 99.167871780000098, 6.551714216000107 ], [ 99.168085096000141, 6.55148756799997 ], [ 99.168471733000104, 6.551380908000056 ], [ 99.168765043000178, 6.551407574000109 ], [ 99.169191676000082, 6.551754213000095 ], [ 99.169831625000143, 6.552074188 ], [ 99.170231594000143, 6.552047523000056 ], [ 99.170711556000072, 6.551887535000105 ], [ 99.171191518000171, 6.551674219000063 ], [ 99.171511493000082, 6.551380909000102 ], [ 99.171655085000054, 6.551165520000154 ], [ 99.171751474000132, 6.551020937000033 ], [ 99.172044785000139, 6.55066096600018 ], [ 99.172204771000054, 6.549794367000118 ], [ 99.172364759000118, 6.548687788000166 ], [ 99.172413237000058, 6.548402309000039 ], [ 99.172484749000148, 6.547981176000121 ], [ 99.172471418000157, 6.547554543999979 ], [ 99.172631404000072, 6.547234569000068 ], [ 99.172911383000098, 6.547101246000125 ], [ 99.17321802500004, 6.547101246000125 ], [ 99.173471339000059, 6.547221236000098 ], [ 99.173764648000088, 6.547234567999965 ], [ 99.173964633000196, 6.547101246000125 ], [ 99.174311273000058, 6.546861265000075 ], [ 99.174697909000088, 6.54666128100007 ], [ 99.174937889000034, 6.546754606000036 ], [ 99.1749245580001, 6.546994588000189 ], [ 99.174911226000063, 6.547367892000182 ], [ 99.175031216000036, 6.547541211000066 ], [ 99.175257864000173, 6.547807857000066 ], [ 99.175604504000034, 6.548047838000116 ], [ 99.176591092000137, 6.548261155000091 ], [ 99.177204378000113, 6.548287819000166 ], [ 99.177844328000106, 6.547967845000187 ], [ 99.178314764000106, 6.547494691999987 ], [ 99.17871229400015, 6.547105804000182 ], [ 99.178785614, 6.5469591640001 ], [ 99.1789110590002, 6.546708275000071 ], [ 99.17898169100016, 6.546517629999983 ], [ 99.179050007000114, 6.546449313000096 ], [ 99.17922763100006, 6.546276244000069 ], [ 99.179280426999981, 6.546212888000184 ], [ 99.17938703700014, 6.546084957000176 ], [ 99.179692185000135, 6.546021195000037 ], [ 99.180024660000015, 6.546012086000076 ], [ 99.180389016000163, 6.546103175000098 ], [ 99.181336342, 6.546513075000064 ], [ 99.181791787000122, 6.546840996000128 ], [ 99.182593371000053, 6.547565154000154 ], [ 99.182980499000109, 6.54814356900016 ], [ 99.183080697000037, 6.548425945000076 ], [ 99.18315356800008, 6.548717431 ], [ 99.183171786000173, 6.548999807000087 ], [ 99.183144459000175, 6.549254856000175 ], [ 99.183089806000169, 6.549414262000028 ], [ 99.182985054000198, 6.549532678000048 ], [ 99.182848420000084, 6.549632875999976 ], [ 99.182752777000076, 6.549746737000078 ], [ 99.182689014000061, 6.549805945 ], [ 99.182506836000073, 6.549901588000012 ], [ 99.182270005000078, 6.549988123000162 ], [ 99.181928421000066, 6.550206737000167 ], [ 99.181737134000173, 6.550302380000176 ], [ 99.181422877000159, 6.550507331000119 ], [ 99.18122703500012, 6.550607529000104 ], [ 99.181104065000056, 6.55071683500006 ], [ 99.181003867000129, 6.550826142000119 ], [ 99.18089456000007, 6.550935449000065 ], [ 99.180762481000045, 6.551035647000162 ], [ 99.180612184000154, 6.551117627 ], [ 99.180434561000084, 6.551199607000058 ], [ 99.180220501000179, 6.551267924000115 ], [ 99.180061096000031, 6.551472874000183 ], [ 99.180129412000156, 6.551828121000028 ], [ 99.180338917000199, 6.552306339000154 ], [ 99.18057574900007, 6.552438418000122 ], [ 99.180826243000183, 6.552565943000104 ], [ 99.181035748, 6.552734458000145 ], [ 99.181026640000141, 6.552989507000177 ], [ 99.180885451000108, 6.5533265360001 ], [ 99.180753372000083, 6.553563368000141 ], [ 99.180666838000036, 6.553768318000039 ], [ 99.180598520999979, 6.554059803000087 ], [ 99.180616738000197, 6.55442416000011 ], [ 99.180721491000043, 6.554715644999987 ], [ 99.180958323000084, 6.554979802999981 ], [ 99.181090402000109, 6.555148317000089 ], [ 99.181236144000081, 6.55542613900019 ], [ 99.181673372000034, 6.555658416000085 ], [ 99.18199673700002, 6.555849703000035 ], [ 99.182210797000153, 6.556009109000058 ], [ 99.182379312000194, 6.556346137999981 ], [ 99.182602480000185, 6.556778812000061 ], [ 99.182811936000064, 6.55695517700002 ], [ 99.183139112000163, 6.557103893999965 ], [ 99.183365160000051, 6.557181226000182 ], [ 99.183638799, 6.557270456000083 ], [ 99.183995718000176, 6.557389429000068 ], [ 99.1841563320001, 6.557383481000102 ], [ 99.184305048000169, 6.55740132699998 ], [ 99.184465661000047, 6.557526248000102 ], [ 99.184590583000102, 6.557716605000167 ], [ 99.184834478000084, 6.557847476000063 ], [ 99.185066476000088, 6.557912911000017 ], [ 99.185286575000134, 6.557924808000053 ], [ 99.185560213000201, 6.557901013000105 ], [ 99.185667289000151, 6.557889116000126 ], [ 99.185833852000201, 6.557960500000149 ], [ 99.185887390000175, 6.558156805000124 ], [ 99.185923081, 6.558495878000031 ], [ 99.185970671000064, 6.558769516000154 ], [ 99.186113438000064, 6.558870644000137 ], [ 99.186190771000156, 6.559001514000158 ], [ 99.186196719000122, 6.559168076000049 ], [ 99.186285949000194, 6.559352484000044 ], [ 99.186553639000124, 6.559495252000147 ], [ 99.187065222000115, 6.55980458200014 ], [ 99.187499474000163, 6.560125810000102 ], [ 99.187999161, 6.560339961000125 ], [ 99.188718948000144, 6.560679034000032 ], [ 99.189123456000061, 6.56086939100004 ], [ 99.189385197000149, 6.560988364000025 ], [ 99.189676681000094, 6.561101388000168 ], [ 99.189932473000113, 6.561202515000105 ], [ 99.190093087000093, 6.561398821000182 ], [ 99.190301289000047, 6.561612973000138 ], [ 99.190479749000076, 6.56207101900003 ], [ 99.190634413999987, 6.562630191999972 ], [ 99.1907533870002, 6.562969266000152 ], [ 99.19077718200009, 6.563266698000064 ], [ 99.190658209000105, 6.563647412000137 ], [ 99.190491646000112, 6.56392699800017 ], [ 99.190313187000186, 6.56416494400014 ], [ 99.190307189, 6.564179939000041 ], [ 99.190268002000096, 6.564277904999983 ], [ 99.190182317000165, 6.564492120000068 ], [ 99.190182317000165, 6.56481334700004 ], [ 99.190229906000127, 6.56515242100005 ], [ 99.190277495000032, 6.565622364000149 ], [ 99.190360776000091, 6.565919797000106 ], [ 99.190503544000194, 6.566145845 ], [ 99.190699849000168, 6.566437329000166 ], [ 99.191015127000185, 6.566877530000056 ], [ 99.19133040600002, 6.567210654000064 ], [ 99.191604044000144, 6.567406959999971 ], [ 99.191818195000167, 6.567525933000127 ], [ 99.191984758, 6.567603266000049 ], [ 99.192187012000034, 6.567597317000036 ], [ 99.192526085000111, 6.567454549000104 ], [ 99.192686699000092, 6.567365320000079 ], [ 99.192823518000125, 6.567335576000119 ], [ 99.192978183000037, 6.56742480600002 ], [ 99.193007926000121, 6.567621111000051 ], [ 99.192996029000085, 6.567954236000162 ], [ 99.192996029000085, 6.56827546300002 ], [ 99.193097156000192, 6.568614536000098 ], [ 99.193152300000179, 6.568957214000022 ], [ 99.193155492000074, 6.56897705800003 ], [ 99.19318043700008, 6.56913207000008 ], [ 99.193204232000198, 6.569459245000075 ], [ 99.193228027000089, 6.569935137000186 ], [ 99.193233975000055, 6.570256365000091 ], [ 99.193239924000125, 6.570464568000034 ], [ 99.193275615000118, 6.570720360000053 ], [ 99.193263719000072, 6.570833383999968 ], [ 99.193204232000198, 6.570892871000012 ], [ 99.1930198230001, 6.570875024000031 ], [ 99.193006853000099, 6.570876581000107 ], [ 99.192871107000087, 6.570892871000012 ], [ 99.192442805000155, 6.570922613000164 ], [ 99.192085885000097, 6.571005895000155 ], [ 99.191800350000051, 6.571136765000119 ], [ 99.191550506000112, 6.571368762000077 ], [ 99.191395842000134, 6.57167809200007 ], [ 99.191348252000125, 6.572023114 ], [ 99.191384630000073, 6.57215303400011 ], [ 99.191431533000127, 6.572320547 ], [ 99.191621890000192, 6.572713158000113 ], [ 99.191847939000127, 6.572897566000051 ], [ 99.191966912000112, 6.572968950000131 ], [ 99.192038296000192, 6.573087923000116 ], [ 99.192036494000035, 6.573152797000148 ], [ 99.192032348000055, 6.573302075000072 ], [ 99.191967952000198, 6.573443745000077 ], [ 99.191883631000053, 6.57362925000001 ], [ 99.191800349000118, 6.574152732000186 ], [ 99.191746812000019, 6.574604830000112 ], [ 99.191776555000104, 6.574949852000032 ], [ 99.192002604000038, 6.575509025000031 ], [ 99.192198909000069, 6.576038455000173 ], [ 99.192472548000069, 6.57637752800008 ], [ 99.192787826000199, 6.576728498000136 ], [ 99.19309120700018, 6.577025931000151 ], [ 99.193471921000025, 6.577287672000068 ], [ 99.193757457000061, 6.577359054999988 ], [ 99.194054889000142, 6.577287671000136 ], [ 99.194364219000136, 6.577109212000039 ], [ 99.194602165000106, 6.576859369000033 ], [ 99.194816316000185, 6.576555988000052 ], [ 99.194970981000097, 6.57627640000004 ], [ 99.195018571000105, 6.576097941000114 ], [ 99.195024520000175, 6.575937327000133 ], [ 99.195048314000189, 6.575824303000047 ], [ 99.195155390000139, 6.575764817000049 ], [ 99.195369542000094, 6.575717228000144 ], [ 99.195714563000138, 6.57572317600011 ], [ 99.195922766000081, 6.575746971 ], [ 99.196113123000089, 6.575782663000155 ], [ 99.196226147, 6.57589568700007 ], [ 99.196446247000097, 6.576431066000055 ], [ 99.196672296000088, 6.577097315 ], [ 99.196809115000121, 6.577597002000061 ], [ 99.196969729000102, 6.578025304000164 ], [ 99.197249316000011, 6.578209712000103 ], [ 99.197624081000072, 6.578388172000132 ], [ 99.197975051000128, 6.578364378000117 ], [ 99.198415251000142, 6.578043150000042 ], [ 99.198437108000064, 6.578010697000082 ], [ 99.198611557000049, 6.577751667000143 ], [ 99.198712683000053, 6.577549412000053 ], [ 99.198587763000035, 6.576871266000069 ], [ 99.198486635000165, 6.576425116999985 ], [ 99.198462841000151, 6.576139581000177 ], [ 99.198409303000176, 6.575854046000075 ], [ 99.198349816000132, 6.575598254000056 ], [ 99.198365269000078, 6.575561167000103 ], [ 99.19843904600009, 6.575384103000033 ], [ 99.198694838000108, 6.575193745999968 ], [ 99.198944681000057, 6.575152106000075 ], [ 99.19946816200013, 6.575378154000134 ], [ 99.200074925000138, 6.575752918999967 ], [ 99.200378306000118, 6.575949225000045 ], [ 99.200764969000033, 6.576086044000078 ], [ 99.201002915000174, 6.576109839000026 ], [ 99.201258707000022, 6.576050352000152 ], [ 99.201490705000026, 6.575943276000032 ], [ 99.201698907000036, 6.575859995000144 ], [ 99.201960648000124, 6.57583025200006 ], [ 99.202258080000036, 6.575913533000119 ], [ 99.202597154000046, 6.576109838000093 ], [ 99.202888638000161, 6.576080095000066 ], [ 99.203049251000039, 6.575919482000188 ], [ 99.203138481000167, 6.575663690000169 ], [ 99.203144823000116, 6.575543195000023 ], [ 99.203150379000078, 6.575437641000178 ], [ 99.20320986500019, 6.575152105000029 ], [ 99.203399098000148, 6.574920821000035 ], [ 99.203424017000145, 6.574890365000044 ], [ 99.203840422000042, 6.57476544300016 ], [ 99.204191393000201, 6.574705957000049 ], [ 99.204887386000166, 6.57467026400019 ], [ 99.205149126000151, 6.574646470000175 ], [ 99.205351380000195, 6.574688110000068 ], [ 99.205607172000043, 6.574914159000059 ], [ 99.206309113000088, 6.575277027000027 ], [ 99.206832595000094, 6.575419794000027 ], [ 99.207141925000087, 6.575550665000094 ], [ 99.207724892000101, 6.575925430000154 ], [ 99.208206733000111, 6.576205017000063 ], [ 99.208587447000127, 6.576639268000065 ], [ 99.208932468000171, 6.576936701000022 ], [ 99.209455950000176, 6.577275775000032 ], [ 99.209717691000037, 6.577162750000184 ], [ 99.209943740000199, 6.576901009000096 ], [ 99.21014599300014, 6.576395374000128 ], [ 99.210295891000101, 6.575710128000082 ], [ 99.210312556000133, 6.575633947000085 ], [ 99.210369652000111, 6.575448877000042 ], [ 99.21048506700015, 6.575074772999983 ], [ 99.210621886000183, 6.574896314000057 ], [ 99.21096095900009, 6.574771391000127 ], [ 99.211662900000135, 6.574694059000137 ], [ 99.212388636000185, 6.574759494000091 ], [ 99.213090576000127, 6.574890364000112 ], [ 99.213423701000067, 6.574943903000189 ], [ 99.213691390000122, 6.575015287000042 ], [ 99.213953131000039, 6.575169951000078 ], [ 99.214078053000037, 6.575378154000134 ], [ 99.214137540000081, 6.575645843000189 ], [ 99.214274359000115, 6.575848097000062 ], [ 99.214482562000057, 6.575949224000169 ], [ 99.214649124000118, 6.575883790000034 ], [ 99.21470266200015, 6.575770765000016 ], [ 99.214714559000129, 6.575580408000178 ], [ 99.214792091000163, 6.575415007000061 ], [ 99.214803789000086, 6.575390052000046 ], [ 99.214951885000062, 6.575194182000189 ], [ 99.214988197000025, 6.575146157000063 ], [ 99.215303476000088, 6.574991492000152 ], [ 99.215594960000089, 6.574967698000137 ], [ 99.215922135000028, 6.575033132000044 ], [ 99.216207670000131, 6.575098568000101 ], [ 99.216505103000145, 6.575199694000105 ], [ 99.216879869000081, 6.575229438000122 ], [ 99.217320069000095, 6.575288924000063 ], [ 99.217647244000034, 6.575431692000109 ], [ 99.217801910000048, 6.575526870000033 ], [ 99.218212366000103, 6.575633945999982 ], [ 99.218628772000102, 6.57572317600011 ], [ 99.218902410000169, 6.575848097000062 ], [ 99.21908681900004, 6.575925430000154 ], [ 99.219312868000031, 6.576097941000114 ], [ 99.219449687000065, 6.576389425000059 ], [ 99.219604352000147, 6.576609525000151 ], [ 99.219764965000195, 6.576978342000018 ], [ 99.219794708000109, 6.577162750000184 ], [ 99.219931527000142, 6.577483977000043 ], [ 99.220014809000077, 6.577626744000042 ], [ 99.220145679000098, 6.57775166600004 ], [ 99.220336036000106, 6.577882537000164 ], [ 99.220585879000112, 6.577900383000042 ], [ 99.220645365000053, 6.577745718000131 ], [ 99.220496648999983, 6.577329312000131 ], [ 99.220455008000044, 6.577019982000081 ], [ 99.220562085000097, 6.576829625000073 ], [ 99.221032028000138, 6.576359681999975 ], [ 99.221406793000142, 6.576056300000118 ], [ 99.221549560000142, 6.575949225000045 ], [ 99.221775609000133, 6.575907584000049 ], [ 99.222192015000132, 6.575961122000081 ], [ 99.22291180100018, 6.57621096500003 ], [ 99.223578051000061, 6.576657114000113 ], [ 99.224000405000197, 6.576954547000128 ], [ 99.224506041000097, 6.577085418000024 ], [ 99.224815371000091, 6.577228185000024 ], [ 99.225071163000109, 6.577430440000114 ], [ 99.225253966000082, 6.577554902000145 ], [ 99.225784673000192, 6.577994442999966 ], [ 99.22586580400008, 6.57821079200005 ], [ 99.225990204000084, 6.578416323000056 ], [ 99.226260639000145, 6.578605628000048 ], [ 99.226531074000036, 6.578778706000151 ], [ 99.226774466000109, 6.579297942000096 ], [ 99.226909683000201, 6.579438568 ], [ 99.227153075000103, 6.579546742000105 ], [ 99.227547911000045, 6.579573786000026 ], [ 99.228056330000129, 6.579649508000045 ], [ 99.228310538000187, 6.57977390800005 ], [ 99.228526887000044, 6.579876673000115 ], [ 99.228856817000178, 6.58001189100014 ], [ 99.229446367000094, 6.580255282999985 ], [ 99.229998055000124, 6.580444587000045 ], [ 99.23040370800004, 6.580541944000174 ], [ 99.231198788000086, 6.580898919000163 ], [ 99.231490858000086, 6.580958415000111 ], [ 99.23162066600014, 6.580920553000169 ], [ 99.231709858999977, 6.580833068000118 ], [ 99.231724736000047, 6.580768600000113 ], [ 99.231763397000179, 6.580601071 ], [ 99.23182288300012, 6.580297690000066 ], [ 99.231849934000138, 6.580186307000133 ], [ 99.231924010000057, 6.579881284000066 ], [ 99.231924010000057, 6.579708773000107 ], [ 99.231828832000133, 6.579589800000122 ], [ 99.231674167000051, 6.579452981000031 ], [ 99.231626578000146, 6.579304265000189 ], [ 99.231674167000051, 6.57912580500016 ], [ 99.231787191000194, 6.578977089000091 ], [ 99.232037034000143, 6.578834322000091 ], [ 99.232459389000041, 6.578620169999965 ], [ 99.232923384000117, 6.578400069000168 ], [ 99.233625324000116, 6.578162124000073 ], [ 99.234291574000167, 6.577989613000113 ], [ 99.23491023400004, 6.577912280000021 ], [ 99.235409920000166, 6.57782305000012 ], [ 99.23587391500007, 6.577710025999977 ], [ 99.236177297000154, 6.57765053900016 ], [ 99.236344908000092, 6.577699037000059 ], [ 99.236489292000101, 6.57777123000011 ], [ 99.2365043100001, 6.577778739000109 ], [ 99.236537032000172, 6.577800321000097 ], [ 99.236712419000185, 6.577916002000165 ], [ 99.23683639900014, 6.578115256000103 ], [ 99.236955951000084, 6.578318937 ], [ 99.23708435900005, 6.578637742000183 ], [ 99.237155205000079, 6.578890130000104 ], [ 99.23726147300016, 6.579027393 ], [ 99.237447442000189, 6.57910709500004 ], [ 99.237700236000137, 6.579134318000058 ], [ 99.237735253000096, 6.579138089000139 ], [ 99.237921223, 6.579279781000139 ], [ 99.237962383000081, 6.579367068000124 ], [ 99.238178038000058, 6.579824406000171 ], [ 99.238355152000111, 6.580059083000094 ], [ 99.238642962000142, 6.580289331000131 ], [ 99.238842216000137, 6.580364604000067 ], [ 99.238975052000114, 6.58038674300002 ], [ 99.239021118000153, 6.580380294000122 ], [ 99.239049089000105, 6.580376378000153 ], [ 99.239196444000129, 6.580355749000148 ], [ 99.239231171000029, 6.580339028000083 ], [ 99.239291376000153, 6.580310041000075 ], [ 99.239380641000139, 6.58024628000004 ], [ 99.239508542000181, 6.580154922000133 ], [ 99.239698899000189, 6.580095435000089 ], [ 99.239722043000143, 6.580100776999984 ], [ 99.2398535640001, 6.580131127000016 ], [ 99.239944187000049, 6.580217435000066 ], [ 99.240103407000106, 6.580369074000089 ], [ 99.240128290000143, 6.580439893000175 ], [ 99.240132425000184, 6.580451663000076 ], [ 99.240180740000199, 6.580589174000181 ], [ 99.240139099000032, 6.580916350000052 ], [ 99.240163583000083, 6.581124463000151 ], [ 99.240174791000129, 6.581219731000033 ], [ 99.240264021000087, 6.581481472000121 ], [ 99.240418686000169, 6.581665880000116 ], [ 99.240674001000059, 6.581760880000161 ], [ 99.240674478000187, 6.581761058000154 ], [ 99.240754986000127, 6.581774306 ], [ 99.241144421000058, 6.581838391000076 ], [ 99.241334778000123, 6.581856236000021 ], [ 99.241359288000183, 6.581847239000069 ], [ 99.241804722000097, 6.581683726000165 ], [ 99.242024822000189, 6.581421985000077 ], [ 99.242167589000189, 6.581279216999974 ], [ 99.242387689999987, 6.581207833000121 ], [ 99.242643482000062, 6.581201885000155 ], [ 99.242738472000099, 6.581278403999988 ], [ 99.242857634000188, 6.581374396000115 ], [ 99.243339474000095, 6.581618291000154 ], [ 99.243654753000158, 6.581850288000055 ], [ 99.243796269000143, 6.581870189000028 ], [ 99.243809770000098, 6.581872087000022 ], [ 99.244035467000174, 6.581903826000087 ], [ 99.244297208000091, 6.581903826000087 ], [ 99.244808792000129, 6.582034696000051 ], [ 99.245046737, 6.582135823000158 ], [ 99.245302530000117, 6.582123926000179 ], [ 99.245540476000087, 6.582052542000099 ], [ 99.245551577000072, 6.58203219 ], [ 99.245647552000094, 6.581856237000125 ], [ 99.245724884000083, 6.581749161000175 ], [ 99.245843857000068, 6.581725366000057 ], [ 99.246016368000028, 6.581749161000175 ], [ 99.246182930000145, 6.581903826000087 ], [ 99.246231174000059, 6.582061423000027 ], [ 99.246272160000046, 6.582195310000031 ], [ 99.24638058700009, 6.58240167200006 ], [ 99.246409449000168, 6.58245660200015 ], [ 99.24651765800013, 6.582589489000043 ], [ 99.246539757000107, 6.582616628999972 ], [ 99.246607164000068, 6.58265279900013 ], [ 99.246833297000023, 6.582774139000037 ], [ 99.246861368000168, 6.582789201000026 ], [ 99.246895028000097, 6.582799860000137 ], [ 99.24702161099998, 6.58283994500016 ], [ 99.247096693000174, 6.582863721000024 ], [ 99.247257975000196, 6.582854416000032 ], [ 99.247288900000171, 6.582852632000083 ], [ 99.247504589000187, 6.582840188000091 ], [ 99.247830122000039, 6.582765669000082 ], [ 99.248088980000091, 6.582597019000161 ], [ 99.248156495000103, 6.582454689000087 ], [ 99.248234097000136, 6.582291097000052 ], [ 99.248430202000122, 6.582142057000169 ], [ 99.248540736, 6.582133715000168 ], [ 99.248638072000062, 6.582126369000093 ], [ 99.248908695000182, 6.582098915000131 ], [ 99.249175397000045, 6.582083226000179 ], [ 99.249340125000174, 6.582071460000066 ], [ 99.2494813200002, 6.581977330000086 ], [ 99.249559979000082, 6.581901696000045 ], [ 99.24968192700004, 6.581784438000113 ], [ 99.249685268, 6.581781226000032 ], [ 99.249699172000135, 6.581762883000067 ] ] ], [ [ [ 99.718904644000077, 6.581604262000155 ], [ 99.718754724000121, 6.581513439 ], [ 99.718456895000088, 6.581595272000129 ], [ 99.718228947000057, 6.581895265000185 ], [ 99.717989664000015, 6.582195235000086 ], [ 99.71791086200011, 6.582424870000182 ], [ 99.717970702000059, 6.582769062000068 ], [ 99.718098793000081, 6.583009147000155 ], [ 99.718224909000071, 6.583031607 ], [ 99.718534704000035, 6.583018154000058 ], [ 99.718855616000099, 6.582878607000168 ], [ 99.718932995000046, 6.582430181000177 ], [ 99.718975211000156, 6.581925278000085 ], [ 99.718904644000077, 6.581604262000155 ] ] ], [ [ [ 99.457609198000057, 6.578522851 ], [ 99.457310678000056, 6.578478443000051 ], [ 99.456840292000038, 6.578504325999972 ], [ 99.456543648000036, 6.578690042000062 ], [ 99.456166769, 6.578899544000024 ], [ 99.45563994600019, 6.578995028000065 ], [ 99.455205267000053, 6.579124322000155 ], [ 99.454702314000087, 6.579345833000048 ], [ 99.454188067000075, 6.579579249 ], [ 99.454016250000166, 6.579648950000035 ], [ 99.45386887900014, 6.579833939000139 ], [ 99.453723476000107, 6.580352503000029 ], [ 99.45366834500004, 6.580674833000103 ], [ 99.453546080000137, 6.581135727 ], [ 99.453423276000137, 6.581607913000028 ], [ 99.453288516000157, 6.582011167000132 ], [ 99.45318821, 6.582368551000059 ], [ 99.453042114000198, 6.58273731200012 ], [ 99.45287226500011, 6.583094763000133 ], [ 99.452634605000128, 6.583498661000135 ], [ 99.452442110000106, 6.58381036600008 ], [ 99.452283420000128, 6.584018555000171 ], [ 99.451975551000146, 6.584296432000144 ], [ 99.451759778000167, 6.584516011000119 ], [ 99.451475080000023, 6.584770665000065 ], [ 99.4512010360001, 6.584967664000089 ], [ 99.450916904000053, 6.585233651000181 ], [ 99.450746984000034, 6.585522150000145 ], [ 99.450646089000088, 6.585845039000105 ], [ 99.450693130000161, 6.585994279000033 ], [ 99.451027514000145, 6.586268161000135 ], [ 99.451269663000176, 6.586450572000047 ], [ 99.4516497850002, 6.58666676100006 ], [ 99.452017409000064, 6.586825309000062 ], [ 99.452363020000121, 6.58701889300005 ], [ 99.452650974000164, 6.587212558000033 ], [ 99.453076318000171, 6.58739365800011 ], [ 99.453548671000078, 6.58770135400016 ], [ 99.453962674000138, 6.587894350000113 ], [ 99.454308307000076, 6.588110566000069 ], [ 99.454756784000153, 6.588269043000139 ], [ 99.455168872000115, 6.588186116000088 ], [ 99.455407825000123, 6.587943357000029 ], [ 99.455919551000136, 6.587422746000186 ], [ 99.456350297000085, 6.586753529000134 ], [ 99.456735278000053, 6.586072457000114 ], [ 99.457097670000053, 6.585449644000164 ], [ 99.457459437000011, 6.584757297000181 ], [ 99.457707713000161, 6.584226780000051 ], [ 99.457830524000087, 6.583765892000145 ], [ 99.457848578000153, 6.583087410000132 ], [ 99.457833346000143, 6.582512452000174 ], [ 99.457919769000114, 6.581810755000106 ], [ 99.458019378000074, 6.581303536000121 ], [ 99.458346155000015, 6.58067112700013 ], [ 99.458357867000132, 6.580519603000027 ], [ 99.458401760000129, 6.580300776000115 ], [ 99.458377211000141, 6.580036206999978 ], [ 99.458237974000042, 6.579876311000078 ], [ 99.458087999000156, 6.57968140100013 ], [ 99.458029671000133, 6.579589865 ], [ 99.457971335000082, 6.579451970000036 ], [ 99.45795871700011, 6.579268242000126 ], [ 99.457887173000074, 6.578946620000181 ], [ 99.457817458000079, 6.578762948000076 ], [ 99.457609198000057, 6.578522851 ] ] ], [ [ [ 99.699828043000025, 6.612273051000102 ], [ 99.700092023000025, 6.612237072000028 ], [ 99.700448234000135, 6.612258059999988 ], [ 99.700884093000013, 6.612243853000166 ], [ 99.701055209000174, 6.612093259000119 ], [ 99.701134000000195, 6.611840422000057 ], [ 99.701144470000145, 6.611645375000023 ], [ 99.701119135000113, 6.61131240300017 ], [ 99.70111907, 6.611266605000139 ], [ 99.70120852600013, 6.610956109000028 ], [ 99.701253521000069, 6.610783653000112 ], [ 99.701297064000187, 6.610392930000046 ], [ 99.701192190000199, 6.610198561000061 ], [ 99.70103084100009, 6.610050108999985 ], [ 99.700776694000126, 6.609833947000084 ], [ 99.700603429000068, 6.609639707000156 ], [ 99.700521726000147, 6.609456643000101 ], [ 99.700612601000103, 6.609341218000054 ], [ 99.700785057000189, 6.609351684000046 ], [ 99.700865351000061, 6.609351016000176 ], [ 99.700945545000138, 6.609281949000035 ], [ 99.701059575000158, 6.609166449999975 ], [ 99.701092632000154, 6.608959475000177 ], [ 99.701091228000053, 6.608775746000163 ], [ 99.701089836999984, 6.60858071500013 ], [ 99.701089006000188, 6.608385678000047 ], [ 99.701145384000085, 6.608270269000172 ], [ 99.701248181000153, 6.608201129000122 ], [ 99.701443156000039, 6.608153951000133 ], [ 99.701569162000112, 6.608095534000029 ], [ 99.701705763000177, 6.607957398000167 ], [ 99.701738838000153, 6.607739127000116 ], [ 99.7016907900001, 6.607349087000159 ], [ 99.701803428000176, 6.607038592000151 ], [ 99.701836453000112, 6.606808425 ], [ 99.701788618000194, 6.606567666000103 ], [ 99.701639243000159, 6.60647684300011 ], [ 99.701374647000137, 6.606467031000022 ], [ 99.701285288000122, 6.606846513000164 ], [ 99.701195785000039, 6.607145157000161 ], [ 99.700932626000053, 6.607341705000067 ], [ 99.700715782000032, 6.607515552000166 ], [ 99.700582085000065, 6.6081359370001 ], [ 99.700376553000126, 6.608321107000108 ], [ 99.699999177000166, 6.608529672999964 ], [ 99.699887395000189, 6.609058429000015 ], [ 99.699842371000159, 6.609185132000107 ], [ 99.699614222000037, 6.60938159900013 ], [ 99.699431949000143, 6.609635167000135 ], [ 99.699445421000178, 6.609968121000179 ], [ 99.699469347000047, 6.610094171000128 ], [ 99.699378556000056, 6.610244097000077 ], [ 99.699070867000103, 6.61057865000015 ], [ 99.698980895000147, 6.610912337000116 ], [ 99.698983063000128, 6.611244755000087 ], [ 99.699054239000134, 6.611611565000089 ], [ 99.699205654000139, 6.611943767000184 ], [ 99.699436566000088, 6.612102869000012 ], [ 99.699828043000025, 6.612273051000102 ] ] ], [ [ [ 99.689621479000039, 6.616007285000137 ], [ 99.689287671000102, 6.615848318000076 ], [ 99.688966696000136, 6.615965242000129 ], [ 99.688774456000033, 6.616356692000181 ], [ 99.688580918000184, 6.616644738000048 ], [ 99.688342274000149, 6.617002377000063 ], [ 99.688045929000054, 6.617348211000092 ], [ 99.687817914000107, 6.617648153 ], [ 99.687636990000044, 6.618050928000059 ], [ 99.687592669000196, 6.618292402000122 ], [ 99.687652552000088, 6.618670534000159 ], [ 99.687792033, 6.618945661999987 ], [ 99.687897663000058, 6.61928923500011 ], [ 99.687980786000082, 6.619725016000189 ], [ 99.688097131, 6.620022781000046 ], [ 99.688237912000034, 6.62043529500005 ], [ 99.688354779, 6.620733096000095 ], [ 99.688355515000069, 6.620859138000071 ], [ 99.688483769000072, 6.621191382000177 ], [ 99.688554128000078, 6.621374455000137 ], [ 99.688521126000012, 6.62162722700009 ], [ 99.688522631000069, 6.621914403000062 ], [ 99.688627521000058, 6.622120075 ], [ 99.68871978300001, 6.622200199000076 ], [ 99.688823298000159, 6.622245292000173 ], [ 99.688892255000098, 6.622222043000079 ], [ 99.689085158000182, 6.621876316 ], [ 99.689392691000137, 6.621438319000106 ], [ 99.689470128000039, 6.621036250000145 ], [ 99.689594588000034, 6.620691209000086 ], [ 99.689753760000031, 6.620472207000091 ], [ 99.689843836000023, 6.620207506000156 ], [ 99.689934588000085, 6.620000451000124 ], [ 99.690094355999975, 6.619838541000092 ], [ 99.690161308000199, 6.619597066999972 ], [ 99.690182299000071, 6.619264024000074 ], [ 99.690328786, 6.618873160000021 ], [ 99.690361794000069, 6.618631727000036 ], [ 99.690303344000029, 6.618482571000129 ], [ 99.690119524000124, 6.618426289000126 ], [ 99.689912553000113, 6.618404528000156 ], [ 99.689727313999981, 6.618130581000173 ], [ 99.689644281000142, 6.617786379999984 ], [ 99.689596981000136, 6.61749982200007 ], [ 99.689618836000079, 6.617361857000162 ], [ 99.68967438500016, 6.617074598999977 ], [ 99.689707403000057, 6.616810531000169 ], [ 99.689705217000039, 6.616466224000021 ], [ 99.689703181000027, 6.616224838000107 ], [ 99.689621479000039, 6.616007285000137 ] ] ], [ [ [ 99.693162405000066, 6.638682895000159 ], [ 99.692997644000059, 6.638109888999963 ], [ 99.692711074000158, 6.638169081000115 ], [ 99.692528679000077, 6.638342330000114 ], [ 99.692302842000117, 6.638986578000129 ], [ 99.692202212000154, 6.639389240000071 ], [ 99.692077686000118, 6.639688485000022 ], [ 99.691873493, 6.64004549100008 ], [ 99.691714335000199, 6.640253193000035 ], [ 99.691577236000114, 6.640437676000147 ], [ 99.691395485000101, 6.640679909000028 ], [ 99.691271019999988, 6.64102494500014 ], [ 99.691238596000176, 6.641289009000104 ], [ 99.691400621000184, 6.641517760000113 ], [ 99.691632326000047, 6.641837958000167 ], [ 99.691840086000184, 6.642020290000175 ], [ 99.692025153000145, 6.642168717000061 ], [ 99.692267413000138, 6.642350444000101 ], [ 99.692486990000077, 6.642503896 ], [ 99.692682901000012, 6.642692433999969 ], [ 99.692984280000189, 6.643104159000018 ], [ 99.69322792700018, 6.643481474000055 ], [ 99.693598353000084, 6.643950197000038 ], [ 99.693977939000092, 6.644085353000037 ], [ 99.694241883000075, 6.644003541000188 ], [ 99.694400967000092, 6.643750081000178 ], [ 99.69444603900007, 6.643623337000179 ], [ 99.694444612000041, 6.643428310000104 ], [ 99.694396021000045, 6.643049615000166 ], [ 99.694209319000038, 6.642556881000075 ], [ 99.693966397000167, 6.642294347000188 ], [ 99.693460719000086, 6.64217123200001 ], [ 99.693138306000151, 6.642058643000041 ], [ 99.692837651000048, 6.6417729960001 ], [ 99.692744624000056, 6.641544153000098 ], [ 99.692650218000097, 6.641154182000093 ], [ 99.692647315000102, 6.640695130000097 ], [ 99.692701532000058, 6.640247295999984 ], [ 99.692745093000042, 6.639867877000142 ], [ 99.692926732000046, 6.639545392 ], [ 99.693004883000185, 6.639234912000063 ], [ 99.69310678700009, 6.638947558000098 ], [ 99.693162405000066, 6.638682895000159 ] ] ], [ [ [ 99.834197900999982, 6.653957004000119 ], [ 99.834203300000183, 6.65379402200017 ], [ 99.834196016000135, 6.65373638300008 ], [ 99.834208983000053, 6.653664982000123 ], [ 99.834235768000042, 6.653620616000012 ], [ 99.834303327000043, 6.653579279000041 ], [ 99.834357365000074, 6.653544855000064 ], [ 99.834391085000163, 6.653517399000123 ], [ 99.834410936000154, 6.653456123000183 ], [ 99.834406872000159, 6.653378094 ], [ 99.834389136000084, 6.65329 ], [ 99.834340790000169, 6.653195397000104 ], [ 99.834251317000167, 6.653057034000085 ], [ 99.834141390000013, 6.652908678000074 ], [ 99.834109693000187, 6.652860847000113 ], [ 99.834007231000044, 6.652706235000153 ], [ 99.833975717000101, 6.652594517000125 ], [ 99.833950963000177, 6.652479344000085 ], [ 99.833970985000065, 6.652438438000104 ], [ 99.833994227, 6.652377139000066 ], [ 99.834015430000079, 6.652302733000113 ], [ 99.834027192000178, 6.652261453999984 ], [ 99.834032882000088, 6.652132443000085 ], [ 99.834018517000061, 6.652040942000042 ], [ 99.834009986000183, 6.651837397000179 ], [ 99.834015412000099, 6.651677852000034 ], [ 99.833986997000125, 6.651532178000082 ], [ 99.833893539000201, 6.651322624000159 ], [ 99.833814002000111, 6.651153663000116 ], [ 99.833696957000143, 6.650964689000091 ], [ 99.833586990000185, 6.650809581000033 ], [ 99.83348723600011, 6.650657778000038 ], [ 99.833394362000035, 6.650516098000026 ], [ 99.833308250000186, 6.650370964999979 ], [ 99.833242679000193, 6.650246006000032 ], [ 99.833211812000059, 6.650208962000022 ], [ 99.833157324000126, 6.650189091000072 ], [ 99.833120013000155, 6.650192818000107 ], [ 99.833083015000113, 6.650233863000039 ], [ 99.833056663000093, 6.650329100000022 ], [ 99.833025281000118, 6.650631363000059 ], [ 99.832956642000056, 6.650944149000168 ], [ 99.83293753900017, 6.651093624 ], [ 99.8329012330002, 6.651216108000028 ], [ 99.832864175000111, 6.651250372 ], [ 99.832860330000074, 6.651270478000072 ], [ 99.832857674000024, 6.65128436599997 ], [ 99.832901952000157, 6.651300935000052 ], [ 99.832952876000093, 6.651300482000067 ], [ 99.832993674000079, 6.651306905000183 ], [ 99.833024429000091, 6.651330384000062 ], [ 99.833031421000101, 6.651354076000075 ], [ 99.833028286000115, 6.651384644000132 ], [ 99.833008119000169, 6.651408579000076 ], [ 99.832943988000068, 6.65145326600009 ], [ 99.832862825, 6.651491320000048 ], [ 99.832744458000093, 6.651546672 ], [ 99.832680354000104, 6.651594751000175 ], [ 99.832629888000042, 6.65164950000019 ], [ 99.832597587000123, 6.651687047000166 ], [ 99.832582817000116, 6.651704216000098 ], [ 99.832552636, 6.651748601000122 ], [ 99.832546104000187, 6.65177920300016 ], [ 99.832552488000033, 6.65181558800009 ], [ 99.83255323800006, 6.651819861000149 ], [ 99.832588080000107, 6.651924753000117 ], [ 99.832615643000167, 6.651972020000017 ], [ 99.832632878000084, 6.652002408000044 ], [ 99.832646603000057, 6.652019253000105 ], [ 99.832657045000076, 6.652049704000092 ], [ 99.832653852000078, 6.652073490000078 ], [ 99.832626977000075, 6.652107666000063 ], [ 99.832569316000161, 6.652114968000149 ], [ 99.832438570000193, 6.652113868000072 ], [ 99.83239138800019, 6.652113471000121 ], [ 99.832293365000169, 6.652112062000072 ], [ 99.831964397000093, 6.652114038999969 ], [ 99.831932602000052, 6.65213350099998 ], [ 99.831907352000087, 6.652169954000101 ], [ 99.831777043000045, 6.652371787000163 ], [ 99.831757589000063, 6.652473750000183 ], [ 99.831760671000154, 6.652496735 ], [ 99.831772129, 6.652582194000104 ], [ 99.831806814000117, 6.652666706000161 ], [ 99.831821202000071, 6.652758188000064 ], [ 99.831815262000134, 6.652853245000017 ], [ 99.831789508000099, 6.653009551000025 ], [ 99.831766542000196, 6.653097974000104 ], [ 99.831753725000112, 6.653182913000137 ], [ 99.831733910000139, 6.653244163000068 ], [ 99.831724457000178, 6.653325680000137 ], [ 99.831665677999979, 6.653584074000037 ], [ 99.831714675000057, 6.65378367 ], [ 99.831790355000123, 6.653898358999982 ], [ 99.831869122000114, 6.653979089000131 ], [ 99.831995187000189, 6.654035644000089 ], [ 99.83212650300004, 6.654043253999987 ], [ 99.832292284000175, 6.654036124000129 ], [ 99.832421812000064, 6.654032916 ], [ 99.83245904600011, 6.654059302000064 ], [ 99.832481904000019, 6.654087875000073 ], [ 99.832509019000042, 6.654156575000059 ], [ 99.832535215000121, 6.654211011000086 ], [ 99.832561168000041, 6.654236506000188 ], [ 99.832599852000044, 6.654245809000145 ], [ 99.832664191000106, 6.654245235000076 ], [ 99.832738014000086, 6.654225278000126 ], [ 99.832834167000158, 6.65418261200017 ], [ 99.832891712, 6.654140289000111 ], [ 99.832917315000088, 6.65412398400008 ], [ 99.832939615000157, 6.654098056000066 ], [ 99.832961970000156, 6.654078563000155 ], [ 99.83298421, 6.654046202000075 ], [ 99.832990427000084, 6.654020421000155 ], [ 99.833006380000086, 6.654004200000145 ], [ 99.833038434000059, 6.653991049000012 ], [ 99.833080256000187, 6.653990676000092 ], [ 99.833272291000128, 6.654029426000079 ], [ 99.833404431000076, 6.654050857000186 ], [ 99.833494746000156, 6.654031204999967 ], [ 99.833551036000017, 6.654000550000035 ], [ 99.833588478000138, 6.653970068000149 ], [ 99.833618544000103, 6.653958493000175 ], [ 99.833660013000099, 6.653958123000166 ], [ 99.833693909000033, 6.653954050999971 ], [ 99.833724102000133, 6.653957551000076 ], [ 99.833743048000088, 6.653978044000098 ], [ 99.833750215000066, 6.654022108000049 ], [ 99.833757703000174, 6.654103510000027 ], [ 99.833781818000148, 6.654144030000168 ], [ 99.833857331000047, 6.654238404000182 ], [ 99.833915491000084, 6.654288803000156 ], [ 99.833954811000126, 6.654294993000121 ], [ 99.83399710100008, 6.654301652000072 ], [ 99.834068379000144, 6.654297618999976 ], [ 99.834098764000032, 6.654276979000088 ], [ 99.834125699000083, 6.654249584000183 ], [ 99.83415234000006, 6.654188242000089 ], [ 99.834182231000113, 6.654109899000105 ], [ 99.834197900999982, 6.653957004000119 ] ] ], [ [ [ 99.692053926000142, 6.651006733000031 ], [ 99.691915919000166, 6.650973588000056 ], [ 99.691778637000198, 6.651054578000185 ], [ 99.691492886000049, 6.651308848000042 ], [ 99.691333697000118, 6.651493367000114 ], [ 99.691094401000043, 6.651816521000057 ], [ 99.69108532000007, 6.652184 ], [ 99.691144447999989, 6.652412884000114 ], [ 99.691100142000096, 6.652688828 ], [ 99.690963702000147, 6.652953594000053 ], [ 99.69097771700018, 6.653275284000074 ], [ 99.691105289000063, 6.653538537000088 ], [ 99.691222827, 6.65388212199997 ], [ 99.691246119000141, 6.653973642000096 ], [ 99.691269443000124, 6.654065796999987 ], [ 99.691362998000159, 6.654271441000162 ], [ 99.691409538000073, 6.6543748200001 ], [ 99.691537020000169, 6.654569123000101 ], [ 99.691663790000177, 6.654648676000022 ], [ 99.691823565000163, 6.654486766000105 ], [ 99.691982678999977, 6.654245125000102 ], [ 99.692141074000062, 6.653888177000056 ], [ 99.692150026000093, 6.653428521000023 ], [ 99.692111985000054, 6.652912420000064 ], [ 99.69216759800014, 6.652636468000139 ], [ 99.692327374000172, 6.652474553000161 ], [ 99.692624517000183, 6.652289253000106 ], [ 99.692773005000049, 6.652139216000023 ], [ 99.692736296000078, 6.651749200000097 ], [ 99.692563140000175, 6.651669746999971 ], [ 99.69247077000017, 6.651521193000121 ], [ 99.692389140000159, 6.6513607280001 ], [ 99.692308144000037, 6.651257949000012 ], [ 99.692192597000144, 6.651120734000131 ], [ 99.692053926000142, 6.651006733000031 ] ] ], [ [ [ 99.877081420000195, 6.654501616000061 ], [ 99.876689466000073, 6.654416397000034 ], [ 99.876264875000061, 6.6544233730001 ], [ 99.875876717000097, 6.654578369000149 ], [ 99.875528079, 6.65501994300007 ], [ 99.875340630000039, 6.655482124000059 ], [ 99.875459831000057, 6.655754960000024 ], [ 99.875775990000193, 6.656116778000126 ], [ 99.875951821000058, 6.656124398999964 ], [ 99.876202503000059, 6.656236430000092 ], [ 99.876363031000153, 6.656222035000042 ], [ 99.876556782000137, 6.656115986000088 ], [ 99.876850235000177, 6.655813004000038 ], [ 99.877130529000056, 6.655406591000087 ], [ 99.877248945000133, 6.654923045000032 ], [ 99.877186803000143, 6.654625803000158 ], [ 99.877081420000195, 6.654501616000061 ] ] ], [ [ [ 99.691478520000146, 6.656406575000062 ], [ 99.691282842000078, 6.656361640000171 ], [ 99.691042782000125, 6.656535522000127 ], [ 99.690791417000185, 6.65670886700002 ], [ 99.690690080000081, 6.657031270000118 ], [ 99.690543629000103, 6.657456598000181 ], [ 99.690499413, 6.657767026999977 ], [ 99.690638860000092, 6.658007107000117 ], [ 99.690811300000178, 6.657995003000053 ], [ 99.691028085000085, 6.657764031999989 ], [ 99.691176607000102, 6.657636626000112 ], [ 99.691368828000122, 6.65722254200017 ], [ 99.691470870000046, 6.657003617000044 ], [ 99.69156096200004, 6.656715719000033 ], [ 99.691616561000103, 6.65646291600018 ], [ 99.691582015000051, 6.656429062000029 ], [ 99.691478520000146, 6.656406575000062 ] ] ], [ [ [ 99.850468351000075, 6.667891888000099 ], [ 99.850393039000096, 6.66789013500005 ], [ 99.850364142000103, 6.667896083000187 ], [ 99.850233040000091, 6.667909235000025 ], [ 99.849854629000106, 6.667921182000043 ], [ 99.849747316000048, 6.66792325 ], [ 99.849468757000182, 6.667972671000086 ], [ 99.849267443000201, 6.668053963000091 ], [ 99.84918659300007, 6.668116224000187 ], [ 99.849137731000155, 6.668169014000114 ], [ 99.849109547000126, 6.668201065000176 ], [ 99.849092663000135, 6.668236860000036 ], [ 99.849092734000067, 6.668278274000102 ], [ 99.849098316000152, 6.668296302000158 ], [ 99.849100306000139, 6.668302732000143 ], [ 99.849134513000024, 6.668335114000172 ], [ 99.849138022000091, 6.668338434000077 ], [ 99.849200180000082, 6.668353386999968 ], [ 99.849454015, 6.668331439000156 ], [ 99.84958040700019, 6.668301906000067 ], [ 99.849704643000166, 6.668288516000018 ], [ 99.850212865000117, 6.668219873000112 ], [ 99.850379136000072, 6.668190411000182 ], [ 99.850446461000047, 6.668169934 ], [ 99.850544088000049, 6.668140239000138 ], [ 99.850608055000123, 6.668111893000059 ], [ 99.850649405000183, 6.668072289000179 ], [ 99.850671920000138, 6.668027073000189 ], [ 99.85067374200014, 6.667991303000065 ], [ 99.850668051000127, 6.66796684100018 ], [ 99.850630336999984, 6.667931141000054 ], [ 99.850592655000071, 6.667916145000049 ], [ 99.850575086000163, 6.667910099000096 ], [ 99.850543673000118, 6.667899287000068 ], [ 99.850468351000075, 6.667891888000099 ] ] ], [ [ [ 99.689356221000139, 6.669186358000104 ], [ 99.689493625000125, 6.669185606000042 ], [ 99.689723892000075, 6.669264426000154 ], [ 99.689918941000144, 6.669251705000079 ], [ 99.689987856000073, 6.669193956000186 ], [ 99.690306039000177, 6.668675665000023 ], [ 99.690565792000086, 6.668030803000136 ], [ 99.690722637000192, 6.667387205000182 ], [ 99.690936525000154, 6.666697171000067 ], [ 99.691137823000076, 6.66588055200009 ], [ 99.691396830000087, 6.665098313000158 ], [ 99.69136008900017, 6.664719571000091 ], [ 99.691001035000113, 6.664285317 ], [ 99.690860796000152, 6.663896007000119 ], [ 99.690971336000075, 6.663263806000145 ], [ 99.691289422000125, 6.662676520000048 ], [ 99.691147169000146, 6.662045780000085 ], [ 99.690700032, 6.662140256999976 ], [ 99.690228951000051, 6.662097380000091 ], [ 99.689943842000162, 6.662386101999971 ], [ 99.689834082000118, 6.663155724999967 ], [ 99.68976870500012, 6.663707570000099 ], [ 99.68962238, 6.664190583000163 ], [ 99.689786436000077, 6.664671450000071 ], [ 99.689904087000173, 6.665095889000099 ], [ 99.689712089000068, 6.665671107000094 ], [ 99.68948682700011, 6.666338511000106 ], [ 99.689274275000059, 6.667189080000014 ], [ 99.688968829000032, 6.667914287000087 ], [ 99.688789366000037, 6.668547176000118 ], [ 99.688619820000042, 6.669018920000099 ], [ 99.688633896000113, 6.669385811000154 ], [ 99.688760694000109, 6.669488521000119 ], [ 99.688978928000097, 6.669464463999986 ], [ 99.689081702000067, 6.669371622000142 ], [ 99.689230234000092, 6.669244738000089 ], [ 99.689356221000139, 6.669186358000104 ] ] ], [ [ [ 99.864224409000144, 6.670114296000122 ], [ 99.864265738000142, 6.670042073000104 ], [ 99.864302205000058, 6.669977332000144 ], [ 99.864331291000155, 6.669917612000177 ], [ 99.864455878000058, 6.669757928000138 ], [ 99.864502037000022, 6.669673284000055 ], [ 99.864555726000162, 6.669598482000083 ], [ 99.864662769, 6.669419143000084 ], [ 99.864762733000134, 6.669272084000056 ], [ 99.86483322800018, 6.669147587000168 ], [ 99.864988760000074, 6.668871216000127 ], [ 99.865059459000179, 6.668766541000082 ], [ 99.865390442000091, 6.668226040000036 ], [ 99.86544133600006, 6.668121556000074 ], [ 99.865514074000032, 6.667977240000027 ], [ 99.865574859000162, 6.667872664000072 ], [ 99.865632986000094, 6.667750776000162 ], [ 99.865674149000199, 6.667663718000028 ], [ 99.865765315000147, 6.667390453000053 ], [ 99.865769789000126, 6.667345831000091 ], [ 99.865773439000066, 6.667224439 ], [ 99.865764991000106, 6.667130395000072 ], [ 99.865764480000166, 6.667080874000135 ], [ 99.865764130000116, 6.667048678000128 ], [ 99.865759, 6.667031389000044 ], [ 99.865731395000182, 6.666996964000134 ], [ 99.865698947000112, 6.666972487000123 ], [ 99.865636657000152, 6.666935896000041 ], [ 99.865260291000084, 6.666701518000025 ], [ 99.864968778000048, 6.666528301000142 ], [ 99.864829118000046, 6.666432972000166 ], [ 99.864744106999979, 6.666354487000149 ], [ 99.864681530000041, 6.666290662000108 ], [ 99.864546984000128, 6.666210147000129 ], [ 99.864367594000043, 6.666102797000121 ], [ 99.864068628000155, 6.665924710000013 ], [ 99.863991446000171, 6.665883307000058 ], [ 99.863912127000106, 6.665874112000097 ], [ 99.863879893000103, 6.665869449000184 ], [ 99.863835310000013, 6.665867373000026 ], [ 99.86379802200014, 6.665852849000032 ], [ 99.863769499000171, 6.665816432000156 ], [ 99.863715211000113, 6.665747116000091 ], [ 99.863542529000085, 6.665570382000055 ], [ 99.863515085000074, 6.665550816000177 ], [ 99.863507430000084, 6.665528603000041 ], [ 99.863517067000089, 6.665503754000042 ], [ 99.863524308000081, 6.665486356000031 ], [ 99.863526660000105, 6.665473955000152 ], [ 99.863524129000155, 6.665469025999982 ], [ 99.863514101000192, 6.665456736000067 ], [ 99.863481713000169, 6.665439685000138 ], [ 99.863426786000161, 6.665393141000038 ], [ 99.86338926600007, 6.665356338000095 ], [ 99.863344268000105, 6.665314649000095 ], [ 99.86328947200019, 6.665282952000041 ], [ 99.863237101000038, 6.665246281000123 ], [ 99.863207029000193, 6.665211888000044 ], [ 99.863191920000077, 6.665187262000131 ], [ 99.863169356000185, 6.665160229000094 ], [ 99.863159326000073, 6.665147940000054 ], [ 99.863144370000043, 6.665138169000045 ], [ 99.863121989000092, 6.665128467000159 ], [ 99.863102188000141, 6.665128645000152 ], [ 99.863077434000047, 6.665128868000068 ], [ 99.86304283200019, 6.665134127999977 ], [ 99.86302550500011, 6.6651342830001 ], [ 99.862995697000088, 6.665124647000027 ], [ 99.862975741000071, 6.665109971000049 ], [ 99.862958129000049, 6.66508289300009 ], [ 99.862942911000175, 6.665048366000178 ], [ 99.86293014600011, 6.66501134300006 ], [ 99.862905031000082, 6.66497690500006 ], [ 99.862850030000061, 6.664925404000144 ], [ 99.862827572000128, 6.664908275000073 ], [ 99.862810142000114, 6.664898528000037 ], [ 99.862782889000073, 6.664896296000052 ], [ 99.86275209300004, 6.664893775999985 ], [ 99.862732293000192, 6.664893952 ], [ 99.862708222000037, 6.664878947000091 ], [ 99.862704885000198, 6.664876868000022 ], [ 99.862675977000151, 6.664817392000089 ], [ 99.862668475000021, 6.664810033000094 ], [ 99.862601261000179, 6.66477350100007 ], [ 99.862551504000066, 6.664749192000102 ], [ 99.862531625000088, 6.664741943000138 ], [ 99.862521727000171, 6.664742033000152 ], [ 99.86251430100009, 6.664742100000069 ], [ 99.862494606000155, 6.664752178000185 ], [ 99.86245763800008, 6.664767363000124 ], [ 99.862393314000087, 6.664770414000088 ], [ 99.862313987, 6.664758748 ], [ 99.862217337000175, 6.664747239000064 ], [ 99.862146471000187, 6.664735810000082 ], [ 99.862124066000035, 6.664723631000072 ], [ 99.8620275130001, 6.664722021999978 ], [ 99.861930987000108, 6.664722887000153 ], [ 99.861807363000196, 6.664736375000018 ], [ 99.861715944000196, 6.664752048000025 ], [ 99.861656491000133, 6.664747631000068 ], [ 99.861517556000138, 6.664716693000173 ], [ 99.861344126000176, 6.664700918000051 ], [ 99.86115352600018, 6.664700153000069 ], [ 99.86104967700004, 6.664710986000159 ], [ 99.860943127000098, 6.664699564000102 ], [ 99.86078939700019, 6.664673710999978 ], [ 99.860710096000105, 6.664664519000155 ], [ 99.860648119000189, 6.664655172000153 ], [ 99.860596069000167, 6.664648213000021 ], [ 99.860452414000065, 6.664639597000189 ], [ 99.860321088000035, 6.664625921000152 ], [ 99.860241691000169, 6.664606828000046 ], [ 99.860077837000119, 6.66455878700009 ], [ 99.860005938000086, 6.664547052999978 ], [ 99.859921662000033, 6.664535431000104 ], [ 99.859822387000122, 6.66450909100007 ], [ 99.859476880000045, 6.664366132000055 ], [ 99.859050057000161, 6.66418867800013 ], [ 99.85892041600016, 6.664095782000061 ], [ 99.858850526000083, 6.664037007000104 ], [ 99.858818029000133, 6.664005122 ], [ 99.858730712000124, 6.663936600000056 ], [ 99.858703366000157, 6.66392447100003 ], [ 99.858666224000103, 6.663922328000069 ], [ 99.858651352000095, 6.663919986000053 ], [ 99.858636353000179, 6.663905269 ], [ 99.858636126000079, 6.663882995000108 ], [ 99.858638399000199, 6.663863173999971 ], [ 99.858648071000118, 6.663840812000103 ], [ 99.858652842000026, 6.663823444000059 ], [ 99.858647691000044, 6.663803690000066 ], [ 99.858637694000038, 6.663793880000128 ], [ 99.858473292000099, 6.663688925000031 ], [ 99.8583907000002, 6.663598089000175 ], [ 99.858328213000107, 6.663536776000171 ], [ 99.858323138000117, 6.6635244470001 ], [ 99.858327987000109, 6.663514504000091 ], [ 99.858371972999976, 6.663459659000068 ], [ 99.858428152000101, 6.663387381000177 ], [ 99.858437926000192, 6.663374920000081 ], [ 99.858440299000165, 6.663364998000191 ], [ 99.858437724, 6.663355121000166 ], [ 99.858420353000099, 6.663350328000035 ], [ 99.858393210000088, 6.663357995000013 ], [ 99.85835107000014, 6.663350948000073 ], [ 99.858326251000108, 6.66334374600018 ], [ 99.858308853000096, 6.663336479 ], [ 99.858279011000093, 6.66332189700006 ], [ 99.858239519000051, 6.66333215100002 ], [ 99.858227223000085, 6.663339685000096 ], [ 99.85820495500019, 6.663339885000141 ], [ 99.858187533000034, 6.66333014200012 ], [ 99.858110124000063, 6.663261539000018 ], [ 99.85803776400013, 6.663202791000174 ], [ 99.858005266000134, 6.66317090900003 ], [ 99.857985251000173, 6.663148817000149 ], [ 99.857967802000019, 6.663136598000108 ], [ 99.857940334000091, 6.66311209600002 ], [ 99.857902617000036, 6.663053039000033 ], [ 99.857890065999982, 6.663035827000044 ], [ 99.857875149999984, 6.663028538000049 ], [ 99.857865303000153, 6.663033576000089 ], [ 99.857857978000197, 6.663043539000114 ], [ 99.857853130000137, 6.663053483000056 ], [ 99.857845707000138, 6.66305354900004 ], [ 99.857838284000138, 6.663053616000184 ], [ 99.857820814000149, 6.663038924000034 ], [ 99.857805842000118, 6.663026684000044 ], [ 99.857795766000038, 6.663009451000164 ], [ 99.857785644000046, 6.662987268000165 ], [ 99.8577830440002, 6.662974918000032 ], [ 99.857780495999975, 6.662967516000151 ], [ 99.857777973000054, 6.662962590000063 ], [ 99.857690191000074, 6.662920047000057 ], [ 99.857562213000165, 6.662850783000181 ], [ 99.8574288920002, 6.662786988000107 ], [ 99.85730940600007, 6.662752856000168 ], [ 99.857282275000046, 6.662747682999964 ], [ 99.857265946000041, 6.662739705000035 ], [ 99.857255008000038, 6.662728971000035 ], [ 99.857240838000109, 6.662666813000044 ], [ 99.857232196000098, 6.662615439000035 ], [ 99.857234524000091, 6.662577506000048 ], [ 99.857231518000049, 6.66254774600003 ], [ 99.857223199000146, 6.66252886400008 ], [ 99.857182345000126, 6.66250486000007 ], [ 99.857146900000146, 6.66248080600019 ], [ 99.857108886000049, 6.662470316000054 ], [ 99.857046504000039, 6.662460045000159 ], [ 99.857003158000168, 6.662457725000138 ], [ 99.856968043000165, 6.662466165000126 ], [ 99.856946519000189, 6.662479898000129 ], [ 99.856925051000189, 6.662499046000107 ], [ 99.856865922000168, 6.66254290400019 ], [ 99.856836330000192, 6.662562125000079 ], [ 99.856801269000073, 6.662575980000099 ], [ 99.856739185000094, 6.662595493000026 ], [ 99.856609254000091, 6.662599367000155 ], [ 99.85651717200011, 6.662597486000095 ], [ 99.856438403000084, 6.662573819000158 ], [ 99.856356911000091, 6.662547472000028 ], [ 99.856272793000016, 6.662529272000143 ], [ 99.85613195000019, 6.662525121000044 ], [ 99.856058631000053, 6.66250411599998 ], [ 99.855979953000144, 6.662488574000122 ], [ 99.85592039300019, 6.662489109999967 ], [ 99.855844608000041, 6.662492497000187 ], [ 99.855733521000161, 6.662485370000013 ], [ 99.855660368000088, 6.662480612000024 ], [ 99.855587428000092, 6.662497513000062 ], [ 99.855533225000102, 6.66249258400012 ], [ 99.855481649000126, 6.662479508000104 ], [ 99.855338048000078, 6.662469966000174 ], [ 99.855281138000123, 6.662465060000159 ], [ 99.855210502000148, 6.66244132200012 ], [ 99.855071887000122, 6.662388408000027 ], [ 99.855028406000201, 6.662372551000033 ], [ 99.854982385000199, 6.662372965000088 ], [ 99.854944559000103, 6.662381427000071 ], [ 99.854904084000054, 6.662395332000074 ], [ 99.854882561000124, 6.662409064000144 ], [ 99.854863687000147, 6.662417355000173 ], [ 99.854820314000051, 6.662412329000119 ], [ 99.854614067999989, 6.662365437000176 ], [ 99.854519097000036, 6.662344627000039 ], [ 99.854451334000032, 6.662337112000046 ], [ 99.854398224000079, 6.66231550100008 ], [ 99.854335773000173, 6.662297109000178 ], [ 99.854270560000032, 6.662273325000172 ], [ 99.854117951000092, 6.662171811000121 ], [ 99.85410693700004, 6.662152956000057 ], [ 99.854082547000189, 6.66215046800005 ], [ 99.854066411000076, 6.662161444000049 ], [ 99.854053065000073, 6.662180515000102 ], [ 99.854039581000166, 6.662186050000116 ], [ 99.85402872800006, 6.662183442000128 ], [ 99.854017818000045, 6.662175416000139 ], [ 99.854012215000068, 6.662156514000174 ], [ 99.85401200400014, 6.662134857000069 ], [ 99.85401452200017, 6.662115881000091 ], [ 99.854019804000075, 6.662102296000114 ], [ 99.854030445000149, 6.662083249999966 ], [ 99.85403025700009, 6.662064299000122 ], [ 99.854015951000179, 6.662044197000057 ], [ 99.85400412100006, 6.662036466000188 ], [ 99.8539765820002, 6.66202496000011 ], [ 99.853949042000067, 6.662013452000053 ], [ 99.853921620999984, 6.662013698000067 ], [ 99.853894200000127, 6.662013945000012 ], [ 99.853870770000128, 6.662021991000131 ], [ 99.853843463000089, 6.662033991000101 ], [ 99.853808169000047, 6.662030388000062 ], [ 99.85378066700008, 6.662022799000056 ], [ 99.853587938000032, 6.661946165000074 ], [ 99.853552488000105, 6.661926894000032 ], [ 99.853517077000106, 6.661911539000073 ], [ 99.853489655000146, 6.661911786000189 ], [ 99.853474024000036, 6.661915843999964 ], [ 99.853420467000092, 6.66194794900008 ], [ 99.853404835000049, 6.661952007000025 ], [ 99.853389085000174, 6.66194431200006 ], [ 99.853361468000116, 6.661924969000097 ], [ 99.853325819000077, 6.66188610200004 ], [ 99.853313833000186, 6.661862699000096 ], [ 99.853313532000072, 6.66183135700004 ], [ 99.853329087000191, 6.661819463000086 ], [ 99.853352516000086, 6.661811416000035 ], [ 99.85338378199998, 6.661803297000176 ], [ 99.853395493000164, 6.661799273000042 ], [ 99.853395338000098, 6.661783601000138 ], [ 99.85337175900014, 6.661775977000048 ], [ 99.853348137000182, 6.661764434000077 ], [ 99.853304657000137, 6.661725641000146 ], [ 99.853208785000163, 6.661636126000133 ], [ 99.85308619400007, 6.661519689000158 ], [ 99.852856651000195, 6.661282764000021 ], [ 99.852654880000102, 6.661080852000168 ], [ 99.852496659000053, 6.660925569000028 ], [ 99.852439853000135, 6.660884712000097 ], [ 99.852437483000131, 6.660883007000052 ], [ 99.852413674000047, 6.660851880000052 ], [ 99.852381878000074, 6.660805156000094 ], [ 99.852346282000155, 6.660770217000163 ], [ 99.852318666000144, 6.660750876000066 ], [ 99.852283148000083, 6.660723775 ], [ 99.852224159000059, 6.660700799000097 ], [ 99.852163657000062, 6.660671234000063 ], [ 99.852161180999985, 6.660670024000126 ], [ 99.852109988000109, 6.660643061000087 ], [ 99.852034923000019, 6.660577141000147 ], [ 99.851971908000053, 6.66054245100014 ], [ 99.851928476000012, 6.660507584000186 ], [ 99.851880388000154, 6.6604843450001 ], [ 99.851805171000024, 6.660402764000025 ], [ 99.851753569000039, 6.660332721000032 ], [ 99.851706227000193, 6.660297894000053 ], [ 99.851615498000058, 6.660232122000139 ], [ 99.851540473000171, 6.66017012400016 ], [ 99.851497048000056, 6.660135263000029 ], [ 99.851453623000111, 6.660100400000033 ], [ 99.851410158000135, 6.660061622000057 ], [ 99.851304746000096, 6.659985121000034 ], [ 99.851275581000095, 6.6599517410001 ], [ 99.851255893000086, 6.659903859000053 ], [ 99.851236162000134, 6.65985117200006 ], [ 99.851216475000172, 6.659803287999978 ], [ 99.851201732000106, 6.659769780000033 ], [ 99.851177472000074, 6.659745969000141 ], [ 99.85112908900004, 6.65971276200014 ], [ 99.85105164200013, 6.659655788000066 ], [ 99.850998266000147, 6.659603403000062 ], [ 99.85095455600009, 6.659555739000041 ], [ 99.850939861000199, 6.659527036000043 ], [ 99.850929967000127, 6.659498291000091 ], [ 99.850929694000172, 6.659469458999979 ], [ 99.850890367000034, 6.659378506 ], [ 99.850870681000174, 6.659330626000155 ], [ 99.850841523000042, 6.659297250000066 ], [ 99.85075442200008, 6.65923556000007 ], [ 99.850739681000164, 6.659202053000058 ], [ 99.850744347000045, 6.659187595000105 ], [ 99.850749013000041, 6.659173138000085 ], [ 99.850753726000164, 6.6591634830001 ], [ 99.850782374000062, 6.659144004000154 ], [ 99.850791705, 6.659115087000146 ], [ 99.850786762000041, 6.659100716000125 ], [ 99.850781772000175, 6.659081538000123 ], [ 99.850762318000193, 6.659057687000029 ], [ 99.850742912000158, 6.659038639000073 ], [ 99.850689773000113, 6.659010282999986 ], [ 99.850646059000042, 6.65896262300015 ], [ 99.850502832000188, 6.658867909000151 ], [ 99.850415619000159, 6.658796599000084 ], [ 99.850338035000163, 6.65872520400012 ], [ 99.850192508000077, 6.658587135000175 ], [ 99.85013917800012, 6.658539556000051 ], [ 99.850124390000133, 6.658501241000181 ], [ 99.850123976000134, 6.658457990000045 ], [ 99.850109051000061, 6.658405260000109 ], [ 99.85007481100007, 6.658343092000166 ], [ 99.850045514000044, 6.658295296000119 ], [ 99.850016309000182, 6.658257112000115 ], [ 99.849948058000109, 6.65815680500009 ], [ 99.849923613000158, 6.658113771000103 ], [ 99.849918712000033, 6.658104205000029 ], [ 99.84991372200011, 6.658085027000027 ], [ 99.849913494000134, 6.658061 ], [ 99.849922919000107, 6.658041692999973 ], [ 99.849932349000142, 6.658022386000084 ], [ 99.849965901000076, 6.657977206000055 ], [ 99.849965669000085, 6.657952838000028 ], [ 99.849959279000075, 6.657922436000149 ], [ 99.849956311000199, 6.657908290000023 ], [ 99.849952899000073, 6.65789203200012 ], [ 99.849902022000038, 6.657827434000126 ], [ 99.84989884200013, 6.657823397000016 ], [ 99.849898351000036, 6.657821969000111 ], [ 99.849890984000183, 6.657800510000186 ], [ 99.849891144000196, 6.657800508000037 ], [ 99.849876686000073, 6.657758404999981 ], [ 99.849803688000065, 6.657650403000105 ], [ 99.849783397000067, 6.657620381000129 ], [ 99.849737273000187, 6.657517639000162 ], [ 99.849717190000035, 6.65744045200006 ], [ 99.84971294900015, 6.657334113000047 ], [ 99.849728232000075, 6.657246942000029 ], [ 99.849743360000048, 6.657143655000084 ], [ 99.849742525000067, 6.657056630000113 ], [ 99.849712464000163, 6.656947304000141 ], [ 99.849673071000041, 6.656873519000158 ], [ 99.849601529000154, 6.656809696000096 ], [ 99.849520443000188, 6.656758854000145 ], [ 99.849404020000065, 6.656721219000133 ], [ 99.849371691000158, 6.656711837999978 ], [ 99.849326255000108, 6.65668001500012 ], [ 99.849134676000176, 6.656536691000156 ], [ 99.84898859600014, 6.656431639000175 ], [ 99.848793047000015, 6.656236848000106 ], [ 99.848590718000082, 6.655977609000104 ], [ 99.848495769000124, 6.65582376500015 ], [ 99.848364819000153, 6.655612240000153 ], [ 99.848321964000036, 6.655546385000093 ], [ 99.848175087000072, 6.655320682000024 ], [ 99.848027814000034, 6.655086760000188 ], [ 99.847900253000091, 6.654891336 ], [ 99.847700354000153, 6.654545119000034 ], [ 99.847601538000106, 6.654320448000021 ], [ 99.847512660000064, 6.6541246970001 ], [ 99.847495879000178, 6.654053961000102 ], [ 99.847469002000196, 6.653938210000035 ], [ 99.847422789000177, 6.653822631000139 ], [ 99.847324767000032, 6.653681744000096 ], [ 99.847170955000138, 6.653435043000059 ], [ 99.846990764000054, 6.653124151000043 ], [ 99.846969892000118, 6.653077646000042 ], [ 99.846921636, 6.652970132 ], [ 99.846891789000097, 6.652880192000055 ], [ 99.846878138000136, 6.652799778000144 ], [ 99.84688081600018, 6.652741767000066 ], [ 99.846870755000168, 6.652699976000065 ], [ 99.846838079000122, 6.652651945000059 ], [ 99.84675377200017, 6.652597939000032 ], [ 99.846419489000141, 6.652349668 ], [ 99.846010856000134, 6.652076305000037 ], [ 99.845729145000178, 6.651933882000094 ], [ 99.845580103000145, 6.651848247000032 ], [ 99.845508670000186, 6.651790907000077 ], [ 99.8454080570001, 6.651714500000026 ], [ 99.845310574000109, 6.651628406000043 ], [ 99.845219898000096, 6.651580905000117 ], [ 99.845122807000109, 6.651536683000188 ], [ 99.844961119000061, 6.651476935 ], [ 99.844838371000037, 6.651445826000042 ], [ 99.844564080000168, 6.651406416000157 ], [ 99.844337070000051, 6.651391319000027 ], [ 99.844294850000097, 6.651404397000078 ], [ 99.844295005, 6.651421322000147 ], [ 99.844334280000169, 6.651547926000148 ], [ 99.844356855000171, 6.651700076000111 ], [ 99.844371918000093, 6.651806891000149 ], [ 99.844379505000063, 6.651860690000092 ], [ 99.844360209000058, 6.652064009000128 ], [ 99.844360559000108, 6.652102095000032 ], [ 99.844356988000072, 6.652174076000051 ], [ 99.844357339, 6.652212162000183 ], [ 99.844353341000044, 6.652237592000176 ], [ 99.844327977000091, 6.652242049999984 ], [ 99.844247414000051, 6.652230078000059 ], [ 99.84422632400009, 6.652238732000058 ], [ 99.844189466000103, 6.652374498000142 ], [ 99.844091862000198, 6.652811321000115 ], [ 99.844043312000053, 6.653057250000131 ], [ 99.844064909000167, 6.653103618000046 ], [ 99.844086315000141, 6.653128821000109 ], [ 99.844095094000068, 6.653162606000137 ], [ 99.844081624000012, 6.653539453000121 ], [ 99.844090494000056, 6.654043115000093 ], [ 99.844093181000176, 6.65433519200019 ], [ 99.844073802000082, 6.654530102000138 ], [ 99.844058148000045, 6.65466994999997 ], [ 99.844046068000125, 6.654737798000099 ], [ 99.844025401000067, 6.654793020000056 ], [ 99.843987756000104, 6.654844161000085 ], [ 99.843929056000036, 6.65490819300004 ], [ 99.843912426000088, 6.654942213000027 ], [ 99.843917203000046, 6.655001446000028 ], [ 99.844004471000119, 6.655280091000122 ], [ 99.844069745000013, 6.655470034000075 ], [ 99.844096205000085, 6.655584115000011 ], [ 99.844105220000017, 6.655643312000052 ], [ 99.844105494000075, 6.655672947000085 ], [ 99.844097218000059, 6.655694192000169 ], [ 99.844080628000142, 6.655732449000027 ], [ 99.8440683930001, 6.655783369000176 ], [ 99.844072939000114, 6.655817201000161 ], [ 99.844107793000148, 6.655922745000169 ], [ 99.844172096000079, 6.656006852000132 ], [ 99.84421479700012, 6.656044578000035 ], [ 99.844257575000142, 6.656090773000017 ], [ 99.844292235000125, 6.656175147999988 ], [ 99.844370066000124, 6.656348061000187 ], [ 99.844426995000106, 6.656550808000191 ], [ 99.844462127000156, 6.656686002000185 ], [ 99.844480122000164, 6.656800177000093 ], [ 99.8444763560002, 6.656851028000119 ], [ 99.84447255200007, 6.656897642999979 ], [ 99.844498627000178, 6.656969401000083 ], [ 99.844577089000097, 6.657210086000021 ], [ 99.844676341000138, 6.657553173000053 ], [ 99.844720727000094, 6.65779879400003 ], [ 99.844731857000113, 6.657891181000139 ], [ 99.844729469000072, 6.658004197000082 ], [ 99.8447113590002, 6.658159653000155 ], [ 99.844674868000084, 6.65832354000014 ], [ 99.844606675000023, 6.658477287000153 ], [ 99.844452947000093, 6.658791907000079 ], [ 99.844401701000152, 6.658896782000113 ], [ 99.844374339000183, 6.658949236000012 ], [ 99.844367858999988, 6.659001503000184 ], [ 99.844386066000197, 6.659060557000089 ], [ 99.844457129000091, 6.659216562000097 ], [ 99.844694553000011, 6.659670449000089 ], [ 99.84479050200008, 6.659881941000037 ], [ 99.845009770000104, 6.660252475000107 ], [ 99.845151498000121, 6.660519278999971 ], [ 99.845396543000049, 6.661039326000093 ], [ 99.845809145000089, 6.662087766000184 ], [ 99.845831894000071, 6.662139526000033 ], [ 99.845856937000121, 6.662171472000182 ], [ 99.845869718000188, 6.66221589700001 ], [ 99.84587748600012, 6.662252945000091 ], [ 99.845892700000149, 6.662292402000048 ], [ 99.845925392000197, 6.66234902400015 ], [ 99.845978500000115, 6.662472278 ], [ 99.84601875300018, 6.662543681000159 ], [ 99.846049066000091, 6.662610226000083 ], [ 99.84608449000018, 6.662694047000173 ], [ 99.846104605000164, 6.662728512000058 ], [ 99.846119589000182, 6.662743226000032 ], [ 99.846132143000148, 6.662762913000165 ], [ 99.846139772000129, 6.662785115000077 ], [ 99.846142710000038, 6.662834584000166 ], [ 99.846148003000053, 6.662871658000029 ], [ 99.846148326000161, 6.662906302000067 ], [ 99.846141759000034, 6.662997927999982 ], [ 99.846142086000157, 6.66303257200002 ], [ 99.846142384000188, 6.663064742000188 ], [ 99.84614763400009, 6.663096868000025 ], [ 99.846150338000143, 6.663121592000095 ], [ 99.846155541000144, 6.663148769000145 ], [ 99.84617063900015, 6.663175857000056 ], [ 99.846183173000099, 6.663193069000044 ], [ 99.84621808900016, 6.663222453000174 ], [ 99.846230715000104, 6.663249565000115 ], [ 99.846245722000049, 6.663266755000109 ], [ 99.846260751000102, 6.663286419000144 ], [ 99.846263385000157, 6.663303719000169 ], [ 99.846261096000092, 6.663323539000032 ], [ 99.846256264000033, 6.663335958000062 ], [ 99.846253976000185, 6.663355777000049 ], [ 99.846256658000073, 6.663378027000078 ], [ 99.846266762000198, 6.663400210000077 ], [ 99.846284174, 6.663409953000041 ], [ 99.846301678000032, 6.663429596000185 ], [ 99.846314281000105, 6.663454232000106 ], [ 99.84632434100007, 6.663471468000068 ], [ 99.846330051000166, 6.663553090999983 ], [ 99.846338445000185, 6.663656963000051 ], [ 99.84634645, 6.663748211000154 ], [ 99.846344831000181, 6.663839797000094 ], [ 99.846345873000075, 6.66395116200016 ], [ 99.84634960000011, 6.664084784000011 ], [ 99.846352904000184, 6.664173851000044 ], [ 99.846348443000124, 6.664225870000166 ], [ 99.846346477000111, 6.664280340000062 ], [ 99.846341923000068, 6.664322458000186 ], [ 99.846352306000142, 6.664374341000098 ], [ 99.846365348000177, 6.664446005000173 ], [ 99.846373280000137, 6.664500388000135 ], [ 99.846395850000192, 6.664532361000056 ], [ 99.846421777000103, 6.664628964000144 ], [ 99.846450687000015, 6.664809406000131 ], [ 99.846494677000123, 6.665014472000053 ], [ 99.846546484000044, 6.665261560000033 ], [ 99.846600106000039, 6.665468685000064 ], [ 99.846628371000179, 6.665579832000105 ], [ 99.846691973000077, 6.665764930000137 ], [ 99.846772968000153, 6.665957302999971 ], [ 99.846873553000194, 6.666127225000025 ], [ 99.846933756000112, 6.666213336000112 ], [ 99.846951170000125, 6.666223082000045 ], [ 99.846966113000065, 6.666232854000157 ], [ 99.846991136000099, 6.666262336999978 ], [ 99.847001198000044, 6.666279578000115 ], [ 99.847001454000065, 6.666306808000058 ], [ 99.847004091000144, 6.666324115000123 ], [ 99.847012083000095, 6.666351664 ], [ 99.847022146000143, 6.666368906 ], [ 99.847039653000081, 6.666388554000036 ], [ 99.84706699100002, 6.666400691000092 ], [ 99.847089356000197, 6.666410392999978 ], [ 99.847119054000188, 6.66641012700012 ], [ 99.847138781000126, 6.666402523000045 ], [ 99.847170975000097, 6.666404711000041 ], [ 99.847210687000199, 6.666416735000155 ], [ 99.847253037000144, 6.666446066 ], [ 99.847347966000086, 6.666539305000185 ], [ 99.847540550000076, 6.666752989000088 ], [ 99.847713042000123, 6.666934676000096 ], [ 99.847733168, 6.666969159000018 ], [ 99.847758032000115, 6.666981316999966 ], [ 99.847795296000186, 6.666995842 ], [ 99.84782767900009, 6.66701783600007 ], [ 99.847867675000032, 6.667059575000053 ], [ 99.847895297000036, 6.667101421000154 ], [ 99.847975218000158, 6.667177467000045 ], [ 99.848007745000075, 6.667214321000074 ], [ 99.848020496000174, 6.667253828000071 ], [ 99.848030652000091, 6.667280973000061 ], [ 99.848070435000125, 6.667300424000189 ], [ 99.848119982000014, 6.667304933000082 ], [ 99.848171999000158, 6.667309418000059 ], [ 99.848204267000199, 6.667319034000116 ], [ 99.848241366000138, 6.66731622500015 ], [ 99.848263498, 6.667301168000051 ], [ 99.848290580000139, 6.667286067000134 ], [ 99.848329897000099, 6.667256002000045 ], [ 99.848393915000031, 6.667220761000067 ], [ 99.848448125000118, 6.667195511000102 ], [ 99.848485226000037, 6.667192704000172 ], [ 99.848515017000125, 6.66720234100012 ], [ 99.848604466000154, 6.66723868400004 ], [ 99.848656558000187, 6.667250599000056 ], [ 99.84871595400017, 6.667250067 ], [ 99.848762954000108, 6.66724716900012 ], [ 99.848802528000192, 6.667244337000056 ], [ 99.84884448300005, 6.667231579999964 ], [ 99.848898883000118, 6.667226140000082 ], [ 99.848938432000068, 6.667220832000169 ], [ 99.848975410000094, 6.667205639000088 ], [ 99.848997379000082, 6.667173255000023 ], [ 99.849021868000079, 6.66714579600017 ], [ 99.849034078000159, 6.667128356000148 ], [ 99.849048856000138, 6.66712079500013 ], [ 99.849066181000069, 6.667120639000132 ], [ 99.849088503000132, 6.667125393000163 ], [ 99.849110895000024, 6.667137573000105 ], [ 99.849133334000044, 6.66715470600019 ], [ 99.849155655, 6.667159457000139 ], [ 99.849316569, 6.66716296900006 ], [ 99.849552135000124, 6.667207905000055 ], [ 99.849574454000106, 6.667212658000039 ], [ 99.849586903000159, 6.667219976000069 ], [ 99.849596918000032, 6.667232265000109 ], [ 99.849609579000116, 6.667261869000072 ], [ 99.849646964000101, 6.667288773 ], [ 99.849706455000103, 6.667298143000096 ], [ 99.849751052000158, 6.667302698000185 ], [ 99.849803024000039, 6.667302229000086 ], [ 99.849879465000072, 6.667318447000184 ], [ 99.849941312000112, 6.667315417000111 ], [ 99.850008082000102, 6.667309866000096 ], [ 99.850059935000047, 6.667297020000092 ], [ 99.850183554000068, 6.667283531000123 ], [ 99.850245234, 6.667263170000126 ], [ 99.850284545000193, 6.667233105000037 ], [ 99.850328877000095, 6.667210421000107 ], [ 99.850435033000167, 6.667182235999974 ], [ 99.850504372000159, 6.66718656400019 ], [ 99.850558913000157, 6.667195980000088 ], [ 99.850681823000173, 6.667233823000061 ], [ 99.850769916000104, 6.667260946000113 ], [ 99.850831932000062, 6.667275249000113 ], [ 99.850881571000173, 6.667289660000165 ], [ 99.850941062000061, 6.667299030000038 ], [ 99.850998432000154, 6.667307008000023 ], [ 99.851007977000165, 6.66730833500003 ], [ 99.851099521000094, 6.667305037000119 ], [ 99.851176146000114, 6.667294448000064 ], [ 99.851321894000137, 6.667265902000167 ], [ 99.851453436000156, 6.667237047000185 ], [ 99.851521948000141, 6.667222016999972 ], [ 99.851672693000069, 6.667198379000183 ], [ 99.851843048000092, 6.667154760000017 ], [ 99.851892445000146, 6.66714441300013 ], [ 99.851956649000158, 6.667128983000111 ], [ 99.85201087500019, 6.667106209 ], [ 99.852106982000066, 6.667063255000187 ], [ 99.852166139000076, 6.66703796500002 ], [ 99.852195666000114, 6.667020369 ], [ 99.852281945000072, 6.66698492900008 ], [ 99.852385693000087, 6.66696419200008 ], [ 99.852457245000153, 6.666941267000027 ], [ 99.852590472000088, 6.666897980000101 ], [ 99.85265964600012, 6.666884980000077 ], [ 99.852664473000061, 6.666872556000101 ], [ 99.852664375000074, 6.666862653000123 ], [ 99.852656731000138, 6.66684043500004 ], [ 99.852651614000195, 6.666823149000038 ], [ 99.852651515000105, 6.666813245000128 ], [ 99.852653873000122, 6.666800848000037 ], [ 99.852663722000102, 6.666795805999982 ], [ 99.852673621000122, 6.666795718000174 ], [ 99.852681071000063, 6.666798126000174 ], [ 99.852820460000089, 6.666878588000088 ], [ 99.852944928000113, 6.666951754000081 ], [ 99.852992267000047, 6.666983520000088 ], [ 99.853034532000038, 6.667002948000061 ], [ 99.853074421000088, 6.667032304000031 ], [ 99.853129405000175, 6.667086286000028 ], [ 99.853264068000044, 6.667189077000103 ], [ 99.853428947000111, 6.667343599000105 ], [ 99.853658810000184, 6.66756192500003 ], [ 99.853786529000047, 6.667711838000116 ], [ 99.853971437000041, 6.667888478000179 ], [ 99.854113743000084, 6.66801102900007 ], [ 99.854218403000061, 6.668081907000101 ], [ 99.854240897000125, 6.668103991000123 ], [ 99.854260991000046, 6.668133530000034 ], [ 99.854266821000124, 6.668156239000041 ], [ 99.854269688000102, 6.668195839000077 ], [ 99.854277383000124, 6.668223013000045 ], [ 99.854295005000154, 6.6682525760001 ], [ 99.854305103000115, 6.668272299000023 ], [ 99.854327599000044, 6.668294385000081 ], [ 99.854374827000186, 6.668313779000073 ], [ 99.854451729000175, 6.668330424000146 ], [ 99.85453105900018, 6.668342098000039 ], [ 99.854578236000066, 6.6683565350001 ], [ 99.854603111000074, 6.668368695000026 ], [ 99.854615633000037, 6.668383442999982 ], [ 99.854620659000091, 6.668390828000156 ], [ 99.854625782000085, 6.668408119999981 ], [ 99.854658159, 6.668427646 ], [ 99.854707763000022, 6.668437108000091 ], [ 99.854769914000144, 6.668463795999969 ], [ 99.854832141000031, 6.668497913000067 ], [ 99.854904470000065, 6.668551755000067 ], [ 99.854941914000165, 6.668583615000045 ], [ 99.854979191000098, 6.668598141000189 ], [ 99.855018869000048, 6.668605217000049 ], [ 99.855053499000064, 6.668602431000181 ], [ 99.85509795500019, 6.668592126000135 ], [ 99.855122657000095, 6.668586950000019 ], [ 99.855175241000154, 6.668577067 ], [ 99.855207325000151, 6.668566873999964 ], [ 99.855227002000106, 6.66855431 ], [ 99.8552441060001, 6.668531865000034 ], [ 99.855276087000163, 6.668511761000104 ], [ 99.855320426, 6.668489077 ], [ 99.855364937000047, 6.668483727000137 ], [ 99.855449198000201, 6.668492879000155 ], [ 99.855538511000191, 6.668511895000165 ], [ 99.855590668000161, 6.668528765000133 ], [ 99.855630498000096, 6.668550703000165 ], [ 99.85570265500013, 6.668587208000076 ], [ 99.855754987000182, 6.668621418000043 ], [ 99.85586225100019, 6.668702195000094 ], [ 99.855899584000156, 6.6687216790001 ], [ 99.855921884000054, 6.668723955000075 ], [ 99.855941638000104, 6.668718824000109 ], [ 99.855966294000154, 6.668708696000181 ], [ 99.856033259000128, 6.668720482000083 ], [ 99.856085417000145, 6.668737353000154 ], [ 99.856147654000097, 6.668771475000142 ], [ 99.856184982000116, 6.668790954000031 ], [ 99.856207286000199, 6.668793231000166 ], [ 99.856239469000116, 6.668792944000018 ], [ 99.856879793000189, 6.668950694000102 ], [ 99.856909496000071, 6.668950426000094 ], [ 99.856916875000195, 6.668945408000013 ], [ 99.856924224000181, 6.668937910000125 ], [ 99.856936530000155, 6.668930370000055 ], [ 99.856993517000149, 6.668934814000067 ], [ 99.857062933000066, 6.668944102000125 ], [ 99.857129972000166, 6.668963317000021 ], [ 99.85717220700019, 6.668977801000153 ], [ 99.85722697, 6.669007036000153 ], [ 99.857274407000148, 6.669046244000015 ], [ 99.857329276000144, 6.669085391000181 ], [ 99.857374061000201, 6.669107283000187 ], [ 99.857413792000045, 6.669119312000021 ], [ 99.857455950000144, 6.669126364000078 ], [ 99.857564978000084, 6.669135298000128 ], [ 99.857597159000193, 6.669135009000172 ], [ 99.857644122000067, 6.669127159000084 ], [ 99.857693454000071, 6.669109375 ], [ 99.8577600160001, 6.669081529000039 ], [ 99.857848989000047, 6.669065872000033 ], [ 99.857977698000127, 6.669062247 ], [ 99.858116582000093, 6.669085775000042 ], [ 99.858178548000069, 6.669092651000028 ], [ 99.858275143000128, 6.669096739000054 ], [ 99.858341910000092, 6.669088709999983 ], [ 99.85844081099998, 6.669075441000075 ], [ 99.85856964300018, 6.669084198000178 ], [ 99.858651441, 6.669093375000102 ], [ 99.85873571500008, 6.669102528000053 ], [ 99.858822412000052, 6.669106706000036 ], [ 99.858886830000074, 6.669111085000168 ], [ 99.858968703000187, 6.669127693000121 ], [ 99.859050601000035, 6.669146778000027 ], [ 99.85915475600018, 6.669163185 ], [ 99.859296049000079, 6.669179262 ], [ 99.859370495000178, 6.669195934000186 ], [ 99.859432492000053, 6.669205291000139 ], [ 99.859516967000047, 6.66923426000011 ], [ 99.859589017000133, 6.66925838700007 ], [ 99.85965346200004, 6.669265242000051 ], [ 99.85973043700011, 6.66928684800007 ], [ 99.859814942000128, 6.669318295000096 ], [ 99.859884621000106, 6.669352351000043 ], [ 99.859934418000023, 6.669379158000027 ], [ 99.860004070000116, 6.669410737000078 ], [ 99.860061317000145, 6.669439951000186 ], [ 99.86011131700019, 6.669486573000142 ], [ 99.860143758000106, 6.669511054000111 ], [ 99.860183856000049, 6.669557764000103 ], [ 99.860213718000068, 6.669572360000018 ], [ 99.860261146000084, 6.669609099000127 ], [ 99.860303615000134, 6.669645877000164 ], [ 99.860341083000037, 6.669677745000172 ], [ 99.860515775000067, 6.669809961000055 ], [ 99.860583057000156, 6.669851474000041 ], [ 99.860615321000182, 6.669858618000092 ], [ 99.86063020000006, 6.669860963000019 ], [ 99.860662541000181, 6.669875538000099 ], [ 99.860709895000184, 6.669904845000133 ], [ 99.860762166000143, 6.669931629000189 ], [ 99.860866589000182, 6.669972811000036 ], [ 99.860893956000041, 6.669984955000189 ], [ 99.860903982000139, 6.669997250000051 ], [ 99.860914071000195, 6.670014504000051 ], [ 99.860941610000054, 6.670043985000063 ], [ 99.860968974, 6.670056128000112 ], [ 99.861033322000196, 6.670053075000112 ], [ 99.861115078000012, 6.6700573 ], [ 99.861199336000084, 6.670063979000133 ], [ 99.861298632000114, 6.670087868000053 ], [ 99.861368159999984, 6.67010706300016 ], [ 99.861432688000036, 6.670121351000091 ], [ 99.861468559000059, 6.670141422000029 ], [ 99.861550631999989, 6.670175375000099 ], [ 99.861607734000131, 6.670189730000118 ], [ 99.861657514000171, 6.670214063000117 ], [ 99.861719753000045, 6.670245716000181 ], [ 99.861787071000094, 6.670289710000077 ], [ 99.862025968000069, 6.670401550000065 ], [ 99.862210090000019, 6.670484151999972 ], [ 99.862408951000077, 6.670556703000045 ], [ 99.862488557000063, 6.670590681000022 ], [ 99.862575685000195, 6.670634501000109 ], [ 99.862749774000122, 6.670704802000103 ], [ 99.862772163999978, 6.670714513000121 ], [ 99.862787151000077, 6.670726769000055 ], [ 99.862797237000052, 6.670744023000111 ], [ 99.862797423000075, 6.670761369000104 ], [ 99.862796964000097, 6.670772979000162 ], [ 99.86279546500009, 6.670810941000127 ], [ 99.862793152000165, 6.670825834000027 ], [ 99.8627958040002, 6.670843150000053 ], [ 99.862803284999984, 6.670848040000067 ], [ 99.862872671000048, 6.670852376000084 ], [ 99.863138046000074, 6.67088964900006 ], [ 99.863187617000165, 6.670894161000092 ], [ 99.863207379000016, 6.670889031000172 ], [ 99.863234469000133, 6.670876389 ], [ 99.863296114000036, 6.670851061000064 ], [ 99.863355151000178, 6.67081336300015 ], [ 99.863404338000066, 6.670780711000077 ], [ 99.863495243000045, 6.670712993 ], [ 99.863549340000191, 6.670675347999975 ], [ 99.863736641000116, 6.670589429000074 ], [ 99.863797971000054, 6.670534369000165 ], [ 99.863864301000035, 6.670484219000059 ], [ 99.863923148000197, 6.670429179000166 ], [ 99.863969783000073, 6.670389123 ], [ 99.864021304000175, 6.670344059000058 ], [ 99.864085216000092, 6.67029889000014 ], [ 99.8641710670002, 6.670221313000184 ], [ 99.864197877000095, 6.670181427000102 ], [ 99.864224409000144, 6.670114296000122 ] ] ], [ [ [ 99.843983886000103, 6.669421380000188 ], [ 99.843878496000116, 6.669421559999989 ], [ 99.843757345000142, 6.669448111000179 ], [ 99.843594244000201, 6.669595911000101 ], [ 99.843468077000182, 6.669769988000041 ], [ 99.843368308000152, 6.669975633000092 ], [ 99.843216224, 6.67040264700006 ], [ 99.843087349000086, 6.670899536999968 ], [ 99.843015152000078, 6.671177897000121 ], [ 99.842997503000106, 6.671221384000035 ], [ 99.842961006000053, 6.671325669000055 ], [ 99.842912453, 6.67148849400013 ], [ 99.842889938000042, 6.671648016000177 ], [ 99.84286038900018, 6.671857384000077 ], [ 99.8428556140002, 6.67214716400008 ], [ 99.842950862000066, 6.672378816999981 ], [ 99.843072320000033, 6.672531398999979 ], [ 99.843278064000174, 6.672668031000114 ], [ 99.843478491000155, 6.672778328999982 ], [ 99.843657752000126, 6.672835976000044 ], [ 99.843863280999983, 6.672846161000109 ], [ 99.844105665000143, 6.672840478000069 ], [ 99.844384758000047, 6.672729360000119 ], [ 99.844532041000093, 6.672576321000179 ], [ 99.844616045000123, 6.672397043999979 ], [ 99.844689475000166, 6.67219671200013 ], [ 99.844695579000131, 6.671882879000179 ], [ 99.844704716000081, 6.671413213000051 ], [ 99.844688614000177, 6.671017407000136 ], [ 99.844682528000192, 6.670981608000091 ], [ 99.844676111000126, 6.670547671000179 ], [ 99.844650345000105, 6.670224203000089 ], [ 99.844643799000096, 6.670142045000034 ], [ 99.844569503000173, 6.669836595000163 ], [ 99.8444849400002, 6.66968921900002 ], [ 99.844310807000056, 6.669547266000109 ], [ 99.844136753000043, 6.669452730000103 ], [ 99.843983886000103, 6.669421380000188 ] ] ], [ [ [ 99.832889378000175, 6.674014626000087 ], [ 99.832814522000035, 6.673999790000096 ], [ 99.832684819000065, 6.674004995000075 ], [ 99.832619963000184, 6.674005105000106 ], [ 99.832598140000073, 6.674020161000101 ], [ 99.83255250000019, 6.674051646000123 ], [ 99.832520348, 6.674100045000102 ], [ 99.832475792000082, 6.674304629000176 ], [ 99.832456637000178, 6.674778525000136 ], [ 99.832457791000081, 6.674853532000043 ], [ 99.83246224200019, 6.675142640000161 ], [ 99.832552562000046, 6.675451744000156 ], [ 99.832642734000046, 6.675671063000095 ], [ 99.832817827000042, 6.675955085000112 ], [ 99.832997737000198, 6.676139336000176 ], [ 99.833102622000069, 6.676208991000181 ], [ 99.833192422000195, 6.676208840000072 ], [ 99.833282171000064, 6.676178760000084 ], [ 99.833356911000067, 6.676123765000057 ], [ 99.833406648000164, 6.676033897000082 ], [ 99.833446416000072, 6.675949033000165 ], [ 99.833516109000072, 6.675859132000085 ], [ 99.833640569000067, 6.675704292000091 ], [ 99.833735231999981, 6.675629314000105 ], [ 99.833894715000156, 6.675534271000117 ], [ 99.834014337999974, 6.675469225000086 ], [ 99.834079109000129, 6.675419234000117 ], [ 99.834098921000134, 6.675334405000115 ], [ 99.834073884000134, 6.675279580000108 ], [ 99.834038008000164, 6.675261719000162 ], [ 99.834013888000129, 6.675203436 ], [ 99.834013832000153, 6.675169945 ], [ 99.834018720000188, 6.675110081000014 ], [ 99.834038549000127, 6.675035226000148 ], [ 99.834053398000037, 6.67496536900012 ], [ 99.834053254000196, 6.674880573000053 ], [ 99.8340431580001, 6.674810758000035 ], [ 99.834030116000065, 6.674791862000063 ], [ 99.833988145000035, 6.674731044 ], [ 99.833918250000067, 6.674701234000054 ], [ 99.833848397000054, 6.674696363000066 ], [ 99.833763586000032, 6.674696505999975 ], [ 99.833658821000142, 6.674696684000025 ], [ 99.833574010000177, 6.674696827000105 ], [ 99.833469242000035, 6.674697004000052 ], [ 99.833359453000071, 6.674677238000186 ], [ 99.833294549000016, 6.674647420000042 ], [ 99.833149584000012, 6.674478071000124 ], [ 99.833104550000201, 6.674398340000039 ], [ 99.833089389000122, 6.674283641000045 ], [ 99.833049250999977, 6.674149032000173 ], [ 99.832992004000118, 6.674081298999965 ], [ 99.832941006000169, 6.67404816700008 ], [ 99.832889378000175, 6.674014626000087 ] ] ], [ [ [ 99.907563508000067, 6.68823632800013 ], [ 99.907817898000133, 6.688212676000092 ], [ 99.908165158000088, 6.688258373000053 ], [ 99.908465632000059, 6.688072957000031 ], [ 99.908490707000112, 6.688032489000022 ], [ 99.908580633999975, 6.6878873550001 ], [ 99.908672954000167, 6.687679149000132 ], [ 99.908732419000046, 6.687524049000046 ], [ 99.908730808000143, 6.687413382000045 ], [ 99.908606788000043, 6.687397076000138 ], [ 99.908565198000133, 6.687248404000115 ], [ 99.908589857000152, 6.687182228000097 ], [ 99.908688915000141, 6.68710769900008 ], [ 99.90872188700007, 6.687058013000069 ], [ 99.908672130000127, 6.686967243000026 ], [ 99.908630609000113, 6.686876395000127 ], [ 99.908498091000183, 6.686727891000089 ], [ 99.908398764000026, 6.686637157000064 ], [ 99.908216733000188, 6.68655488700017 ], [ 99.908084217000066, 6.686406373000125 ], [ 99.907993039000132, 6.686274314000116 ], [ 99.907852287000026, 6.686150612 ], [ 99.907703203000153, 6.685985587000118 ], [ 99.907587215000149, 6.685837052000011 ], [ 99.907554015000073, 6.685762749 ], [ 99.907487659000083, 6.685622393000131 ], [ 99.907363458000191, 6.685506912000051 ], [ 99.907255775000067, 6.685391409000033 ], [ 99.907073573000105, 6.685185126000079 ], [ 99.906932501000142, 6.68488789800017 ], [ 99.906766865000122, 6.684722923000095 ], [ 99.906584918000078, 6.684665396000071 ], [ 99.906494039000108, 6.684690378000028 ], [ 99.906386539000096, 6.684674014000052 ], [ 99.906287281000061, 6.684616375000189 ], [ 99.90619631800007, 6.684600019000072 ], [ 99.906088950000083, 6.684649778 ], [ 99.906006503000071, 6.684757379000132 ], [ 99.905929444000037, 6.684831172000088 ], [ 99.905922060000137, 6.684838243000058 ], [ 99.905824966000068, 6.684931237000114 ], [ 99.905742514000167, 6.685030568000059 ], [ 99.905663974000106, 6.685093631000086 ], [ 99.905618664000087, 6.685130011000069 ], [ 99.905486534000147, 6.685171535000109 ], [ 99.905321180000158, 6.685163568000064 ], [ 99.905307862000086, 6.685175916000048 ], [ 99.905290503000174, 6.68519201200013 ], [ 99.905213937000042, 6.685262942000122 ], [ 99.905224334000138, 6.68540015100001 ], [ 99.905229920000068, 6.685473515000069 ], [ 99.905230876000132, 6.685486061 ], [ 99.905189847000202, 6.685667924000086 ], [ 99.905186459999982, 6.685672345000171 ], [ 99.90515949700017, 6.68570754700005 ], [ 99.90513751800006, 6.685736232000011 ], [ 99.905107420000036, 6.685775516000092 ], [ 99.905045459000178, 6.685833240000079 ], [ 99.905010251000078, 6.68586605500019 ], [ 99.904988185000036, 6.685886621000122 ], [ 99.904983618000074, 6.685902078000083 ], [ 99.904934111000159, 6.685941117000027 ], [ 99.904892945000142, 6.68602383800004 ], [ 99.904925378000087, 6.686099059000128 ], [ 99.904938242000071, 6.686128979000102 ], [ 99.904942747000177, 6.686139455999978 ], [ 99.904951189000144, 6.686222050000083 ], [ 99.904907367000078, 6.68628435300019 ], [ 99.904879305000065, 6.686324249000108 ], [ 99.904852260000041, 6.686362718000169 ], [ 99.904819359000101, 6.686445433000188 ], [ 99.904869015000145, 6.686486651000052 ], [ 99.904959028000178, 6.68646848000003 ], [ 99.904992948000142, 6.686461647000101 ], [ 99.905016219000061, 6.686457371000074 ], [ 99.905083852000018, 6.686444946000051 ], [ 99.905090715000142, 6.686525525000036 ], [ 99.905092299000103, 6.686544108000078 ], [ 99.905070280000189, 6.686575641000104 ], [ 99.905034570000055, 6.686626833000105 ], [ 99.905084368000075, 6.686725919000139 ], [ 99.905133989000035, 6.686742351000078 ], [ 99.905236309000145, 6.686727530000155 ], [ 99.905249672000082, 6.686725615000114 ], [ 99.905341111000098, 6.686721477000106 ], [ 99.905439762000185, 6.686717011999974 ], [ 99.905596804000197, 6.686716723000075 ], [ 99.905729131000044, 6.686757789000069 ], [ 99.905737622000117, 6.686881728000117 ], [ 99.905911765000042, 6.687178913000139 ], [ 99.906027794000181, 6.68734399900012 ], [ 99.906041778000088, 6.687402259000123 ], [ 99.906069429000127, 6.687517457000069 ], [ 99.90607121700009, 6.687522085000069 ], [ 99.906135857000152, 6.687690878000126 ], [ 99.906210624000039, 6.687880834 ], [ 99.906301757000165, 6.687988070000188 ], [ 99.906395375000102, 6.688081322000073 ], [ 99.906417685000179, 6.688103548000129 ], [ 99.906574758000147, 6.688119782000058 ], [ 99.906595561000131, 6.688123648000044 ], [ 99.906707064000045, 6.688144370000145 ], [ 99.907128729000021, 6.688209678000021 ], [ 99.907258292, 6.688245699999982 ], [ 99.907335496000201, 6.68826716500007 ], [ 99.907350314000155, 6.68826955500009 ], [ 99.907563508000067, 6.68823632800013 ] ] ], [ [ [ 99.866605308000089, 6.686667098000157 ], [ 99.866627124000104, 6.686484590000134 ], [ 99.866636544000187, 6.686368948000165 ], [ 99.866651373000082, 6.686289205000037 ], [ 99.86667123, 6.686191447000112 ], [ 99.866719074000059, 6.686057478000123 ], [ 99.866754257000082, 6.685949302999973 ], [ 99.866774317000136, 6.685879788000022 ], [ 99.866804587000161, 6.685802470000169 ], [ 99.866823995000118, 6.685643073000051 ], [ 99.86683905100017, 6.685594141000081 ], [ 99.866843602000074, 6.685511919000021 ], [ 99.866840314000171, 6.685414356000024 ], [ 99.866832044000034, 6.68533738300016 ], [ 99.866861467000035, 6.685144493 ], [ 99.866876305, 6.685064739000154 ], [ 99.866878158000077, 6.684967123000092 ], [ 99.866869697000197, 6.684864462 ], [ 99.866855907000115, 6.684736164000071 ], [ 99.866779192000081, 6.684438901000078 ], [ 99.866708329000176, 6.684239186000127 ], [ 99.866692661000116, 6.68420593400009 ], [ 99.866666715000122, 6.684172775000093 ], [ 99.866635776000123, 6.684160210000186 ], [ 99.866615157000069, 6.684152690000076 ], [ 99.866609439000172, 6.684151885000119 ], [ 99.866563690000191, 6.684145444000023 ], [ 99.866543149000165, 6.684148199000163 ], [ 99.866517503000182, 6.684156134000034 ], [ 99.866491892000113, 6.684169208000071 ], [ 99.866468891000068, 6.684187396000141 ], [ 99.866448455000182, 6.684205558000031 ], [ 99.866433133000157, 6.684218539000142 ], [ 99.866317949000177, 6.684275199000012 ], [ 99.866284212000153, 6.684292424000091 ], [ 99.866240764000111, 6.684304900000086 ], [ 99.866199750000078, 6.68431977299997 ], [ 99.866178034000086, 6.684327217999964 ], [ 99.866149044000167, 6.684332314000017 ], [ 99.866122506000124, 6.684342221000065 ], [ 99.866107993000071, 6.684342352000158 ], [ 99.866093463000084, 6.684340064000139 ], [ 99.866076496, 6.684335383000018 ], [ 99.866066766000131, 6.684328218000076 ], [ 99.866057039000111, 6.684321053000076 ], [ 99.866049764000138, 6.684318703000088 ], [ 99.866040036000186, 6.684311538000088 ], [ 99.866032671000198, 6.684297100000151 ], [ 99.866030132999981, 6.684280203000071 ], [ 99.866024943000127, 6.684231904000058 ], [ 99.866026962000035, 6.684178703000043 ], [ 99.866031588000055, 6.684149655000112 ], [ 99.866033757000139, 6.684115792000057 ], [ 99.866043131000197, 6.6840746150001 ], [ 99.86604784400015, 6.684057652000035 ], [ 99.866086016000111, 6.683984788999965 ], [ 99.866114862000188, 6.683960354000021 ], [ 99.86616060800003, 6.683930935000149 ], [ 99.866213496000171, 6.683884532000093 ], [ 99.866251786000134, 6.683828586000118 ], [ 99.866285386000072, 6.683792022000091 ], [ 99.866311749000033, 6.683757943000046 ], [ 99.866343027000141, 6.683735904000059 ], [ 99.866374303000043, 6.6837114490001 ], [ 99.866407878000075, 6.683672466000132 ], [ 99.866441426, 6.683628652000095 ], [ 99.866475003000062, 6.683587254000031 ], [ 99.866498934000163, 6.683553191000158 ], [ 99.866570845000183, 6.683460684000067 ], [ 99.86659241100017, 6.683433893000029 ], [ 99.866603975000032, 6.683420843000022 ], [ 99.866614005000201, 6.683409524000069 ], [ 99.866625993000127, 6.683394911 ], [ 99.866635494000093, 6.683370649000153 ], [ 99.866645016000177, 6.683348808 ], [ 99.866647218000196, 6.683319777 ], [ 99.866647058000183, 6.683298019000176 ], [ 99.866646914000171, 6.683278679000182 ], [ 99.866644388000111, 6.683264196000152 ], [ 99.866641881000191, 6.683252131000131 ], [ 99.866614935000086, 6.683206438000127 ], [ 99.866602211999975, 6.68318502600016 ], [ 99.866597790000185, 6.683177581000166 ], [ 99.866561274000162, 6.683146480000175 ], [ 99.866495589000124, 6.683096300000102 ], [ 99.866441820000034, 6.683021834000158 ], [ 99.8664123490002, 6.682961658000124 ], [ 99.866390347000163, 6.682930427000144 ], [ 99.866373129000124, 6.682891896000058 ], [ 99.866353583000148, 6.682865477000064 ], [ 99.866343711000184, 6.682838971000024 ], [ 99.866338697000117, 6.682814839000173 ], [ 99.866330537000181, 6.682691606 ], [ 99.866330288000086, 6.682657760000041 ], [ 99.866340575000095, 6.682632534999982 ], [ 99.866345618000082, 6.68261703100012 ], [ 99.866365029000178, 6.682591454000089 ], [ 99.866409352, 6.682526697000128 ], [ 99.866461864000087, 6.682431091000012 ], [ 99.866474590999985, 6.682418156000097 ], [ 99.866484088000163, 6.682408504000023 ], [ 99.866509180000094, 6.682394287000022 ], [ 99.866534359000184, 6.682391264000046 ], [ 99.86655948900011, 6.682382642 ], [ 99.866573324000115, 6.682360132000099 ], [ 99.86657878, 6.682340496000108 ], [ 99.866578657000105, 6.682323708000126 ], [ 99.866561267000066, 6.682242716000189 ], [ 99.866525728000056, 6.681977201000109 ], [ 99.866517063000174, 6.681940900000086 ], [ 99.866499957000144, 6.681899080000164 ], [ 99.866477375000045, 6.68187409900014 ], [ 99.866454897000153, 6.681863108000186 ], [ 99.866384675, 6.68183295800003 ], [ 99.86631717500012, 6.681791588000124 ], [ 99.866283394999982, 6.681766707000122 ], [ 99.866277695000065, 6.681752768000138 ], [ 99.866269155000055, 6.681733254000108 ], [ 99.866269092000152, 6.681724860000145 ], [ 99.866271765000079, 6.681708046000153 ], [ 99.866274507000128, 6.681699626000182 ], [ 99.866279969000061, 6.681679989000031 ], [ 99.866288174000147, 6.681654728000183 ], [ 99.866290753000101, 6.681623922000142 ], [ 99.866290482000124, 6.681587543000035 ], [ 99.866281694000122, 6.681534453000097 ], [ 99.866264346000094, 6.681459050000171 ], [ 99.866235793000158, 6.681383746000165 ], [ 99.866183436000142, 6.681115555000076 ], [ 99.866174718000138, 6.681073653000169 ], [ 99.866180199000155, 6.681056812000122 ], [ 99.866188519000161, 6.681045542000049 ], [ 99.866202415000032, 6.681031424000139 ], [ 99.866210693000198, 6.681014559000062 ], [ 99.866216163000104, 6.680997715999979 ], [ 99.866213066000114, 6.680955765000022 ], [ 99.866175172, 6.680751799000177 ], [ 99.866137860000151, 6.680628987000148 ], [ 99.866123553000079, 6.68058713400012 ], [ 99.866098087000125, 6.680550977000053 ], [ 99.866021996000143, 6.680484489999969 ], [ 99.86590071400002, 6.680365230000064 ], [ 99.865847165000162, 6.680318132000082 ], [ 99.865776692000111, 6.68025439000013 ], [ 99.865731666999977, 6.680224008000096 ], [ 99.865697819000047, 6.680190726000035 ], [ 99.865680731000054, 6.680151694000187 ], [ 99.86560992800014, 6.680043170999966 ], [ 99.86557362700006, 6.680010457000094 ], [ 99.865542275000166, 6.679982201000087 ], [ 99.865519812000173, 6.679974007000112 ], [ 99.865502950000177, 6.679965762000052 ], [ 99.865486149000105, 6.67996591300016 ], [ 99.865466591000086, 6.679971688000023 ], [ 99.865455494000173, 6.679985783 ], [ 99.865444354000147, 6.67999428000013 ], [ 99.86543317700017, 6.67999718100009 ], [ 99.865419176000159, 6.679997306000189 ], [ 99.865402355000128, 6.679994659000045 ], [ 99.865362926000159, 6.679964225000049 ], [ 99.865314464000051, 6.679921418000106 ], [ 99.865253576000157, 6.679867753000053 ], [ 99.865211581000153, 6.679830600000059 ], [ 99.865167549000034, 6.679799721000109 ], [ 99.865134053000133, 6.679783341000132 ], [ 99.865100570000095, 6.679769047000036 ], [ 99.865075511000043, 6.679765104000182 ], [ 99.865060847999985, 6.679756894000036 ], [ 99.864998153000045, 6.679733870000064 ], [ 99.864965025000174, 6.679719498000111 ], [ 99.864924505000033, 6.679697857000178 ], [ 99.864898713000173, 6.679683418000138 ], [ 99.864865367999982, 6.679639706000103 ], [ 99.864824523000095, 6.679574056000149 ], [ 99.864724460000048, 6.679439249000097 ], [ 99.864632216000075, 6.67937039200018 ], [ 99.864562343000046, 6.679349015000128 ], [ 99.864518317000147, 6.679349412000022 ], [ 99.864488965000191, 6.679349676000072 ], [ 99.864466867000147, 6.679338872000073 ], [ 99.864437299000201, 6.679309796000155 ], [ 99.8644222960001, 6.679265918000056 ], [ 99.864407404000133, 6.679236706000154 ], [ 99.864399875000117, 6.679211099000042 ], [ 99.864388675999976, 6.679185525000094 ], [ 99.864388622000149, 6.679178190000073 ], [ 99.864426150000099, 6.679149522000046 ], [ 99.864465640000162, 6.679129353000064 ], [ 99.864481407000142, 6.679117323000128 ], [ 99.864485288000196, 6.679105402000118 ], [ 99.864481085000079, 6.679073735999964 ], [ 99.864436598000054, 6.678955256000108 ], [ 99.864392437000049, 6.678880360000164 ], [ 99.86438836200017, 6.678864546000057 ], [ 99.864388151000014, 6.678836806999982 ], [ 99.864395903000172, 6.678812960000073 ], [ 99.864411640000128, 6.678796967999972 ], [ 99.864443270000095, 6.678784793000148 ], [ 99.86448675000014, 6.67876854900004 ], [ 99.864538132000121, 6.678748272000064 ], [ 99.864581648000126, 6.678735991 ], [ 99.864617058000078, 6.67870000400012 ], [ 99.864644659000135, 6.678679941000155 ], [ 99.864664281000159, 6.67865202500019 ], [ 99.864668121000136, 6.678636137000069 ], [ 99.864667886000177, 6.67860443700016 ], [ 99.864651590000051, 6.678545138000118 ], [ 99.864627571000142, 6.678513650000184 ], [ 99.864599560000045, 6.678478235000171 ], [ 99.864563619000194, 6.678442891000088 ], [ 99.864527678000115, 6.678407548999985 ], [ 99.864483809000149, 6.67837227800004 ], [ 99.864440029000093, 6.678348892000031 ], [ 99.86438832000016, 6.678325580000092 ], [ 99.864348593000159, 6.678314049999983 ], [ 99.864312858000119, 6.678306446000079 ], [ 99.864240565999978, 6.678299171000106 ], [ 99.864188297, 6.678283351000061 ], [ 99.864135980000071, 6.678261013000167 ], [ 99.864080428000079, 6.678241963000175 ], [ 99.864018308000084, 6.678216456000087 ], [ 99.863844598000071, 6.678087678999987 ], [ 99.863749375000111, 6.677994038000179 ], [ 99.863683703, 6.67792945900004 ], [ 99.863624574000198, 6.677868076000038 ], [ 99.863582098000052, 6.677822670000012 ], [ 99.86347342900001, 6.677706504000184 ], [ 99.863400993000084, 6.677609394000115 ], [ 99.863348186000053, 6.67752188500009 ], [ 99.863295352000137, 6.677431112000136 ], [ 99.863191905000178, 6.677109410000185 ], [ 99.863148522000074, 6.676976181000043 ], [ 99.863118161000102, 6.676839573000109 ], [ 99.863078022000082, 6.676703050000128 ], [ 99.863040182000134, 6.676521039000079 ], [ 99.86303067900019, 6.676475332000109 ], [ 99.862994042000082, 6.676371363000101 ], [ 99.8629344900001, 6.676254563000043 ], [ 99.862861899000052, 6.676137880000056 ], [ 99.862818961000073, 6.676063301 ], [ 99.862674028000072, 6.675859258000116 ], [ 99.86264100600016, 6.675807405000171 ], [ 99.862621325000021, 6.675791285000059 ], [ 99.862608286000125, 6.675791404000165 ], [ 99.862582259000192, 6.675798158000021 ], [ 99.862515988000098, 6.675833831000034 ], [ 99.862397142000077, 6.675889109000025 ], [ 99.862249548000079, 6.675966328000072 ], [ 99.86213801800011, 6.676032379000105 ], [ 99.862001267000096, 6.67610949900012 ], [ 99.861889691000101, 6.67616832200008 ], [ 99.861781829000051, 6.676241564000122 ], [ 99.861656056000186, 6.676336649000064 ], [ 99.861580621000087, 6.676395142000047 ], [ 99.861512266000034, 6.676435505000086 ], [ 99.861447574000181, 6.676483063000092 ], [ 99.861382829000092, 6.676523395000061 ], [ 99.861318226000151, 6.67658179 ], [ 99.861275299000056, 6.676639990000069 ], [ 99.86116784800015, 6.676763805000064 ], [ 99.861107054000058, 6.676847456000132 ], [ 99.861024748000034, 6.676952978000031 ], [ 99.860952866000105, 6.677004210000177 ], [ 99.860891824000191, 6.677055343000063 ], [ 99.860823559000153, 6.677106541 ], [ 99.860758874000055, 6.677154092000137 ], [ 99.860676355000066, 6.677230708000081 ], [ 99.860608417000094, 6.677325256000074 ], [ 99.860554911000122, 6.677416060000155 ], [ 99.860504941000102, 6.677495992000161 ], [ 99.860390150000114, 6.67760540900008 ], [ 99.860358021000195, 6.677656278000086 ], [ 99.860326030000124, 6.677725207000037 ], [ 99.860305017000087, 6.677812098000061 ], [ 99.860280226000043, 6.677877349000028 ], [ 99.860255547000065, 6.677960662000089 ], [ 99.860195034000128, 6.678076807000025 ], [ 99.860145369000179, 6.678196465000156 ], [ 99.860124309000014, 6.678276129000153 ], [ 99.860110246000033, 6.678326829000071 ], [ 99.860055525, 6.678419532000021 ], [ 99.859951095999975, 6.678438782 ], [ 99.859908629000131, 6.678467617000024 ], [ 99.859876217000135, 6.678505275000077 ], [ 99.859875720000161, 6.678505852000058 ], [ 99.859874535000131, 6.678508118000082 ], [ 99.859838320000108, 6.678577321000034 ], [ 99.859815624000134, 6.678710304000106 ], [ 99.859811327000045, 6.678767245000131 ], [ 99.859826423000072, 6.678880917000072 ], [ 99.859860329000014, 6.678970706000143 ], [ 99.859894074000067, 6.679041530000177 ], [ 99.859932488000084, 6.679102826000076 ], [ 99.859989814000187, 6.679154471000174 ], [ 99.860037535000117, 6.679191974000162 ], [ 99.860099587000093, 6.679243575999976 ], [ 99.860162015000128, 6.679342587000122 ], [ 99.860367814000199, 6.67958255200017 ], [ 99.860434929000178, 6.679676778000157 ], [ 99.860492390000047, 6.679747381000027 ], [ 99.860554529000126, 6.679808461000107 ], [ 99.86063067200007, 6.679840963000117 ], [ 99.860730697000122, 6.679896959000132 ], [ 99.860812043000067, 6.679991051000115 ], [ 99.860980333000157, 6.680288228999984 ], [ 99.861062224000079, 6.680453425000167 ], [ 99.861101283000039, 6.680600041000048 ], [ 99.861120622000158, 6.680647277000048 ], [ 99.86113532000013, 6.680708776000074 ], [ 99.861130832000072, 6.680741999000077 ], [ 99.861146001000179, 6.680865121000124 ], [ 99.861170511000068, 6.680969196000149 ], [ 99.861199396000075, 6.681025822000038 ], [ 99.861280743000123, 6.681119903000081 ], [ 99.861376097000061, 6.681185412000104 ], [ 99.861491774000115, 6.681307152000045 ], [ 99.861616027000196, 6.68143400200006 ], [ 99.862041243000192, 6.681856718 ], [ 99.862079467000171, 6.681894288000137 ], [ 99.862131801000032, 6.681917512999973 ], [ 99.862164921000101, 6.681907738000177 ], [ 99.86219810700004, 6.681907439000042 ], [ 99.862217107000163, 6.681912007000051 ], [ 99.862236143000132, 6.681921314000022 ], [ 99.862250537000079, 6.681944879000127 ], [ 99.862265220000154, 6.682006354000123 ], [ 99.862280463000104, 6.68213891400012 ], [ 99.862290742000141, 6.682243081000081 ], [ 99.862291784000035, 6.682380500000022 ], [ 99.862302165000131, 6.68249887900015 ], [ 99.862323417000084, 6.682801962999974 ], [ 99.862338192000152, 6.682872912000107 ], [ 99.862347955000189, 6.682910731000106 ], [ 99.862367314000096, 6.68296268000006 ], [ 99.862377486000014, 6.683052622000048 ], [ 99.862378773000046, 6.683223193 ], [ 99.862369872000102, 6.683299085999977 ], [ 99.8623611390002, 6.683398669000155 ], [ 99.862361829000065, 6.683488690000047 ], [ 99.862376807000089, 6.683588057000179 ], [ 99.862382333000141, 6.683692244000042 ], [ 99.862378389000185, 6.683796517000019 ], [ 99.862395121000134, 6.684128019000127 ], [ 99.862405688000081, 6.684270059000141 ], [ 99.862425800000096, 6.684421483000051 ], [ 99.862440777000188, 6.684520839000072 ], [ 99.862448320000055, 6.685351621000109 ], [ 99.862456984000062, 6.685868006000078 ], [ 99.862458166000124, 6.686024348000046 ], [ 99.862467907000166, 6.68605742800014 ], [ 99.862472860000082, 6.686085810000179 ], [ 99.862501559000066, 6.68611871700017 ], [ 99.86252530600018, 6.686123244999976 ], [ 99.862544201000048, 6.686113599000066 ], [ 99.862553582000032, 6.686099304000038 ], [ 99.862577209000108, 6.686089613000036 ], [ 99.862605765000183, 6.686103572000036 ], [ 99.8626296770002, 6.686131780000096 ], [ 99.862677562000158, 6.686192945000073 ], [ 99.86270637500013, 6.686240068000131 ], [ 99.862726370000132, 6.686273290000031 ], [ 99.862743706000117, 6.686303898000119 ], [ 99.862760992000119, 6.686327671000015 ], [ 99.86278856600012, 6.686354769000161 ], [ 99.862819506, 6.686375001000044 ], [ 99.862854020000043, 6.686415708000141 ], [ 99.862875035000059, 6.686480464000169 ], [ 99.862895953000191, 6.686531548000119 ], [ 99.862913522000156, 6.686592916000052 ], [ 99.86293078500006, 6.686613271000056 ], [ 99.862941073000059, 6.686616599000104 ], [ 99.862954755000089, 6.686616475000108 ], [ 99.862965016000146, 6.686616383000114 ], [ 99.862975306000124, 6.686619708000137 ], [ 99.862995850000061, 6.686622942000042 ], [ 99.86301306200005, 6.686636460000102 ], [ 99.863033765000068, 6.686660202000098 ], [ 99.863051180000184, 6.686701062000111 ], [ 99.863061676000143, 6.686731730000133 ], [ 99.863065401000199, 6.68677271100006 ], [ 99.863075978000097, 6.686813633999975 ], [ 99.863083103000065, 6.686851166999986 ], [ 99.863083283000094, 6.686875091000047 ], [ 99.863097277000179, 6.686915981000027 ], [ 99.863124952000078, 6.686956749000046 ], [ 99.86314588800019, 6.687011246 ], [ 99.863180715000169, 6.687092962 ], [ 99.863194599000053, 6.687120179000033 ], [ 99.863225647000149, 6.687154081000187 ], [ 99.863270576000048, 6.687215198 ], [ 99.863280996000185, 6.687235612999984 ], [ 99.86329493500017, 6.687269666000077 ], [ 99.8632985590001, 6.687296973000116 ], [ 99.863305997000055, 6.687375517000021 ], [ 99.863306358000159, 6.687423361000072 ], [ 99.863306715000078, 6.687471204000076 ], [ 99.863307108000015, 6.687522468000054 ], [ 99.863314413000182, 6.687583919000076 ], [ 99.863318242000048, 6.687638566000032 ], [ 99.863311794000083, 6.687689889000126 ], [ 99.86332323400012, 6.68784698900015 ], [ 99.86333756900018, 6.687932304000185 ], [ 99.863358681000136, 6.688010714000086 ], [ 99.863386552, 6.688078808000057 ], [ 99.863410990000091, 6.688143523000178 ], [ 99.86343885000008, 6.688208207 ], [ 99.863463562, 6.688310503000139 ], [ 99.86347758300019, 6.688354806000177 ], [ 99.863498719000177, 6.68843662900008 ], [ 99.863551057000052, 6.688572848999968 ], [ 99.863575595000157, 6.688651227000094 ], [ 99.863613600000178, 6.688702143 ], [ 99.863689854000086, 6.688834729000178 ], [ 99.863745143000131, 6.688909411000111 ], [ 99.863786702000084, 6.688977380000154 ], [ 99.863842505000036, 6.689120394000099 ], [ 99.863856674000033, 6.689185191000036 ], [ 99.863874362000047, 6.689263619000144 ], [ 99.863881644000116, 6.689321644000017 ], [ 99.86388894800001, 6.68938308200012 ], [ 99.863889308000068, 6.689430914000184 ], [ 99.863899927000148, 6.68947865500013 ], [ 99.863908001000084, 6.689630328000021 ], [ 99.863912515000095, 6.689698146000126 ], [ 99.863920985000107, 6.689761935000149 ], [ 99.86394140800013, 6.689821623000114 ], [ 99.863961901000096, 6.689889298000082 ], [ 99.863986685000043, 6.689996845000053 ], [ 99.86401131700012, 6.690084434000084 ], [ 99.864023785000086, 6.690148185000112 ], [ 99.864032106000138, 6.690192015000036 ], [ 99.864056624000057, 6.690446067000096 ], [ 99.864057166000123, 6.690517942999975 ], [ 99.864052393000122, 6.690566762 ], [ 99.864050209000141, 6.690618127000107 ], [ 99.864055081000174, 6.690770143000066 ], [ 99.864050543000189, 6.690849765999985 ], [ 99.864050909000184, 6.690898539000045 ], [ 99.864048687000036, 6.690944769000112 ], [ 99.864054019000093, 6.690970391000121 ], [ 99.86406443400017, 6.690988269000172 ], [ 99.86408506700019, 6.690998351000133 ], [ 99.864105670000185, 6.691003304000105 ], [ 99.864127621000137, 6.691003108000075 ], [ 99.864131367000084, 6.691003074999969 ], [ 99.864172408000059, 6.690992439000183 ], [ 99.864208309000105, 6.690981850000071 ], [ 99.864256982000086, 6.690960878000112 ], [ 99.864310819000195, 6.69094243 ], [ 99.864364666000142, 6.690926544000149 ], [ 99.864421088000199, 6.690910635000137 ], [ 99.864499087000183, 6.690872039000169 ], [ 99.864550231000123, 6.690838204000102 ], [ 99.864614179000114, 6.690796556 ], [ 99.864662763000183, 6.690762748000054 ], [ 99.864703464000115, 6.690705905000073 ], [ 99.864746877000073, 6.6906695670001 ], [ 99.864869483000064, 6.690565781000032 ], [ 99.86495372100012, 6.69048800700017 ], [ 99.865009881000162, 6.690436155000157 ], [ 99.865050741000175, 6.690402406000089 ], [ 99.865191280000147, 6.690290749000042 ], [ 99.86521412400009, 6.690252032000103 ], [ 99.865249815000084, 6.69021319899997 ], [ 99.865285525000047, 6.690176931 ], [ 99.865316127000085, 6.690126739000107 ], [ 99.865361709000126, 6.690033913000093 ], [ 99.865386979000107, 6.689977199 ], [ 99.865425058000142, 6.689912678999974 ], [ 99.865460408000047, 6.689827637000064 ], [ 99.865493333000188, 6.689763154000161 ], [ 99.865531422000061, 6.689701193000076 ], [ 99.865668711000126, 6.689294230000087 ], [ 99.86569901200005, 6.689222083000061 ], [ 99.865720845000169, 6.689195754000082 ], [ 99.865739759000121, 6.689172947000088 ], [ 99.865801070000146, 6.689126184000031 ], [ 99.865877742000123, 6.689069026000084 ], [ 99.865959408000094, 6.68899129100015 ], [ 99.866005235000102, 6.68893440100004 ], [ 99.866040828000109, 6.688882741000043 ], [ 99.866073736000146, 6.688815699000031 ], [ 99.866114428000117, 6.688758858000028 ], [ 99.866200847000073, 6.688629726000158 ], [ 99.866238754000108, 6.688542106 ], [ 99.866268980000143, 6.688459683000019 ], [ 99.866311879000023, 6.688351479000119 ], [ 99.866331769000112, 6.688261442000055 ], [ 99.866338840000083, 6.688174092000111 ], [ 99.866348576000178, 6.688102115000106 ], [ 99.866358240000068, 6.688017309000031 ], [ 99.866362680000066, 6.687922274000073 ], [ 99.866379896000069, 6.687816857000144 ], [ 99.866397504000133, 6.687765348000028 ], [ 99.866425466000123, 6.687724017000107 ], [ 99.866448344000048, 6.687690434000046 ], [ 99.866478444000052, 6.687590031000013 ], [ 99.866482960000099, 6.687505263000105 ], [ 99.866477444000168, 6.687453960000028 ], [ 99.866482097000073, 6.68738716200005 ], [ 99.866484251000088, 6.687330656000142 ], [ 99.866500595000048, 6.687107123000033 ], [ 99.866532680000091, 6.686924533000024 ], [ 99.866557844000056, 6.686852407000117 ], [ 99.866572675000157, 6.686772671000085 ], [ 99.866605308000089, 6.686667098000157 ] ] ], [ [ [ 99.859436302000063, 6.691063029000134 ], [ 99.859031439000034, 6.690981449000162 ], [ 99.858434906000127, 6.691147098000101 ], [ 99.85802592400006, 6.691290737000145 ], [ 99.857751804000088, 6.691510654000126 ], [ 99.857492682000156, 6.691874628000051 ], [ 99.857311916000128, 6.692328715000087 ], [ 99.857203377000133, 6.693028457000025 ], [ 99.857073981000042, 6.693563675000121 ], [ 99.856944547000182, 6.694071432000101 ], [ 99.856938518000163, 6.694572072000142 ], [ 99.856926978000047, 6.694886756000074 ], [ 99.856923211000037, 6.694989488000033 ], [ 99.85702607200011, 6.695239645000015 ], [ 99.857282661999989, 6.695818084000052 ], [ 99.857555080000168, 6.696064104000129 ], [ 99.857879440000033, 6.696268185000065 ], [ 99.858492090000084, 6.696437280000112 ], [ 99.858554606000098, 6.696469848000106 ], [ 99.858636328000102, 6.696454922000157 ], [ 99.858938004000038, 6.696399822000046 ], [ 99.859363187000099, 6.696316794999973 ], [ 99.859788186, 6.696144589000141 ], [ 99.860213079000118, 6.695890072000111 ], [ 99.860542159000147, 6.695772895000118 ], [ 99.860822998, 6.69553236400003 ], [ 99.860939375000157, 6.695394979000127 ], [ 99.861014486000045, 6.695202824000091 ], [ 99.861055185000112, 6.694928398000116 ], [ 99.861027077000131, 6.694558082000071 ], [ 99.861081346000105, 6.694215064000105 ], [ 99.861081025000146, 6.694031675000076 ], [ 99.861034195000173, 6.694031704 ], [ 99.860945572000048, 6.693746201000124 ], [ 99.860905125000158, 6.693692385000077 ], [ 99.860814986000094, 6.693513264000103 ], [ 99.860798849000048, 6.693509153000036 ], [ 99.860750801000165, 6.693495483000163 ], [ 99.860702619999984, 6.693406428000173 ], [ 99.860688608000089, 6.693234990000178 ], [ 99.860695268000086, 6.693118387000027 ], [ 99.860729199000161, 6.69289886200005 ], [ 99.860765469000171, 6.692835399000046 ], [ 99.86081753100018, 6.692432996999969 ], [ 99.860784774000081, 6.692094391000012 ], [ 99.860603772000161, 6.691787983000097 ], [ 99.860487104000129, 6.691542108000078 ], [ 99.860486723000179, 6.691541294 ], [ 99.860395120000135, 6.691478140000129 ], [ 99.86021884500002, 6.691356566000024 ], [ 99.859896198000058, 6.691226832000098 ], [ 99.859436302000063, 6.691063029000134 ] ] ], [ [ [ 99.845536782000181, 6.701145690000146 ], [ 99.845539283000107, 6.701129139000102 ], [ 99.845598299000187, 6.700738549000107 ], [ 99.845409750000158, 6.700269649 ], [ 99.845033642000089, 6.700207574000103 ], [ 99.844688821000091, 6.699957689000144 ], [ 99.844406107000168, 6.699675753000065 ], [ 99.844390756000053, 6.699669544000187 ], [ 99.8442221210002, 6.699590041000079 ], [ 99.844088842000076, 6.69944841 ], [ 99.843946752000079, 6.699333395 ], [ 99.843733647000136, 6.69918304700019 ], [ 99.843582660000152, 6.699050310000132 ], [ 99.843413966000014, 6.698935323000114 ], [ 99.843262950000167, 6.698802576000048 ], [ 99.843165197000133, 6.698669738999968 ], [ 99.84306739800013, 6.698536901000182 ], [ 99.842978401000153, 6.698350847000086 ], [ 99.842880586000149, 6.698191455000028 ], [ 99.842844774000184, 6.698005299999977 ], [ 99.842880052999988, 6.69788109000018 ], [ 99.842959810000139, 6.697845495000024 ], [ 99.843075059000171, 6.69781870800017 ], [ 99.843190349999986, 6.6978274 ], [ 99.843300780000106, 6.697784707000096 ], [ 99.843118585000184, 6.697361625000099 ], [ 99.842616699000075, 6.696829946999969 ], [ 99.841707719000169, 6.696299521000185 ], [ 99.841049625000096, 6.696019123000042 ], [ 99.840798736000181, 6.695800214000144 ], [ 99.840791096000089, 6.695773710000083 ], [ 99.840703560000122, 6.695721389000084 ], [ 99.840410958000064, 6.695748490000142 ], [ 99.84026035800008, 6.695855152000092 ], [ 99.84005691200008, 6.696156965000114 ], [ 99.839835589000188, 6.696379007000189 ], [ 99.839507824000123, 6.696592366000118 ], [ 99.839303822000147, 6.696574977000012 ], [ 99.839055237000082, 6.69642468800015 ], [ 99.838593944000195, 6.696354526 ], [ 99.837902317999976, 6.696417764000103 ], [ 99.837889214000143, 6.696404355000141 ], [ 99.837866990000066, 6.696497636000117 ], [ 99.837885113000084, 6.69673701500011 ], [ 99.837743820000185, 6.697083023000175 ], [ 99.837646661000065, 6.697313744000155 ], [ 99.837540696000076, 6.697579890000156 ], [ 99.837505694000015, 6.697872571000119 ], [ 99.837515042000121, 6.698138537000091 ], [ 99.837586142000134, 6.698244811000166 ], [ 99.837754399000119, 6.698102675000143 ], [ 99.83802022600014, 6.697960360000025 ], [ 99.838171004, 6.69795123900002 ], [ 99.838445993000107, 6.698003972000038 ], [ 99.83861470100004, 6.698110051000015 ], [ 99.83873044500001, 6.698384719000046 ], [ 99.838846376000106, 6.698756937000098 ], [ 99.838837866000119, 6.69896087799998 ], [ 99.838714203000109, 6.699262554000086 ], [ 99.83864380100016, 6.699590741000179 ], [ 99.838635259000171, 6.699785810000037 ], [ 99.83881284500012, 6.69988305600009 ], [ 99.839096658000074, 6.699900280000122 ], [ 99.83924724600007, 6.69981136500013 ], [ 99.839348876000145, 6.699741836000157 ], [ 99.839459759000135, 6.699615941000104 ], [ 99.839716779000128, 6.699517951000189 ], [ 99.840018332999989, 6.699535180999987 ], [ 99.840213533000167, 6.699579196000172 ], [ 99.840151595, 6.699667958000077 ], [ 99.840112675000171, 6.699699702000032 ], [ 99.840009910000106, 6.699783461000095 ], [ 99.83995682300008, 6.699863363000134 ], [ 99.840054541000143, 6.69996959100007 ], [ 99.840187651000178, 6.70001367500015 ], [ 99.840364997999984, 6.69998677000018 ], [ 99.840595446000066, 6.699915464000128 ], [ 99.840772704000187, 6.699853112000085 ], [ 99.840976431000058, 6.699693159000105 ], [ 99.841040038000074, 6.699637800000062 ], [ 99.841143657000032, 6.699664417000065 ], [ 99.841144882000037, 6.699666258000093 ], [ 99.841167170000119, 6.699798558000055 ], [ 99.841171764000137, 6.699825830000179 ], [ 99.841206244000148, 6.700057651000066 ], [ 99.841291904000116, 6.70016777 ], [ 99.841349832000162, 6.700242239999966 ], [ 99.841536554000129, 6.700516795000055 ], [ 99.841696475000106, 6.700684982000041 ], [ 99.841838468000049, 6.700737930000116 ], [ 99.841989288000093, 6.700790882000092 ], [ 99.842131297000037, 6.70085269700013 ], [ 99.842202378000138, 6.700914622000028 ], [ 99.842273553000098, 6.701038652000136 ], [ 99.842294610000124, 6.701070142999981 ], [ 99.842344666000201, 6.701144896000073 ], [ 99.842368647000171, 6.701159860000075 ], [ 99.842403722000142, 6.701181678000069 ], [ 99.842415704000018, 6.701189131000092 ], [ 99.842499302000192, 6.701213550000034 ], [ 99.84290572000009, 6.701150213000062 ], [ 99.843219103000195, 6.701212418000125 ], [ 99.843469795000146, 6.701337509000098 ], [ 99.844316067000136, 6.701554837000117 ], [ 99.845224030000054, 6.701459420000162 ], [ 99.845536782000181, 6.701145690000146 ] ] ], [ [ [ 99.871468289000177, 6.703234269000177 ], [ 99.871315467000159, 6.703141605000155 ], [ 99.871195998000132, 6.703148456000122 ], [ 99.870977269000036, 6.703301485000054 ], [ 99.870752326000172, 6.703453401 ], [ 99.870719254000107, 6.703475737000076 ], [ 99.870750099000077, 6.70361335500013 ], [ 99.8707900120001, 6.703797601000076 ], [ 99.87076437200011, 6.704008489000103 ], [ 99.870751267000173, 6.704271964000156 ], [ 99.87075178300006, 6.704561979000061 ], [ 99.870818420000148, 6.704838837000068 ], [ 99.870898493000141, 6.704954175000012 ], [ 99.870971886000063, 6.704976223000074 ], [ 99.871073191000164, 6.705006658 ], [ 99.87121274000009, 6.705079397000077 ], [ 99.871312524000189, 6.705225228000131 ], [ 99.871412145000136, 6.70525158800001 ], [ 99.871518360000152, 6.705251399000076 ], [ 99.871591185000057, 6.705151710000109 ], [ 99.871610783000051, 6.704985818000068 ], [ 99.871603925000045, 6.704859744000089 ], [ 99.871603772000128, 6.704773458999966 ], [ 99.871669971000188, 6.704667197999981 ], [ 99.871603430000107, 6.704581030000156 ], [ 99.871583433000126, 6.704521345000103 ], [ 99.871669582000038, 6.704448223999975 ], [ 99.871754570000178, 6.704379079000034 ], [ 99.871737420000159, 6.70432041700019 ], [ 99.871655991000068, 6.704275693 ], [ 99.871589605000111, 6.704262558999972 ], [ 99.871556321000185, 6.704216149000047 ], [ 99.871556180000084, 6.70413653200012 ], [ 99.871622396000078, 6.704050165000183 ], [ 99.87169518900015, 6.703937223000082 ], [ 99.871708288000036, 6.703817755000159 ], [ 99.871708158000047, 6.703745002000062 ], [ 99.871661537000193, 6.703658576 ], [ 99.871594826000091, 6.703466264000099 ], [ 99.871561398000154, 6.70334023800018 ], [ 99.871468289000177, 6.703234269000177 ] ] ], [ [ [ 99.799207528000068, 6.705459831000098 ], [ 99.799040042000058, 6.705400750000138 ], [ 99.79892076100009, 6.705412801000136 ], [ 99.798707424000099, 6.705616117000091 ], [ 99.798682477000057, 6.705639892000022 ], [ 99.798634840000148, 6.705902278000053 ], [ 99.79863762399998, 6.705905090000101 ], [ 99.798634869000011, 6.705920248000098 ], [ 99.798683012000197, 6.705968185000074 ], [ 99.798808002000044, 6.706003631000158 ], [ 99.799208337000039, 6.705979222 ], [ 99.799351289000185, 6.705883448000066 ], [ 99.799398588000088, 6.705799669000157 ], [ 99.799396789000184, 6.705792501000133 ], [ 99.799395465000089, 6.705787225000051 ], [ 99.79939859600006, 6.705781737000109 ], [ 99.799362750000114, 6.70563878500019 ], [ 99.799290834000033, 6.70557899400012 ], [ 99.799207528000068, 6.705459831000098 ] ] ], [ [ [ 99.887102695000067, 6.709032299000114 ], [ 99.887348210000198, 6.708992065000189 ], [ 99.887527275000195, 6.708912087000101 ], [ 99.887666350000075, 6.708752602000175 ], [ 99.887778759000071, 6.70851352000011 ], [ 99.887824757000146, 6.708274540000048 ], [ 99.887943641, 6.707949187000054 ], [ 99.887982503000046, 6.70740499700014 ], [ 99.887962113000128, 6.707139631000189 ], [ 99.887829033000116, 6.706967317000135 ], [ 99.887674506000053, 6.70691779200007 ], [ 99.887623162000068, 6.706901336000101 ], [ 99.887523784000166, 6.70690151600013 ], [ 99.886675535000052, 6.706492813000125 ], [ 99.884502728000143, 6.705039398000054 ], [ 99.883687069000075, 6.704261295000094 ], [ 99.883059882000111, 6.703471439999987 ], [ 99.882811131000096, 6.703180808000127 ], [ 99.882531876000144, 6.702895953000052 ], [ 99.882179483000016, 6.702551555000184 ], [ 99.881740770000079, 6.702187387000095 ], [ 99.881341967000196, 6.701876229999982 ], [ 99.881009590000133, 6.701584839000134 ], [ 99.880663980000122, 6.701306789000057 ], [ 99.880318487000068, 6.701114978000078 ], [ 99.880006185000184, 6.700916468000173 ], [ 99.880007843000101, 6.700910909000129 ], [ 99.88000617300014, 6.70090981900006 ], [ 99.879640768000058, 6.700704771000119 ], [ 99.878976630000125, 6.700480363000054 ], [ 99.878637904000186, 6.700341591000097 ], [ 99.87823947600009, 6.700216229000034 ], [ 99.877993749000098, 6.700137049999967 ], [ 99.87791769800009, 6.700090182 ], [ 99.877854195999987, 6.700051061000067 ], [ 99.877840411000193, 6.700038938000034 ], [ 99.877741217000164, 6.699951704999989 ], [ 99.877588425000113, 6.69988562400016 ], [ 99.877469132000101, 6.699985386000037 ], [ 99.87737147200005, 6.700161876000095 ], [ 99.877369908000105, 6.700164702000109 ], [ 99.877353860000198, 6.700199509000072 ], [ 99.876940741000169, 6.700387008000064 ], [ 99.876892495000106, 6.70042436500006 ], [ 99.876680362000059, 6.700564083000074 ], [ 99.876481440000134, 6.700683883000181 ], [ 99.876229447000128, 6.700810419 ], [ 99.875891243000012, 6.700963614000159 ], [ 99.875632635000159, 6.701090162000128 ], [ 99.87534735700018, 6.701170287000139 ], [ 99.875195584000096, 6.70115217200015 ], [ 99.875170197000045, 6.701149142000077 ], [ 99.875128302000064, 6.7011441410001 ], [ 99.875022107000063, 6.701144330000034 ], [ 99.87488949100009, 6.701217561000135 ], [ 99.874743625000121, 6.701317371000016 ], [ 99.874644372000148, 6.701470150000148 ], [ 99.874597490000042, 6.701569001000053 ], [ 99.874581749000072, 6.701602192000053 ], [ 99.87457824400019, 6.701609626000163 ], [ 99.874551839000048, 6.701702573000091 ], [ 99.874498923000147, 6.701782283000114 ], [ 99.874372938000079, 6.701848861000144 ], [ 99.874360873000057, 6.701857914000072 ], [ 99.874358821000101, 6.701859459000104 ], [ 99.874266874, 6.701928705000171 ], [ 99.874160897000024, 6.702061593000167 ], [ 99.874048021000135, 6.702041871000119 ], [ 99.873974830000179, 6.701935848000119 ], [ 99.873888300000147, 6.701783371000033 ], [ 99.873808662000101, 6.701803436000034 ], [ 99.873789060000092, 6.701975969000159 ], [ 99.87382261800019, 6.702175009000086 ], [ 99.873856222000143, 6.702420476999976 ], [ 99.873783598000159, 6.70263291200007 ], [ 99.873697929000116, 6.702964854000186 ], [ 99.873651765000034, 6.703137453000181 ], [ 99.873685912000099, 6.703250583000113 ], [ 99.873632246000113, 6.703356488000054 ], [ 99.873519846000193, 6.703602210000156 ], [ 99.873560070000167, 6.703841 ], [ 99.873646811000128, 6.704079725000156 ], [ 99.873739878000094, 6.704172476999986 ], [ 99.873806686000137, 6.704417887000034 ], [ 99.873846982000089, 6.704676600000084 ], [ 99.873847325000042, 6.704869030000168 ], [ 99.873947136000197, 6.705008182000142 ], [ 99.874060153000073, 6.705127425000171 ], [ 99.874206371000071, 6.705226714000105 ], [ 99.874372502000028, 6.705352484 ], [ 99.874532079, 6.705498180000177 ], [ 99.874684943000034, 6.70562398300001 ], [ 99.874723607000078, 6.705636771 ], [ 99.874884206000104, 6.705689983000127 ], [ 99.874886355, 6.705690046000086 ], [ 99.875096584000119, 6.705696236000051 ], [ 99.875348876000032, 6.705735613 ], [ 99.875402040000154, 6.705775308 ], [ 99.875369050000074, 6.705894821000072 ], [ 99.875367062000123, 6.705985843000121 ], [ 99.87536666200009, 6.706004219000022 ], [ 99.87540255, 6.706060655000101 ], [ 99.875615114000198, 6.706159834000061 ], [ 99.875663115000179, 6.706168013000081 ], [ 99.875807647000045, 6.706192640000097 ], [ 99.87595361700005, 6.706152579000047 ], [ 99.876112735000049, 6.706066010000086 ], [ 99.876185765000059, 6.706059257000163 ], [ 99.876186073000099, 6.706231792000153 ], [ 99.87625920500011, 6.706304645000046 ], [ 99.876597805000074, 6.706370394000032 ], [ 99.876923094000063, 6.706416273 ], [ 99.877056043000152, 6.706528848 ], [ 99.877129243000127, 6.706628238000064 ], [ 99.877414713000121, 6.706674178000128 ], [ 99.877667101000043, 6.706766606000144 ], [ 99.877819920000036, 6.706845996000141 ], [ 99.877919614000064, 6.706938689000083 ], [ 99.87798000500004, 6.706961655000043 ], [ 99.878145456000141, 6.70702457100009 ], [ 99.878206565000141, 6.707029161000094 ], [ 99.878404336000074, 6.707044013000086 ], [ 99.87857015100019, 6.706977352000024 ], [ 99.878942117000065, 6.707129288000147 ], [ 99.879274109000164, 6.707208349000041 ], [ 99.879599409000093, 6.707260817000076 ], [ 99.879878274000134, 6.707306785000185 ], [ 99.880316589000074, 6.707445329000109 ], [ 99.880608719000122, 6.707491272000084 ], [ 99.881166356000165, 6.707576549000123 ], [ 99.881611399000121, 6.707748246 ], [ 99.882560978000072, 6.708005361000062 ], [ 99.88331135400017, 6.708216342000185 ], [ 99.883995262999974, 6.708367712000097 ], [ 99.88463938100017, 6.708539077000182 ], [ 99.885330007000107, 6.708736893000037 ], [ 99.886047155000142, 6.708908132000033 ], [ 99.886341400000049, 6.708981134000055 ], [ 99.886392425999986, 6.708993793000104 ], [ 99.88689027800018, 6.709026051000137 ], [ 99.886924148000105, 6.709024916000146 ], [ 99.886951572999976, 6.709023997000145 ], [ 99.887042158000099, 6.709020960000146 ], [ 99.887102695000067, 6.709032299000114 ] ] ], [ [ [ 99.794629202000181, 6.70981121300008 ], [ 99.794412525000098, 6.709744877000105 ], [ 99.794186281000179, 6.709820340000022 ], [ 99.794162173000132, 6.709828382000183 ], [ 99.794129226000166, 6.710095856000123 ], [ 99.79417960700016, 6.710479643000156 ], [ 99.794497531, 6.710912705000112 ], [ 99.794915145000118, 6.711095803000148 ], [ 99.795265842000106, 6.71114499100014 ], [ 99.795281650000163, 6.711100649 ], [ 99.795349141000145, 6.710911325000154 ], [ 99.795331599000122, 6.710560886000053 ], [ 99.795314814000051, 6.710310452000101 ], [ 99.795013515000051, 6.710027710000134 ], [ 99.794779819000098, 6.70994442000017 ], [ 99.794629202000181, 6.70981121300008 ] ] ], [ [ [ 99.671746163000194, 6.711790858000029 ], [ 99.67189193500019, 6.71128466100015 ], [ 99.672084030000178, 6.710755237000058 ], [ 99.672263538000095, 6.710099756000091 ], [ 99.672363430000189, 6.709547860000043 ], [ 99.672485052000127, 6.708754481000028 ], [ 99.672481541000138, 6.708249076000072 ], [ 99.672500430000184, 6.707594407000158 ], [ 99.672312364000049, 6.706952988000126 ], [ 99.672046163000175, 6.706621489000156 ], [ 99.671653974000094, 6.706416803000081 ], [ 99.67123993600012, 6.706327484000042 ], [ 99.670942737000132, 6.706501432000039 ], [ 99.670750613000052, 6.707042744999967 ], [ 99.670707805000063, 6.707548211000073 ], [ 99.670769004000078, 6.708076175000031 ], [ 99.670886768000059, 6.708580863000066 ], [ 99.6708092840002, 6.708994229000155 ], [ 99.670570635000104, 6.709386368000025 ], [ 99.670365139000126, 6.70962862000016 ], [ 99.670114515000193, 6.70996304900001 ], [ 99.669887705000065, 6.710366473000022 ], [ 99.669786455000065, 6.710745970000062 ], [ 99.669765403000099, 6.711067673000116 ], [ 99.669893580000121, 6.711331482 ], [ 99.670112480000114, 6.711375868000118 ], [ 99.670261173000085, 6.71135191400009 ], [ 99.670433639000123, 6.711351123000156 ], [ 99.670697653000104, 6.711291961000029 ], [ 99.670904700000108, 6.711370821000173 ], [ 99.671031404000132, 6.711393279000049 ], [ 99.671427534000031, 6.711605855000073 ], [ 99.671401868000032, 6.711861984000052 ], [ 99.671334324000156, 6.712091601000111 ], [ 99.671461805000092, 6.712252006000142 ], [ 99.671576495000181, 6.712193605000039 ], [ 99.671746163000194, 6.711790858000029 ] ] ], [ [ [ 99.908885527999985, 6.702780167000071 ], [ 99.910328807000155, 6.702540876000114 ], [ 99.912238027000171, 6.702611410000088 ], [ 99.912628838000103, 6.702541801999985 ], [ 99.912645371000167, 6.702540668999973 ], [ 99.912807998000176, 6.702496991000089 ], [ 99.912992148000171, 6.702355663000162 ], [ 99.913387555999975, 6.701198174000012 ], [ 99.913813700999981, 6.700079871000128 ], [ 99.914503131, 6.698196016000111 ], [ 99.914903499000104, 6.697167418000106 ], [ 99.915110389000176, 6.696340221000128 ], [ 99.915175613000088, 6.696044222000069 ], [ 99.915172822000102, 6.695947747 ], [ 99.915040799999986, 6.695588904999966 ], [ 99.914869296, 6.695281659000159 ], [ 99.914595113000189, 6.694906232000051 ], [ 99.914218215000062, 6.694428457000072 ], [ 99.914002390000064, 6.694139114 ], [ 99.913921211000172, 6.694030270000098 ], [ 99.913842212000134, 6.69390866800012 ], [ 99.913783051000109, 6.693882334000079 ], [ 99.913693394000063, 6.693927357000177 ], [ 99.913567903000114, 6.694036484000037 ], [ 99.913433925, 6.694070216000171 ], [ 99.913350015000162, 6.694003352000152 ], [ 99.913123415000086, 6.693777630000113 ], [ 99.912644818, 6.693208932000175 ], [ 99.912417914000059, 6.692824070000086 ], [ 99.912366992000102, 6.692480766000131 ], [ 99.912240549000046, 6.69206219900002 ], [ 99.912114403000089, 6.691794389000108 ], [ 99.911980166000092, 6.691702500000019 ], [ 99.911870979000184, 6.691551925999988 ], [ 99.911736731000076, 6.691434916999981 ], [ 99.911493420000113, 6.691259491000039 ], [ 99.911451307000107, 6.691125528999976 ], [ 99.911442426000178, 6.690857503000188 ], [ 99.911257702000171, 6.690631703000179 ], [ 99.911081534000175, 6.690514771999972 ], [ 99.910922125000184, 6.690372682000145 ], [ 99.910712180000132, 6.690105036000034 ], [ 99.910552554999981, 6.689870779000103 ], [ 99.910401205000085, 6.689577898000096 ], [ 99.910350509000182, 6.689335114000073 ], [ 99.9102159910002, 6.689092466000091 ], [ 99.910131973000034, 6.688950217000126 ], [ 99.909938766000096, 6.688665776000107 ], [ 99.90971234, 6.688557320000029 ], [ 99.909543365000161, 6.688536512999974 ], [ 99.909327698000197, 6.688580174000151 ], [ 99.90829685500006, 6.68914680600011 ], [ 99.908091131999981, 6.68935313500009 ], [ 99.908013228000129, 6.689406453000061 ], [ 99.907904383000073, 6.689440137000133 ], [ 99.907787180000071, 6.689482226000166 ], [ 99.90772868300013, 6.689566101000082 ], [ 99.907703761, 6.689675023000063 ], [ 99.907611850000137, 6.68980923100014 ], [ 99.907528194000122, 6.689917649000051 ], [ 99.907411266000054, 6.690069245000188 ], [ 99.907403223000188, 6.690078364000101 ], [ 99.907277513000111, 6.690220269000065 ], [ 99.907143792000113, 6.690413175 ], [ 99.907127398, 6.690605847000143 ], [ 99.907161112000153, 6.690697922000027 ], [ 99.907178053000052, 6.690725391000115 ], [ 99.90722831, 6.690806691999967 ], [ 99.907312239000134, 6.690890305000039 ], [ 99.907287442000097, 6.69105784400017 ], [ 99.907220529000199, 6.691133352000179 ], [ 99.907078201000104, 6.691175515000054 ], [ 99.907012409000174, 6.691266257000109 ], [ 99.907011339000121, 6.69126777800011 ], [ 99.906995236000114, 6.691619580000122 ], [ 99.906997632000127, 6.691628023000021 ], [ 99.907071150000149, 6.691887484000063 ], [ 99.907113470000127, 6.69213030300017 ], [ 99.907122294000146, 6.692373202000113 ], [ 99.907114382000032, 6.692624478000084 ], [ 99.907081308000102, 6.692859101000067 ], [ 99.907089985000198, 6.69301820700008 ], [ 99.907098639000196, 6.693168967000133 ], [ 99.907006974000183, 6.693437181000093 ], [ 99.906937429000038, 6.69354189600017 ], [ 99.906923414000175, 6.693562965000069 ], [ 99.906823106000047, 6.693680427000174 ], [ 99.906840140000043, 6.693839545 ], [ 99.906904548000057, 6.693961898000111 ], [ 99.90690346100007, 6.693975311000031 ], [ 99.90715768300015, 6.694461583000134 ], [ 99.907329768000068, 6.694941223000058 ], [ 99.90747924100009, 6.695119899000076 ], [ 99.907697623000047, 6.695421021000129 ], [ 99.907907813000179, 6.69583103500014 ], [ 99.908033960000068, 6.696090454000171 ], [ 99.908017520000101, 6.69625802600018 ], [ 99.907883928000103, 6.696501189000173 ], [ 99.907817110000053, 6.69661856800019 ], [ 99.907641230000081, 6.696652395000058 ], [ 99.907515472000171, 6.696593971000027 ], [ 99.90742326700007, 6.696569023000052 ], [ 99.907369547000087, 6.69660051000011 ], [ 99.907322833000137, 6.696627874000058 ], [ 99.907247840000196, 6.696854144000156 ], [ 99.90716428900015, 6.696979920000047 ], [ 99.907164738000063, 6.697222855000177 ], [ 99.907164981, 6.697354744000165 ], [ 99.9071651860001, 6.697465731000023 ], [ 99.907087153000134, 6.69764515300011 ], [ 99.907007338000199, 6.697828464999986 ], [ 99.906746363000195, 6.698423839000043 ], [ 99.906577107000032, 6.698834857000122 ], [ 99.906414888000199, 6.699203426000167 ], [ 99.906325020000054, 6.699376116000053 ], [ 99.906252526000117, 6.699515329000121 ], [ 99.906054575000155, 6.699713976000169 ], [ 99.906034033000083, 6.699727267000071 ], [ 99.905595519000201, 6.700256540999987 ], [ 99.905556247000163, 6.700367127000106 ], [ 99.905587465000053, 6.700651054000048 ], [ 99.905568293000044, 6.700708876000022 ], [ 99.905436699000177, 6.700907029000177 ], [ 99.905404377000195, 6.701258899000152 ], [ 99.905504128000189, 6.70168743500011 ], [ 99.905527074000133, 6.702204106000124 ], [ 99.905418010000176, 6.702688027000079 ], [ 99.905369478000068, 6.702895863000094 ], [ 99.905287085000055, 6.703248901000165 ], [ 99.905068441000083, 6.703941883000084 ], [ 99.90480612000016, 6.704788842000085 ], [ 99.904587192000179, 6.705338932000132 ], [ 99.904551763000143, 6.705578198000069 ], [ 99.904522041000178, 6.705778785000064 ], [ 99.904610652000144, 6.706119419000174 ], [ 99.904842599000062, 6.706690654000056 ], [ 99.904961246000198, 6.706920987000046 ], [ 99.905611224000154, 6.707656592000092 ], [ 99.906637988, 6.708514518000186 ], [ 99.907920897000054, 6.709372665000046 ], [ 99.908361033000062, 6.70981104599997 ], [ 99.909112653000079, 6.710468183000103 ], [ 99.909557792000044, 6.710725852000166 ], [ 99.90987363000005, 6.710845265000046 ], [ 99.910384669000166, 6.711058854000044 ], [ 99.910718063, 6.711272781000048 ], [ 99.911162645000047, 6.711567895000144 ], [ 99.911584995000169, 6.711855678000063 ], [ 99.911874075000071, 6.712106669000093 ], [ 99.912414852000154, 6.712409004000165 ], [ 99.91266041300014, 6.712569038000083 ], [ 99.912836573000163, 6.712497374 ], [ 99.912974547000033, 6.712284321000084 ], [ 99.913005998000074, 6.712028909000082 ], [ 99.912962942000036, 6.711773616000187 ], [ 99.91285698900009, 6.71147686300003 ], [ 99.912650588000133, 6.711173065000139 ], [ 99.912259301000176, 6.710750851 ], [ 99.911792226000159, 6.710415534999981 ], [ 99.910815165000031, 6.709972709000112 ], [ 99.909762161000174, 6.709551722000185 ], [ 99.909045590000119, 6.709206020000181 ], [ 99.908578730000045, 6.708979151000165 ], [ 99.908100862000083, 6.708665533000158 ], [ 99.907677114000194, 6.708286750000184 ], [ 99.907318430000032, 6.707896999000127 ], [ 99.90702468700016, 6.707431226999972 ], [ 99.906785297000056, 6.707030411000062 ], [ 99.906632666000121, 6.70660775000016 ], [ 99.906501480000088, 6.706054900000083 ], [ 99.906479133000119, 6.705707921000055 ], [ 99.906478472000174, 6.705350038000176 ], [ 99.906542961000071, 6.705024580000099 ], [ 99.906683329000145, 6.704677289000017 ], [ 99.906964470000048, 6.704199598 ], [ 99.907137532000149, 6.703928160000146 ], [ 99.907440697000084, 6.703623943000082 ], [ 99.90778528300018, 6.703379466 ], [ 99.908057328000041, 6.703186450000032 ], [ 99.908885527999985, 6.702780167000071 ] ] ], [ [ [ 99.889128542000094, 6.714644244 ], [ 99.887955679000129, 6.714593234000063 ], [ 99.885385639000106, 6.714736925000125 ], [ 99.884983916000181, 6.714809971000136 ], [ 99.884433055000159, 6.714977310000052 ], [ 99.883986273000119, 6.715196453000146 ], [ 99.883961246000126, 6.715209974000118 ], [ 99.883868313000164, 6.715260218000026 ], [ 99.883581104000086, 6.71541549900013 ], [ 99.883311313000092, 6.715738270000145 ], [ 99.883083088000092, 6.716061013000115 ], [ 99.8829588870002, 6.716373138000051 ], [ 99.883000688000038, 6.716497812999989 ], [ 99.88322152100011, 6.716596288000062 ], [ 99.883350350000171, 6.716697013000157 ], [ 99.883542089000173, 6.716815370000063 ], [ 99.883736990000045, 6.716857506 ], [ 99.883750102000022, 6.716860341000142 ], [ 99.884239170000171, 6.717025816000103 ], [ 99.884394914000097, 6.717066239000133 ], [ 99.88491546500012, 6.717201344000046 ], [ 99.885876488000122, 6.717339657000025 ], [ 99.885914070000013, 6.717345065000131 ], [ 99.887110109000162, 6.717405291000148 ], [ 99.887962794000089, 6.717372551000096 ], [ 99.888586577000069, 6.717257052000036 ], [ 99.889041145000022, 6.717196959000091 ], [ 99.889064798000163, 6.717193832000135 ], [ 99.889125571000079, 6.717186237000135 ], [ 99.889473042000191, 6.717076110000164 ], [ 99.889563715000122, 6.717047373000185 ], [ 99.89014475200014, 6.716883049000103 ], [ 99.890488791000109, 6.716785751000032 ], [ 99.891174697000167, 6.716545394000093 ], [ 99.891771891000019, 6.716436604000023 ], [ 99.891808845000071, 6.716429873000038 ], [ 99.892474168000149, 6.716293517000167 ], [ 99.892694332000076, 6.716222320000043 ], [ 99.892765197000131, 6.716199404000065 ], [ 99.892782410000052, 6.716189028000144 ], [ 99.892834400000083, 6.71614725400002 ], [ 99.892838395000183, 6.716106589000162 ], [ 99.892860559000042, 6.715880976000051 ], [ 99.892858963000094, 6.715879052000048 ], [ 99.892860565000035, 6.715863045000049 ], [ 99.892620276000173, 6.715570107000133 ], [ 99.891900429000032, 6.715252015000146 ], [ 99.890327662000175, 6.714828605000093 ], [ 99.889128542000094, 6.714644244 ] ] ], [ [ [ 99.877185827000062, 6.711069757000132 ], [ 99.875374080000142, 6.711072995000052 ], [ 99.873961935000125, 6.711288645000138 ], [ 99.873616988000094, 6.711581613000021 ], [ 99.873616403000085, 6.711582110000165 ], [ 99.873191194000185, 6.712222213000075 ], [ 99.872633448000045, 6.713368523000099 ], [ 99.87239553500018, 6.714407999000116 ], [ 99.872316972000135, 6.715074124000068 ], [ 99.872318344000064, 6.715080060000048 ], [ 99.87231695800017, 6.715092065000022 ], [ 99.8729014970001, 6.717532620999975 ], [ 99.874637826000139, 6.716765770000052 ], [ 99.876528671000187, 6.7160964360001 ], [ 99.878099899000176, 6.715667982000184 ], [ 99.880816356000139, 6.715050290000022 ], [ 99.881396440000174, 6.714924875000065 ], [ 99.882051328000159, 6.714728959000183 ], [ 99.882571212000187, 6.714573431000133 ], [ 99.883398785, 6.714278721000085 ], [ 99.883912144000135, 6.714095906000125 ], [ 99.883922032000044, 6.714092823000158 ], [ 99.884117948000096, 6.714005332000113 ], [ 99.885183022000149, 6.713550558000122 ], [ 99.886080992000188, 6.713302119000105 ], [ 99.88631694500009, 6.713263606 ], [ 99.886858858000039, 6.713231701000097 ], [ 99.887075598000024, 6.713200336000114 ], [ 99.88712177900004, 6.7130454280001 ], [ 99.887043984000115, 6.712859797000078 ], [ 99.886873487000116, 6.712751740000101 ], [ 99.886792629000183, 6.712735721000115 ], [ 99.886563649000038, 6.712690357000099 ], [ 99.886114443000167, 6.712613784000041 ], [ 99.885891658000162, 6.71258165800009 ], [ 99.885847397000134, 6.71257261400001 ], [ 99.882302553000102, 6.711966198000141 ], [ 99.879664164000189, 6.711358712000163 ], [ 99.877185827000062, 6.711069757000132 ] ] ], [ [ [ 99.818511016000116, 6.719801781000172 ], [ 99.818776849000187, 6.719712707000099 ], [ 99.819362206000051, 6.719835814000078 ], [ 99.819983306000097, 6.720118411999977 ], [ 99.820267128000125, 6.72017111200006 ], [ 99.820555586000182, 6.720294138000156 ], [ 99.82076395200005, 6.72038300600002 ], [ 99.821012306000171, 6.720435801000065 ], [ 99.821156066000128, 6.720402364000051 ], [ 99.82124271400005, 6.720382203000042 ], [ 99.821249895000165, 6.720370928000079 ], [ 99.821290985000189, 6.720306134000054 ], [ 99.821366535000038, 6.72018700700005 ], [ 99.82152582100008, 6.720009459000096 ], [ 99.821898070000088, 6.719937923000089 ], [ 99.822217249000118, 6.719937387000186 ], [ 99.822534761000099, 6.720116101000087 ], [ 99.822625467000137, 6.720167156000116 ], [ 99.822738482000148, 6.720202783000104 ], [ 99.823448360999976, 6.720299546000035 ], [ 99.823484455000141, 6.720299486000044 ], [ 99.823552066000161, 6.720238922000021 ], [ 99.823653893000142, 6.720147710000106 ], [ 99.824097118000111, 6.72007604300012 ], [ 99.824239060000139, 6.72014672500012 ], [ 99.824479459000031, 6.720146319999969 ], [ 99.824505069000054, 6.720146277000083 ], [ 99.824709124000151, 6.72012817600006 ], [ 99.824912841000184, 6.720110134000038 ], [ 99.825014146000171, 6.720035236000058 ], [ 99.825181962000158, 6.719911173000185 ], [ 99.825249315000178, 6.71986137600004 ], [ 99.825261589000092, 6.719799484000077 ], [ 99.825261641000111, 6.71979922100013 ], [ 99.825337250000075, 6.719418058000144 ], [ 99.825339580000048, 6.719396080000081 ], [ 99.825357323000048, 6.719228656999974 ], [ 99.825356961000182, 6.719014321000031 ], [ 99.825300350000191, 6.718649234000111 ], [ 99.825184541000112, 6.718517248000012 ], [ 99.825158410000199, 6.718514244000119 ], [ 99.824839035000139, 6.718408414000066 ], [ 99.8245018140002, 6.718213994000166 ], [ 99.824199873000168, 6.717913146000114 ], [ 99.823348204000126, 6.717613193000091 ], [ 99.822603263000076, 6.71749036000017 ], [ 99.822248515000183, 6.717437789000144 ], [ 99.821875972000043, 6.717332047000127 ], [ 99.821467934000168, 6.717208626000115 ], [ 99.821166222999977, 6.717067299000064 ], [ 99.821024103000127, 6.716890259000138 ], [ 99.820935163000058, 6.716730874000177 ], [ 99.820811329000151, 6.716501897000171 ], [ 99.820810668000149, 6.716500647000032 ], [ 99.820804797000108, 6.716496841000094 ], [ 99.820460603000072, 6.716273976000025 ], [ 99.820455631000186, 6.716270761000033 ], [ 99.820445365000069, 6.716269843000134 ], [ 99.820065447000047, 6.716235966999989 ], [ 99.81969308400005, 6.716236590000165 ], [ 99.819178928000156, 6.716272897000067 ], [ 99.818806494000057, 6.716238072000067 ], [ 99.818398327000125, 6.716026047000071 ], [ 99.818167354000138, 6.715778251000131 ], [ 99.817983071000072, 6.715496289999976 ], [ 99.817905381, 6.715459049 ], [ 99.817623984000079, 6.715235110000037 ], [ 99.81731414900014, 6.714926380000122 ], [ 99.817032815000118, 6.714730119000137 ], [ 99.816948489000083, 6.714702547000115 ], [ 99.816724025000156, 6.714730633000158 ], [ 99.816471531000047, 6.71487184 ], [ 99.816022199000201, 6.715012782000144 ], [ 99.815684604000069, 6.715013343000123 ], [ 99.815347465000116, 6.714957933000107 ], [ 99.815038062000042, 6.714874226000063 ], [ 99.813772226000083, 6.714033362000123 ], [ 99.813238248000118, 6.713921759000186 ], [ 99.81321563500012, 6.713933095000073 ], [ 99.813043644, 6.713859912000146 ], [ 99.812703015000181, 6.713744559000077 ], [ 99.81241602200015, 6.713559040000121 ], [ 99.811587559000088, 6.713189023000155 ], [ 99.811280682000188, 6.712962245000028 ], [ 99.81079159300009, 6.712631797000029 ], [ 99.810577694000074, 6.712206457000036 ], [ 99.809985568000116, 6.711805499000093 ], [ 99.809110027000088, 6.71168823000005 ], [ 99.808791809000013, 6.712144144000092 ], [ 99.808779395000045, 6.71216193000015 ], [ 99.808519945000114, 6.712564313000144 ], [ 99.808242213000199, 6.713215539000032 ], [ 99.80823719100016, 6.713227320000044 ], [ 99.807859133000136, 6.713724882000179 ], [ 99.807646957000145, 6.713985279000099 ], [ 99.807221701000174, 6.714317284000174 ], [ 99.806985187000123, 6.71457771900009 ], [ 99.806536086000165, 6.714838497000187 ], [ 99.806266090000065, 6.715200031999984 ], [ 99.806252849000089, 6.715217762000066 ], [ 99.805993426000043, 6.715643846000148 ], [ 99.805998370999987, 6.715653695000128 ], [ 99.805993418000014, 6.71566181500009 ], [ 99.806183494000152, 6.716039691000105 ], [ 99.806727402000035, 6.715991892000147 ], [ 99.807248110000103, 6.715967287000183 ], [ 99.807674107000082, 6.716060984000023 ], [ 99.80779247300012, 6.716178948000163 ], [ 99.807958513000187, 6.716391818000034 ], [ 99.808645094000042, 6.71676888200011 ], [ 99.809023995000075, 6.716815754000095 ], [ 99.809354729000063, 6.716743953000105 ], [ 99.809591499000135, 6.716649162000181 ], [ 99.809709709000117, 6.716672715000072 ], [ 99.809851965000178, 6.716885030000128 ], [ 99.809970331000045, 6.71697983700011 ], [ 99.810443761000101, 6.717049697 ], [ 99.810561941000117, 6.717049502000066 ], [ 99.810751398000093, 6.717072938000058 ], [ 99.810893086000078, 6.716907057000128 ], [ 99.811287037000056, 6.716821043000095 ], [ 99.811811021000096, 6.717369112000085 ], [ 99.812710418000165, 6.717536666000058 ], [ 99.812991678000174, 6.71767639400008 ], [ 99.813217520000194, 6.718153683000025 ], [ 99.813273935000154, 6.718406348000087 ], [ 99.813386817000094, 6.718630604000168 ], [ 99.813893048000125, 6.719051482000168 ], [ 99.814371378000089, 6.719331639000188 ], [ 99.815045864000126, 6.71958322100005 ], [ 99.815242701000159, 6.719638873000179 ], [ 99.815495489000114, 6.719638452000083 ], [ 99.815692085000023, 6.719525618000148 ], [ 99.815888820000055, 6.719497613000044 ], [ 99.816198187000168, 6.719524774999968 ], [ 99.816676078000171, 6.719889205000129 ], [ 99.817014172000086, 6.720197853000059 ], [ 99.81749183900007, 6.720449776000066 ], [ 99.818125570000063, 6.720401951999975 ], [ 99.818162944000107, 6.720340760000113 ], [ 99.818210314000112, 6.720263202000069 ], [ 99.818511016000116, 6.719801781000172 ] ] ], [ [ [ 99.853002904000107, 6.732284480000146 ], [ 99.85316981700015, 6.732214621000139 ], [ 99.853281205000144, 6.732228311000028 ], [ 99.853406586000119, 6.732269854000151 ], [ 99.85361519800017, 6.732172081000158 ], [ 99.853962980000119, 6.73203229100011 ], [ 99.854394359000025, 6.731934126000112 ], [ 99.855034255000078, 6.731668591000073 ], [ 99.855674375000092, 6.731542209999986 ], [ 99.855883155000129, 6.731514022000169 ], [ 99.856077865000088, 6.731402350000167 ], [ 99.85625860600004, 6.731276771000125 ], [ 99.8565647100001, 6.731192727000121 ], [ 99.856912743000066, 6.731192117000091 ], [ 99.85723294800016, 6.731219417000034 ], [ 99.857469437000077, 6.731121564000034 ], [ 99.857733685000142, 6.730981945999986 ], [ 99.858457424000051, 6.730911097999979 ], [ 99.859320483000147, 6.730895662000137 ], [ 99.859710125000049, 6.730811468000127 ], [ 99.860015943000121, 6.730560436000133 ], [ 99.860210356000152, 6.730281748000152 ], [ 99.860502336000138, 6.730086397000093 ], [ 99.860932656000045, 6.729389830000059 ], [ 99.861334905000035, 6.728568014000132 ], [ 99.861624908000124, 6.72723149300009 ], [ 99.861832225000114, 6.726396126000168 ], [ 99.861930897000093, 6.726128347000156 ], [ 99.862019270000076, 6.725888515000179 ], [ 99.862109316000044, 6.725644145000047 ], [ 99.862191286000098, 6.72475335300004 ], [ 99.862176640000087, 6.72434977100005 ], [ 99.862173325000128, 6.724334170000077 ], [ 99.862148194000042, 6.724215926999989 ], [ 99.862064347000171, 6.723821147000024 ], [ 99.861923920000152, 6.723125537000044 ], [ 99.861936257000195, 6.722234868000157 ], [ 99.86196148900018, 6.720759660000112 ], [ 99.861975129000029, 6.720592620000161 ], [ 99.862199329000134, 6.720153616000061 ], [ 99.862305335000201, 6.717612999000096 ], [ 99.862431146, 6.717190757000139 ], [ 99.862442213000122, 6.717056955000089 ], [ 99.862524847000032, 6.716569731999982 ], [ 99.862718892000032, 6.716096215000164 ], [ 99.862954884000033, 6.715720043000147 ], [ 99.863288301000182, 6.715343699000073 ], [ 99.863607697000134, 6.714897822000069 ], [ 99.863996639000163, 6.714423952000118 ], [ 99.864042319000191, 6.714375522000182 ], [ 99.86474597300014, 6.713086622000105 ], [ 99.865606066000169, 6.711415103000093 ], [ 99.866244089000133, 6.710119730000145 ], [ 99.866714930000114, 6.708727243000112 ], [ 99.86679768, 6.708281773000181 ], [ 99.8666999470002, 6.708128852000073 ], [ 99.866518823000092, 6.708031734000031 ], [ 99.866156431000149, 6.707781907000026 ], [ 99.865655080000124, 6.707629699000051 ], [ 99.865432134000173, 6.707504822000146 ], [ 99.865403874000151, 6.707282210000187 ], [ 99.865208482000128, 6.706990314 ], [ 99.864971183000137, 6.706601056000125 ], [ 99.864831199000093, 6.706169872000146 ], [ 99.864760819000139, 6.705724672000088 ], [ 99.864747319000116, 6.705644560000053 ], [ 99.86461911400005, 6.705557906000138 ], [ 99.864509969000153, 6.705558098000154 ], [ 99.86435681, 6.705530544 ], [ 99.864217282000197, 6.705363812000087 ], [ 99.864175209000166, 6.705182941000146 ], [ 99.864049719000093, 6.705044006999969 ], [ 99.863771364000058, 6.705086251000125 ], [ 99.86310364600007, 6.705324018000169 ], [ 99.862046078000162, 6.705548520000093 ], [ 99.861211319000063, 6.705800500000123 ], [ 99.861072175000118, 6.705841506000183 ], [ 99.860640902000057, 6.705968505000101 ], [ 99.86001476600012, 6.706108758000084 ], [ 99.858929765000141, 6.706542100000036 ], [ 99.857288007000193, 6.70700421700019 ], [ 99.856021745000021, 6.707284747000131 ], [ 99.854866559000016, 6.707398082000168 ], [ 99.85479089800009, 6.70740463400017 ], [ 99.854783104000148, 6.707412149 ], [ 99.854282045000161, 6.707454784000049 ], [ 99.854231709000089, 6.707453030000124 ], [ 99.853985596000086, 6.707444334000115 ], [ 99.853906174000088, 6.707441518000053 ], [ 99.853817036000123, 6.70744940700007 ], [ 99.853657666000117, 6.707403790000114 ], [ 99.853509451000036, 6.707189453000069 ], [ 99.853487037000093, 6.707107318000112 ], [ 99.853415812000151, 6.70684659 ], [ 99.853361920000168, 6.706649206 ], [ 99.853390854000054, 6.706330760000128 ], [ 99.853361024000094, 6.706134315000156 ], [ 99.853221357000166, 6.705870140000059 ], [ 99.852845207000144, 6.705689886000073 ], [ 99.852287980000085, 6.705454271000178 ], [ 99.852288122000118, 6.705450619000089 ], [ 99.85226012600009, 6.705440368000041 ], [ 99.852009340000166, 6.705329472000074 ], [ 99.851521976000129, 6.705232918000092 ], [ 99.850742338000146, 6.70515076300012 ], [ 99.85024096900014, 6.705012447000058 ], [ 99.850004032000129, 6.704845871000146 ], [ 99.84990622100014, 6.704623387000026 ], [ 99.849599705000173, 6.704470823000179 ], [ 99.849181985000087, 6.70440196800007 ], [ 99.848722801000065, 6.704500163000091 ], [ 99.848527736000051, 6.704403099000103 ], [ 99.848457752000115, 6.704166627000063 ], [ 99.848401772999978, 6.704013638000106 ], [ 99.848011834000147, 6.703889059000176 ], [ 99.847469328000045, 6.703876762000164 ], [ 99.847101132000091, 6.703950937000172 ], [ 99.846338990000106, 6.704644223000116 ], [ 99.846253895000075, 6.704745020000018 ], [ 99.846218248000071, 6.705116829000133 ], [ 99.846148989000142, 6.70531178900012 ], [ 99.845926390999978, 6.705395680000038 ], [ 99.845439666000118, 6.70567483800005 ], [ 99.844841521000092, 6.705912462000185 ], [ 99.844160061000025, 6.70627548900012 ], [ 99.84367352300012, 6.706652068000096 ], [ 99.843089405000114, 6.706973135999988 ], [ 99.842422008000199, 6.707405725000172 ], [ 99.842201378000084, 6.707543694000151 ], [ 99.842213712000046, 6.707712243000117 ], [ 99.842172656000173, 6.708129808000137 ], [ 99.842173445000185, 6.708589081000014 ], [ 99.842174258000114, 6.709062230000029 ], [ 99.84210546200012, 6.709521597000105 ], [ 99.842162019000114, 6.710022510000044 ], [ 99.842372215000069, 6.710843233000048 ], [ 99.842651747000104, 6.71149685 ], [ 99.842945170000178, 6.712136493000116 ], [ 99.843168765000087, 6.712651059000052 ], [ 99.843252845000109, 6.712970979000033 ], [ 99.843337571, 6.71366669300005 ], [ 99.84328299900011, 6.714320882000095 ], [ 99.843171903000155, 6.714474159000076 ], [ 99.843117090000192, 6.714961325000047 ], [ 99.843131817000028, 6.71544839000012 ], [ 99.842868072000158, 6.71588026600017 ], [ 99.843036272000063, 6.716547976000129 ], [ 99.843245690000174, 6.71688159200005 ], [ 99.843315923000034, 6.71725726700015 ], [ 99.843344137000201, 6.717479880000155 ], [ 99.843594906000078, 6.717604674000029 ], [ 99.843943186000104, 6.71775715800004 ], [ 99.844305783000038, 6.718132320000166 ], [ 99.844542953000087, 6.718451984000126 ], [ 99.844668642000101, 6.718674422000049 ], [ 99.844571637000172, 6.718925121000098 ], [ 99.844516562000138, 6.719287025000028 ], [ 99.844697855000106, 6.719481553000151 ], [ 99.844934536000096, 6.719495074000122 ], [ 99.845115790000136, 6.719661750000057 ], [ 99.845367173000113, 6.720120553000072 ], [ 99.84556333800009, 6.720857846000058 ], [ 99.845592435000071, 6.72159535500009 ], [ 99.845566416000167, 6.722639172000186 ], [ 99.845622431000095, 6.722847799000135 ], [ 99.845678851000116, 6.723265205000018 ], [ 99.845888051000031, 6.723501436000106 ], [ 99.846041587000116, 6.723737774000142 ], [ 99.846097782000072, 6.724029916000177 ], [ 99.846056542000042, 6.724322256 ], [ 99.846057360000088, 6.724795404000076 ], [ 99.845807348000164, 6.725115938000101 ], [ 99.845557142000075, 6.72533904300019 ], [ 99.845418356000152, 6.725575875000061 ], [ 99.845442136000145, 6.725740313000188 ], [ 99.845446525000057, 6.725770657000055 ], [ 99.845449932000122, 6.725770651 ], [ 99.845738846000188, 6.725770151000177 ], [ 99.84582274600001, 6.725978738000094 ], [ 99.84611593600016, 6.726479242000153 ], [ 99.846409210000047, 6.727007569000079 ], [ 99.846674640000174, 6.727549873000157 ], [ 99.846856154000079, 6.727869623000174 ], [ 99.846995846000084, 6.728161667000165 ], [ 99.847149540000032, 6.728481466000062 ], [ 99.847247777000064, 6.728926621000028 ], [ 99.847248549000142, 6.729371982000032 ], [ 99.847151638000014, 6.729692205000163 ], [ 99.847121946000073, 6.729800077 ], [ 99.847124142000041, 6.729887092000183 ], [ 99.847138035000057, 6.730161672000179 ], [ 99.847194512000044, 6.730332296000086 ], [ 99.847446258000048, 6.730999885000131 ], [ 99.847836929000152, 6.731528042000093 ], [ 99.848282952000034, 6.731833447000042 ], [ 99.8489657450001, 6.732221940000102 ], [ 99.849383732000149, 6.732429944999978 ], [ 99.850093850000121, 6.732526140000061 ], [ 99.850595151000107, 6.732608730000152 ], [ 99.850873613000033, 6.732622185000082 ], [ 99.851416376000088, 6.732551662000049 ], [ 99.851917385000093, 6.73246728200013 ], [ 99.852376645000049, 6.732396914 ], [ 99.852877703000161, 6.732340346000115 ], [ 99.853002904000107, 6.732284480000146 ] ] ], [ [ [ 99.662409724000156, 6.726685190000126 ], [ 99.661799944000165, 6.726562780000108 ], [ 99.661329597000019, 6.726668565000068 ], [ 99.660905724000031, 6.72685513000016 ], [ 99.660484025000073, 6.727420500000051 ], [ 99.659777817000077, 6.72832033800006 ], [ 99.658968864000201, 6.729382043000044 ], [ 99.658240935000094, 6.730557788000056 ], [ 99.657628468000155, 6.731801840000173 ], [ 99.657539868000072, 6.732365604999984 ], [ 99.657439243, 6.732802163999963 ], [ 99.657499108000081, 6.73316955100006 ], [ 99.657639286000119, 6.73353627400013 ], [ 99.657904016000032, 6.733591900000135 ], [ 99.658200393000129, 6.733199695999986 ], [ 99.658254526000064, 6.732671055000026 ], [ 99.658355191000112, 6.732257065000056 ], [ 99.658628399000179, 6.731864925000139 ], [ 99.659039510000184, 6.731448812999986 ], [ 99.659506307000186, 6.730791274000012 ], [ 99.660280749000094, 6.729730216000178 ], [ 99.661124987000164, 6.728840901000069 ], [ 99.661591808000139, 6.728205959000093 ], [ 99.662358508000182, 6.727696105000177 ], [ 99.6628386860001, 6.727325725000071 ], [ 99.663021002000107, 6.72706031000007 ], [ 99.662985187000061, 6.726911116000167 ], [ 99.662409724000156, 6.726685190000126 ] ] ], [ [ [ 99.705710735000082, 6.735151743000131 ], [ 99.705743085000051, 6.734841325000048 ], [ 99.705867085000193, 6.734553381000183 ], [ 99.706186770000102, 6.734262884000032 ], [ 99.706563602000188, 6.734030555000118 ], [ 99.706986248000192, 6.733774412000116 ], [ 99.707192558000202, 6.733715313000118 ], [ 99.707433537000156, 6.733748306000109 ], [ 99.707560294000075, 6.733827265000173 ], [ 99.707698357000197, 6.733861 ], [ 99.707836335000081, 6.733860252000113 ], [ 99.707985550000103, 6.733812538999985 ], [ 99.70812165500007, 6.733697002000099 ], [ 99.708155421000185, 6.733570314000133 ], [ 99.70801663400016, 6.733399233000057 ], [ 99.707865858000105, 6.733158029000037 ], [ 99.707794815, 6.732906005000132 ], [ 99.707757449000098, 6.732492211000022 ], [ 99.707584146000102, 6.73233247100012 ], [ 99.707296066000026, 6.732151418000115 ], [ 99.706961519000174, 6.731923526000116 ], [ 99.706638230000181, 6.731661677000034 ], [ 99.706521368000097, 6.731397792000109 ], [ 99.706393816000173, 6.731180901000016 ], [ 99.706115591000184, 6.730791788999966 ], [ 99.705803604000039, 6.730529923000176 ], [ 99.705402005999986, 6.730475109000054 ], [ 99.705127387000118, 6.730627011000024 ], [ 99.704933643000061, 6.730766376000133 ], [ 99.704878143000087, 6.731111281000153 ], [ 99.704859081000109, 6.731617307000079 ], [ 99.704862764000154, 6.732214887000168 ], [ 99.704773889000194, 6.73254913400018 ], [ 99.704728837000175, 6.732687131000148 ], [ 99.704673927000101, 6.733032631000128 ], [ 99.704595734000065, 6.733321064999984 ], [ 99.704300639999985, 6.733770913000114 ], [ 99.703995795000083, 6.734532332000128 ], [ 99.703850682000109, 6.735085436000077 ], [ 99.703922379000062, 6.73538325700008 ], [ 99.704049267000073, 6.735531752000043 ], [ 99.704267654000148, 6.735599278000109 ], [ 99.704507826999986, 6.73548248600008 ], [ 99.704747278000184, 6.735274105000144 ], [ 99.704918333000023, 6.735054485999967 ], [ 99.705010609000055, 6.735122780000154 ], [ 99.705080353000142, 6.735248723000154 ], [ 99.705081038000117, 6.735340908000069 ], [ 99.705036660000133, 6.735559191999982 ], [ 99.705026840000073, 6.735789290000014 ], [ 99.705097236000199, 6.735984221000081 ], [ 99.705155666000053, 6.736098918999971 ], [ 99.705236041000035, 6.736167197000157 ], [ 99.705362678000142, 6.736143267000102 ], [ 99.705396528999984, 6.736074233000068 ], [ 99.705555716000106, 6.735877298000048 ], [ 99.705645133000132, 6.735531712000068 ], [ 99.705710735000082, 6.735151743000131 ] ] ] ] } },
{ "type": "Feature", "properties": { "adm3_name": "Mae Kha", "adm3_name1": "แม่คะ", "adm3_name2": null, "adm3_name3": null, "adm3_pcode": "TH500910", "adm2_name": "Fang", "adm2_name1": "ฝาง", "adm2_name2": null, "adm2_name3": null, "adm2_pcode": "TH5009", "adm1_name": "Chiang Mai", "adm1_name1": "เชียงใหม่", "adm1_name2": null, "adm1_name3": null, "adm1_pcode": "TH50", "adm0_name": "Thailand", "adm0_name1": "ประเทศไทย", "adm0_name2": null, "adm0_name3": null, "adm0_pcode": "TH", "valid_on": "2022-01-22T00:00:00", "valid_to": null, "area_sqkm": 165.01104678, "version": "v01", "lang": "en", "lang1": "th", "lang2": null, "lang3": null, "adm3_ref_n": "Mae Kha", "center_lat": 19.80398881, "center_lon": 99.27832033 }, "geometry": { "type": "Polygon", "coordinates": [ [ [ 99.225742924000201, 19.895682739000051 ], [ 99.225785415000075, 19.895651906000126 ], [ 99.225827889000016, 19.895611621000057 ], [ 99.225870356000087, 19.895554763000121 ], [ 99.225917773, 19.895467118000113 ], [ 99.225947690999988, 19.895386599000062 ], [ 99.225952626000151, 19.895336889000077 ], [ 99.225947543000188, 19.895282458999986 ], [ 99.225932448000094, 19.895228041000109 ], [ 99.225924886000143, 19.895190168999989 ], [ 99.22592481200013, 19.895138099000121 ], [ 99.225944756000047, 19.895081270000162 ], [ 99.225985396, 19.895025479000026 ], [ 99.226079699000081, 19.894955651000146 ], [ 99.226212630000191, 19.894888809000122 ], [ 99.226249737000103, 19.894865482000057 ], [ 99.22627720800017, 19.89483703500008 ], [ 99.22628716700001, 19.894799159000172 ], [ 99.226277067000069, 19.894737632000101 ], [ 99.226274407000062, 19.894626374000154 ], [ 99.226281855000138, 19.894583765999982 ], [ 99.226299334000032, 19.894552964000127 ], [ 99.226329328000077, 19.894524532999981 ], [ 99.226389330000018, 19.894488941000077 ], [ 99.226481854000042, 19.894455697000183 ], [ 99.22661191900005, 19.894405828 ], [ 99.226689438000165, 19.894367847000183 ], [ 99.22676691300012, 19.894299106000062 ], [ 99.226808530000085, 19.894247507000159 ], [ 99.226835138000183, 19.894188555000085 ], [ 99.226857283000129, 19.894121202000122 ], [ 99.226870459000168, 19.893994941000074 ], [ 99.226861307000092, 19.893818230000079 ], [ 99.22686557500009, 19.893691983000053 ], [ 99.22687015200006, 19.893673451000097 ], [ 99.226883261000125, 19.893620426000041 ], [ 99.226935854000146, 19.893521388000011 ], [ 99.226998693000098, 19.893451960000164 ], [ 99.227109779000045, 19.893359228000122 ], [ 99.227398701000141, 19.893207384000164 ], [ 99.227483179000046, 19.89316939400004 ], [ 99.227536511000039, 19.893135656000084 ], [ 99.227580937000141, 19.893097735000083 ], [ 99.227616447000059, 19.893038769000157 ], [ 99.227620809000086, 19.892975652000189 ], [ 99.227611804000105, 19.892904129000044 ], [ 99.227602793000187, 19.892828394000048 ], [ 99.227616074000139, 19.89277787900005 ], [ 99.227647170000182, 19.892744187000119 ], [ 99.227687162000109, 19.892718888000047 ], [ 99.227731612000071, 19.892697774999988 ], [ 99.227767152000183, 19.892659865000098 ], [ 99.227792566000176, 19.892634295999983 ], [ 99.227822940000181, 19.892617103000077 ], [ 99.227809463000199, 19.892478388000086 ], [ 99.227807183000039, 19.892381229000136 ], [ 99.227796358000091, 19.892292177 ], [ 99.227751184999988, 19.892126230000088 ], [ 99.227746858000103, 19.89209587300013 ], [ 99.227751107000188, 19.892071557000065 ], [ 99.227774602000068, 19.892043187000013 ], [ 99.228088815000035, 19.89178164100008 ], [ 99.228227834000108, 19.891716688000088 ], [ 99.228347580000047, 19.891651741000146 ], [ 99.228478012000039, 19.8915665560001 ], [ 99.228717444000097, 19.891388098000107 ], [ 99.22896117300013, 19.891223805000095 ], [ 99.229290445000174, 19.891004746000192 ], [ 99.229780125000048, 19.89073284900013 ], [ 99.229959720000068, 19.89061114600014 ], [ 99.230079473000103, 19.890554313000109 ], [ 99.230231350000167, 19.89050351100019 ], [ 99.230306220000102, 19.890485195999986 ], [ 99.230355442000132, 19.890475011000149 ], [ 99.230398219000165, 19.890460787 ], [ 99.230455955000139, 19.890432372000078 ], [ 99.230646271000126, 19.890326848000029 ], [ 99.231304786000123, 19.889892770000188 ], [ 99.231621198000198, 19.889665627000113 ], [ 99.232104176, 19.889203437999981 ], [ 99.232330707000187, 19.88898651400018 ], [ 99.232354206000082, 19.888960168000096 ], [ 99.232364855000185, 19.888925743000186 ], [ 99.23236480200012, 19.888889307 ], [ 99.232364779000193, 19.888873113000102 ], [ 99.232377572000075, 19.888842733000104 ], [ 99.232396797000149, 19.888818416000106 ], [ 99.23242885600007, 19.888792061000174 ], [ 99.232743121000055, 19.888562874000115 ], [ 99.232929078000041, 19.888404741999977 ], [ 99.232952575000127, 19.888376372000153 ], [ 99.232965363000119, 19.888341926000123 ], [ 99.23296745100015, 19.888303462000124 ], [ 99.232967409000139, 19.888275122000096 ], [ 99.23297376000005, 19.888230582000119 ], [ 99.232986569000104, 19.88821032300018 ], [ 99.233007939000117, 19.888190051000095 ], [ 99.233046424000179, 19.888167735000025 ], [ 99.233151211000063, 19.888108876000047 ], [ 99.233232475000193, 19.888074357999983 ], [ 99.233264542000086, 19.888054075000184 ], [ 99.233520917000078, 19.887762230000135 ], [ 99.234020966000173, 19.887261535000164 ], [ 99.234469562000186, 19.886708277000025 ], [ 99.23468522700017, 19.886386122000147 ], [ 99.234928836000165, 19.886144898000055 ], [ 99.235146786000087, 19.88592192699997 ], [ 99.235176676000037, 19.885873288000141 ], [ 99.235189436000041, 19.885822666000024 ], [ 99.235189394000201, 19.88579432500012 ], [ 99.235180817000128, 19.885782192000079 ], [ 99.235155230000032, 19.885765852000134 ], [ 99.235168837, 19.885755513000106 ], [ 99.235511277000114, 19.885412876000089 ], [ 99.235663748000036, 19.885263784000188 ], [ 99.235701280000114, 19.88522818500013 ], [ 99.235809252000138, 19.885181375000172 ], [ 99.235870297000133, 19.885159081000097 ], [ 99.236107484000172, 19.885125441000184 ], [ 99.23646448400018, 19.885098291000077 ], [ 99.236774486000115, 19.88506899600003 ], [ 99.236969464000083, 19.88507096100011 ], [ 99.237065785000141, 19.885079725000139 ], [ 99.237164596000014, 19.885075473000143 ], [ 99.237277130000109, 19.885041668999975 ], [ 99.237493099000119, 19.88496361 ], [ 99.237643314000195, 19.884878972000138 ], [ 99.237788799999976, 19.884787669000104 ], [ 99.237859223000044, 19.884749801000169 ], [ 99.237955465000198, 19.884716345000072 ], [ 99.238086963000057, 19.884687289000169 ], [ 99.23816913100012, 19.884658279000064 ], [ 99.238347901000168, 19.884581444 ], [ 99.238469627000086, 19.884546779000061 ], [ 99.238561171000015, 19.884502212000029 ], [ 99.238615148000179, 19.884466590000102 ], [ 99.238671466000199, 19.884422072000177 ], [ 99.238744166000174, 19.88435087400012 ], [ 99.238884981000183, 19.884264022000025 ], [ 99.239154913000164, 19.884143670000014 ], [ 99.239206570000079, 19.884128040000178 ], [ 99.239298166000196, 19.884121265000033 ], [ 99.239349833000119, 19.884112304000098 ], [ 99.239380340000025, 19.884096701000146 ], [ 99.239420219000067, 19.884063321000042 ], [ 99.239542184000129, 19.883945389000075 ], [ 99.239598521000062, 19.883914208000078 ], [ 99.239652504, 19.883898575000103 ], [ 99.239701828000193, 19.883894064000174 ], [ 99.23974092800006, 19.883898745000124 ], [ 99.239805221000097, 19.883916154000019 ], [ 99.239840482000091, 19.883936095000024 ], [ 99.239910087000112, 19.883990511000036 ], [ 99.239922645000092, 19.883942709 ], [ 99.239942563000113, 19.883873244000029 ], [ 99.239992471000164, 19.883787960000063 ], [ 99.240042465000045, 19.883743721000087 ], [ 99.240112436000061, 19.883686820999969 ], [ 99.240175763000025, 19.88364569100014 ], [ 99.240212390000124, 19.883607777000179 ], [ 99.240229011, 19.883557258 ], [ 99.240232261000131, 19.883506757000191 ], [ 99.240205340000102, 19.883352157 ], [ 99.240134839000063, 19.88306190000003 ], [ 99.24006827300002, 19.882806539000171 ], [ 99.24017663, 19.88283827600003 ], [ 99.240265683000189, 19.882853029999978 ], [ 99.240365209000117, 19.882857847000139 ], [ 99.240454240000076, 19.882857727000101 ], [ 99.240573665000113, 19.88284352300019 ], [ 99.240650612000195, 19.882825254000181 ], [ 99.240726518000031, 19.882797898000035 ], [ 99.240786705000176, 19.88276560900016 ], [ 99.240859921000151, 19.882706066000083 ], [ 99.24097499700008, 19.882594415000028 ], [ 99.241131828, 19.882403456000134 ], [ 99.241238988000191, 19.882264577000058 ], [ 99.241311218000135, 19.882196487000101 ], [ 99.241374994000068, 19.882160344000056 ], [ 99.241426801000159, 19.882143719 ], [ 99.241498048000096, 19.882132924000132 ], [ 99.241573991000109, 19.882132821000027 ], [ 99.241644699000062, 19.88213272500019 ], [ 99.241788736, 19.882135004000077 ], [ 99.241930145000083, 19.882129861000124 ], [ 99.242045369000039, 19.882129705000125 ], [ 99.242108208000161, 19.882132095000145 ], [ 99.242163231000177, 19.882144400000186 ], [ 99.242244462000087, 19.88217897200019 ], [ 99.242312250000168, 19.882218280000075 ], [ 99.2423597840002, 19.882243229000096 ], [ 99.242456748000052, 19.882285227000182 ], [ 99.242564151000124, 19.882304890000114 ], [ 99.24265581200018, 19.882314668000049 ], [ 99.242710827, 19.882322041 ], [ 99.242768429000137, 19.882321962000105 ], [ 99.24281555400006, 19.882314451000127 ], [ 99.242857445000084, 19.882299536000062 ], [ 99.242949036000084, 19.882262252000146 ], [ 99.243058899000062, 19.882177862999981 ], [ 99.243119056000126, 19.882125764000023 ], [ 99.243166157000189, 19.882105874 ], [ 99.243213289000039, 19.882105809999985 ], [ 99.243299750000176, 19.882125517000134 ], [ 99.24333117499998, 19.882132904000116 ], [ 99.243354747000183, 19.882132871000181 ], [ 99.243380929000011, 19.882125406 ], [ 99.243401861000166, 19.882120427000075 ], [ 99.24342279300015, 19.882103047000044 ], [ 99.243439837000096, 19.882067329000108 ], [ 99.243459281000128, 19.881989043000033 ], [ 99.243488012000114, 19.881934513000147 ], [ 99.243569049000143, 19.881845210000108 ], [ 99.243639678000022, 19.881793080000079 ], [ 99.243705106000107, 19.881763277000175 ], [ 99.243801943000051, 19.881730937000157 ], [ 99.243870002999984, 19.88171349300012 ], [ 99.243964265000159, 19.881698509000159 ], [ 99.244082070000047, 19.88167604400013 ], [ 99.244168574000128, 19.881649413000162 ], [ 99.244267913000044, 19.881618822 ], [ 99.244418860000053, 19.881578762000061 ], [ 99.24446598500009, 19.881561980000129 ], [ 99.244497364000154, 19.881543357999988 ], [ 99.244520898000133, 19.881515455000113 ], [ 99.244534588000192, 19.881472693000092 ], [ 99.244536485000083, 19.881439254999975 ], [ 99.244538362000128, 19.881379791000029 ], [ 99.244538256000112, 19.881311040000128 ], [ 99.244542088000117, 19.881244144000107 ], [ 99.244563526000093, 19.881132636000132 ], [ 99.244606606000104, 19.881056398000055 ], [ 99.244647761000067, 19.880996898000092 ], [ 99.244681104000051, 19.880961537000076 ], [ 99.244723727000121, 19.880874508999966 ], [ 99.244783480000194, 19.880670305000137 ], [ 99.244813816000033, 19.880407672 ], [ 99.244803905000197, 19.880348225000148 ], [ 99.244792072000166, 19.880318510999984 ], [ 99.244762538000032, 19.880270259000099 ], [ 99.244729070000119, 19.880223836000084 ], [ 99.244707392000123, 19.880177417000027 ], [ 99.244691599000134, 19.880119840000191 ], [ 99.24468559900015, 19.880056680999985 ], [ 99.244687458000044, 19.87998608200013 ], [ 99.244703093000169, 19.879928462000123 ], [ 99.244734376, 19.879846655000051 ], [ 99.244763762000161, 19.879798303000143 ], [ 99.244822580000061, 19.879720198000143 ], [ 99.244871588000194, 19.879660670000192 ], [ 99.244922574000157, 19.879604860000029 ], [ 99.244975147000162, 19.879542652 ], [ 99.244955122000192, 19.879527589000077 ], [ 99.244729936000169, 19.879294064000078 ], [ 99.244630791000077, 19.879150750000122 ], [ 99.24461078700017, 19.879112136000117 ], [ 99.244581373000074, 19.87905539000019 ], [ 99.244574307, 19.879031868000027 ], [ 99.244567223000161, 19.878997701000117 ], [ 99.244564032000142, 19.878971698000043 ], [ 99.244564786000183, 19.878940013000147 ], [ 99.24457411800006, 19.878909095000097 ], [ 99.244640147000155, 19.878823553000132 ], [ 99.244660741000075, 19.87879784200004 ], [ 99.244674769000142, 19.878764531 ], [ 99.244680115000051, 19.878723660000105 ], [ 99.244686365000064, 19.87867573900013 ], [ 99.244678547000092, 19.87863584300004 ], [ 99.244669823000095, 19.878591430000029 ], [ 99.244669772000179, 19.878558139000177 ], [ 99.244674065000083, 19.878541831000064 ], [ 99.244691850000038, 19.878515329000038 ], [ 99.244744709000088, 19.878475928000057 ], [ 99.244785912, 19.878459821000035 ], [ 99.244825347000187, 19.878448942000091 ], [ 99.24486476900006, 19.878441659000146 ], [ 99.244902739000167, 19.878435028000013 ], [ 99.244928357000163, 19.878422323000109 ], [ 99.244951042000196, 19.878402409999978 ], [ 99.244968162000191, 19.878354294000076 ], [ 99.244964932000073, 19.878292161000047 ], [ 99.244924097000194, 19.878173855000171 ], [ 99.244829646000085, 19.877938577000066 ], [ 99.244801572000085, 19.877883237000106 ], [ 99.244777318000047, 19.877827912000043 ], [ 99.24476497500018, 19.877789324000048 ], [ 99.244758115000138, 19.877748488000066 ], [ 99.244757453000091, 19.877702709000118 ], [ 99.244775950000076, 19.8774342910001 ], [ 99.244797368000093, 19.87712356000003 ], [ 99.244799764000106, 19.877091260000043 ], [ 99.2447990080002, 19.877047884000035 ], [ 99.24479678300014, 19.877016513000171 ], [ 99.244781096000168, 19.876978109 ], [ 99.244755744000202, 19.87694069600019 ], [ 99.244735229000185, 19.876917969000033 ], [ 99.244712570000161, 19.876892878000149 ], [ 99.244699841999989, 19.876876865000156 ], [ 99.244685475000153, 19.876851852000129 ], [ 99.244674922000058, 19.876821918000132 ], [ 99.244677995000075, 19.876783436000153 ], [ 99.24468787700016, 19.876761571000031 ], [ 99.244705676000137, 19.876744686000166 ], [ 99.244731103, 19.876731420000112 ], [ 99.244757725000113, 19.87672502200013 ], [ 99.244793610000102, 19.876718176999987 ], [ 99.244826376000162, 19.876705734000097 ], [ 99.24485614300005, 19.876694432000079 ], [ 99.244879874000162, 19.876669820000188 ], [ 99.24489807000009, 19.876641076000112 ], [ 99.244912306000174, 19.876605579000113 ], [ 99.244918565000091, 19.876563766000118 ], [ 99.244920356000137, 19.876522916999988 ], [ 99.244918485000085, 19.876486701000033 ], [ 99.244915132000074, 19.876430244000062 ], [ 99.244918141000198, 19.876336294000112 ], [ 99.244908615000156, 19.876241620000087 ], [ 99.24490855300013, 19.876201551000065 ], [ 99.244912151000051, 19.876155803000188 ], [ 99.244925137000109, 19.876114974000075 ], [ 99.244948997000108, 19.876052172000072 ], [ 99.245021270000109, 19.875953426000024 ], [ 99.245183110000198, 19.875747076000039 ], [ 99.245258036000166, 19.875658197000064 ], [ 99.24530176900015, 19.875622639000142 ], [ 99.245379908000132, 19.87558701800009 ], [ 99.245448681000084, 19.875560282000038 ], [ 99.245487590000153, 19.87554112600003 ], [ 99.245508060000077, 19.875524705000032 ], [ 99.245536156000128, 19.875483241000154 ], [ 99.245548574000054, 19.87542106900014 ], [ 99.245551552000109, 19.875332306000189 ], [ 99.245544104000032, 19.875232695000022 ], [ 99.245527276000075, 19.875138012999969 ], [ 99.245485370000154, 19.875007888000141 ], [ 99.245296902, 19.874483402000124 ], [ 99.245246577000046, 19.874305933000073 ], [ 99.245204975000149, 19.874099972000181 ], [ 99.245181256000023, 19.874080593000087 ], [ 99.245152306000136, 19.874063536000165 ], [ 99.245119742000099, 19.87405673000012 ], [ 99.245076355000151, 19.874056789000065 ], [ 99.24502576600014, 19.874067126000114 ], [ 99.244982378000088, 19.874067185000058 ], [ 99.244946188000142, 19.874050138000143 ], [ 99.244917218000069, 19.874019398000087 ], [ 99.244859255000165, 19.873944220000055 ], [ 99.244797624000114, 19.873831435000056 ], [ 99.244761287000188, 19.873718597000163 ], [ 99.244739524000067, 19.873667336000096 ], [ 99.24469956900009, 19.873547672000143 ], [ 99.24469323600016, 19.873506600000098 ], [ 99.244713719000174, 19.873371761000044 ], [ 99.244720899000072, 19.873308204000011 ], [ 99.244785680000177, 19.873119987000166 ], [ 99.244850462000045, 19.872921525000095 ], [ 99.244875598000135, 19.872815452000111 ], [ 99.244932710000114, 19.872339933000092 ], [ 99.24492933200014, 19.872006011 ], [ 99.244928454000103, 19.87191922400001 ], [ 99.244942399000081, 19.871583995000094 ], [ 99.244985508000184, 19.871402658000079 ], [ 99.245061134000082, 19.871200745000181 ], [ 99.245133164000151, 19.871019369000123 ], [ 99.24521230400012, 19.87076614 ], [ 99.245248366999988, 19.87070109900003 ], [ 99.245291684000108, 19.870656579000126 ], [ 99.245335031000081, 19.870632571000044 ], [ 99.245378396000035, 19.870618830000069 ], [ 99.245450645000062, 19.870581100000152 ], [ 99.245504786000197, 19.870519469000101 ], [ 99.245584157000053, 19.870416737000141 ], [ 99.245713973000136, 19.870197651000126 ], [ 99.245948624000107, 19.86996132400003 ], [ 99.245995556000082, 19.869920214 ], [ 99.246031689000176, 19.869913316000179 ], [ 99.246067852000067, 19.86991326600014 ], [ 99.246118463000073, 19.869916610000075 ], [ 99.246176319000028, 19.869923381000035 ], [ 99.246216083000149, 19.869916475000139 ], [ 99.2462522040002, 19.869889063000187 ], [ 99.246270229000174, 19.869858259000125 ], [ 99.246295445000158, 19.869796646999987 ], [ 99.246302562000096, 19.869728230000135 ], [ 99.24630245100019, 19.869656404000011 ], [ 99.246291429000166, 19.869533285000045 ], [ 99.246236733000046, 19.869235782000032 ], [ 99.246138507000126, 19.868842565000136 ], [ 99.246094810000159, 19.868640816000038 ], [ 99.246069399000078, 19.868575858000156 ], [ 99.246036781000043, 19.868521177000162 ], [ 99.245996943000137, 19.868480188000035 ], [ 99.24594267100008, 19.868452898000101 ], [ 99.245906502000196, 19.868439266000053 ], [ 99.245591767000178, 19.868313151 ], [ 99.245244412000147, 19.868128918000139 ], [ 99.244947625000179, 19.867920685000058 ], [ 99.24475936500005, 19.867749914000058 ], [ 99.24465434200016, 19.867630356000063 ], [ 99.244520231000138, 19.867415051000137 ], [ 99.244353416000138, 19.86707665400013 ], [ 99.244237254000097, 19.866765550000139 ], [ 99.244128295000053, 19.866447589000188 ], [ 99.244048138000096, 19.866047514000059 ], [ 99.243996920000086, 19.865647383000066 ], [ 99.243996831000175, 19.865589240000133 ], [ 99.244014830000197, 19.86554132200007 ], [ 99.244054512000105, 19.865479708000123 ], [ 99.244123035000143, 19.865370161000044 ], [ 99.24416613700015, 19.865185390000136 ], [ 99.244158791000075, 19.865116991000036 ], [ 99.244129771000189, 19.865052039000034 ], [ 99.244111636000184, 19.865011019000178 ], [ 99.244097101000136, 19.864963162000038 ], [ 99.244111421000071, 19.86487078600004 ], [ 99.244132992000175, 19.864798933000031 ], [ 99.244187096000019, 19.864713335000033 ], [ 99.244259271000033, 19.864627731000098 ], [ 99.244363978000081, 19.864528400000097 ], [ 99.244616651000115, 19.86427835 ], [ 99.244804401000067, 19.864120761000038 ], [ 99.24514750100019, 19.863891117000037 ], [ 99.245342529000141, 19.863757449 ], [ 99.245411075000163, 19.863661582000134 ], [ 99.245461533000082, 19.863565741000116 ], [ 99.245497568000133, 19.863483601000098 ], [ 99.245526410000195, 19.863432252 ], [ 99.24556568100013, 19.863103837000097 ], [ 99.245590760000198, 19.86296698600006 ], [ 99.245633957000109, 19.862847208000119 ], [ 99.245673603, 19.862765063000154 ], [ 99.245850359000087, 19.862515134000148 ], [ 99.246063316, 19.862289083 ], [ 99.24621495800011, 19.862158889000057 ], [ 99.246294319000015, 19.862039060000029 ], [ 99.246449483000106, 19.861860985000135 ], [ 99.246554206000155, 19.861775334000072 ], [ 99.246666187000073, 19.861727303000066 ], [ 99.246742094000069, 19.861710079999966 ], [ 99.24684691900012, 19.861703104000128 ], [ 99.246995153000114, 19.861713164000037 ], [ 99.247175954000056, 19.861733427000047 ], [ 99.247342278000133, 19.861743462000106 ], [ 99.247450756000092, 19.861763825000082 ], [ 99.247544814000037, 19.861797908000142 ], [ 99.247591839000108, 19.861818356000072 ], [ 99.247638879000078, 19.861849089000032 ], [ 99.247667842000112, 19.861876410999969 ], [ 99.247707682000168, 19.861917400999971 ], [ 99.247751118000053, 19.861954949999983 ], [ 99.247790937000048, 19.861982260000104 ], [ 99.247903071999986, 19.862023148000105 ], [ 99.248098394000181, 19.862094720000186 ], [ 99.248376934000134, 19.862193518000026 ], [ 99.248626468000168, 19.862251313000115 ], [ 99.248731313000064, 19.862254601000188 ], [ 99.248778316000141, 19.862251101000084 ], [ 99.248825282000098, 19.862233937999974 ], [ 99.248897526000064, 19.862192792000144 ], [ 99.248966172000053, 19.862165334000167 ], [ 99.249013148000188, 19.862155002 ], [ 99.2493493180001, 19.862116921000165 ], [ 99.249483085000065, 19.862120149000077 ], [ 99.249530109000091, 19.862140597000177 ], [ 99.249569920000056, 19.862167904000046 ], [ 99.249606141000129, 19.862205483000025 ], [ 99.249631492000049, 19.86224307700013 ], [ 99.249671312000146, 19.862273801000185 ], [ 99.249743668000065, 19.862304477000066 ], [ 99.249935322000113, 19.862338421 ], [ 99.249993212000106, 19.862358855000082 ], [ 99.250047432000144, 19.86236221300004 ], [ 99.25009803800009, 19.862351877000037 ], [ 99.250173893000067, 19.862314140000024 ], [ 99.250325569000154, 19.862204474 ], [ 99.250433924000163, 19.862146179000092 ], [ 99.250495374000081, 19.862128995000091 ], [ 99.250556814000049, 19.862122058000125 ], [ 99.250668894000057, 19.862125317000164 ], [ 99.250730358000169, 19.86213208099997 ], [ 99.250824421000061, 19.862169577000088 ], [ 99.250914841000053, 19.862196815 ], [ 99.251005237000072, 19.862210367999978 ], [ 99.251186001000121, 19.862206680000043 ], [ 99.251684977000195, 19.862250454000105 ], [ 99.251887483000075, 19.862284364000061 ], [ 99.252147825000122, 19.862314776000119 ], [ 99.252321355000106, 19.862314530000106 ], [ 99.252468758000134, 19.862306241 ], [ 99.252524178999977, 19.862307790000045 ], [ 99.252555101000098, 19.862328295000054 ], [ 99.252596207000124, 19.862375715999974 ], [ 99.252650527000128, 19.862430366000069 ], [ 99.252683112999989, 19.86246453300015 ], [ 99.252704896000125, 19.862515794000046 ], [ 99.252719378000052, 19.862529457 ], [ 99.252759152000181, 19.862543082000172 ], [ 99.252809780000121, 19.862546442999985 ], [ 99.252896545000056, 19.862546320000092 ], [ 99.252994171000182, 19.862553013000024 ], [ 99.253131561000146, 19.862566500000128 ], [ 99.25328342500012, 19.862576551000188 ], [ 99.25339189500005, 19.862576397000169 ], [ 99.25354732, 19.862569325000095 ], [ 99.253713600000083, 19.862548574000073 ], [ 99.254176167000082, 19.862438463000103 ], [ 99.254591716999983, 19.862311301000091 ], [ 99.255003740000063, 19.862235472000123 ], [ 99.255227821000062, 19.862190691000023 ], [ 99.25546634300008, 19.862145869000074 ], [ 99.255654289000177, 19.862118237000118 ], [ 99.255986873000154, 19.862097247000122 ], [ 99.256174845000089, 19.862086710000085 ], [ 99.256612263000193, 19.862075815000139 ], [ 99.256720695000126, 19.862055144000124 ], [ 99.256999025000084, 19.862030797000159 ], [ 99.257465307000075, 19.861975396000105 ], [ 99.257635188000052, 19.861951204000036 ], [ 99.257826727000179, 19.861913298000104 ], [ 99.258047187000102, 19.861875367999971 ], [ 99.258155640000098, 19.861864945000093 ], [ 99.258235185000046, 19.861868246000085 ], [ 99.258390679000115, 19.86190223400007 ], [ 99.259005548000061, 19.86207235300003 ], [ 99.25941436700009, 19.862249620000057 ], [ 99.259685753000156, 19.862396308000086 ], [ 99.260022167000102, 19.862522386000023 ], [ 99.260981285000014, 19.862972104000107 ], [ 99.26127295800012, 19.863155456000015 ], [ 99.26163756700015, 19.863396130000069 ], [ 99.262123791000079, 19.863762978000011 ], [ 99.262755699000138, 19.86412961200017 ], [ 99.263059344000112, 19.864209564000191 ], [ 99.263508586000171, 19.864231876000076 ], [ 99.263642128000185, 19.86423167900017 ], [ 99.26386087200018, 19.86435770300011 ], [ 99.264006575000053, 19.864368972000079 ], [ 99.264140119000103, 19.86436877400007 ], [ 99.264310050000063, 19.864345550999985 ], [ 99.26444361900019, 19.864356840000141 ], [ 99.26462581800007, 19.864414001000171 ], [ 99.26483220900019, 19.86441369500011 ], [ 99.265111462000107, 19.864424764999967 ], [ 99.26539800400019, 19.864537610000184 ], [ 99.265787451000165, 19.864670935999982 ], [ 99.266070667000122, 19.864757550999968 ], [ 99.26623345600018, 19.864770700000065 ], [ 99.266558986000121, 19.864770214000032 ], [ 99.266771311000184, 19.864783284000055 ], [ 99.266905816000076, 19.864809868000123 ], [ 99.267104130000121, 19.864910001000169 ], [ 99.267295282000134, 19.864956584000026 ], [ 99.267528840000068, 19.864969621000114 ], [ 99.267748287000018, 19.865009463000035 ], [ 99.267960555000172, 19.864989056000013 ], [ 99.268200998000111, 19.864888269000119 ], [ 99.268526292, 19.864747172000079 ], [ 99.268676323000079, 19.864656114000013 ], [ 99.268878611000105, 19.864475868000056 ], [ 99.268928114000062, 19.864409297000122 ], [ 99.269018890000098, 19.864299629000129 ], [ 99.26910561800014, 19.864240823000046 ], [ 99.269217161000086, 19.864189803999977 ], [ 99.269345245000181, 19.864138757000092 ], [ 99.269535389000112, 19.864111088000072 ], [ 99.269667675000051, 19.864099154000144 ], [ 99.269775199000037, 19.86411463800016 ], [ 99.269961390999981, 19.8641965 ], [ 99.27011031800015, 19.864247128000102 ], [ 99.270151733000148, 19.864286182000171 ], [ 99.270197258000053, 19.8643134940001 ], [ 99.27024687300019, 19.864313418999984 ], [ 99.270321274000196, 19.864301571999988 ], [ 99.270391559000075, 19.864301465000096 ], [ 99.270437075000132, 19.864320956000029 ], [ 99.270627439000066, 19.864426280000032 ], [ 99.270734983000068, 19.86445350300005 ], [ 99.270817674000057, 19.864453377000018 ], [ 99.270916865000174, 19.864429753000024 ], [ 99.270983026000067, 19.86443356400008 ], [ 99.271053383000094, 19.864476487000161 ], [ 99.271281085000112, 19.864652168000077 ], [ 99.27139696200004, 19.864718492 ], [ 99.271603945000038, 19.864866822000067 ], [ 99.271657783000194, 19.864921502000129 ], [ 99.271678585000132, 19.864995794000038 ], [ 99.271712028000195, 19.865210886000114 ], [ 99.271745198000076, 19.865265602000022 ], [ 99.271815567000147, 19.865312431000063 ], [ 99.271918983000148, 19.865343568000071 ], [ 99.271981015000108, 19.865351298000178 ], [ 99.272026547000166, 19.865382524999973 ], [ 99.272051479000083, 19.865456808000033 ], [ 99.272092875000169, 19.865484126000126 ], [ 99.272173845999987, 19.865519011000117 ], [ 99.272347314000172, 19.86563446100007 ], [ 99.272459677000143, 19.865778936000027 ], [ 99.27255184, 19.86602951600014 ], [ 99.272633563000113, 19.866135464000024 ], [ 99.272858076000148, 19.866299057000163 ], [ 99.27293976600015, 19.866385720000153 ], [ 99.272970527000098, 19.866491746 ], [ 99.273001267000154, 19.866588130000025 ], [ 99.273093182000025, 19.866694062000079 ], [ 99.273144278000188, 19.866771131000121 ], [ 99.27309346300018, 19.866857998000114 ], [ 99.273073158000159, 19.866906244000063 ], [ 99.273114078000162, 19.866992966000112 ], [ 99.273267214000043, 19.867137378000166 ], [ 99.273338581000189, 19.867146915000149 ], [ 99.273389477000137, 19.86710826400008 ], [ 99.273470983000152, 19.867088853000155 ], [ 99.27357491500004, 19.867128031 ], [ 99.273749660000192, 19.867427471999974 ], [ 99.273844900000086, 19.867547211000044 ], [ 99.273971696000103, 19.867591974000106 ], [ 99.274130168000056, 19.867636683000171 ], [ 99.274209542000051, 19.867741463000129 ], [ 99.274343756000121, 19.868088522000164 ], [ 99.274685664000174, 19.86901365500006 ], [ 99.275027164, 19.869697305000159 ], [ 99.276433489000112, 19.871143984000184 ], [ 99.277712638000196, 19.872832326000093 ], [ 99.27907753300002, 19.874882733 ], [ 99.280202610000117, 19.876256530000092 ], [ 99.280493001000082, 19.876866648000089 ], [ 99.280605281000135, 19.877434940000057 ], [ 99.280739443000073, 19.877792651000107 ], [ 99.281074279000052, 19.878360588000078 ], [ 99.281252880000181, 19.878676121000183 ], [ 99.281387529000199, 19.879307540000127 ], [ 99.281747418000066, 19.881454512000118 ], [ 99.281882218000192, 19.882170147000068 ], [ 99.282149554000114, 19.88231710000008 ], [ 99.282795094000051, 19.882379243000173 ], [ 99.283440634000158, 19.882441378000067 ], [ 99.283930269000109, 19.882440598000187 ], [ 99.284441444000038, 19.882039750000047 ], [ 99.285553117000063, 19.881406340000012 ], [ 99.2869540330002, 19.880730351000125 ], [ 99.287844080000184, 19.880623645000185 ], [ 99.288890335000133, 19.880748276000134 ], [ 99.290516283000045, 19.881440424000175 ], [ 99.291651837000188, 19.881712272000129 ], [ 99.29269768100005, 19.881605289000049 ], [ 99.293743131000042, 19.881287752000162 ], [ 99.294321666000201, 19.881223633000104 ], [ 99.295034055000087, 19.881327724000073 ], [ 99.295524151000166, 19.881579565000038 ], [ 99.295980871000097, 19.881898136000018 ], [ 99.296234007000066, 19.881721880000043 ], [ 99.296360556000138, 19.881625757000165 ], [ 99.296436436000022, 19.881537713000171 ], [ 99.296452947000091, 19.881329882000102 ], [ 99.296469532000117, 19.881162011000129 ], [ 99.29646922000012, 19.880994167000097 ], [ 99.296460460000105, 19.880826339000066 ], [ 99.296451877000152, 19.880754416000116 ], [ 99.296426200999974, 19.880578626000101 ], [ 99.296468045000097, 19.880362756000181 ], [ 99.296535248000055, 19.880154841000149 ], [ 99.296661439000104, 19.879866898000046 ], [ 99.296736961000136, 19.879587030000152 ], [ 99.296871676000194, 19.879339037000136 ], [ 99.296938995000176, 19.879195060000029 ], [ 99.297073967000131, 19.879082938000181 ], [ 99.297251148000157, 19.878954765000117 ], [ 99.2975265070001, 19.878617284000029 ], [ 99.297593475000099, 19.878286813000102 ], [ 99.297762033000197, 19.878062741000065 ], [ 99.297919259000082, 19.877806717000169 ], [ 99.29815531800017, 19.877539901000148 ], [ 99.29858667200017, 19.877127294 ], [ 99.298658397000111, 19.876955164000151 ], [ 99.298704579000059, 19.876874163000139 ], [ 99.298786341000039, 19.876759382000103 ], [ 99.298853853000139, 19.876647999000056 ], [ 99.298942709000187, 19.876516347000177 ], [ 99.299019357000134, 19.876417362000041 ], [ 99.299031603000117, 19.876401555000086 ], [ 99.299113394000187, 19.876303631000155 ], [ 99.299205900000061, 19.876215806000062 ], [ 99.299245019000182, 19.876168537000183 ], [ 99.299348200999987, 19.87607395200007 ], [ 99.299430064000092, 19.876013119000106 ], [ 99.29955110200018, 19.875935363000053 ], [ 99.29962939700016, 19.875874540000098 ], [ 99.299707672000181, 19.875800225000091 ], [ 99.299839338000027, 19.875688732000185 ], [ 99.299931857000161, 19.875611022000157 ], [ 99.300024401000201, 19.87554343000005 ], [ 99.300113383000053, 19.875479214000052 ], [ 99.300220227000011, 19.875435202000176 ], [ 99.300448205000066, 19.87536738100016 ], [ 99.300558606000038, 19.87531999100014 ], [ 99.300661910000088, 19.875289467000073 ], [ 99.300722449000034, 19.875262390000046 ], [ 99.300832901000092, 19.875241975000051 ], [ 99.300914877000139, 19.875241837000033 ], [ 99.300979034000193, 19.875241728000162 ], [ 99.301082367000163, 19.875228066000091 ], [ 99.301160769000035, 19.875221188000012 ], [ 99.301217725000129, 19.875183999000058 ], [ 99.301263993000077, 19.875150205000125 ], [ 99.301320901000167, 19.875086043000124 ], [ 99.301384926000196, 19.875018496000166 ], [ 99.30145960599998, 19.874930704000178 ], [ 99.301559184000041, 19.874812520000148 ], [ 99.301648069000066, 19.874697725000146 ], [ 99.301712078000094, 19.874620063000123 ], [ 99.30174406499998, 19.87457280600006 ], [ 99.301765352000075, 19.87452219100004 ], [ 99.301786605000132, 19.874451343000032 ], [ 99.301821923000034, 19.874279320000085 ], [ 99.301864507000175, 19.874181466000152 ], [ 99.301892905000045, 19.8741207220001 ], [ 99.301949823000143, 19.874063306000153 ], [ 99.302060171000051, 19.873988936000046 ], [ 99.302152755000066, 19.873944947000041 ], [ 99.302231169000152, 19.873948184000028 ], [ 99.302306026000053, 19.873951428000112 ], [ 99.302398691000178, 19.87395127100001 ], [ 99.302469909000195, 19.873917434000191 ], [ 99.302598049000153, 19.87382617600008 ], [ 99.302711966000061, 19.873755175000156 ], [ 99.302790272000152, 19.873701087000143 ], [ 99.302897080000093, 19.87364021500008 ], [ 99.302986097000087, 19.873592858000109 ], [ 99.303092928000126, 19.873545468000145 ], [ 99.30323536200018, 19.873474419 ], [ 99.303356416999975, 19.87341014600014 ], [ 99.303488171000083, 19.873345856000128 ], [ 99.303566437000143, 19.873271544000033 ], [ 99.30364831900016, 19.873220826000079 ], [ 99.303701674000081, 19.87316678600007 ], [ 99.30378698700008, 19.87304862600007 ], [ 99.3038581200002, 19.872967580000079 ], [ 99.303968306000115, 19.872808912000096 ], [ 99.304028720000133, 19.87271776800003 ], [ 99.304103333000171, 19.87259625500019 ], [ 99.304131627000174, 19.872481562000189 ], [ 99.304166974000168, 19.872326400000134 ], [ 99.304266505000157, 19.872187983000174 ], [ 99.304341214000033, 19.872117048000064 ], [ 99.304423057000122, 19.872046095000144 ], [ 99.304465640000046, 19.871948241000041 ], [ 99.304501174000109, 19.871894231 ], [ 99.304515314000071, 19.871833511000148 ], [ 99.304515198000047, 19.871772817000078 ], [ 99.304522201000168, 19.871705373 ], [ 99.304529159000026, 19.87161769100004 ], [ 99.304571773000191, 19.87153669300011 ], [ 99.304617987000086, 19.871472549000089 ], [ 99.304674922000117, 19.871425245000125 ], [ 99.304703350000182, 19.871381364000115 ], [ 99.304731792000041, 19.87134422400004 ], [ 99.304810010000097, 19.87124293200003 ], [ 99.304870385000015, 19.871131560000038 ], [ 99.304920021000044, 19.870996602000105 ], [ 99.304948308000178, 19.870878533000166 ], [ 99.304990670000109, 19.870666036000102 ], [ 99.305036471000108, 19.870386094000025 ], [ 99.305085953000116, 19.870170212000119 ], [ 99.305153312000073, 19.869981271000029 ], [ 99.30518867800015, 19.869839591000186 ], [ 99.305277461000117, 19.869674220000093 ], [ 99.305312859000026, 19.869546028000116 ], [ 99.305348282000068, 19.869431322000082 ], [ 99.305390837000118, 19.869319980000114 ], [ 99.305401363999977, 19.869235665000133 ], [ 99.305408372000045, 19.86917158600005 ], [ 99.305472423000083, 19.869117527000128 ], [ 99.305646870000089, 19.869019446000095 ], [ 99.305739421000169, 19.868958592000013 ], [ 99.305821295000044, 19.868907873000182 ], [ 99.305917382000075, 19.868833530000188 ], [ 99.305981408000036, 19.868769354 ], [ 99.306038316000127, 19.86870856000013 ], [ 99.30612010800013, 19.868614011000034 ], [ 99.306152013000201, 19.868522915000142 ], [ 99.306169579000084, 19.86839138199997 ], [ 99.306165822000196, 19.86829023100006 ], [ 99.306126397000014, 19.868175658999974 ], [ 99.306101241000079, 19.868067798000027 ], [ 99.306051058000094, 19.867919524000058 ], [ 99.306029496000122, 19.867825152000023 ], [ 99.306022171000109, 19.867724007000106 ], [ 99.306004177000034, 19.867632997000044 ], [ 99.305986198000085, 19.867548732999978 ], [ 99.305961112000148, 19.867477964999978 ], [ 99.305921797000167, 19.867420712000126 ], [ 99.305896666000137, 19.867322973000171 ], [ 99.305875092000122, 19.867225223000048 ], [ 99.305871400000171, 19.867157794999969 ], [ 99.30591745900017, 19.867016096000043 ], [ 99.305995649000067, 19.866901317000099 ], [ 99.30607387900011, 19.866810142000077 ], [ 99.306109436000156, 19.866766249000079 ], [ 99.306144970000048, 19.866712238000162 ], [ 99.306205457000033, 19.866658185 ], [ 99.306280169000161, 19.866590619000135 ], [ 99.306351356999983, 19.866543289000106 ], [ 99.306426146000035, 19.866512815000078 ], [ 99.306497386000103, 19.866492461000178 ], [ 99.306586473000095, 19.866485565000119 ], [ 99.306668414000058, 19.866471937000085 ], [ 99.306753897000078, 19.866444817000115 ], [ 99.306796613000074, 19.866417768000133 ], [ 99.306842883000172, 19.86638396799998 ], [ 99.306889115000104, 19.86633330900014 ], [ 99.306942459000084, 19.866272522000031 ], [ 99.306963728000142, 19.866211795000027 ], [ 99.307002811000075, 19.866151032000062 ], [ 99.307027604000098, 19.866070066000134 ], [ 99.307059561000131, 19.866009320000103 ], [ 99.307098661, 19.865955304000067 ], [ 99.30715756799998, 19.865904434000129 ], [ 99.307309340000131, 19.865754312000092 ], [ 99.307410541000081, 19.865664222000134 ], [ 99.307480050000038, 19.865568189999976 ], [ 99.307479808000039, 19.865442309000173 ], [ 99.307466917000113, 19.86532843700013 ], [ 99.307479322000177, 19.865190543000097 ], [ 99.307529850000094, 19.865106535000052 ], [ 99.307593048000172, 19.865022503000034 ], [ 99.307605580000143, 19.864950548000024 ], [ 99.307579304000058, 19.864832371000148 ], [ 99.307567813000105, 19.86471516600011 ], [ 99.307556470000122, 19.864672561000077 ], [ 99.307680166000068, 19.864565780000191 ], [ 99.307961551000176, 19.864458724000031 ], [ 99.308040256000197, 19.864383990000078 ], [ 99.30810767700018, 19.864298621000046 ], [ 99.308107388000053, 19.864149429000122 ], [ 99.308084630000167, 19.864032241000189 ], [ 99.308005598000193, 19.863936470000169 ], [ 99.307960337000054, 19.863829978000069 ], [ 99.307926323000117, 19.863712813000063 ], [ 99.307993596000074, 19.863552846000061 ], [ 99.308083478000071, 19.86343546500018 ], [ 99.308195829, 19.863286081000069 ], [ 99.308319462000043, 19.863147324000067 ], [ 99.308443096000133, 19.863008573000059 ], [ 99.308544221000091, 19.862880518 ], [ 99.308645281000111, 19.862720492999983 ], [ 99.308690092000177, 19.862592533000054 ], [ 99.308734899000058, 19.86246457500016 ], [ 99.308756971000093, 19.862230089000093 ], [ 99.308756600000152, 19.862038267000059 ], [ 99.308756146000121, 19.861803824000106 ], [ 99.308755816000087, 19.861633314000017 ], [ 99.308755486000052, 19.861462807000066 ], [ 99.308755074000032, 19.861249670000063 ], [ 99.308743292000088, 19.860983274999967 ], [ 99.308731662000014, 19.860791472000187 ], [ 99.308686174000172, 19.860567761000084 ], [ 99.308686149000096, 19.860554604000129 ], [ 99.308685700000126, 19.860322654000129 ], [ 99.308685370000092, 19.860152150000033 ], [ 99.309060847000183, 19.859939659000133 ], [ 99.309383040000114, 19.859809920000146 ], [ 99.309652929000151, 19.859585662000086 ], [ 99.309787678000191, 19.859372293000092 ], [ 99.309967289000042, 19.859062937999965 ], [ 99.310034454000174, 19.858849685 ], [ 99.310099683000146, 19.85867900400018 ], [ 99.310168933000057, 19.858497779 ], [ 99.310247303000097, 19.85825253500019 ], [ 99.310381858000142, 19.857943258000091 ], [ 99.310617913000044, 19.857697739000116 ], [ 99.310775286000194, 19.857537612000101 ], [ 99.310943901000201, 19.857366811000077 ], [ 99.311303850000058, 19.857121077000158 ], [ 99.311416212000097, 19.856982343000027 ], [ 99.311506152999982, 19.856896931000108 ], [ 99.311641457000178, 19.856807952999986 ], [ 99.311652387000038, 19.856800768000028 ], [ 99.31174236600009, 19.856736671000135 ], [ 99.311967544000083, 19.856693646000053 ], [ 99.312305298000126, 19.856618458000071 ], [ 99.312631907000082, 19.856607230000179 ], [ 99.312890921000189, 19.856585463999977 ], [ 99.313149722, 19.856457129000091 ], [ 99.313318380000112, 19.856307638000089 ], [ 99.313464424000131, 19.856115558 ], [ 99.313486466000143, 19.855870412000172 ], [ 99.313474870000107, 19.85569992700016 ], [ 99.313474179000139, 19.855348253000045 ], [ 99.313473802000033, 19.855156437000119 ], [ 99.313462080000079, 19.854922008000187 ], [ 99.313461578000044, 19.854666247000068 ], [ 99.313474982000116, 19.854582777000132 ], [ 99.313506086000189, 19.854389089000051 ], [ 99.313798234000046, 19.854036906000147 ], [ 99.314034231000107, 19.853770069000177 ], [ 99.314247869000042, 19.853588529000092 ], [ 99.314386265999985, 19.853476803000092 ], [ 99.31447277400008, 19.853406968000058 ], [ 99.3147425800002, 19.853150731000085 ], [ 99.315237585000034, 19.85286212200009 ], [ 99.315631386000177, 19.852658948000169 ], [ 99.316013923000128, 19.852455794000093 ], [ 99.316407617000038, 19.852199333999977 ], [ 99.316812552000044, 19.851932195000188 ], [ 99.317127534000178, 19.851739812000176 ], [ 99.317431309000142, 19.851579419000132 ], [ 99.317622507000181, 19.851440540999988 ], [ 99.317881125000099, 19.851226950000182 ], [ 99.318387399000017, 19.85094897099998 ], [ 99.318646104000038, 19.850778000000162 ], [ 99.318735993000132, 19.850671269000145 ], [ 99.318803354000067, 19.850564583000164 ], [ 99.318938149000132, 19.850383179000062 ], [ 99.31907289500009, 19.850180454999986 ], [ 99.319162531000075, 19.84994585000004 ], [ 99.31918463, 19.849732675000098 ], [ 99.319251907000137, 19.849583356999972 ], [ 99.31929655100015, 19.849380801000109 ], [ 99.319408858000088, 19.849220750000086 ], [ 99.319611118000125, 19.848985938000055 ], [ 99.319644458000027, 19.848762088000171 ], [ 99.319643903000099, 19.848485014000175 ], [ 99.319575920000034, 19.848282653000183 ], [ 99.319496700000059, 19.84809097700014 ], [ 99.319451332000028, 19.847931208000148 ], [ 99.319428376000133, 19.847718109000027 ], [ 99.319360663999987, 19.847439329000053 ], [ 99.319205991000103, 19.847272701000122 ], [ 99.31912567500018, 19.847159173000136 ], [ 99.319005462000121, 19.847121496000113 ], [ 99.318785335000086, 19.847178726999971 ], [ 99.318505097000184, 19.847217119000163 ], [ 99.318384889000185, 19.84717944200014 ], [ 99.318244279999988, 19.846952351000084 ], [ 99.318103783000197, 19.846782094000105 ], [ 99.317923317000179, 19.846649797000111 ], [ 99.317742969, 19.846574340000132 ], [ 99.317542482000192, 19.846442078000052 ], [ 99.317422274000194, 19.846404401000029 ], [ 99.317261794000103, 19.846253122000064 ], [ 99.317161272000135, 19.846044901000141 ], [ 99.317100830000072, 19.845855557000107 ], [ 99.317060408000089, 19.845666173000041 ], [ 99.317059882000081, 19.845400942000083 ], [ 99.317199586000072, 19.845173347000127 ], [ 99.317579627000157, 19.844983221000064 ], [ 99.31797968800015, 19.844793052000057 ], [ 99.31823989999998, 19.844754698000031 ], [ 99.318520134000096, 19.844716306000066 ], [ 99.318740298000193, 19.844678022000096 ], [ 99.319060458000024, 19.844582722000041 ], [ 99.319360487000097, 19.844430625000143 ], [ 99.319520508000096, 19.844354557000088 ], [ 99.319840102000057, 19.843975078000028 ], [ 99.320239550000053, 19.843481782000083 ], [ 99.320759356999986, 19.843101938000075 ], [ 99.321058805000121, 19.842665657000111 ], [ 99.32133850200006, 19.842362029000071 ], [ 99.321818258000121, 19.841982257999973 ], [ 99.322178225000187, 19.84177320800012 ], [ 99.322638147000191, 19.84148819800015 ], [ 99.32297824900013, 19.841354964000118 ], [ 99.323278647000109, 19.84139231 ], [ 99.323559027000044, 19.841429694000112 ], [ 99.323879562000172, 19.841523840999969 ], [ 99.324100032000104, 19.841637108000043 ], [ 99.324130818000185, 19.841649184000119 ], [ 99.324340480000103, 19.841731399000082 ], [ 99.324560874000042, 19.841806781000116 ], [ 99.324781031000043, 19.841768488000071 ], [ 99.325081049000175, 19.841616378000083 ], [ 99.32540096800011, 19.841407397000125 ], [ 99.32558066200005, 19.84116077900012 ], [ 99.325740328000109, 19.840914200999975 ], [ 99.3259197120002, 19.840516020000166 ], [ 99.326118960000201, 19.840042024000013 ], [ 99.326158114000066, 19.839606205000109 ], [ 99.326210510000124, 19.839124626000171 ], [ 99.32642450600008, 19.838926647000051 ], [ 99.326660270000048, 19.838563888000124 ], [ 99.326761213000111, 19.838361226000075 ], [ 99.326974729000199, 19.838137040000163 ], [ 99.327165745000173, 19.837923554000099 ], [ 99.327289233000101, 19.837731503999976 ], [ 99.327389847000063, 19.837368992000052 ], [ 99.3274568490001, 19.83709179300007 ], [ 99.327523961000168, 19.836867880000113 ], [ 99.327703756, 19.836675727000113 ], [ 99.327804786000058, 19.836515690000112 ], [ 99.327804086000185, 19.836174677000088 ], [ 99.327809752000121, 19.836083300000041 ], [ 99.327825888000177, 19.835822963000112 ], [ 99.327791225000055, 19.835396753000168 ], [ 99.327802075000079, 19.835194258000058 ], [ 99.327880601000174, 19.835044916000129 ], [ 99.328026718000103, 19.83490611000019 ], [ 99.328341868000052, 19.834820278000166 ], [ 99.328497622000157, 19.834775106000166 ], [ 99.328600732000154, 19.834745203000068 ], [ 99.328791849000083, 19.834585001000164 ], [ 99.328881441000021, 19.834339731000114 ], [ 99.328926068999976, 19.834137167000051 ], [ 99.328925706000064, 19.833960970000135 ], [ 99.328925498000046, 19.833860093000055 ], [ 99.32892464300005, 19.833444481000129 ], [ 99.328912793000143, 19.833156773000098 ], [ 99.328911806000178, 19.832677219000061 ], [ 99.328956324000103, 19.832421373000045 ], [ 99.328944491000129, 19.832144319000179 ], [ 99.32892157200007, 19.831952539000156 ], [ 99.328988811000045, 19.831792565000057 ], [ 99.329067422000037, 19.831685852000192 ], [ 99.329258537000158, 19.83152565000006 ], [ 99.329528592000202, 19.83141858099998 ], [ 99.329787360000125, 19.83130088300004 ], [ 99.33001224100019, 19.831129956000041 ], [ 99.330315636000137, 19.830809689999967 ], [ 99.330596554000124, 19.830510781000044 ], [ 99.330966755000077, 19.830079127000033 ], [ 99.331095565000112, 19.829623334000075 ], [ 99.331116110000096, 19.829374143000109 ], [ 99.331115635000174, 19.829144921000022 ], [ 99.331220537000149, 19.828945404000081 ], [ 99.331399160000103, 19.828745749000177 ], [ 99.331619845000148, 19.82851612200011 ], [ 99.331840588000034, 19.828316388000076 ], [ 99.331987615000173, 19.828116791000184 ], [ 99.332029183000088, 19.82784762600005 ], [ 99.331954737000103, 19.827498952000155 ], [ 99.33191217600006, 19.827289740000083 ], [ 99.331901314000049, 19.827130302 ], [ 99.331900817000133, 19.826891119000038 ], [ 99.33186895800003, 19.826761618000091 ], [ 99.331752638000182, 19.826532611000061 ], [ 99.331636564000178, 19.826423199000033 ], [ 99.331488795000098, 19.826264016000096 ], [ 99.331341050000049, 19.826114799000095 ], [ 99.331235304000188, 19.825905703000046 ], [ 99.331192559000101, 19.825606802999971 ], [ 99.331276212000034, 19.825317626000128 ], [ 99.331380941000077, 19.825038380000137 ], [ 99.331559393000077, 19.824758994000092 ], [ 99.331811604999984, 19.824499406000143 ], [ 99.332232272000113, 19.82421957400004 ], [ 99.332716247000064, 19.823999417000039 ], [ 99.33308444000005, 19.82380937500011 ], [ 99.333357811000042, 19.82359957400007 ], [ 99.333841405000101, 19.823200028000088 ], [ 99.33411477500016, 19.822990225000012 ], [ 99.334388207000018, 19.822810325000091 ], [ 99.334682660000169, 19.822610449000081 ], [ 99.334935070000085, 19.822450518000039 ], [ 99.335461181000198, 19.822240239000166 ], [ 99.335861064000142, 19.82209996500012 ], [ 99.335955674000161, 19.822020055000053 ], [ 99.336124006000034, 19.821940007000023 ], [ 99.336397602000091, 19.821839830000158 ], [ 99.336618581000039, 19.821759687 ], [ 99.336786803000052, 19.82162981 ], [ 99.336923327000193, 19.821450164000055 ], [ 99.337007240000105, 19.821290543000089 ], [ 99.337049089000118, 19.821160903000191 ], [ 99.337069776000135, 19.820981477000089 ], [ 99.337069272000065, 19.820742288000133 ], [ 99.337068998000063, 19.82061273000005 ], [ 99.337047556000073, 19.820433380000111 ], [ 99.336983933000056, 19.820224210000049 ], [ 99.336909776000198, 19.820015063000085 ], [ 99.336825659000112, 19.819817191000027 ], [ 99.336803943000064, 19.81976611000016 ], [ 99.336645390000172, 19.819487355000092 ], [ 99.336581829000181, 19.819308086000092 ], [ 99.336570604000201, 19.818979223000156 ], [ 99.336524066000095, 19.818549103000123 ], [ 99.336523618000058, 19.818336497000075 ], [ 99.33646709400017, 19.818163853000044 ], [ 99.336326379000184, 19.818017951000058 ], [ 99.336227754000106, 19.817858680000086 ], [ 99.336157324000112, 19.817752504 ], [ 99.336044831000152, 19.817672984000183 ], [ 99.335848036000129, 19.817567051000026 ], [ 99.335553065000113, 19.817514451000136 ], [ 99.33545472100019, 19.817488059000084 ], [ 99.335300021000137, 19.817368757000168 ], [ 99.335285701000032, 19.817235903000153 ], [ 99.335355768000056, 19.817169328999967 ], [ 99.335425863000069, 19.817116048000116 ], [ 99.335678318000134, 19.81698268800011 ], [ 99.335930882000071, 19.816902487000107 ], [ 99.336071294000135, 19.816902222000181 ], [ 99.336366150000174, 19.816901667000025 ], [ 99.336590805000185, 19.816901244000121 ], [ 99.336857610000152, 19.816914030000078 ], [ 99.337180550000085, 19.816913420000049 ], [ 99.337404891000062, 19.816766825000059 ], [ 99.337545078, 19.816660252000077 ], [ 99.337741369000184, 19.816527 ], [ 99.337937688000181, 19.816407037000147 ], [ 99.338274272000149, 19.81622036400006 ], [ 99.338526780000052, 19.816113578000113 ], [ 99.338953630000049, 19.816089644000101 ], [ 99.33897603000014, 19.816086153000072 ], [ 99.339495368000087, 19.816005435000136 ], [ 99.339817998000171, 19.815858651999974 ], [ 99.340266819000078, 19.815631898000049 ], [ 99.34068739200012, 19.815325466000104 ], [ 99.341009732000146, 19.815045802000043 ], [ 99.341304015999981, 19.814779473000158 ], [ 99.341528073000177, 19.814499995000119 ], [ 99.341780266000171, 19.814247035000108 ], [ 99.341919989000075, 19.813927850000084 ], [ 99.341947418000132, 19.813622171000134 ], [ 99.342002895000178, 19.813303149000035 ], [ 99.342002213000114, 19.812984229000108 ], [ 99.342001617000051, 19.812705181000126 ], [ 99.342029158000116, 19.812452654000083 ], [ 99.342112693000047, 19.812120289 ], [ 99.342224503000068, 19.81188088600004 ], [ 99.342308236000122, 19.811641536000138 ], [ 99.342363797000189, 19.811362380000105 ], [ 99.342335203000118, 19.811123244000044 ], [ 99.342278548000138, 19.81089081000016 ], [ 99.342165957000191, 19.810767001000158 ], [ 99.342055025000036, 19.810656627000071 ], [ 99.341828272000043, 19.810431015000063 ], [ 99.341659334999974, 19.810218726000187 ], [ 99.34137773700013, 19.809847197000067 ], [ 99.341358712999977, 19.809705493000081 ], [ 99.341282701000125, 19.809174110000072 ], [ 99.341319231999989, 19.808748816000048 ], [ 99.34150518600012, 19.808163782000122 ], [ 99.341728768000166, 19.80766725899997 ], [ 99.341934085000162, 19.807383384000047 ], [ 99.342270248000034, 19.807010672000104 ], [ 99.342513189000101, 19.80681531200014 ], [ 99.342737374000137, 19.806602269000166 ], [ 99.343017641000131, 19.806353686000136 ], [ 99.343522201000098, 19.805945214000076 ], [ 99.34370875500008, 19.805643653000061 ], [ 99.343782907000048, 19.805306874 ], [ 99.343931865000116, 19.80493452200011 ], [ 99.343930799000191, 19.80443842699998 ], [ 99.344079872000179, 19.804119225000079 ], [ 99.344116209000049, 19.803605343000186 ], [ 99.344563455000127, 19.802665448000141 ], [ 99.344879663000199, 19.801725805000103 ], [ 99.345065785000145, 19.801229355000032 ], [ 99.345364682000081, 19.80094529500019 ], [ 99.34570120900014, 19.800749748000044 ], [ 99.346075173000145, 19.800554134000038 ], [ 99.34644909300016, 19.800340795000068 ], [ 99.3468606510001, 19.80021597200016 ], [ 99.347029045, 19.800180211000111 ], [ 99.347216083000035, 19.800108977999969 ], [ 99.347477957000024, 19.800019882000072 ], [ 99.347926910000126, 19.799877267000113 ], [ 99.348188629000049, 19.799717299000179 ], [ 99.348412603000099, 19.799415662000172 ], [ 99.34904155300012, 19.798416082000074 ], [ 99.349631622000175, 19.796728076000022 ], [ 99.349975652000182, 19.795801233000191 ], [ 99.350224887000138, 19.795179534000169 ], [ 99.350592255000151, 19.794015458000104 ], [ 99.350733741000113, 19.793235841000183 ], [ 99.350935061000087, 19.792535174000022 ], [ 99.351006017000088, 19.792241369000124 ], [ 99.351208273000111, 19.791969897000058 ], [ 99.35137491100005, 19.791777560000071 ], [ 99.351672654000083, 19.791517195000097 ], [ 99.351803639000195, 19.791392696000173 ], [ 99.352041845000201, 19.791188922 ], [ 99.352196419000165, 19.790940134000039 ], [ 99.352422168000146, 19.790499191000038 ], [ 99.352647940000168, 19.790069545000051 ], [ 99.352885645000185, 19.789639875000034 ], [ 99.35314738500017, 19.789289224000015 ], [ 99.353409199000168, 19.788972451 ], [ 99.353718819000051, 19.788689470000179 ], [ 99.354052271000057, 19.78839514800012 ], [ 99.354326217, 19.788168709000161 ], [ 99.354790990000197, 19.787902363000114 ], [ 99.355155978000198, 19.787479966000092 ], [ 99.355448105000107, 19.787243407000119 ], [ 99.355584767000039, 19.787132743000029 ], [ 99.356410293000124, 19.786332936000065 ], [ 99.357029255000043, 19.785654015000091 ], [ 99.357441829000038, 19.785171282000192 ], [ 99.357885980000106, 19.784583067000142 ], [ 99.358346104000191, 19.784024938000016 ], [ 99.358822201000066, 19.783496897000134 ], [ 99.358996360000162, 19.783120052000129 ], [ 99.359360722000076, 19.782426575000045 ], [ 99.359629823000091, 19.78182364800017 ], [ 99.359994619000076, 19.781325945000106 ], [ 99.360121080000113, 19.780964261000179 ], [ 99.360263309000061, 19.780542305000097 ], [ 99.360262293000176, 19.780090514000108 ], [ 99.360261481000123, 19.779729084000053 ], [ 99.360260635000031, 19.77935259200018 ], [ 99.360291640000014, 19.778991099000166 ], [ 99.360453783000196, 19.778512546000115 ], [ 99.361525245000053, 19.777326187000085 ], [ 99.362300446000177, 19.775422677000165 ], [ 99.36232190700008, 19.775369979000061 ], [ 99.365363360000117, 19.770610201000068 ], [ 99.366196955000078, 19.769163773000116 ], [ 99.366195297000104, 19.768437382000116 ], [ 99.366195091000066, 19.768347367000047 ], [ 99.366194721000056, 19.768185095000149 ], [ 99.365402504000144, 19.766182749 ], [ 99.364708548000067, 19.764086989000134 ], [ 99.364403233000132, 19.759706838 ], [ 99.364932527000065, 19.754346305000126 ], [ 99.364830586000039, 19.752808581000068 ], [ 99.364531857000145, 19.751317860000142 ], [ 99.364284031000068, 19.75098696800012 ], [ 99.363939385000151, 19.750526800000046 ], [ 99.362855006000188, 19.749876544000074 ], [ 99.360786395000048, 19.749321476000148 ], [ 99.360440899000196, 19.748902734000126 ], [ 99.360478840000042, 19.748269045000029 ], [ 99.360488342000167, 19.748110372000099 ], [ 99.360288629000024, 19.746852462000106 ], [ 99.359792756000161, 19.745222319000163 ], [ 99.359741552000173, 19.744336946000033 ], [ 99.359762286000091, 19.744277632000092 ], [ 99.360083905000181, 19.74335757200015 ], [ 99.361850705000165, 19.741070414000092 ], [ 99.362341535000098, 19.740463567000063 ], [ 99.362340379000159, 19.739950929000088 ], [ 99.362091760000112, 19.738832932000037 ], [ 99.361818922999987, 19.738191056000062 ], [ 99.361695908000058, 19.737901652000119 ], [ 99.361497354000164, 19.737156385000162 ], [ 99.3616925500001, 19.736410327000101 ], [ 99.361690767000084, 19.735618060000149 ], [ 99.361545553000155, 19.734803774000113 ], [ 99.361441527000068, 19.734220440000172 ], [ 99.361587398000154, 19.733427879000033 ], [ 99.362077476000195, 19.732494805000101 ], [ 99.362075900000036, 19.731795748000081 ], [ 99.36173012200004, 19.731237198000088 ], [ 99.361629693000168, 19.730351923000114 ], [ 99.36128224700019, 19.729047706000074 ], [ 99.360986826000158, 19.728411990999973 ], [ 99.360589872, 19.727557771000022 ], [ 99.359799603000113, 19.726301044000024 ], [ 99.359109753000041, 19.725929596000014 ], [ 99.357682093000051, 19.725746033 ], [ 99.356696544000101, 19.725188748 ], [ 99.355760425000199, 19.724724566000134 ], [ 99.35482523800016, 19.724679816 ], [ 99.352953378, 19.724949478000099 ], [ 99.35285725100016, 19.724963327000125 ], [ 99.352486602000113, 19.725010249000093 ], [ 99.350987588000066, 19.725200016000031 ], [ 99.349953763000087, 19.725062225000102 ], [ 99.348919339000133, 19.72464480400015 ], [ 99.348376559000144, 19.72399340000004 ], [ 99.347634609000011, 19.722270485000024 ], [ 99.346547676000057, 19.720315210000024 ], [ 99.346397825, 19.719290206000096 ], [ 99.346456562000185, 19.718683575000114 ], [ 99.346542252000177, 19.717798594000158 ], [ 99.347323618000132, 19.715000825 ], [ 99.347763704000158, 19.713695055000187 ], [ 99.347515835000138, 19.712856659000067 ], [ 99.346825568000156, 19.712252142000068 ], [ 99.346731753000142, 19.71242785000004 ], [ 99.345902631000058, 19.713980709000168 ], [ 99.345399537000048, 19.716997743000036 ], [ 99.345276157000114, 19.718867941000099 ], [ 99.344514880000077, 19.720317115000057 ], [ 99.34292742700012, 19.722672689000092 ], [ 99.33994310300011, 19.727202465000119 ], [ 99.338673650000146, 19.72937643400013 ], [ 99.337468373000149, 19.731791557000179 ], [ 99.337406945000055, 19.732877453000128 ], [ 99.33689795000015, 19.733180020000077 ], [ 99.335879066000189, 19.733362894000095 ], [ 99.33543389200014, 19.733725658000083 ], [ 99.335180712000124, 19.734510309000086 ], [ 99.334229286000095, 19.736502685000062 ], [ 99.333025386000145, 19.739641629000118 ], [ 99.332468487000199, 19.740845416000127 ], [ 99.331928277000088, 19.741551624000124 ], [ 99.331454579000138, 19.741680722000126 ], [ 99.330642206000164, 19.741746334000084 ], [ 99.330303925000123, 19.741875177000168 ], [ 99.330304716000114, 19.742259838000109 ], [ 99.33044132200007, 19.742836574000023 ], [ 99.330240570000115, 19.743990921000091 ], [ 99.330290199000046, 19.745106241000144 ], [ 99.330382829000087, 19.747187804000191 ], [ 99.330221263000055, 19.747882567000033 ], [ 99.329655510000066, 19.748539869000012 ], [ 99.329243072000054, 19.749594891000129 ], [ 99.328809132000174, 19.750704904000031 ], [ 99.328453146000015, 19.751615498000035 ], [ 99.327782738000167, 19.755546307000145 ], [ 99.327546365000046, 19.757058117000156 ], [ 99.327668256000095, 19.758115857000121 ], [ 99.327669876000073, 19.758909326000094 ], [ 99.327352140000073, 19.759665594000182 ], [ 99.32679463300002, 19.760271161999981 ], [ 99.326477040000157, 19.761103002000084 ], [ 99.326040866000085, 19.762501816000167 ], [ 99.325643831000036, 19.763522717000171 ], [ 99.325127439000141, 19.764732760000015 ], [ 99.324611085000186, 19.765192807000176 ], [ 99.324490144000038, 19.765368297000123 ], [ 99.324491231000081, 19.765905230000044 ], [ 99.324851431000184, 19.766395773000056 ], [ 99.325291144000062, 19.766735033000032 ], [ 99.325690497000153, 19.766847660000053 ], [ 99.3261296780002, 19.766922426000178 ], [ 99.326250029000107, 19.76722448400011 ], [ 99.326210656000114, 19.767489045000104 ], [ 99.325572751000038, 19.767830268000182 ], [ 99.324617007000143, 19.768889966000074 ], [ 99.324219413000151, 19.769646371000078 ], [ 99.324299999000061, 19.770024073000059 ], [ 99.324620067000069, 19.770401334000098 ], [ 99.325219369000081, 19.770702518000121 ], [ 99.325419927000155, 19.77119335500015 ], [ 99.325313377000043, 19.772048276000135 ], [ 99.325103152000167, 19.772440810999967 ], [ 99.321151599000132, 19.772372382000128 ], [ 99.317095927000139, 19.77223119100006 ], [ 99.311771981000163, 19.772891021000135 ], [ 99.306620549000058, 19.773956951 ], [ 99.304218521000109, 19.775505932000044 ], [ 99.298384044000102, 19.778849446000095 ], [ 99.297926672000074, 19.779107044000114 ], [ 99.297600126000077, 19.779586620000146 ], [ 99.296593388000076, 19.78028805800011 ], [ 99.293837843000063, 19.780165372000056 ], [ 99.292898056000183, 19.780739451000045 ], [ 99.291623288000039, 19.781886608000036 ], [ 99.289609259000144, 19.78303495 ], [ 99.286854356, 19.783293848000142 ], [ 99.284502106000048, 19.783233992000135 ], [ 99.281074264000154, 19.782984954000142 ], [ 99.278520296000011, 19.782861719000152 ], [ 99.275563218000116, 19.782802685999968 ], [ 99.274312188000181, 19.782804609000038 ], [ 99.273172253000098, 19.782697252000162 ], [ 99.271211703000063, 19.782512596000117 ], [ 99.270257012000059, 19.78242267000013 ], [ 99.267598000000135, 19.78224472900007 ], [ 99.266367811, 19.782013741000185 ], [ 99.265383139999983, 19.781510747000084 ], [ 99.264438378000193, 19.780348016000119 ], [ 99.264109670000153, 19.779882847000067 ], [ 99.263330809000081, 19.779883995000148 ], [ 99.261036291000153, 19.780547034000051 ], [ 99.260093770000083, 19.780742428000053 ], [ 99.25915086700013, 19.780704993000029 ], [ 99.258289144000116, 19.780162976000042 ], [ 99.257551149000108, 19.780086433 ], [ 99.256690922000075, 19.780475716000183 ], [ 99.255707833000145, 19.780942774000096 ], [ 99.254765797, 19.781448577000106 ], [ 99.254315428000154, 19.781798455000114 ], [ 99.25410488700004, 19.781948402000182 ], [ 99.25366027400014, 19.782265041000187 ], [ 99.252922761000093, 19.782498910000072 ], [ 99.251939591000109, 19.782927151000081 ], [ 99.250833795000119, 19.783588381000072 ], [ 99.248376645, 19.785182791000182 ], [ 99.24764909400011, 19.785476606000088 ], [ 99.247284671999978, 19.785494801000084 ], [ 99.24659314600018, 19.785486909000099 ], [ 99.246041862000197, 19.785523051000098 ], [ 99.245612330000199, 19.785735940000052 ], [ 99.245024106000187, 19.786064029000102 ], [ 99.244678565000129, 19.786206034000031 ], [ 99.24423004300013, 19.786224337000192 ], [ 99.244165998000085, 19.786224424000125 ], [ 99.243660010000099, 19.786225114 ], [ 99.242211497000085, 19.786182857000142 ], [ 99.241678846000184, 19.786183578000134 ], [ 99.241491961000065, 19.786192676000155 ], [ 99.241398661000176, 19.786290103000113 ], [ 99.24139894100017, 19.786475863000078 ], [ 99.241399407000017, 19.786785455000086 ], [ 99.241325046000043, 19.787050923000038 ], [ 99.241119858000104, 19.787316566000072 ], [ 99.240943070000014, 19.787555910000151 ], [ 99.240616260000195, 19.78799835500007 ], [ 99.240317526000126, 19.788202209000076 ], [ 99.239579940000056, 19.788645480000071 ], [ 99.239318399000183, 19.788725440000121 ], [ 99.238879225000062, 19.788752564000049 ], [ 99.238421283000037, 19.788726639000117 ], [ 99.238019398000063, 19.788691789999973 ], [ 99.237720305000096, 19.788656805000016 ], [ 99.237364910999986, 19.788462674000016 ], [ 99.23698143900009, 19.788242045000175 ], [ 99.236822564000136, 19.788233409000156 ], [ 99.236618639000085, 19.7882414 ], [ 99.236588954000183, 19.788242564000143 ], [ 99.236411346000068, 19.788207416000034 ], [ 99.23619613, 19.788013097000032 ], [ 99.235859422000033, 19.787818938000044 ], [ 99.235625687000152, 19.787739636000083 ], [ 99.235457488000179, 19.787748705000013 ], [ 99.235280116000069, 19.787872773000174 ], [ 99.234841297000116, 19.788138719000131 ], [ 99.234589175, 19.788271738000049 ], [ 99.23454260800014, 19.788377946000139 ], [ 99.234542931000078, 19.788599086000147 ], [ 99.234487017000106, 19.788705306000054 ], [ 99.234365571000183, 19.788732001000028 ], [ 99.234225384000013, 19.788723337000022 ], [ 99.233898258000124, 19.788688382000089 ], [ 99.233561982000197, 19.788786125000058 ], [ 99.233225951, 19.789051933000053 ], [ 99.232862462000071, 19.789715827000066 ], [ 99.232648038000093, 19.790069927000047 ], [ 99.232489316000112, 19.79016743700015 ], [ 99.23228384000015, 19.790247314000112 ], [ 99.232050265000112, 19.790283 ], [ 99.231779256000152, 19.790283352000074 ], [ 99.231667180000102, 19.790327723000075 ], [ 99.23159269100006, 19.790513577000183 ], [ 99.231527554000081, 19.790708266000024 ], [ 99.231247523000093, 19.790929769000172 ], [ 99.230958220000048, 19.79120435700014 ], [ 99.230752996000149, 19.791461147000064 ], [ 99.230351511000038, 19.791709341000171 ], [ 99.230136640000126, 19.791753844000027 ], [ 99.229912523000166, 19.791869125000062 ], [ 99.22974453400019, 19.792028562000041 ], [ 99.229427002000193, 19.792170500000054 ], [ 99.228987897000195, 19.792250674000115 ], [ 99.228773131000196, 19.792374785000163 ], [ 99.228586559, 19.792605011000035 ], [ 99.228446785000187, 19.792888246000132 ], [ 99.228409781000153, 19.793153661000133 ], [ 99.228354543000194, 19.79373754400001 ], [ 99.228345853000178, 19.794197525000186 ], [ 99.2282340000001, 19.794401119000156 ], [ 99.227898275000086, 19.794896902000062 ], [ 99.227609047000158, 19.795233401000075 ], [ 99.227217147000033, 19.795658490000164 ], [ 99.226987501000053, 19.795862956 ], [ 99.226786074000188, 19.795967279000024 ], [ 99.226647491000165, 19.796050644000104 ], [ 99.226262116000157, 19.796435641000073 ], [ 99.226133418000188, 19.79647329800008 ], [ 99.226130144000081, 19.796474255000078 ], [ 99.225825493, 19.796493871000109 ], [ 99.224312491000092, 19.796649577000039 ], [ 99.223266878000175, 19.796968103000097 ], [ 99.223084207000056, 19.797064461000048 ], [ 99.223033616, 19.797199101 ], [ 99.223023793000038, 19.797439430000111 ], [ 99.222800754000104, 19.797718476000057 ], [ 99.222445561000143, 19.797911168000041 ], [ 99.222283307000055, 19.798084399000061 ], [ 99.222060913000121, 19.79883446700012 ], [ 99.221666335000123, 19.799921190000077 ], [ 99.221463558000153, 19.800171367000075 ], [ 99.221182361000047, 19.800420025000051 ], [ 99.221017237000069, 19.800566044000163 ], [ 99.22086510600019, 19.800720033000175 ], [ 99.220753628000011, 19.800893196000061 ], [ 99.220612145000132, 19.801402845000041 ], [ 99.220531000000108, 19.801479848000099 ], [ 99.220094369000094, 19.801538061000031 ], [ 99.219322734000116, 19.801712036000083 ], [ 99.218957126000078, 19.801722097000152 ], [ 99.218662464000033, 19.801626333000058 ], [ 99.218428703000143, 19.801501652000127 ], [ 99.218174785000087, 19.801492352000025 ], [ 99.217788942000027, 19.801560110000139 ], [ 99.217504532000135, 19.801531619 ], [ 99.217159001000084, 19.80136862300003 ], [ 99.216742221000061, 19.801090359999989 ], [ 99.216713737000191, 19.801044568000123 ], [ 99.216467406000106, 19.800648512000066 ], [ 99.216202982000084, 19.800379679000116 ], [ 99.215969185, 19.800226154000086 ], [ 99.215776130000108, 19.800159103000112 ], [ 99.215339497000173, 19.80021730500016 ], [ 99.214841770000078, 19.800160229000028 ], [ 99.214506617000154, 19.800160631000097 ], [ 99.214313769, 19.800247378000051 ], [ 99.214202168000099, 19.800334021000026 ], [ 99.2141517230001, 19.800584013000105 ], [ 99.213969258000191, 19.800843775000146 ], [ 99.213644469000087, 19.800997966000182 ], [ 99.213502451000011, 19.801123103000123 ], [ 99.213441717000137, 19.8012769770001 ], [ 99.213392591000172, 19.802517071000182 ], [ 99.213331883000137, 19.802690172000041 ], [ 99.213098661, 19.802969214000029 ], [ 99.21289599500011, 19.803315512000097 ], [ 99.212794805000101, 19.803594401000169 ], [ 99.212764549999974, 19.803757854000082 ], [ 99.212683507000122, 19.803911755000115 ], [ 99.212419643000146, 19.804065869999988 ], [ 99.212247243000093, 19.804258329000049 ], [ 99.21207479900005, 19.804421946000161 ], [ 99.211922724000146, 19.804623998000181 ], [ 99.211861925, 19.804729805000136 ], [ 99.211821552000117, 19.804922107000039 ], [ 99.211811818000058, 19.805239339000025 ], [ 99.211751107000055, 19.805412438000019 ], [ 99.211741208000035, 19.805604704000132 ], [ 99.211700808999979, 19.805777781000131 ], [ 99.211568965000083, 19.805922124000119 ], [ 99.211224, 19.806191690000048 ], [ 99.21102113600017, 19.806393795000133 ], [ 99.21085905100017, 19.806711202000031 ], [ 99.210666586000116, 19.807095937000156 ], [ 99.210534690000088, 19.807201833000022 ], [ 99.210422978000054, 19.807211580000057 ], [ 99.210189343000195, 19.807183013000099 ], [ 99.209630645000118, 19.807116381000071 ], [ 99.20942751400014, 19.807116619000112 ], [ 99.209285411000167, 19.80718407500018 ], [ 99.20919429300011, 19.807405271000164 ], [ 99.209164096000166, 19.807616788000189 ], [ 99.209184602000107, 19.807760955000106 ], [ 99.209235560000025, 19.807895472000155 ], [ 99.209276308000199, 19.807991549000178 ], [ 99.209286593000115, 19.808087667000166 ], [ 99.209205452000049, 19.808174277000035 ], [ 99.209043036000082, 19.808241754 ], [ 99.208870576000038, 19.808395757000028 ], [ 99.208789748000129, 19.808722684000031 ], [ 99.208495656000082, 19.809069084999976 ], [ 99.208196093000083, 19.809227198000031 ], [ 99.207576697000036, 19.809712682000054 ], [ 99.207307536000201, 19.810031913000046 ], [ 99.207051633999981, 19.810185293000131 ], [ 99.20666096399998, 19.810351583000056 ], [ 99.205933480000056, 19.810645831000045 ], [ 99.205489041000135, 19.810926995000045 ], [ 99.204690987000163, 19.81148835100015 ], [ 99.204308891000153, 19.811684799000034 ], [ 99.204229466000072, 19.811865820000037 ], [ 99.204118545000028, 19.812333356000181 ], [ 99.203864144000079, 19.812725664000084 ], [ 99.203577612000174, 19.812906921000092 ], [ 99.203548873000159, 19.812915909000139 ], [ 99.20335161700018, 19.812939472000039 ], [ 99.203096306000134, 19.813049654999986 ], [ 99.2028757490001, 19.813093861000084 ], [ 99.202480949000119, 19.813083321000136 ], [ 99.20213247200013, 19.81297382200006 ], [ 99.201865300000065, 19.812886213000183 ], [ 99.201632855000071, 19.812710650000099 ], [ 99.20137707300006, 19.812447200000179 ], [ 99.201075057000139, 19.812348636000024 ], [ 99.2007573570001, 19.81238010300001 ], [ 99.200738372000046, 19.812381985000172 ], [ 99.20037865900008, 19.812569204000113 ], [ 99.200065390000134, 19.812756370000159 ], [ 99.199833179000052, 19.812767618 ], [ 99.19957763400015, 19.812690982000106 ], [ 99.199403439000037, 19.81266919900014 ], [ 99.199194545000125, 19.812757343000158 ], [ 99.199008843000058, 19.812823482000056 ], [ 99.198834771, 19.812900602000184 ], [ 99.198648991000141, 19.812900809000098 ], [ 99.198451532000036, 19.812846084000114 ], [ 99.198207697000043, 19.812846355000033 ], [ 99.198080008000034, 19.812879463000115 ], [ 99.197917600000096, 19.813000524000131 ], [ 99.197790139000119, 19.813209457000085 ], [ 99.197558045999983, 19.81331960600005 ], [ 99.197198136000054, 19.813352971000029 ], [ 99.197035742000139, 19.81348502000003 ], [ 99.196977966000134, 19.813715853000076 ], [ 99.196873698000047, 19.813902785999971 ], [ 99.196664771000087, 19.813968950000117 ], [ 99.196502185000099, 19.813947151000036 ], [ 99.196165589000145, 19.814057413000057 ], [ 99.196076411000092, 19.814130732000024 ], [ 99.19599159500018, 19.814200462000088 ], [ 99.195806204000178, 19.814519350000182 ], [ 99.195771559000093, 19.814673237000022 ], [ 99.195574309999984, 19.814794333000123 ], [ 99.195260752000195, 19.814750718000141 ], [ 99.194970345000058, 19.814652131000059 ], [ 99.194656837000196, 19.814652473000081 ], [ 99.194296961000077, 19.814718801000083 ], [ 99.193902373000128, 19.814884066000161 ], [ 99.193519300000162, 19.814972397000133 ], [ 99.193205806000151, 19.814983724000058 ], [ 99.19299673800009, 19.814929003000088 ], [ 99.192671536000148, 19.814863420000052 ], [ 99.192311582000059, 19.814863808000098 ], [ 99.191939992000016, 19.814842231000171 ], [ 99.191498718000105, 19.814809738000065 ], [ 99.190918145000126, 19.814810359000035 ], [ 99.190639521000151, 19.814854613000136 ], [ 99.190407347000132, 19.814898816000152 ], [ 99.190261945000032, 19.814869493000117 ], [ 99.190244748000111, 19.814866022000103 ], [ 99.190035569000088, 19.814723387000129 ], [ 99.189838163000104, 19.814712607000104 ], [ 99.189710441000045, 19.814712743000143 ], [ 99.189617599000144, 19.814756798000133 ], [ 99.189304495000044, 19.815097796000089 ], [ 99.189049184000112, 19.815218947000062 ], [ 99.188724077000131, 19.815230275000147 ], [ 99.188538294000125, 19.815230472000053 ], [ 99.188247890000071, 19.815131879000148 ], [ 99.187968960000092, 19.814912389000142 ], [ 99.18766687800013, 19.814758859000051 ], [ 99.187434638000127, 19.814748113 ], [ 99.187190811000107, 19.814759358000174 ], [ 99.186958724000192, 19.814880482000035 ], [ 99.186726780000185, 19.81512248700011 ], [ 99.186494933000063, 19.815452402000119 ], [ 99.186471968000035, 19.81567221 ], [ 99.186646460000077, 19.815946753999981 ], [ 99.186669822000056, 19.816067610000061 ], [ 99.186600297000098, 19.816188564000129 ], [ 99.186345111000094, 19.816419600000017 ], [ 99.185533207999981, 19.817200676000027 ], [ 99.185243273000083, 19.817508674000067 ], [ 99.185205822000114, 19.817631255000038 ], [ 99.185139166000056, 19.817849442000011 ], [ 99.185046448000037, 19.818003386000157 ], [ 99.184837567999978, 19.818113496000024 ], [ 99.184524053000075, 19.818113820000065 ], [ 99.184266805000107, 19.818065403000048 ], [ 99.184233697000195, 19.81805916999997 ], [ 99.183978126000113, 19.817960536000157 ], [ 99.183792186000176, 19.817828856000119 ], [ 99.183699191000017, 19.817741036000143 ], [ 99.18354824000005, 19.817741191000039 ], [ 99.183292875000177, 19.817818380000119 ], [ 99.183107089000089, 19.817818570000156 ], [ 99.182944374000044, 19.81768686900017 ], [ 99.182723564000071, 19.817522257000064 ], [ 99.182375177000097, 19.817489646000126 ], [ 99.18198038100013, 19.817490049000071 ], [ 99.181620508000094, 19.817567337000071 ], [ 99.180761584000095, 19.817864917000179 ], [ 99.180657127000075, 19.817908977000059 ], [ 99.180645616000049, 19.817996902000175 ], [ 99.18092494299998, 19.81856805700005 ], [ 99.180948314000091, 19.818699901000173 ], [ 99.180867159, 19.818809873000191 ], [ 99.1803799220001, 19.81921696400002 ], [ 99.180229208000071, 19.819425909000188 ], [ 99.18022945600012, 19.819645693000041 ], [ 99.180293743000163, 19.819767052000088 ], [ 99.180357456000195, 19.819887326000071 ], [ 99.180439100000058, 19.820205928000121 ], [ 99.180439696000064, 19.82073340300019 ], [ 99.180428777000145, 19.821348803000092 ], [ 99.180336897000188, 19.822250006000161 ], [ 99.180175221000127, 19.823041388000092 ], [ 99.17997830000013, 19.823470158000021 ], [ 99.179815916000166, 19.823635162000187 ], [ 99.179583808000132, 19.823756273000186 ], [ 99.179026615000168, 19.823921674000076 ], [ 99.177506222000034, 19.824637481000082 ], [ 99.177169642000081, 19.824791664000145 ], [ 99.176937557000144, 19.824934752000104 ], [ 99.176415455000097, 19.82534186800018 ], [ 99.176171638000085, 19.825375076000114 ], [ 99.175927791000049, 19.825386304000119 ], [ 99.17552132600008, 19.825353737 ], [ 99.175086476, 19.82554777100006 ], [ 99.17514868100011, 19.825732124000126 ], [ 99.175113589000034, 19.826042301000143 ], [ 99.17502544600012, 19.826436357000091 ], [ 99.174716344000103, 19.827274896000063 ], [ 99.174725454000168, 19.827509590000147 ], [ 99.174823018000041, 19.827626846000044 ], [ 99.174929395000049, 19.82770218700017 ], [ 99.175549656000157, 19.82790275200017 ], [ 99.176090293000186, 19.828187218999972 ], [ 99.176347337000152, 19.828337848000103 ], [ 99.176498093000191, 19.828496964000124 ], [ 99.176666669000099, 19.828748265000058 ], [ 99.176879407000115, 19.828882170000043 ], [ 99.177224988000035, 19.828999180000096 ], [ 99.177402256000107, 19.829099592000091 ], [ 99.177490966000164, 19.829216857000063 ], [ 99.177491105000115, 19.829342590000124 ], [ 99.177438117000179, 19.829485144000159 ], [ 99.177225778000093, 19.829711679000184 ], [ 99.17715511900019, 19.829896158000054 ], [ 99.177075753, 19.830214767000029 ], [ 99.176713174000156, 19.830751593000059 ], [ 99.176571569000032, 19.830860705000021 ], [ 99.176128726000115, 19.830911436000065 ], [ 99.175889609000137, 19.830953585000088 ], [ 99.175748004000013, 19.831062696000117 ], [ 99.17562415000009, 19.831205314000044 ], [ 99.175527007000142, 19.831473644000027 ], [ 99.175527301000159, 19.831741880000038 ], [ 99.175633957000116, 19.832068687000174 ], [ 99.175660814000082, 19.832328509000149 ], [ 99.175625633000095, 19.832554867000056 ], [ 99.175493109000172, 19.83287352800005 ], [ 99.175316550000048, 19.833418553000115 ], [ 99.175307827000097, 19.833544298000106 ], [ 99.175387759000159, 19.833737009000174 ], [ 99.175529640000093, 19.83387099000015 ], [ 99.175839956000175, 19.834130533000064 ], [ 99.176744200000201, 19.834775078000177 ], [ 99.177027917000146, 19.835009506 ], [ 99.177187631000038, 19.835252433000164 ], [ 99.177320720000125, 19.835445093000089 ], [ 99.177365198000075, 19.835612695000123 ], [ 99.177365346999977, 19.835746814000117 ], [ 99.177321361999986, 19.836023475000161 ], [ 99.177322060000051, 19.836652147000109 ], [ 99.177322171000185, 19.836752733000083 ], [ 99.177224857999988, 19.836870185000066 ], [ 99.17696804600007, 19.836937498000054 ], [ 99.176640320000161, 19.836962968000023 ], [ 99.176028996000184, 19.836871369000164 ], [ 99.17584294500017, 19.836846404000141 ], [ 99.175710110000068, 19.836880066000049 ], [ 99.175639366000098, 19.8369891050001 ], [ 99.175489139000035, 19.83732454699998 ], [ 99.175453935000121, 19.837534135999988 ], [ 99.175480854000114, 19.837844257000029 ], [ 99.175481065000042, 19.83803704900015 ], [ 99.175366552000071, 19.838623922000124 ], [ 99.175340401000142, 19.839009535000116 ], [ 99.175385062000032, 19.83934478499998 ], [ 99.175491644000147, 19.839604534000102 ], [ 99.175695760000167, 19.839939626000103 ], [ 99.176006108000081, 19.840215937000153 ], [ 99.176405026000054, 19.84047539200003 ], [ 99.177105183000151, 19.840784847000123 ], [ 99.177583792000064, 19.841010693000158 ], [ 99.177690114000143, 19.841027351000093 ], [ 99.177796379000142, 19.840993712999989 ], [ 99.178115153000022, 19.840876045000016 ], [ 99.178336568000134, 19.840833913000097 ], [ 99.178540330000146, 19.840850474000149 ], [ 99.178708679000124, 19.840883832000031 ], [ 99.178930094000066, 19.840841702000148 ], [ 99.179116103000069, 19.840824747000056 ], [ 99.179213600000082, 19.84087494500011 ], [ 99.179275811000139, 19.841050913000117 ], [ 99.179276075000189, 19.841285618000086 ], [ 99.179196570999977, 19.84148687000004 ], [ 99.17878067200013, 19.841889639000044 ], [ 99.178302722000183, 19.842258941000068 ], [ 99.177762642000118, 19.842519328000037 ], [ 99.177417398000159, 19.842737613000054 ], [ 99.177373258000046, 19.842871777000141 ], [ 99.177373407000118, 19.843005893000054 ], [ 99.177435640000056, 19.843207004000078 ], [ 99.177524410000103, 19.843374564999976 ], [ 99.177648514000055, 19.843449882000073 ], [ 99.177772563000133, 19.843474904000061 ], [ 99.178091495000047, 19.843491352000171 ], [ 99.17839280000004, 19.843591635 ], [ 99.178632150999988, 19.843742280000129 ], [ 99.178951417000121, 19.844060490000174 ], [ 99.179137786000183, 19.844362063000176 ], [ 99.179235506000111, 19.844605053 ], [ 99.179280074000076, 19.844848093000053 ], [ 99.179271778999976, 19.845351045000086 ], [ 99.179210051000041, 19.845602574000054 ], [ 99.178988836000144, 19.84582911900003 ], [ 99.178643568000155, 19.846030641000027 ], [ 99.178493088000153, 19.846139758999982 ], [ 99.178448912000022, 19.846240392000084 ], [ 99.178449033000163, 19.846349363000115 ], [ 99.178466890000095, 19.84647507800014 ], [ 99.178529042000093, 19.846600754 ], [ 99.178954864000161, 19.847136793000061 ], [ 99.179141265000055, 19.847463517999984 ], [ 99.179168004000189, 19.847605987000179 ], [ 99.179141679000054, 19.847832335000078 ], [ 99.179177229000175, 19.847932888000116 ], [ 99.179265872000144, 19.847983094000028 ], [ 99.179372198000067, 19.847999750000156 ], [ 99.179558187000055, 19.847957651000115 ], [ 99.179735203000178, 19.84781497400013 ], [ 99.179947456000036, 19.84749623100015 ], [ 99.18005361000013, 19.847362010000154 ], [ 99.180257214000108, 19.847227684000018 ], [ 99.180425476000153, 19.847177223000017 ], [ 99.180771014000129, 19.847218783000073 ], [ 99.181107755000198, 19.847310648000132 ], [ 99.181683847000102, 19.847544766000169 ], [ 99.18202959700011, 19.847770735000097 ], [ 99.182171499000106, 19.84791309100018 ], [ 99.18228677500008, 19.848005177000175 ], [ 99.182393053000169, 19.847979923000025 ], [ 99.182463765000136, 19.847845736000181 ], [ 99.182463507000136, 19.847619409 ], [ 99.182525332000182, 19.847451704000093 ], [ 99.183127154000033, 19.846948148000024 ], [ 99.183206834000089, 19.846906153000191 ], [ 99.183330857000101, 19.846906026000056 ], [ 99.183658736000154, 19.846997895000129 ], [ 99.184163971000146, 19.847240461000126 ], [ 99.184997061000161, 19.847549741000137 ], [ 99.185130019000098, 19.847616661000131 ], [ 99.185218746000089, 19.847733925999989 ], [ 99.185245465000094, 19.847859631000176 ], [ 99.185174888000176, 19.848111172000131 ], [ 99.185192760000064, 19.848245272000042 ], [ 99.185352668000178, 19.848630689000061 ], [ 99.185388423000177, 19.848907269 ], [ 99.185344326000177, 19.84907496000011 ], [ 99.185220428000036, 19.849184060000084 ], [ 99.184892741000056, 19.849268225 ], [ 99.183989769000107, 19.849822388000121 ], [ 99.18391023300012, 19.849990121000076 ], [ 99.183928094000066, 19.850115836999976 ], [ 99.184025662000124, 19.85021631900014 ], [ 99.184327001000099, 19.85033336000015 ], [ 99.18501815500008, 19.850466763000099 ], [ 99.185213179000073, 19.850575532000107 ], [ 99.185310824000055, 19.850743076000128 ], [ 99.185373071000186, 19.850944186000049 ], [ 99.18536448500015, 19.851178901000026 ], [ 99.185232096000107, 19.85160653500003 ], [ 99.185250036000184, 19.851799308000125 ], [ 99.185312186000033, 19.851916595000148 ], [ 99.185454003000132, 19.851975124000091 ], [ 99.185640053000043, 19.85198331600003 ], [ 99.185950072000196, 19.851941080000131 ], [ 99.186189100000092, 19.85179833 ], [ 99.186419162000107, 19.85156338500002 ], [ 99.186684569000136, 19.851252964000025 ], [ 99.186923498000112, 19.851026392000108 ], [ 99.187029729000074, 19.850959222000029 ], [ 99.187198052000099, 19.850959045000138 ], [ 99.187277752000114, 19.850933812999983 ], [ 99.187304262000168, 19.850875109000128 ], [ 99.187533903000087, 19.850288109000019 ], [ 99.187675414000125, 19.850086781000073 ], [ 99.18778164400004, 19.850019613000029 ], [ 99.18794185600018, 19.850018558000045 ], [ 99.188398593000045, 19.850139042000023 ], [ 99.189275583000097, 19.85041460900004 ], [ 99.190079478000087, 19.850655691999975 ], [ 99.190317156000049, 19.850862810000081 ], [ 99.190774141000134, 19.851190660000043 ], [ 99.190975128000161, 19.85125957200006 ], [ 99.191194294000127, 19.851259337000101 ], [ 99.191559552000172, 19.851241663000053 ], [ 99.191742211000076, 19.851258749000067 ], [ 99.191906875000029, 19.851500505000161 ], [ 99.192163215000107, 19.852035940000121 ], [ 99.19234708200014, 19.853055323000035 ], [ 99.192475143000195, 19.853228 ], [ 99.192785883000113, 19.853435032000107 ], [ 99.193315730000165, 19.853589990000103 ], [ 99.193480299000043, 19.853745339000113 ], [ 99.193517016000158, 19.853900832000079 ], [ 99.193480697000041, 19.854073681999978 ], [ 99.192969946000176, 19.854609946000153 ], [ 99.192678236000177, 19.855042287000117 ], [ 99.192678487000137, 19.85524966000014 ], [ 99.192751669000131, 19.855353267999988 ], [ 99.192934379000178, 19.855404915000122 ], [ 99.193319612000153, 19.855304528000033 ], [ 99.193953162000184, 19.854755948000161 ], [ 99.194173761, 19.854755708000141 ], [ 99.194615270000043, 19.855016128000159 ], [ 99.195498709000049, 19.855994886000133 ], [ 99.196464852000133, 19.856088447000161 ], [ 99.197024470000088, 19.856140772000117 ], [ 99.197402122000085, 19.856100647000119 ], [ 99.19782162600012, 19.855967825000107 ], [ 99.19893999300001, 19.855370974000039 ], [ 99.200952959000119, 19.854243686000018 ], [ 99.202700322000055, 19.853275507000149 ], [ 99.204252026000177, 19.852466359000118 ], [ 99.20437798800009, 19.852519155999971 ], [ 99.204616269000041, 19.852889481000147 ], [ 99.204812329000106, 19.853061322000087 ], [ 99.204882406000081, 19.853167124000151 ], [ 99.204980719000162, 19.853471434000085 ], [ 99.205220108000162, 19.854702074000102 ], [ 99.205332494000061, 19.855072543000119 ], [ 99.205444729000192, 19.855323894000037 ], [ 99.20566880400014, 19.855522170000143 ], [ 99.206102852000186, 19.855826086000036 ], [ 99.206509160000053, 19.856315337000126 ], [ 99.206789453000056, 19.856712085000083 ], [ 99.206985572000065, 19.856923624999979 ], [ 99.207237768000141, 19.85722775 ], [ 99.20744794400008, 19.85749222000004 ], [ 99.20756020500005, 19.857756804000076 ], [ 99.207644429000084, 19.857981713000129 ], [ 99.207728898000084, 19.858391917000176 ], [ 99.207883432000074, 19.858894690999989 ], [ 99.208009871000172, 19.859304851 ], [ 99.20820616900005, 19.859648747000051 ], [ 99.208398728000077, 19.859810968000033 ], [ 99.208781040000076, 19.860079634999977 ], [ 99.2088787200002, 19.860202549000064 ], [ 99.208976454000094, 19.860363902000131 ], [ 99.209335201000044, 19.861255408000034 ], [ 99.209742574000074, 19.862039208000056 ], [ 99.210190549000117, 19.862792209000077 ], [ 99.210557193000056, 19.863499165000121 ], [ 99.210793484000135, 19.863960228000167 ], [ 99.210850628000117, 19.864152386000114 ], [ 99.210940594000078, 19.86458286400017 ], [ 99.211176992000105, 19.865120819000026 ], [ 99.21124228400015, 19.865328343000158 ], [ 99.211275013000147, 19.86549746500009 ], [ 99.21122689300006, 19.865981932000125 ], [ 99.211309268000036, 19.866812247000155 ], [ 99.211472909000179, 19.867642470000192 ], [ 99.211554629000148, 19.867980687000056 ], [ 99.211546705000046, 19.868134479000162 ], [ 99.211368358000129, 19.868473010000173 ], [ 99.211336042000084, 19.86861913700011 ], [ 99.211393544000089, 19.869080408000173 ], [ 99.211361176000082, 19.869188094000037 ], [ 99.211263954000174, 19.869418882000105 ], [ 99.211264158, 19.869572660000017 ], [ 99.211296850000053, 19.869711024000139 ], [ 99.211402762000148, 19.869903125000121 ], [ 99.211402885000041, 19.869995393000124 ], [ 99.211321823999981, 19.870156960000088 ], [ 99.211322007000092, 19.870295362000149 ], [ 99.211444436000193, 19.870687358000055 ], [ 99.211518070000068, 19.871056342000031 ], [ 99.211567173000162, 19.871310022000102 ], [ 99.211754574000111, 19.871663494000188 ], [ 99.211827955000047, 19.871840252000084 ], [ 99.211942321000095, 19.872278392000112 ], [ 99.212065295000116, 19.873077904000183 ], [ 99.212179888000094, 19.873685201000058 ], [ 99.212237795000192, 19.874446344000035 ], [ 99.212271113000099, 19.87505373800002 ], [ 99.212230616000056, 19.87516143300013 ], [ 99.212190130000067, 19.87527681500012 ], [ 99.212190272999976, 19.875384462000056 ], [ 99.212239299000146, 19.875576629000022 ], [ 99.212752331000161, 19.876321853000093 ], [ 99.213289841, 19.877136245000145 ], [ 99.21335512100012, 19.877328393000028 ], [ 99.21339609, 19.877574391000167 ], [ 99.2137714590001, 19.878688849000184 ], [ 99.213861287000043, 19.879003992000037 ], [ 99.213877850000074, 19.879234640000107 ], [ 99.213854066000067, 19.879680634000067 ], [ 99.213911467000116, 19.880057325000053 ], [ 99.214140067000017, 19.880818266000063 ], [ 99.21431958200003, 19.881340899 ], [ 99.21441736800017, 19.881525321000026 ], [ 99.214629056000092, 19.881794181000032 ], [ 99.214799996000181, 19.881986200000028 ], [ 99.215247448000071, 19.882293223000147 ], [ 99.215776140000116, 19.882569387000046 ], [ 99.216207170000075, 19.882753398000091 ], [ 99.21703683700008, 19.883206040000061 ], [ 99.218582292000121, 19.884034563000171 ], [ 99.21886706700019, 19.884249505000184 ], [ 99.21916008900007, 19.884549017000097 ], [ 99.219477570000151, 19.884902320000094 ], [ 99.219819509000104, 19.885309415000108 ], [ 99.219933631000117, 19.885547636000013 ], [ 99.220113160000153, 19.886062575999972 ], [ 99.220219604000079, 19.886623745000179 ], [ 99.220317342000158, 19.886769713000149 ], [ 99.220659043000126, 19.886999963 ], [ 99.220968247000144, 19.887237936000076 ], [ 99.221342740000125, 19.88766805400013 ], [ 99.221668512000065, 19.888128989000165 ], [ 99.222067328000037, 19.888512941000158 ], [ 99.222376715000109, 19.888881630000185 ], [ 99.222612982000044, 19.889273475000039 ], [ 99.222768024000061, 19.889703864000182 ], [ 99.222979938000037, 19.890118806000032 ], [ 99.223118381, 19.890303168000059 ], [ 99.223191996000196, 19.890633703000105 ], [ 99.223322786000153, 19.891156391000038 ], [ 99.2234615160001, 19.891548358000023 ], [ 99.223551308000083, 19.891817359000186 ], [ 99.223698494000132, 19.892439982000099 ], [ 99.223772254000039, 19.892870472000027 ], [ 99.223870261000059, 19.893200977000106 ], [ 99.224090257000171, 19.893577459000142 ], [ 99.224155590000123, 19.893792672000075 ], [ 99.224181013000191, 19.894530785000143 ], [ 99.224173786000051, 19.895168978000129 ], [ 99.224174111000139, 19.895399649000126 ], [ 99.224206772000116, 19.895507253000119 ], [ 99.224304437000114, 19.895591710000076 ], [ 99.22449151100011, 19.895676054000148 ], [ 99.224832960000072, 19.895706379999979 ], [ 99.225019872000075, 19.895675386000107 ], [ 99.225117428000146, 19.895682952000186 ], [ 99.225198118000094, 19.895823029000155 ], [ 99.225395223000135, 19.895782602000054 ], [ 99.225527829999976, 19.895758757000124 ], [ 99.225622875000113, 19.895737329000156 ], [ 99.225687903000164, 19.89571595600006 ], [ 99.225742924000201, 19.895682739000051 ] ] ] } },
{ "type": "Feature", "properties": { "adm3_name": "Mae Kha", "adm3_name1": "แม่ข่า", "adm3_name2": null, "adm3_name3": null, "adm3_pcode": "TH500911", "adm2_name": "Fang", "adm2_name1": "ฝาง", "adm2_name2": null, "adm2_name3": null, "adm2_pcode": "TH5009", "adm1_name": "Chiang Mai", "adm1_name1": "เชียงใหม่", "adm1_name2": null, "adm1_name3": null, "adm1_pcode": "TH50", "adm0_name": "Thailand", "adm0_name1": "ประเทศไทย", "adm0_name2": null, "adm0_name3": null, "adm0_pcode": "TH", "valid_on": "2022-01-22T00:00:00", "valid_to": null, "area_sqkm": 81.72992453000001, "version": "v01", "lang": "en", "lang1": "th", "lang2": null, "lang3": null, "adm3_ref_n": "Mae Kha", "center_lat": 19.7686099, "center_lon": 99.27743426000001 }, "geometry": { "type": "Polygon", "coordinates": [ [ [ 99.175086476, 19.82554777100006 ], [ 99.17552132600008, 19.825353737 ], [ 99.175927791000049, 19.825386304000119 ], [ 99.176171638000085, 19.825375076000114 ], [ 99.176415455000097, 19.82534186800018 ], [ 99.176937557000144, 19.824934752000104 ], [ 99.177169642000081, 19.824791664000145 ], [ 99.177506222000034, 19.824637481000082 ], [ 99.179026615000168, 19.823921674000076 ], [ 99.179583808000132, 19.823756273000186 ], [ 99.179815916000166, 19.823635162000187 ], [ 99.17997830000013, 19.823470158000021 ], [ 99.180175221000127, 19.823041388000092 ], [ 99.180336897000188, 19.822250006000161 ], [ 99.180428777000145, 19.821348803000092 ], [ 99.180439696000064, 19.82073340300019 ], [ 99.180439100000058, 19.820205928000121 ], [ 99.180357456000195, 19.819887326000071 ], [ 99.180293743000163, 19.819767052000088 ], [ 99.18022945600012, 19.819645693000041 ], [ 99.180229208000071, 19.819425909000188 ], [ 99.1803799220001, 19.81921696400002 ], [ 99.180867159, 19.818809873000191 ], [ 99.180948314000091, 19.818699901000173 ], [ 99.18092494299998, 19.81856805700005 ], [ 99.180645616000049, 19.817996902000175 ], [ 99.180657127000075, 19.817908977000059 ], [ 99.180761584000095, 19.817864917000179 ], [ 99.181620508000094, 19.817567337000071 ], [ 99.18198038100013, 19.817490049000071 ], [ 99.182375177000097, 19.817489646000126 ], [ 99.182723564000071, 19.817522257000064 ], [ 99.182944374000044, 19.81768686900017 ], [ 99.183107089000089, 19.817818570000156 ], [ 99.183292875000177, 19.817818380000119 ], [ 99.18354824000005, 19.817741191000039 ], [ 99.183699191000017, 19.817741036000143 ], [ 99.183792186000176, 19.817828856000119 ], [ 99.183978126000113, 19.817960536000157 ], [ 99.184233697000195, 19.81805916999997 ], [ 99.184266805000107, 19.818065403000048 ], [ 99.184524053000075, 19.818113820000065 ], [ 99.184837567999978, 19.818113496000024 ], [ 99.185046448000037, 19.818003386000157 ], [ 99.185139166000056, 19.817849442000011 ], [ 99.185205822000114, 19.817631255000038 ], [ 99.185243273000083, 19.817508674000067 ], [ 99.185533207999981, 19.817200676000027 ], [ 99.186345111000094, 19.816419600000017 ], [ 99.186600297000098, 19.816188564000129 ], [ 99.186669822000056, 19.816067610000061 ], [ 99.186646460000077, 19.815946753999981 ], [ 99.186471968000035, 19.81567221 ], [ 99.186494933000063, 19.815452402000119 ], [ 99.186726780000185, 19.81512248700011 ], [ 99.186958724000192, 19.814880482000035 ], [ 99.187190811000107, 19.814759358000174 ], [ 99.187434638000127, 19.814748113 ], [ 99.18766687800013, 19.814758859000051 ], [ 99.187968960000092, 19.814912389000142 ], [ 99.188247890000071, 19.815131879000148 ], [ 99.188538294000125, 19.815230472000053 ], [ 99.188724077000131, 19.815230275000147 ], [ 99.189049184000112, 19.815218947000062 ], [ 99.189304495000044, 19.815097796000089 ], [ 99.189617599000144, 19.814756798000133 ], [ 99.189710441000045, 19.814712743000143 ], [ 99.189838163000104, 19.814712607000104 ], [ 99.190035569000088, 19.814723387000129 ], [ 99.190244748000111, 19.814866022000103 ], [ 99.190261945000032, 19.814869493000117 ], [ 99.190407347000132, 19.814898816000152 ], [ 99.190639521000151, 19.814854613000136 ], [ 99.190918145000126, 19.814810359000035 ], [ 99.191498718000105, 19.814809738000065 ], [ 99.191939992000016, 19.814842231000171 ], [ 99.192311582000059, 19.814863808000098 ], [ 99.192671536000148, 19.814863420000052 ], [ 99.19299673800009, 19.814929003000088 ], [ 99.193205806000151, 19.814983724000058 ], [ 99.193519300000162, 19.814972397000133 ], [ 99.193902373000128, 19.814884066000161 ], [ 99.194296961000077, 19.814718801000083 ], [ 99.194656837000196, 19.814652473000081 ], [ 99.194970345000058, 19.814652131000059 ], [ 99.195260752000195, 19.814750718000141 ], [ 99.195574309999984, 19.814794333000123 ], [ 99.195771559000093, 19.814673237000022 ], [ 99.195806204000178, 19.814519350000182 ], [ 99.19599159500018, 19.814200462000088 ], [ 99.196076411000092, 19.814130732000024 ], [ 99.196165589000145, 19.814057413000057 ], [ 99.196502185000099, 19.813947151000036 ], [ 99.196664771000087, 19.813968950000117 ], [ 99.196873698000047, 19.813902785999971 ], [ 99.196977966000134, 19.813715853000076 ], [ 99.197035742000139, 19.81348502000003 ], [ 99.197198136000054, 19.813352971000029 ], [ 99.197558045999983, 19.81331960600005 ], [ 99.197790139000119, 19.813209457000085 ], [ 99.197917600000096, 19.813000524000131 ], [ 99.198080008000034, 19.812879463000115 ], [ 99.198207697000043, 19.812846355000033 ], [ 99.198451532000036, 19.812846084000114 ], [ 99.198648991000141, 19.812900809000098 ], [ 99.198834771, 19.812900602000184 ], [ 99.199008843000058, 19.812823482000056 ], [ 99.199194545000125, 19.812757343000158 ], [ 99.199403439000037, 19.81266919900014 ], [ 99.19957763400015, 19.812690982000106 ], [ 99.199833179000052, 19.812767618 ], [ 99.200065390000134, 19.812756370000159 ], [ 99.20037865900008, 19.812569204000113 ], [ 99.200738372000046, 19.812381985000172 ], [ 99.2007573570001, 19.81238010300001 ], [ 99.201075057000139, 19.812348636000024 ], [ 99.20137707300006, 19.812447200000179 ], [ 99.201632855000071, 19.812710650000099 ], [ 99.201865300000065, 19.812886213000183 ], [ 99.20213247200013, 19.81297382200006 ], [ 99.202480949000119, 19.813083321000136 ], [ 99.2028757490001, 19.813093861000084 ], [ 99.203096306000134, 19.813049654999986 ], [ 99.20335161700018, 19.812939472000039 ], [ 99.203548873000159, 19.812915909000139 ], [ 99.203577612000174, 19.812906921000092 ], [ 99.203864144000079, 19.812725664000084 ], [ 99.204118545000028, 19.812333356000181 ], [ 99.204229466000072, 19.811865820000037 ], [ 99.204308891000153, 19.811684799000034 ], [ 99.204690987000163, 19.81148835100015 ], [ 99.205489041000135, 19.810926995000045 ], [ 99.205933480000056, 19.810645831000045 ], [ 99.20666096399998, 19.810351583000056 ], [ 99.207051633999981, 19.810185293000131 ], [ 99.207307536000201, 19.810031913000046 ], [ 99.207576697000036, 19.809712682000054 ], [ 99.208196093000083, 19.809227198000031 ], [ 99.208495656000082, 19.809069084999976 ], [ 99.208789748000129, 19.808722684000031 ], [ 99.208870576000038, 19.808395757000028 ], [ 99.209043036000082, 19.808241754 ], [ 99.209205452000049, 19.808174277000035 ], [ 99.209286593000115, 19.808087667000166 ], [ 99.209276308000199, 19.807991549000178 ], [ 99.209235560000025, 19.807895472000155 ], [ 99.209184602000107, 19.807760955000106 ], [ 99.209164096000166, 19.807616788000189 ], [ 99.20919429300011, 19.807405271000164 ], [ 99.209285411000167, 19.80718407500018 ], [ 99.20942751400014, 19.807116619000112 ], [ 99.209630645000118, 19.807116381000071 ], [ 99.210189343000195, 19.807183013000099 ], [ 99.210422978000054, 19.807211580000057 ], [ 99.210534690000088, 19.807201833000022 ], [ 99.210666586000116, 19.807095937000156 ], [ 99.21085905100017, 19.806711202000031 ], [ 99.21102113600017, 19.806393795000133 ], [ 99.211224, 19.806191690000048 ], [ 99.211568965000083, 19.805922124000119 ], [ 99.211700808999979, 19.805777781000131 ], [ 99.211741208000035, 19.805604704000132 ], [ 99.211751107000055, 19.805412438000019 ], [ 99.211811818000058, 19.805239339000025 ], [ 99.211821552000117, 19.804922107000039 ], [ 99.211861925, 19.804729805000136 ], [ 99.211922724000146, 19.804623998000181 ], [ 99.21207479900005, 19.804421946000161 ], [ 99.212247243000093, 19.804258329000049 ], [ 99.212419643000146, 19.804065869999988 ], [ 99.212683507000122, 19.803911755000115 ], [ 99.212764549999974, 19.803757854000082 ], [ 99.212794805000101, 19.803594401000169 ], [ 99.21289599500011, 19.803315512000097 ], [ 99.213098661, 19.802969214000029 ], [ 99.213331883000137, 19.802690172000041 ], [ 99.213392591000172, 19.802517071000182 ], [ 99.213441717000137, 19.8012769770001 ], [ 99.213502451000011, 19.801123103000123 ], [ 99.213644469000087, 19.800997966000182 ], [ 99.213969258000191, 19.800843775000146 ], [ 99.2141517230001, 19.800584013000105 ], [ 99.214202168000099, 19.800334021000026 ], [ 99.214313769, 19.800247378000051 ], [ 99.214506617000154, 19.800160631000097 ], [ 99.214841770000078, 19.800160229000028 ], [ 99.215339497000173, 19.80021730500016 ], [ 99.215776130000108, 19.800159103000112 ], [ 99.215969185, 19.800226154000086 ], [ 99.216202982000084, 19.800379679000116 ], [ 99.216467406000106, 19.800648512000066 ], [ 99.216713737000191, 19.801044568000123 ], [ 99.216742221000061, 19.801090359999989 ], [ 99.217159001000084, 19.80136862300003 ], [ 99.217504532000135, 19.801531619 ], [ 99.217788942000027, 19.801560110000139 ], [ 99.218174785000087, 19.801492352000025 ], [ 99.218428703000143, 19.801501652000127 ], [ 99.218662464000033, 19.801626333000058 ], [ 99.218957126000078, 19.801722097000152 ], [ 99.219322734000116, 19.801712036000083 ], [ 99.220094369000094, 19.801538061000031 ], [ 99.220531000000108, 19.801479848000099 ], [ 99.220612145000132, 19.801402845000041 ], [ 99.220753628000011, 19.800893196000061 ], [ 99.22086510600019, 19.800720033000175 ], [ 99.221017237000069, 19.800566044000163 ], [ 99.221182361000047, 19.800420025000051 ], [ 99.221463558000153, 19.800171367000075 ], [ 99.221666335000123, 19.799921190000077 ], [ 99.222060913000121, 19.79883446700012 ], [ 99.222283307000055, 19.798084399000061 ], [ 99.222445561000143, 19.797911168000041 ], [ 99.222800754000104, 19.797718476000057 ], [ 99.223023793000038, 19.797439430000111 ], [ 99.223033616, 19.797199101 ], [ 99.223084207000056, 19.797064461000048 ], [ 99.223266878000175, 19.796968103000097 ], [ 99.224312491000092, 19.796649577000039 ], [ 99.225825493, 19.796493871000109 ], [ 99.226130144000081, 19.796474255000078 ], [ 99.226133418000188, 19.79647329800008 ], [ 99.226262116000157, 19.796435641000073 ], [ 99.226647491000165, 19.796050644000104 ], [ 99.226786074000188, 19.795967279000024 ], [ 99.226987501000053, 19.795862956 ], [ 99.227217147000033, 19.795658490000164 ], [ 99.227609047000158, 19.795233401000075 ], [ 99.227898275000086, 19.794896902000062 ], [ 99.2282340000001, 19.794401119000156 ], [ 99.228345853000178, 19.794197525000186 ], [ 99.228354543000194, 19.79373754400001 ], [ 99.228409781000153, 19.793153661000133 ], [ 99.228446785000187, 19.792888246000132 ], [ 99.228586559, 19.792605011000035 ], [ 99.228773131000196, 19.792374785000163 ], [ 99.228987897000195, 19.792250674000115 ], [ 99.229427002000193, 19.792170500000054 ], [ 99.22974453400019, 19.792028562000041 ], [ 99.229912523000166, 19.791869125000062 ], [ 99.230136640000126, 19.791753844000027 ], [ 99.230351511000038, 19.791709341000171 ], [ 99.230752996000149, 19.791461147000064 ], [ 99.230958220000048, 19.79120435700014 ], [ 99.231247523000093, 19.790929769000172 ], [ 99.231527554000081, 19.790708266000024 ], [ 99.23159269100006, 19.790513577000183 ], [ 99.231667180000102, 19.790327723000075 ], [ 99.231779256000152, 19.790283352000074 ], [ 99.232050265000112, 19.790283 ], [ 99.23228384000015, 19.790247314000112 ], [ 99.232489316000112, 19.79016743700015 ], [ 99.232648038000093, 19.790069927000047 ], [ 99.232862462000071, 19.789715827000066 ], [ 99.233225951, 19.789051933000053 ], [ 99.233561982000197, 19.788786125000058 ], [ 99.233898258000124, 19.788688382000089 ], [ 99.234225384000013, 19.788723337000022 ], [ 99.234365571000183, 19.788732001000028 ], [ 99.234487017000106, 19.788705306000054 ], [ 99.234542931000078, 19.788599086000147 ], [ 99.23454260800014, 19.788377946000139 ], [ 99.234589175, 19.788271738000049 ], [ 99.234841297000116, 19.788138719000131 ], [ 99.235280116000069, 19.787872773000174 ], [ 99.235457488000179, 19.787748705000013 ], [ 99.235625687000152, 19.787739636000083 ], [ 99.235859422000033, 19.787818938000044 ], [ 99.23619613, 19.788013097000032 ], [ 99.236411346000068, 19.788207416000034 ], [ 99.236588954000183, 19.788242564000143 ], [ 99.236618639000085, 19.7882414 ], [ 99.236822564000136, 19.788233409000156 ], [ 99.23698143900009, 19.788242045000175 ], [ 99.237364910999986, 19.788462674000016 ], [ 99.237720305000096, 19.788656805000016 ], [ 99.238019398000063, 19.788691789999973 ], [ 99.238421283000037, 19.788726639000117 ], [ 99.238879225000062, 19.788752564000049 ], [ 99.239318399000183, 19.788725440000121 ], [ 99.239579940000056, 19.788645480000071 ], [ 99.240317526000126, 19.788202209000076 ], [ 99.240616260000195, 19.78799835500007 ], [ 99.240943070000014, 19.787555910000151 ], [ 99.241119858000104, 19.787316566000072 ], [ 99.241325046000043, 19.787050923000038 ], [ 99.241399407000017, 19.786785455000086 ], [ 99.24139894100017, 19.786475863000078 ], [ 99.241398661000176, 19.786290103000113 ], [ 99.241491961000065, 19.786192676000155 ], [ 99.241678846000184, 19.786183578000134 ], [ 99.242211497000085, 19.786182857000142 ], [ 99.243660010000099, 19.786225114 ], [ 99.244165998000085, 19.786224424000125 ], [ 99.24423004300013, 19.786224337000192 ], [ 99.244678565000129, 19.786206034000031 ], [ 99.245024106000187, 19.786064029000102 ], [ 99.245612330000199, 19.785735940000052 ], [ 99.246041862000197, 19.785523051000098 ], [ 99.24659314600018, 19.785486909000099 ], [ 99.247284671999978, 19.785494801000084 ], [ 99.24764909400011, 19.785476606000088 ], [ 99.248376645, 19.785182791000182 ], [ 99.250833795000119, 19.783588381000072 ], [ 99.251939591000109, 19.782927151000081 ], [ 99.252922761000093, 19.782498910000072 ], [ 99.25366027400014, 19.782265041000187 ], [ 99.25410488700004, 19.781948402000182 ], [ 99.254315428000154, 19.781798455000114 ], [ 99.254765797, 19.781448577000106 ], [ 99.255707833000145, 19.780942774000096 ], [ 99.256690922000075, 19.780475716000183 ], [ 99.257551149000108, 19.780086433 ], [ 99.258289144000116, 19.780162976000042 ], [ 99.25915086700013, 19.780704993000029 ], [ 99.260093770000083, 19.780742428000053 ], [ 99.261036291000153, 19.780547034000051 ], [ 99.263330809000081, 19.779883995000148 ], [ 99.264109670000153, 19.779882847000067 ], [ 99.264438378000193, 19.780348016000119 ], [ 99.265383139999983, 19.781510747000084 ], [ 99.266367811, 19.782013741000185 ], [ 99.267598000000135, 19.78224472900007 ], [ 99.270257012000059, 19.78242267000013 ], [ 99.271211703000063, 19.782512596000117 ], [ 99.273172253000098, 19.782697252000162 ], [ 99.274312188000181, 19.782804609000038 ], [ 99.275563218000116, 19.782802685999968 ], [ 99.278520296000011, 19.782861719000152 ], [ 99.281074264000154, 19.782984954000142 ], [ 99.284502106000048, 19.783233992000135 ], [ 99.286854356, 19.783293848000142 ], [ 99.289609259000144, 19.78303495 ], [ 99.291623288000039, 19.781886608000036 ], [ 99.292898056000183, 19.780739451000045 ], [ 99.293837843000063, 19.780165372000056 ], [ 99.296593388000076, 19.78028805800011 ], [ 99.297600126000077, 19.779586620000146 ], [ 99.297926672000074, 19.779107044000114 ], [ 99.298384044000102, 19.778849446000095 ], [ 99.304218521000109, 19.775505932000044 ], [ 99.306620549000058, 19.773956951 ], [ 99.311771981000163, 19.772891021000135 ], [ 99.317095927000139, 19.77223119100006 ], [ 99.321151599000132, 19.772372382000128 ], [ 99.325103152000167, 19.772440810999967 ], [ 99.325313377000043, 19.772048276000135 ], [ 99.325419927000155, 19.77119335500015 ], [ 99.325219369000081, 19.770702518000121 ], [ 99.324620067000069, 19.770401334000098 ], [ 99.324299999000061, 19.770024073000059 ], [ 99.324219413000151, 19.769646371000078 ], [ 99.324617007000143, 19.768889966000074 ], [ 99.325572751000038, 19.767830268000182 ], [ 99.326210656000114, 19.767489045000104 ], [ 99.326250029000107, 19.76722448400011 ], [ 99.3261296780002, 19.766922426000178 ], [ 99.325690497000153, 19.766847660000053 ], [ 99.325291144000062, 19.766735033000032 ], [ 99.324851431000184, 19.766395773000056 ], [ 99.324491231000081, 19.765905230000044 ], [ 99.324490144000038, 19.765368297000123 ], [ 99.324611085000186, 19.765192807000176 ], [ 99.325127439000141, 19.764732760000015 ], [ 99.325643831000036, 19.763522717000171 ], [ 99.326040866000085, 19.762501816000167 ], [ 99.326477040000157, 19.761103002000084 ], [ 99.32679463300002, 19.760271161999981 ], [ 99.327352140000073, 19.759665594000182 ], [ 99.327669876000073, 19.758909326000094 ], [ 99.327668256000095, 19.758115857000121 ], [ 99.327546365000046, 19.757058117000156 ], [ 99.327782738000167, 19.755546307000145 ], [ 99.328453146000015, 19.751615498000035 ], [ 99.328809132000174, 19.750704904000031 ], [ 99.329243072000054, 19.749594891000129 ], [ 99.329655510000066, 19.748539869000012 ], [ 99.330221263000055, 19.747882567000033 ], [ 99.330382829000087, 19.747187804000191 ], [ 99.330290199000046, 19.745106241000144 ], [ 99.330240570000115, 19.743990921000091 ], [ 99.33044132200007, 19.742836574000023 ], [ 99.330304716000114, 19.742259838000109 ], [ 99.330303925000123, 19.741875177000168 ], [ 99.330642206000164, 19.741746334000084 ], [ 99.331454579000138, 19.741680722000126 ], [ 99.331928277000088, 19.741551624000124 ], [ 99.332468487000199, 19.740845416000127 ], [ 99.333025386000145, 19.739641629000118 ], [ 99.334229286000095, 19.736502685000062 ], [ 99.335180712000124, 19.734510309000086 ], [ 99.33543389200014, 19.733725658000083 ], [ 99.335879066000189, 19.733362894000095 ], [ 99.33689795000015, 19.733180020000077 ], [ 99.337406945000055, 19.732877453000128 ], [ 99.337468373000149, 19.731791557000179 ], [ 99.338673650000146, 19.72937643400013 ], [ 99.33994310300011, 19.727202465000119 ], [ 99.34292742700012, 19.722672689000092 ], [ 99.344514880000077, 19.720317115000057 ], [ 99.345276157000114, 19.718867941000099 ], [ 99.345399537000048, 19.716997743000036 ], [ 99.345902631000058, 19.713980709000168 ], [ 99.346731753000142, 19.71242785000004 ], [ 99.346825568000156, 19.712252142000068 ], [ 99.346778603000075, 19.712234052000156 ], [ 99.346729119000088, 19.712214993000089 ], [ 99.345742024, 19.711834792000161 ], [ 99.344081767000034, 19.711672320000048 ], [ 99.342830940000056, 19.712391330000059 ], [ 99.34227334100018, 19.712648671000125 ], [ 99.341682123000112, 19.713002177000021 ], [ 99.340888149000136, 19.713452173000121 ], [ 99.340398506000042, 19.713853534000066 ], [ 99.33989187800006, 19.71422289800006 ], [ 99.339317902000175, 19.714736536000089 ], [ 99.338929701000097, 19.715121684000167 ], [ 99.338474079000036, 19.715619084000139 ], [ 99.338035637000189, 19.716244583000105 ], [ 99.337613972000042, 19.716805982999972 ], [ 99.337192169000048, 19.717303316000027 ], [ 99.336584846000164, 19.718057271000134 ], [ 99.336179817000129, 19.718490494000037 ], [ 99.335892849000174, 19.718763327000147 ], [ 99.335420021000118, 19.71913261200001 ], [ 99.334997876000102, 19.71946976300012 ], [ 99.334373751999976, 19.720287809000126 ], [ 99.334172213000102, 19.720976932000042 ], [ 99.333987187000048, 19.72147381100001 ], [ 99.333802297000034, 19.722034761000089 ], [ 99.333600486000137, 19.722595743000113 ], [ 99.333500259000118, 19.723204587000055 ], [ 99.333467497000072, 19.723717201 ], [ 99.333434630999989, 19.724181765000083 ], [ 99.333435494000184, 19.724598213000093 ], [ 99.333368735000079, 19.725030804000085 ], [ 99.333268107000094, 19.725447441000028 ], [ 99.333167950000075, 19.726088317000119 ], [ 99.33300032700015, 19.726825425000186 ], [ 99.333034755000142, 19.727113672000144 ], [ 99.333035917000075, 19.727674275000027 ], [ 99.333037178000097, 19.728282934000049 ], [ 99.332936652000114, 19.728747618000114 ], [ 99.332869818000063, 19.729148178000059 ], [ 99.332769126000073, 19.729532779000181 ], [ 99.332769558000109, 19.729741000000104 ], [ 99.332634501000086, 19.729869389000157 ], [ 99.332448864000071, 19.730077961000177 ], [ 99.332195204000016, 19.730110467000031 ], [ 99.33187381099998, 19.730111063000038 ], [ 99.331704629000058, 19.730095356999982 ], [ 99.33133245900018, 19.730080029000135 ], [ 99.331027986000095, 19.730080591000046 ], [ 99.330351315000144, 19.730049803000156 ], [ 99.330131349000055, 19.73001817300019 ], [ 99.329657859000179, 19.730083116000117 ], [ 99.329218032000085, 19.730067906000102 ], [ 99.328727490000176, 19.730068807000123 ], [ 99.3283892500001, 19.73010146200005 ], [ 99.328034426000045, 19.730294318 ], [ 99.327679466000177, 19.730423108000025 ], [ 99.327476611000179, 19.730487546 ], [ 99.327172529000052, 19.730680307000057 ], [ 99.326868413000113, 19.730857053000136 ], [ 99.326615043000118, 19.731033706000119 ], [ 99.326310925000143, 19.731210450000162 ], [ 99.326040638999984, 19.731387133000112 ], [ 99.325702691000117, 19.7315639360001 ], [ 99.32543233500013, 19.731708583000056 ], [ 99.32521269700004, 19.731837124000151 ], [ 99.325009872000066, 19.731917577000161 ], [ 99.324773349000111, 19.732062162000091 ], [ 99.324520264000057, 19.732382962000031 ], [ 99.324267147000171, 19.732687747999989 ], [ 99.323997018000114, 19.73294451400011 ], [ 99.32377743700016, 19.733105089000162 ], [ 99.323132214000168, 19.73339974400011 ], [ 99.322763012000166, 19.733620970000118 ], [ 99.322459165000168, 19.733936858000163 ], [ 99.32216502600005, 19.734351835000098 ], [ 99.321766137000168, 19.734721950000107 ], [ 99.321424135000143, 19.734992858000112 ], [ 99.321120120000103, 19.735227655000074 ], [ 99.320930142000179, 19.735390171000063 ], [ 99.320625947000167, 19.735534870000038 ], [ 99.320245699000168, 19.735715746000096 ], [ 99.319694520000098, 19.736068106000118 ], [ 99.319495006000125, 19.736221627000077 ], [ 99.319190754000147, 19.736339300000168 ], [ 99.318914992000089, 19.736429888000032 ], [ 99.318610685000067, 19.736520522000035 ], [ 99.318201711000142, 19.736611351000022 ], [ 99.317897330000108, 19.736665945000084 ], [ 99.31755501900011, 19.736783680000144 ], [ 99.317326810000111, 19.736865172000137 ], [ 99.317032425000036, 19.737163018000103 ], [ 99.316795113000126, 19.737451749000115 ], [ 99.316634121000106, 19.737839447 ], [ 99.316520631000117, 19.738191028000074 ], [ 99.316492631000131, 19.738470378000102 ], [ 99.316445960000067, 19.738929958000085 ], [ 99.316427497000063, 19.739218302000154 ], [ 99.316409092000072, 19.739533676000121 ], [ 99.316387421000115, 19.740005601000178 ], [ 99.316395699999987, 19.740586709000127 ], [ 99.316353559000163, 19.740931407000062 ], [ 99.316332816000113, 19.74126931 ], [ 99.316240598000149, 19.741553279000186 ], [ 99.316055578000089, 19.741823896000085 ], [ 99.315813464000144, 19.742094617000191 ], [ 99.315642569000147, 19.742290878000176 ], [ 99.315364866000152, 19.742608961000144 ], [ 99.315116040000191, 19.743095923999988 ], [ 99.315023524000139, 19.74323123 ], [ 99.31490977600015, 19.743454422000184 ], [ 99.314810325, 19.74369110400005 ], [ 99.314718226000139, 19.74403588600012 ], [ 99.314568882, 19.744306440000173 ], [ 99.314455117000136, 19.744522874000097 ], [ 99.314369873000146, 19.744725742000014 ], [ 99.314220584000168, 19.745023325000034 ], [ 99.314106886000161, 19.745273542000064 ], [ 99.314064515000098, 19.745503365000161 ], [ 99.313958055, 19.745807631000105 ], [ 99.313844210000127, 19.745983522000188 ], [ 99.313737608000167, 19.746213455000088 ], [ 99.313680751000163, 19.746335183000042 ], [ 99.313645407000081, 19.746510934000128 ], [ 99.313631490000091, 19.746693408000112 ], [ 99.313615040000172, 19.746971921000181 ], [ 99.313191747000189, 19.747404733999986 ], [ 99.312992112000131, 19.747594451000168 ], [ 99.31283017800007, 19.74789062800005 ], [ 99.312605696000105, 19.748163241000157 ], [ 99.312418720000096, 19.748435787000119 ], [ 99.312206574000129, 19.748625530000083 ], [ 99.312119392000056, 19.748791381000046 ], [ 99.311932275000117, 19.748992911000016 ], [ 99.311782635000156, 19.74918254500011 ], [ 99.311595399000112, 19.749324897000179 ], [ 99.311383164000063, 19.749467295000045 ], [ 99.311220863000187, 19.749574098000096 ], [ 99.311058513000091, 19.749657230000025 ], [ 99.310833751000132, 19.749787814000172 ], [ 99.310596398000143, 19.749871075000044 ], [ 99.310183921000032, 19.74989546200004 ], [ 99.310021455000083, 19.749919411000121 ], [ 99.309908952000114, 19.749919606000049 ], [ 99.309771307000176, 19.749848832000055 ], [ 99.309708643000135, 19.749766090000151 ], [ 99.309645843000112, 19.749612334000062 ], [ 99.3095077870002, 19.749328518000027 ], [ 99.309482328000172, 19.749091846000169 ], [ 99.309519419000139, 19.748878743000034 ], [ 99.309468643000173, 19.748476415000141 ], [ 99.309430453000061, 19.748121411000056 ], [ 99.309442318000038, 19.747789991000161 ], [ 99.309441634000166, 19.747434925000107 ], [ 99.309441246000119, 19.747233717000142 ], [ 99.309328306, 19.747009034000143 ], [ 99.309240645000159, 19.746926335000126 ], [ 99.308665642000108, 19.746939166 ], [ 99.308340721000093, 19.746987065000155 ], [ 99.308103439000035, 19.747105830000123 ], [ 99.307978662000096, 19.747224404000178 ], [ 99.307779084000117, 19.74744962300008 ], [ 99.30766691700012, 19.747627351 ], [ 99.307629686000155, 19.747769442000163 ], [ 99.307480155000121, 19.748018252000122 ], [ 99.307180754000171, 19.748338327000056 ], [ 99.306918693000057, 19.748575487000153 ], [ 99.306581517000041, 19.748753602000022 ], [ 99.306319140000085, 19.748825068000087 ], [ 99.30593161600018, 19.748825730000135 ], [ 99.305669080000143, 19.748814340000081 ], [ 99.305394063, 19.748814809000066 ], [ 99.305106507, 19.74879162700006 ], [ 99.304931519000093, 19.748803764000115 ], [ 99.304706552000084, 19.748827818000166 ], [ 99.304531655000062, 19.748887294000099 ], [ 99.304394437000099, 19.74904138800008 ], [ 99.304244857000128, 19.749266524 ], [ 99.304095521000022, 19.749621845000036 ], [ 99.304046055000015, 19.749905988000023 ], [ 99.303946545000144, 19.750166540000066 ], [ 99.303871940000136, 19.750379710000118 ], [ 99.303784749999977, 19.750545557000066 ], [ 99.303697445000125, 19.750652228000092 ], [ 99.303547507000189, 19.750687988000038 ], [ 99.303322582000135, 19.750735714000086 ], [ 99.303060020000089, 19.750712485 ], [ 99.302860029000158, 19.750724657000148 ], [ 99.302810136000176, 19.750783920000174 ], [ 99.302772814000093, 19.750878671000123 ], [ 99.302910721000046, 19.751091481000117 ], [ 99.303023452000048, 19.751209646000063 ], [ 99.303148688000135, 19.751327789000129 ], [ 99.303298920000145, 19.751445891000117 ], [ 99.303349167000135, 19.751575998000135 ], [ 99.303374572000166, 19.751789001000134 ], [ 99.303349709000145, 19.751915806000056 ], [ 99.303021277000141, 19.752213363000067 ], [ 99.302570941, 19.752121664000185 ], [ 99.302418021000165, 19.752131908000138 ], [ 99.302307315000064, 19.752157063000027 ], [ 99.302207236000015, 19.752222144000143 ], [ 99.302165156000115, 19.75228213000014 ], [ 99.302096794000136, 19.752387103000046 ], [ 99.302033689000154, 19.752482081999972 ], [ 99.301944284000115, 19.752617046000125 ], [ 99.301870629000177, 19.752712043000088 ], [ 99.301749550000181, 19.752827087000014 ], [ 99.301665291000063, 19.752892139999972 ], [ 99.301586235000059, 19.752922236000188 ], [ 99.301533519000145, 19.752932310000119 ], [ 99.301428019000127, 19.752922502 ], [ 99.301317271000016, 19.752922689000115 ], [ 99.301164331000166, 19.752922946000069 ], [ 99.301032511000074, 19.752938146000076 ], [ 99.300932413000169, 19.752993240000023 ], [ 99.300848177000148, 19.753073271000119 ], [ 99.300790289000133, 19.75313828100019 ], [ 99.300721860000067, 19.75320830000004 ], [ 99.300606002000052, 19.753298371000142 ], [ 99.300516422000101, 19.753338469000084 ], [ 99.300421512000071, 19.753348614000117 ], [ 99.300300249000088, 19.753368789000092 ], [ 99.300189659000182, 19.753453858000114 ], [ 99.300031644000171, 19.753563974000144 ], [ 99.299926244000119, 19.753604098000096 ], [ 99.299768046, 19.753614348000042 ], [ 99.299667784000064, 19.753584553000167 ], [ 99.299588611000161, 19.753549738000061 ], [ 99.299440858000139, 19.753505044000065 ], [ 99.299308891000123, 19.753440353000144 ], [ 99.299182246000044, 19.753400622000129 ], [ 99.299082038999984, 19.753400789000068 ], [ 99.298971272000188, 19.753390988000035 ], [ 99.298876362000158, 19.753401132000022 ], [ 99.298797288000173, 19.753421236000065 ], [ 99.298681312000156, 19.753446394000036 ], [ 99.298612768000169, 19.75345649500008 ], [ 99.29853361500011, 19.75343166100015 ], [ 99.298422884000104, 19.753441832000192 ], [ 99.29833332700008, 19.753496907 ], [ 99.298285994000139, 19.753566891000105 ], [ 99.298228167000048, 19.753666849000069 ], [ 99.298159765000094, 19.753751851000175 ], [ 99.298038686000098, 19.753871885000137 ], [ 99.297991335000177, 19.753931882000018 ], [ 99.297843852000142, 19.754031993000069 ], [ 99.297680430000128, 19.754072207000036 ], [ 99.29760660200003, 19.754072330000099 ], [ 99.297511613000097, 19.754042532000142 ], [ 99.297416591000058, 19.753992756000116 ], [ 99.297337436000191, 19.753967923000118 ], [ 99.297200315000111, 19.753968150000048 ], [ 99.297084334000033, 19.753993308000133 ], [ 99.297015885000121, 19.754053341000031 ], [ 99.296989646000156, 19.754123288000073 ], [ 99.296984483000188, 19.754183215000126 ], [ 99.297000442000183, 19.754258087000096 ], [ 99.29700587300016, 19.75434296100002 ], [ 99.296995474000141, 19.754422868000177 ], [ 99.296921778000069, 19.754497888000174 ], [ 99.296858601000054, 19.754557912000166 ], [ 99.296753291000073, 19.754647962000149 ], [ 99.296727051, 19.754717910000068 ], [ 99.296716652000157, 19.754797822000114 ], [ 99.296701022000093, 19.754902702000095 ], [ 99.296664235000151, 19.754972666000185 ], [ 99.296616878000066, 19.755032665000101 ], [ 99.296537872000101, 19.755087721 ], [ 99.296453536000058, 19.75511282500014 ], [ 99.296348083000112, 19.755127978000075 ], [ 99.296226804000128, 19.755138165000119 ], [ 99.296137148000128, 19.755138313000145 ], [ 99.296021101000065, 19.755128519000039 ], [ 99.295915606000108, 19.755118708 ], [ 99.29581005100016, 19.755078940000089 ], [ 99.295720387000017, 19.755074095000111 ], [ 99.29553579700007, 19.755074400000069 ], [ 99.295430320000094, 19.755074574000105 ], [ 99.295287924000036, 19.755074809 ], [ 99.295182429000135, 19.75506499200003 ], [ 99.295050570000114, 19.755060218000153 ], [ 99.294945020000114, 19.755020448000039 ], [ 99.29484999400006, 19.754970670000034 ], [ 99.294712763000177, 19.754910979000158 ], [ 99.294607260000021, 19.754896174000066 ], [ 99.294433252000033, 19.754916431000083 ], [ 99.29425933400006, 19.754981628000053 ], [ 99.294085435000113, 19.755056813000124 ], [ 99.293906327000059, 19.755171950000147 ], [ 99.293742956000131, 19.755237131000115 ], [ 99.293558567000048, 19.755347281000184 ], [ 99.293379364000032, 19.755407493000178 ], [ 99.293289708000088, 19.755407640000101 ], [ 99.293221147, 19.75540775200011 ], [ 99.293120835000082, 19.755347998000161 ], [ 99.293057439000165, 19.755288187000076 ], [ 99.292967717000181, 19.755253380000113 ], [ 99.292909684999984, 19.755243489000122 ], [ 99.292814815000156, 19.755278593000185 ], [ 99.292762188000154, 19.75533859899997 ], [ 99.292693754000197, 19.755408615000078 ], [ 99.292598934000125, 19.755468688000178 ], [ 99.292498863000105, 19.755543751000118 ], [ 99.292356620000191, 19.755628865 ], [ 99.292245942000079, 19.755668992000039 ], [ 99.292129940000052, 19.755684160999976 ], [ 99.292040293000184, 19.755689300000142 ], [ 99.291940091000072, 19.755689463000067 ], [ 99.291839883000137, 19.755689627000095 ], [ 99.291744935000111, 19.755679796000095 ], [ 99.291618295000092, 19.755645049000123 ], [ 99.291523303000076, 19.755610252000167 ], [ 99.291428373000201, 19.75561040700012 ], [ 99.291280690000121, 19.755605654000135 ], [ 99.291112005000116, 19.755650870000181 ], [ 99.290964399000188, 19.755686059000141 ], [ 99.290779884000074, 19.755726305999985 ], [ 99.290663911000195, 19.755756452000185 ], [ 99.290579536000052, 19.755761580000069 ], [ 99.29048460700011, 19.755761734000089 ], [ 99.29037385100014, 19.755761914000118 ], [ 99.290284150000105, 19.755737097000122 ], [ 99.290194404000147, 19.755687309000052 ], [ 99.290134268000145, 19.755649586000061 ], [ 99.290014571000086, 19.755563234000192 ], [ 99.289873802999978, 19.755490228000042 ], [ 99.289719026000057, 19.755450531 ], [ 99.289634620000186, 19.755437357000176 ], [ 99.28948694900015, 19.755437596000093 ], [ 99.28936042100014, 19.755464428000039 ], [ 99.289138124000146, 19.75551222200005 ], [ 99.289001081000094, 19.755557382000063 ], [ 99.288853410000058, 19.75555762099998 ], [ 99.28869510300018, 19.755507944000044 ], [ 99.288568455000188, 19.755468204000124 ], [ 99.288283527000033, 19.755393767000101 ], [ 99.288146284000163, 19.755324081000026 ], [ 99.287892972000122, 19.755234614000187 ], [ 99.287718915000028, 19.755224902000066 ], [ 99.287565954000115, 19.755215164000163 ], [ 99.287407754000128, 19.755225402000121 ], [ 99.287281222000161, 19.755250575000161 ], [ 99.287175772000126, 19.75526572299998 ], [ 99.287007048000191, 19.755290957000113 ], [ 99.28686992400003, 19.755291177000174 ], [ 99.286722121000196, 19.755216517 ], [ 99.286605910000048, 19.755111849000059 ], [ 99.286494986000093, 19.75501715300004 ], [ 99.286378792999983, 19.75492247000011 ], [ 99.286283752000031, 19.754862702000139 ], [ 99.286167630000193, 19.754807962000029 ], [ 99.286067334000109, 19.754758194000033 ], [ 99.285961804000067, 19.754728402000069 ], [ 99.285829919000093, 19.754708641000093 ], [ 99.28568221400019, 19.754688900000133 ], [ 99.285582020000049, 19.754694052000048 ], [ 99.285446812000089, 19.754670152000187 ], [ 99.285333221000201, 19.754670333000149 ], [ 99.285219617, 19.754661161000058 ], [ 99.285051685000155, 19.754652081000017 ], [ 99.284967698000059, 19.754633507999984 ], [ 99.284859041, 19.754629005000083 ], [ 99.284750416000179, 19.754643207000186 ], [ 99.28464677900007, 19.754685452000047 ], [ 99.28457275500017, 19.754718301000025 ], [ 99.284464152000112, 19.754741852000109 ], [ 99.284380204000115, 19.75474666100007 ], [ 99.284291307000103, 19.75474680200017 ], [ 99.284182657000201, 19.754746975000046 ], [ 99.284088833000055, 19.754751801000111 ], [ 99.284029617000158, 19.754779950000056 ], [ 99.283970428000146, 19.754822124000157 ], [ 99.283965645000194, 19.754910968000047 ], [ 99.283975614000042, 19.754962386000045 ], [ 99.284034963000067, 19.755009053000094 ], [ 99.284099303000062, 19.755088434000186 ], [ 99.284089536000067, 19.755149236000022 ], [ 99.284010626000111, 19.755210143 ], [ 99.283936567000069, 19.755224291000104 ], [ 99.28377361600019, 19.75523857800016 ], [ 99.283660073000135, 19.755262137000045 ], [ 99.283566376000124, 19.755341769000097 ], [ 99.283487368000124, 19.755346570000029 ], [ 99.283432971000138, 19.755304576000128 ], [ 99.283398288000058, 19.755243845000166 ], [ 99.283398139000099, 19.75515968000019 ], [ 99.283397949000118, 19.755052142000181 ], [ 99.283387961000187, 19.754986696000117 ], [ 99.283368098000039, 19.754925944000036 ], [ 99.283338376000074, 19.75487455800004 ], [ 99.283224686000096, 19.754818629000113 ], [ 99.283106113000144, 19.754790760000049 ], [ 99.282943006000039, 19.754716206000126 ], [ 99.282834267000169, 19.754664945000059 ], [ 99.282710756000199, 19.754641763000052 ], [ 99.282542789000047, 19.754609296000126 ], [ 99.282439012000054, 19.754572056000086 ], [ 99.28233033000015, 19.754553526000166 ], [ 99.282241399000156, 19.75453496 ], [ 99.282192015000135, 19.754535038000029 ], [ 99.282058631000154, 19.754511870000044 ], [ 99.28199439500014, 19.754493269000022 ], [ 99.281935077000014, 19.754460631000029 ], [ 99.28189052800019, 19.754404595000153 ], [ 99.281880588000035, 19.754367203000072 ], [ 99.281840954000131, 19.75429713200009 ], [ 99.281776500000149, 19.754152282000177 ], [ 99.281687422000061, 19.75404955800019 ], [ 99.281608292000101, 19.753984222000099 ], [ 99.281509478000089, 19.753960998000139 ], [ 99.28141563500003, 19.753956473000017 ], [ 99.281331671000032, 19.753951929000038 ], [ 99.281208215000106, 19.753956799000036 ], [ 99.281025520000185, 19.753975789000037 ], [ 99.280842834000168, 19.75399945200013 ], [ 99.280724347000046, 19.754023017 ], [ 99.280610871000079, 19.75408865300011 ], [ 99.280566515000146, 19.754140156000062 ], [ 99.280541970000172, 19.754224358999977 ], [ 99.280551947000163, 19.754280450000124 ], [ 99.28054225600016, 19.754388012000106 ], [ 99.280547352000042, 19.754476841000098 ], [ 99.280547491000164, 19.754556328000035 ], [ 99.280532802000096, 19.754631163000056 ], [ 99.280503268000132, 19.754687316 ], [ 99.280483646000107, 19.754762161000087 ], [ 99.280434440000136, 19.754865101000064 ], [ 99.280306380000184, 19.755061684999987 ], [ 99.280227565000132, 19.755178701000091 ], [ 99.28014871900001, 19.755277014000114 ], [ 99.280040337000116, 19.75543148200012 ], [ 99.279956624000192, 19.755571884 ], [ 99.279862956000102, 19.755665548000138 ], [ 99.279793909000148, 19.755721762000178 ], [ 99.279709952000076, 19.7557218930001 ], [ 99.279586406000135, 19.755675329000155 ], [ 99.27948262100017, 19.755633411000076 ], [ 99.279418360000079, 19.75560077900019 ], [ 99.279363937000085, 19.755544755000187 ], [ 99.279329215000075, 19.75545597200005 ], [ 99.279294505000053, 19.755376538 ], [ 99.279230178000148, 19.755306505000192 ], [ 99.279190608000079, 19.755269162000047 ], [ 99.279121419000091, 19.755241215000126 ], [ 99.27903742500007, 19.755222640000056 ], [ 99.278953471000079, 19.755222770999978 ], [ 99.2788744610001, 19.755227570000159 ], [ 99.27881526200008, 19.75526507100011 ], [ 99.278785718000165, 19.755316550000032 ], [ 99.278785961000096, 19.755456819000187 ], [ 99.278766379000047, 19.755555039000114 ], [ 99.278741799000159, 19.755620537000027 ], [ 99.278717206000181, 19.75567668399998 ], [ 99.278662968000106, 19.755728201000068 ], [ 99.278618575000053, 19.755761003000146 ], [ 99.27857417000007, 19.755784450000192 ], [ 99.278509960000065, 19.755779872000176 ], [ 99.278435845000047, 19.755761287000155 ], [ 99.278332084000112, 19.755733393000128 ], [ 99.278238188000159, 19.755696135000107 ], [ 99.278124598000147, 19.755696311000122 ], [ 99.278001140000072, 19.755701176000059 ], [ 99.277922134999983, 19.755710652000118 ], [ 99.277828383000042, 19.755757555 ], [ 99.277700101000107, 19.755827888000056 ], [ 99.277581688000168, 19.755893535000098 ], [ 99.277458301000195, 19.755940482000142 ], [ 99.277310215000171, 19.755982792000111 ], [ 99.277162164000117, 19.756048484000189 ], [ 99.277019059000054, 19.756114165000042 ], [ 99.276875933000156, 19.756170495000106 ], [ 99.27664397, 19.756259691000025 ], [ 99.276619151000034, 19.756271956000035 ], [ 99.276520607000066, 19.756320668000171 ], [ 99.276387400000146, 19.75640036100009 ], [ 99.276254223000194, 19.756498757000088 ], [ 99.276116081000168, 19.756578457000103 ], [ 99.275928564000196, 19.75666758400007 ], [ 99.275770627000156, 19.756728614000167 ], [ 99.275642261000201, 19.756752190000157 ], [ 99.275454607000142, 19.756761827000162 ], [ 99.275360775000195, 19.756761972000106 ], [ 99.275232337000034, 19.756743467000035 ], [ 99.275113710000085, 19.756687540000144 ], [ 99.274935782999989, 19.756608325000059 ], [ 99.274733130000186, 19.75651044600005 ], [ 99.274658959000192, 19.756459126999971 ], [ 99.274606825000149, 19.756409928999972 ], [ 99.274584759999982, 19.756389106000142 ], [ 99.274480784000104, 19.756234969000104 ], [ 99.274406465000084, 19.756094809000047 ], [ 99.274337192000132, 19.756020104000186 ], [ 99.27422350300003, 19.755959491000056 ], [ 99.274124715000028, 19.755950295000162 ], [ 99.274055588000124, 19.755959749000056 ], [ 99.273991496000122, 19.756025311000144 ], [ 99.273907677000011, 19.756104926000091 ], [ 99.27385847100004, 19.756212540000092 ], [ 99.273804353000173, 19.756334191000121 ], [ 99.27376996900017, 19.756441787000142 ], [ 99.273758235000116, 19.756481712000152 ], [ 99.273735595000176, 19.756558736000159 ], [ 99.273681421000163, 19.756647655000108 ], [ 99.273656895000045, 19.756745883000065 ], [ 99.273622451000051, 19.756820748000166 ], [ 99.27353370100019, 19.756905046000043 ], [ 99.273435050999979, 19.756980009000074 ], [ 99.273365982000087, 19.757022194000115 ], [ 99.273282096000059, 19.757064408000076 ], [ 99.273178391000101, 19.757069238000099 ], [ 99.273114155000087, 19.757050635000098 ], [ 99.272926370000107, 19.756980785000167 ], [ 99.272797833000197, 19.756906169000047 ], [ 99.272649579000188, 19.756850286000088 ], [ 99.272526025000104, 19.756799041000022 ], [ 99.272397577000163, 19.756775857999969 ], [ 99.272338315000013, 19.756775947999984 ], [ 99.272239546000094, 19.756780776000028 ], [ 99.272155577000035, 19.756771550000167 ], [ 99.27206161200013, 19.756696882000028 ], [ 99.272055881000085, 19.756691473000046 ], [ 99.271987415000126, 19.756626857000185 ], [ 99.271780680000177, 19.756550025000024 ], [ 99.271596199000101, 19.756487959000083 ], [ 99.271405193000078, 19.756463313000154 ], [ 99.271273506000114, 19.756469747000153 ], [ 99.271214305000115, 19.75650723900003 ], [ 99.271102560000031, 19.756625864 ], [ 99.271003989000121, 19.756744464000064 ], [ 99.270951486000115, 19.756850529000019 ], [ 99.270887601000084, 19.756948584000043 ], [ 99.270866108000178, 19.756981574000122 ], [ 99.270767509999985, 19.757087707000096 ], [ 99.270695193000165, 19.757156397000131 ], [ 99.27060321099998, 19.757281222000074 ], [ 99.270478340000068, 19.757424799000148 ], [ 99.270366662000072, 19.757580826000151 ], [ 99.270241745000135, 19.757699467000123 ], [ 99.270136469000079, 19.75774949900017 ], [ 99.270024536000165, 19.757755902999975 ], [ 99.269912591000036, 19.757756072000063 ], [ 99.269840094000187, 19.757718773000136 ], [ 99.269780745000162, 19.757668989000081 ], [ 99.269714804000103, 19.757612978000168 ], [ 99.269615903000044, 19.75753831500009 ], [ 99.269510472000093, 19.757494835000045 ], [ 99.269398485000124, 19.757470067000156 ], [ 99.26925365600016, 19.757495221000113 ], [ 99.269128618000138, 19.757539048000069 ], [ 99.269029945000057, 19.757601542000089 ], [ 99.268964223000125, 19.757676452000055 ], [ 99.268852424000158, 19.757763899000111 ], [ 99.268727383000055, 19.757807729000035 ], [ 99.268641788000139, 19.757814089000192 ], [ 99.268562779000092, 19.757820443000185 ], [ 99.268457377000061, 19.75779566500006 ], [ 99.268365072000165, 19.757727225999986 ], [ 99.268213495000168, 19.757652641000163 ], [ 99.268127810000067, 19.757602895000105 ], [ 99.268015854000055, 19.757596828000032 ], [ 99.26791707600006, 19.757596976000059 ], [ 99.267844675, 19.757615786000031 ], [ 99.267772324000134, 19.757665768000095 ], [ 99.267693421000104, 19.757734466000102 ], [ 99.267621112000086, 19.757809386000076 ], [ 99.267509291000181, 19.757884365000109 ], [ 99.267377623000073, 19.757903263000117 ], [ 99.267232762000106, 19.757909716000029 ], [ 99.267094457000098, 19.757897451000133 ], [ 99.266936418000114, 19.757897686999968 ], [ 99.266705987000137, 19.757922968000059 ], [ 99.266554674000133, 19.758010475000106 ], [ 99.266377037000098, 19.758104252000123 ], [ 99.266225678000069, 19.75816058800018 ], [ 99.266087433000109, 19.758185732000129 ], [ 99.265936011000178, 19.758204658000068 ], [ 99.265764830000137, 19.75822361400003 ], [ 99.265580451000062, 19.758223887000156 ], [ 99.265475093000077, 19.758224044000087 ], [ 99.265317032000041, 19.758211812000127 ], [ 99.265198439000073, 19.758174579000183 ], [ 99.265073305000044, 19.758162298000116 ], [ 99.26498760700008, 19.758106314000088 ], [ 99.264855733000161, 19.758000527000149 ], [ 99.264824983000096, 19.757977550000135 ], [ 99.264697498000146, 19.757882309000138 ], [ 99.264506342000118, 19.757764141000109 ], [ 99.264334917000042, 19.757633474000045 ], [ 99.264229433000196, 19.757558817000188 ], [ 99.264097591000109, 19.757471734000035 ], [ 99.264018469000177, 19.757409505000112 ], [ 99.263965738000138, 19.757378410000115 ], [ 99.2638801330001, 19.75737853600009 ], [ 99.263801145000116, 19.757397359000151 ], [ 99.263709101000131, 19.757484773000101 ], [ 99.263610548000088, 19.757622070000025 ], [ 99.263465979000102, 19.757803080000087 ], [ 99.26336073300007, 19.757871810000097 ], [ 99.263248900000178, 19.757940554000072 ], [ 99.263156738000191, 19.757959393000135 ], [ 99.263025049000191, 19.757965822000017 ], [ 99.2628669300002, 19.757916179000119 ], [ 99.262649537000073, 19.757860389000086 ], [ 99.262491383000111, 19.757792044000041 ], [ 99.262352989000192, 19.757723671000178 ], [ 99.262194837000095, 19.757655322000119 ], [ 99.262036703000149, 19.757599448000121 ], [ 99.261944516000085, 19.757599583 ], [ 99.261852329000192, 19.757599718000108 ], [ 99.26176019899998, 19.757637257000113 ], [ 99.261641780000048, 19.757706006000035 ], [ 99.261562841, 19.757755994000092 ], [ 99.261444486000073, 19.757862151999973 ], [ 99.261286581000093, 19.757943429000022 ], [ 99.261069386000145, 19.758012323000059 ], [ 99.26087189600014, 19.758050019000166 ], [ 99.260806080000179, 19.758068818000027 ], [ 99.260674431000041, 19.758100180000156 ], [ 99.26050986700011, 19.758137824000073 ], [ 99.26039804200019, 19.758212799000148 ], [ 99.260325751000153, 19.758300185000053 ], [ 99.260233750999987, 19.758418771000095 ], [ 99.26014834700004, 19.75854358100014 ], [ 99.259917527000141, 19.758727550000174 ], [ 99.25977162300012, 19.758760006000045 ], [ 99.259674342000153, 19.758773965000046 ], [ 99.259567329000106, 19.758787937000136 ], [ 99.259431113, 19.758792742000082 ], [ 99.259314335000113, 19.758783699000105 ], [ 99.259158619000061, 19.758765497000013 ], [ 99.258925048000151, 19.758738199999982 ], [ 99.258769364000102, 19.758738425000104 ], [ 99.258623398000054, 19.758734028 ], [ 99.258462839, 19.758729656000185 ], [ 99.258385020000048, 19.758743586000094 ], [ 99.258219748000101, 19.758831343000168 ], [ 99.258132334000152, 19.758932803 ], [ 99.258054632000096, 19.759020428000099 ], [ 99.257947768000122, 19.759126521000042 ], [ 99.25783607000011, 19.759251048000124 ], [ 99.25777783400008, 19.759343253000054 ], [ 99.257719633000193, 19.759453880000081 ], [ 99.257656586, 19.759578337000164 ], [ 99.257598365000092, 19.759679754000103 ], [ 99.257491403000131, 19.759725970000034 ], [ 99.257350326000108, 19.759735381000155 ], [ 99.257204418000072, 19.75976323000009 ], [ 99.257131506000121, 19.759804786000132 ], [ 99.257078104000129, 19.75987856200004 ], [ 99.257015012000068, 19.759975379000139 ], [ 99.256976260000044, 19.76008137600013 ], [ 99.256922987000166, 19.760233450000101 ], [ 99.256889196000145, 19.760399317 ], [ 99.256826140000044, 19.760519168000087 ], [ 99.256753345000163, 19.760634426000024 ], [ 99.256696064000153, 19.76072652 ], [ 99.256690261000074, 19.76073585000006 ], [ 99.256631958000128, 19.760786600000188 ], [ 99.256563909000135, 19.760828152000101 ], [ 99.25648121800009, 19.760837480000134 ], [ 99.256427668000129, 19.760819135000133 ], [ 99.256370102000176, 19.760789893000037 ], [ 99.256364371000132, 19.760786983000116 ], [ 99.256286402000171, 19.760708789000034 ], [ 99.256140239000047, 19.760580029000039 ], [ 99.256038894000085, 19.760476540000127 ], [ 99.255877288000079, 19.760378505000062 ], [ 99.255646705000061, 19.76042250800009 ], [ 99.255358416000092, 19.760433837000051 ], [ 99.255219959000101, 19.76039036300017 ], [ 99.255023734000133, 19.760281460000158 ], [ 99.254804653000065, 19.76030361 ], [ 99.25456254400018, 19.76034762800009 ], [ 99.254378079999981, 19.760380641999973 ], [ 99.254182063000201, 19.760402757000122 ], [ 99.254009147000147, 19.760446673000047 ], [ 99.253813218000175, 19.760523380000109 ], [ 99.253640419000192, 19.760643726000069 ], [ 99.253502272, 19.760796775000074 ], [ 99.253387139000154, 19.76091703700007 ], [ 99.253179776000138, 19.761059264000039 ], [ 99.253052941000078, 19.761070361000122 ], [ 99.252868489000093, 19.761114295000027 ], [ 99.252614739000194, 19.761092816000144 ], [ 99.252441684000189, 19.761049390000096 ], [ 99.252280131000077, 19.760984105000091 ], [ 99.252176233000171, 19.760918747 ], [ 99.252083943000173, 19.760897040000089 ], [ 99.25196854800015, 19.760853532000056 ], [ 99.251918507000141, 19.760887377000074 ], [ 99.251847362000035, 19.761022588000174 ], [ 99.251789163000126, 19.761139358000094 ], [ 99.251730991000102, 19.761274550000053 ], [ 99.251672804000179, 19.761397461 ], [ 99.251627594000183, 19.761526495000055 ], [ 99.251588875000039, 19.761655518000168 ], [ 99.251576191000083, 19.761839780000116 ], [ 99.251537472000166, 19.761968803000059 ], [ 99.251505249000047, 19.762103959000058 ], [ 99.251453600000161, 19.762263713000095 ], [ 99.25136298700005, 19.762392810000051 ], [ 99.251220443000136, 19.762503554000148 ], [ 99.251038966000124, 19.762608215 ], [ 99.250844454, 19.762669901000152 ], [ 99.25057207500015, 19.762719413000127 ], [ 99.250358086000119, 19.762774986000068 ], [ 99.250163513000075, 19.762799820000168 ], [ 99.250007850000088, 19.76281846500018 ], [ 99.249800333000053, 19.762861742000098 ], [ 99.249631764000071, 19.762923396000076 ], [ 99.249495709000087, 19.763034129000062 ], [ 99.249443977000055, 19.763138605 ], [ 99.24933391400009, 19.763280012000109 ], [ 99.249204399000121, 19.763427585000102 ], [ 99.249081330000138, 19.763544444000104 ], [ 99.248964655000179, 19.763606021000157 ], [ 99.248789198000168, 19.763638680000099 ], [ 99.248293468000156, 19.763619396000081 ], [ 99.248247127000127, 19.763617596000131 ], [ 99.248062659000141, 19.763650605000123 ], [ 99.247762861000069, 19.763683775000175 ], [ 99.247566857000152, 19.763716799000065 ], [ 99.247440115000188, 19.763793405 ], [ 99.247371055000144, 19.763880841000173 ], [ 99.247221549000187, 19.764154002000112 ], [ 99.247025964000102, 19.764459975000079 ], [ 99.246818596000139, 19.764602199000137 ], [ 99.246472668000138, 19.764635430000169 ], [ 99.246218746000068, 19.76450476399998 ], [ 99.245976276000079, 19.764319489 ], [ 99.24580301900005, 19.76414503899997 ], [ 99.245525765000025, 19.763839712000049 ], [ 99.245063843000196, 19.763436374000037 ], [ 99.244751879000148, 19.763054668000109 ], [ 99.24450924700011, 19.762760209000135 ], [ 99.244370527, 19.762542040000142 ], [ 99.244070065000017, 19.762138480000147 ], [ 99.243815669000128, 19.761691186000064 ], [ 99.243769093000196, 19.761396456 ], [ 99.243572228000119, 19.760861737000084 ], [ 99.243436623000036, 19.760693014000083 ], [ 99.243318032000047, 19.76054545900007 ], [ 99.242960295000046, 19.760393091000026 ], [ 99.242187264000108, 19.760153943000148 ], [ 99.241841082000064, 19.760012473000188 ], [ 99.241126006000059, 19.75996976700003 ], [ 99.24061843700008, 19.759872187000099 ], [ 99.240237625000191, 19.759708924 ], [ 99.239880025000105, 19.759643896000171 ], [ 99.239510843000119, 19.759546127000135 ], [ 99.239060838000057, 19.759382957000128 ], [ 99.238772532000041, 19.759383342000092 ], [ 99.23839126300004, 19.759471604000112 ], [ 99.237906512000166, 19.759845339000037 ], [ 99.237720642000056, 19.759997586999987 ], [ 99.237520157000063, 19.760136036000176 ], [ 99.237403527000197, 19.760226008000188 ], [ 99.237308759000143, 19.76029867800014 ], [ 99.237111853000044, 19.760388760000126 ], [ 99.236980551000158, 19.760430386000053 ], [ 99.236838357000124, 19.760506575000022 ], [ 99.236736234000148, 19.76054125800016 ], [ 99.236656035000124, 19.760593180000171 ], [ 99.236605050000094, 19.76065888300019 ], [ 99.236554092000176, 19.760745316000168 ], [ 99.236521342000117, 19.760807542000123 ], [ 99.236481337999976, 19.760897412000133 ], [ 99.236434054000142, 19.761001110000166 ], [ 99.236412289000043, 19.761087504000045 ], [ 99.23640143200015, 19.761149701000136 ], [ 99.236397852000039, 19.7611946130001 ], [ 99.236445369000137, 19.761253278000083 ], [ 99.236489216000109, 19.7612912190001 ], [ 99.236514809000198, 19.761325733000149 ], [ 99.236533107000128, 19.761360252000031 ], [ 99.236540460000072, 19.761398244000191 ], [ 99.2365352340002, 19.761489405000191 ], [ 99.236465239000154, 19.761555856000086 ], [ 99.236361866000038, 19.761622349000163 ], [ 99.23620844900006, 19.761701549000122 ], [ 99.23604169400005, 19.761790248000125 ], [ 99.235931641000093, 19.761856752000085 ], [ 99.235848265000129, 19.761901100000046 ], [ 99.235791578000146, 19.761939094000184 ], [ 99.235751549000099, 19.761954948000039 ], [ 99.23570481400003, 19.761951851000049 ], [ 99.235648062000166, 19.761945605000051 ], [ 99.235617977000061, 19.761914042000058 ], [ 99.235517708000032, 19.761819378000041 ], [ 99.235427449000099, 19.761724699000069 ], [ 99.235330558000157, 19.76165846900011 ], [ 99.235220264000077, 19.761560654000107 ], [ 99.235153466999975, 19.761529145000054 ], [ 99.235106719000044, 19.761516564000033 ], [ 99.235063326000102, 19.761516621000112 ], [ 99.234973232000073, 19.761532541000179 ], [ 99.234879801000091, 19.76155162200007 ], [ 99.234786351000196, 19.761554906000185 ], [ 99.234666199000173, 19.761561381999968 ], [ 99.234532706000039, 19.761571034999974 ], [ 99.234422594000193, 19.761596462000057 ], [ 99.234322489000135, 19.76161239400011 ], [ 99.234205706000182, 19.761640984 ], [ 99.234088940000106, 19.761679056000162 ], [ 99.233988861000114, 19.761713948000022 ], [ 99.233928811999988, 19.761736145000157 ], [ 99.233882122000068, 19.761761486000012 ], [ 99.233845464000012, 19.761802611000121 ], [ 99.233798821000164, 19.761859551000043 ], [ 99.233768860999987, 19.761916467000162 ], [ 99.233752250000123, 19.761967049000077 ], [ 99.233722284000123, 19.762017646000061 ], [ 99.233695654000087, 19.762068241000122 ], [ 99.233645672000193, 19.762125185 ], [ 99.23361566900013, 19.762150504999966 ], [ 99.233582334000118, 19.762182146000043 ], [ 99.233545658000082, 19.762207473000046 ], [ 99.233482254000194, 19.762217038000074 ], [ 99.233368795000104, 19.762236144000042 ], [ 99.233258632000172, 19.762223646000052 ], [ 99.233198512000172, 19.762195289000147 ], [ 99.233128396000041, 19.762179579000076 ], [ 99.233064978000129, 19.762179662000165 ], [ 99.233021606000079, 19.762192355000082 ], [ 99.232951533000062, 19.762208248000036 ], [ 99.232854770000131, 19.762230497000189 ], [ 99.232811422999987, 19.762258988000156 ], [ 99.23274141800016, 19.762319119999972 ], [ 99.232691467000052, 19.762398185000052 ], [ 99.232634852000047, 19.76248673300006 ], [ 99.232604839000146, 19.762505732000136 ], [ 99.232581497000183, 19.762521564000053 ], [ 99.232531443000141, 19.762531108000132 ], [ 99.23249805800009, 19.762524830000132 ], [ 99.232447975000127, 19.762512258000129 ], [ 99.232384556000113, 19.762512341000047 ], [ 99.232351196000195, 19.762525021000044 ], [ 99.232307839999976, 19.762550359000045 ], [ 99.232261169000139, 19.762588336000078 ], [ 99.232214524000085, 19.762645276000171 ], [ 99.232181239999989, 19.762711681000042 ], [ 99.232164600000033, 19.762746459000084 ], [ 99.232144646000165, 19.762793883000086 ], [ 99.232151400000191, 19.762850757000024 ], [ 99.232158169000115, 19.762913947000072 ], [ 99.232151592000037, 19.762983471000155 ], [ 99.232124967000061, 19.763037225000176 ], [ 99.232111677000034, 19.763078322000069 ], [ 99.23206166600005, 19.763116305000153 ], [ 99.232011650000175, 19.763151129000164 ], [ 99.231978306000087, 19.763176453000142 ], [ 99.23190491400004, 19.763201828000035 ], [ 99.231844856000066, 19.763217704000056 ], [ 99.231804837000197, 19.763243036000063 ], [ 99.23178109700001, 19.763268740000058 ], [ 99.23178615400019, 19.763304285000061 ], [ 99.231773696000062, 19.763346959000046 ], [ 99.231733702000099, 19.763387300999966 ], [ 99.231701202000067, 19.763415783000028 ], [ 99.231643699000188, 19.763467996000031 ], [ 99.231593692000047, 19.763508347000084 ], [ 99.231556201000046, 19.763551058000132 ], [ 99.231536233000043, 19.763591371000189 ], [ 99.231531291000124, 19.763636409000185 ], [ 99.231533861000173, 19.763681430000076 ], [ 99.231541413000116, 19.763712231000056 ], [ 99.231551501000013, 19.763764357000127 ], [ 99.231566586000156, 19.763809369000114 ], [ 99.231579184000111, 19.763863858000093 ], [ 99.231601781000109, 19.763911227000165 ], [ 99.231606838000062, 19.7639467730001 ], [ 99.231606896000073, 19.763987063000059 ], [ 99.231606955000188, 19.764027349 ], [ 99.231597010000144, 19.764074765000032 ], [ 99.23156952700009, 19.764112719000138 ], [ 99.23154707000009, 19.764162518000091 ], [ 99.231537109000101, 19.764198078 ], [ 99.23153717100007, 19.76424073700008 ], [ 99.231542221000154, 19.764271542000074 ], [ 99.231542238000088, 19.764283388000138 ], [ 99.231537284000183, 19.764318947000163 ], [ 99.231517290000113, 19.764342671000179 ], [ 99.231459759000074, 19.764375923999978 ], [ 99.231427260000146, 19.76440440600004 ], [ 99.231422297000165, 19.764437591000046 ], [ 99.2314223690002, 19.764487360000146 ], [ 99.231437463000191, 19.764537108000184 ], [ 99.231437522000135, 19.764577398000142 ], [ 99.231437569000036, 19.764610576000052 ], [ 99.231422598000108, 19.764646148000168 ], [ 99.231387617000166, 19.764688850000141 ], [ 99.231327595000153, 19.764729216000092 ], [ 99.231300064000095, 19.764733995000029 ], [ 99.231252504000054, 19.764738797000064 ], [ 99.231217470000047, 19.764748321000184 ], [ 99.231189981000171, 19.764779164000117 ], [ 99.231174999000132, 19.764805253000077 ], [ 99.231155044, 19.764855046000037 ], [ 99.231140098000196, 19.764909576000093 ], [ 99.231135148000135, 19.764949873000148 ], [ 99.231110173000104, 19.764990191000095 ], [ 99.23107516500005, 19.765016309000146 ], [ 99.23103264100007, 19.765037694000057 ], [ 99.230987605999985, 19.765059080000015 ], [ 99.230897545000118, 19.7650994870001 ], [ 99.230827490000081, 19.765125644000022 ], [ 99.230762447000131, 19.765156540000078 ], [ 99.23070238400004, 19.765168464 ], [ 99.230659839000168, 19.765178002000084 ], [ 99.230594752000172, 19.765178086000105 ], [ 99.230512147000184, 19.765182929000048 ], [ 99.230397028000198, 19.765206781000074 ], [ 99.230314449000161, 19.76523058600003 ], [ 99.230236885000181, 19.765259125000171 ], [ 99.230161821000138, 19.765285288000086 ], [ 99.230111789000091, 19.765309051000031 ], [ 99.23007931300009, 19.765354124000112 ], [ 99.23005434900017, 19.765406295000048 ], [ 99.230039410000074, 19.765463192000084 ], [ 99.230052049000165, 19.765546125000071 ], [ 99.230069682000078, 19.765624312000057 ], [ 99.230097288000081, 19.765671675000192 ], [ 99.230157475000169, 19.7657450640001 ], [ 99.230212634, 19.765801874000033 ], [ 99.230302857000083, 19.765875227000151 ], [ 99.23036303900011, 19.765943876000051 ], [ 99.23040068600011, 19.766010185000141 ], [ 99.230423324000014, 19.766085994000093 ], [ 99.230418471000064, 19.766192648000015 ], [ 99.23039358900013, 19.766299329000049 ], [ 99.230291575000081, 19.766444949 ], [ 99.230167237000103, 19.766634707000094 ], [ 99.230087354000148, 19.766790697000033 ], [ 99.230003036000085, 19.766959338000049 ], [ 99.229972142000179, 19.767140544000142 ], [ 99.229981244000044, 19.767283785000132 ], [ 99.229990386999987, 19.767452301000048 ], [ 99.23003071800008, 19.767641847000107 ], [ 99.23006205900009, 19.76777241700006 ], [ 99.230178158000172, 19.768041914000094 ], [ 99.230240686, 19.768197724 ], [ 99.230249723000156, 19.768290404000027 ], [ 99.230231991000096, 19.76834098900008 ], [ 99.230214237000041, 19.768374714000117 ], [ 99.230165491000093, 19.768424677000041 ], [ 99.230110492999984, 19.768476887000134 ], [ 99.230062997000175, 19.768526720000068 ], [ 99.23002552600019, 19.768581278000113 ], [ 99.229988032000108, 19.768621612000118 ], [ 99.22994804200016, 19.768666694999979 ], [ 99.229898026000114, 19.768702309000105 ], [ 99.229848003000143, 19.768735549000041 ], [ 99.22981798700016, 19.76875217900016 ], [ 99.229752947000065, 19.768785440000158 ], [ 99.229705390000163, 19.76879261300013 ], [ 99.229656709000096, 19.768791238000119 ], [ 99.229544626000177, 19.768751255000097 ], [ 99.229417397000191, 19.768705557000033 ], [ 99.229287153000087, 19.768671328000096 ], [ 99.229150869000193, 19.768645704000107 ], [ 99.229069099000185, 19.768628610000121 ], [ 99.229023674000075, 19.768625803000191 ], [ 99.228963126, 19.768628746000161 ], [ 99.228905630000042, 19.768651751 ], [ 99.228851191000103, 19.768691948000026 ], [ 99.22880887700012, 19.768743598000071 ], [ 99.228778666000039, 19.768792363000102 ], [ 99.228748465000081, 19.768843995000111 ], [ 99.228718271999981, 19.768904223000106 ], [ 99.228672908000135, 19.768938679000144 ], [ 99.228579130000014, 19.768996125000058 ], [ 99.228452025000081, 19.769039279000083 ], [ 99.228355180000165, 19.769070934000126 ], [ 99.228291629000125, 19.769091081000113 ], [ 99.228215955999985, 19.769105505000084 ], [ 99.228134221000062, 19.769117077000146 ], [ 99.228028262000123, 19.769122945999982 ], [ 99.227907145000131, 19.769117366000103 ], [ 99.227807207000012, 19.769103161000032 ], [ 99.227740565000033, 19.769080314 ], [ 99.227689069, 19.769063183000128 ], [ 99.22761328200005, 19.768997356000114 ], [ 99.227555684000095, 19.768948702000159 ], [ 99.227489030000072, 19.768917257000112 ], [ 99.227452680999988, 19.768905836000158 ], [ 99.227392113000121, 19.768894450000118 ], [ 99.227343679000057, 19.768903109 ], [ 99.227292228000124, 19.76891750700014 ], [ 99.227249868000172, 19.768937623000056 ], [ 99.227201463000199, 19.768966349000095 ], [ 99.22716215600002, 19.769000793000089 ], [ 99.227113771, 19.769043853000142 ], [ 99.227013943000145, 19.769107034000115 ], [ 99.226944361000051, 19.769144386 ], [ 99.226853566999978, 19.76917316700019 ], [ 99.22675671900015, 19.769199083 ], [ 99.226687149999975, 19.76924789800006 ], [ 99.226644822000026, 19.769290947000115 ], [ 99.226608570000053, 19.769351186000051 ], [ 99.226590483000052, 19.76940567000014 ], [ 99.226572418000103, 19.769477347000134 ], [ 99.226578591000134, 19.769560464000165 ], [ 99.226602948000107, 19.769657887000108 ], [ 99.226632701000199, 19.769765144000019 ], [ 99.226668724000092, 19.769870982999976 ], [ 99.226668794000091, 19.769920428000091 ], [ 99.226648446000183, 19.769980648000114 ], [ 99.226625793000153, 19.770021520000114 ], [ 99.226582723000149, 19.770075316000089 ], [ 99.226553280000132, 19.770131246000119 ], [ 99.226546542000108, 19.770182851000015 ], [ 99.226544372000092, 19.770251642000119 ], [ 99.226537658000041, 19.770322595000039 ], [ 99.226496967000173, 19.770453779999968 ], [ 99.22645394400007, 19.770537670000181 ], [ 99.226426756000137, 19.770584998000174 ], [ 99.226404095000134, 19.77061727500012 ], [ 99.226401872, 19.770651672000042 ], [ 99.226401927000097, 19.770690369000135 ], [ 99.226406534000034, 19.770735506000051 ], [ 99.226406592000046, 19.770776352000041 ], [ 99.226393015999975, 19.770810764000032 ], [ 99.226374897000198, 19.770845180000038 ], [ 99.226343137000015, 19.770868871000118 ], [ 99.226300008000123, 19.77088182100016 ], [ 99.226259143, 19.770886174000054 ], [ 99.226209212000072, 19.770905582000069 ], [ 99.226186550000136, 19.770940008000082 ], [ 99.226152570000181, 19.770995944000106 ], [ 99.226139025, 19.771054005000167 ], [ 99.226123197000163, 19.771101316000113 ], [ 99.226102812000136, 19.77114218700018 ], [ 99.226062014000149, 19.77119383500019 ], [ 99.226016645000186, 19.771226136000109 ], [ 99.225980368000137, 19.771269175000043 ], [ 99.225957716000039, 19.771310049000022 ], [ 99.225937356000145, 19.771361667000065 ], [ 99.22590113200016, 19.771441256000173 ], [ 99.225883017000172, 19.771477823000055 ], [ 99.225844433000191, 19.771492917999979 ], [ 99.225814913000193, 19.771492955999975 ], [ 99.225769470000103, 19.771473665000087 ], [ 99.225655860000131, 19.771426513999984 ], [ 99.225551326000186, 19.771372904000032 ], [ 99.225417288000074, 19.771330079000109 ], [ 99.225337769000191, 19.771302234000188 ], [ 99.225230978000127, 19.77125722400001 ], [ 99.22516734400017, 19.771222905000116 ], [ 99.22507868800011, 19.771156379000104 ], [ 99.224990043000162, 19.771098447000099 ], [ 99.22485598500009, 19.771040572000061 ], [ 99.224781010000186, 19.771012719000112 ], [ 99.224706029000117, 19.770984866000049 ], [ 99.224624246000189, 19.770959174000041 ], [ 99.224571990000129, 19.770939891000125 ], [ 99.224478869000166, 19.770929259000184 ], [ 99.224408447000201, 19.770907848999968 ], [ 99.224319860000037, 19.770890762000079 ], [ 99.224253990000136, 19.770882246000099 ], [ 99.224215340000114, 19.770845753000174 ], [ 99.224178940000115, 19.770800652000105 ], [ 99.224128916000041, 19.770751274000077 ], [ 99.224087976000078, 19.770704030000104 ], [ 99.224047053000106, 19.770669683000165 ], [ 99.22399245500003, 19.770603113000163 ], [ 99.223944716000119, 19.770564478000097 ], [ 99.223885581000104, 19.770497910000074 ], [ 99.223801455000057, 19.770420622000074 ], [ 99.223733282000182, 19.770386313000188 ], [ 99.223685555000088, 19.770360578000066 ], [ 99.223640100000125, 19.77033268800011 ], [ 99.22360373000015, 19.770304786000111 ], [ 99.223569587000043, 19.770244638000065 ], [ 99.223535432000176, 19.770180185000186 ], [ 99.223492247000081, 19.770150146999981 ], [ 99.223433168000042, 19.770126571 ], [ 99.223324124000101, 19.770094465 ], [ 99.223230984, 19.770066633 ], [ 99.223140104000151, 19.770034500000122 ], [ 99.223060597000028, 19.770010953000053 ], [ 99.222990144000164, 19.769972344000109 ], [ 99.222915146000162, 19.769927295000059 ], [ 99.222853773000168, 19.769882227000039 ], [ 99.222787850000145, 19.769835011000055 ], [ 99.222721927000066, 19.769783500000131 ], [ 99.222676435000039, 19.769727665000062 ], [ 99.222644582000157, 19.769684711000025 ], [ 99.222595825000155, 19.769638538000038 ], [ 99.222580871000162, 19.769594503 ], [ 99.222567184000184, 19.7695472260001 ], [ 99.222539876000042, 19.769504266000126 ], [ 99.222510317000172, 19.769476353000016 ], [ 99.222460311000134, 19.769442020000099 ], [ 99.222435311000197, 19.769429155000012 ], [ 99.222412576000181, 19.769409836000136 ], [ 99.222392107000132, 19.7693840660001 ], [ 99.222371627000086, 19.769353995000017 ], [ 99.222357949000184, 19.769317466000132 ], [ 99.222346527000127, 19.769268035000039 ], [ 99.222341947000075, 19.769237942000132 ], [ 99.222328280000113, 19.769210014000123 ], [ 99.222305552000194, 19.769192845000191 ], [ 99.222265027000105, 19.769173908000141 ], [ 99.222183193000092, 19.769113815000026 ], [ 99.222131627000124, 19.769045090000134 ], [ 99.222092198000098, 19.768993544000125 ], [ 99.222049726000137, 19.76893340200013 ], [ 99.222013279000066, 19.768853191000176 ], [ 99.22197084000004, 19.768815985000117 ], [ 99.221910257000104, 19.768795998000144 ], [ 99.221819433, 19.768798974000049 ], [ 99.221758881000142, 19.768804780000153 ], [ 99.221698345000107, 19.768816322000021 ], [ 99.221652946000177, 19.768827841000189 ], [ 99.221598491000066, 19.768862308000109 ], [ 99.221547087000033, 19.768911100000082 ], [ 99.221504778, 19.768968477000101 ], [ 99.221435205000034, 19.769014425000023 ], [ 99.221389798000075, 19.76902021 ], [ 99.221338334999984, 19.769026007000093 ], [ 99.221286864000092, 19.769026071000098 ], [ 99.221223264000173, 19.769014687000038 ], [ 99.221165727000141, 19.769009025000059 ], [ 99.221083981000106, 19.769009126000185 ], [ 99.221008288000121, 19.769009219999987 ], [ 99.22095377800008, 19.769003552000072 ], [ 99.22090228400009, 19.768986418000054 ], [ 99.22085077700018, 19.768960687000174 ], [ 99.220790171000147, 19.768923498000049 ], [ 99.220768925000129, 19.768883396000092 ], [ 99.220711334999976, 19.768837609000116 ], [ 99.220653770000126, 19.76881188100009 ], [ 99.220599249000145, 19.76879475000004 ], [ 99.220535645000041, 19.768780494999987 ], [ 99.220438748000106, 19.76877488100007 ], [ 99.2202994700001, 19.768772189 ], [ 99.220193494000057, 19.768766585000094 ], [ 99.220123849000061, 19.76876094000005 ], [ 99.220069331000161, 19.768749540000044 ], [ 99.219951218000062, 19.768726754000113 ], [ 99.219860330000188, 19.768686738000156 ], [ 99.219823960000042, 19.76865812200009 ], [ 99.219784546000142, 19.768620907000127 ], [ 99.21975727, 19.768600879000076 ], [ 99.219720889000143, 19.768563659 ], [ 99.219648153000151, 19.768515021000042 ], [ 99.219529962000024, 19.768432046000044 ], [ 99.219463313000119, 19.768403463000084 ], [ 99.219396703000143, 19.768403545000069 ], [ 99.219342192000113, 19.768397881000169 ], [ 99.219284678000179, 19.768403681999985 ], [ 99.219227177000107, 19.768423819000134 ], [ 99.219193903000019, 19.768446790000041 ], [ 99.219157627000072, 19.768489829000089 ], [ 99.219115317000103, 19.768547206000164 ], [ 99.219076057000052, 19.768618911000146 ], [ 99.219048902000054, 19.768687733000149 ], [ 99.219003640000039, 19.768802443000027 ], [ 99.218985541000052, 19.768851192000056 ], [ 99.218973487000085, 19.768891335000092 ], [ 99.218970512000112, 19.768931467000073 ], [ 99.218969094000158, 19.768960500000048 ], [ 99.21896756600006, 19.768991662000133 ], [ 99.218967640000074, 19.76904612200002 ], [ 99.218946535000157, 19.769109208000089 ], [ 99.218934504000174, 19.769169413000043 ], [ 99.21889520100018, 19.769209588000081 ], [ 99.218825654000057, 19.769278467000163 ], [ 99.218741221000073, 19.769408349000059 ], [ 99.218676716000118, 19.769469575000187 ], [ 99.218585307000126, 19.769541028000162 ], [ 99.218488479000086, 19.769587007000098 ], [ 99.218386190000103, 19.769571843000108 ], [ 99.218289234000054, 19.769521006000105 ], [ 99.21825151500002, 19.769490476000044 ], [ 99.218197602000089, 19.769429394000156 ], [ 99.218065771000113, 19.769339583999965 ], [ 99.217947595000112, 19.769268071 ], [ 99.21785971900016, 19.769216585000038 ], [ 99.217774883000061, 19.769173696000109 ], [ 99.217668869000136, 19.769139430000109 ], [ 99.217556796000054, 19.769105168000124 ], [ 99.217459814000165, 19.769036497000059 ], [ 99.217390091000198, 19.768973524000103 ], [ 99.217274910000128, 19.768881943000054 ], [ 99.217174882000052, 19.768796073000033 ], [ 99.21709000900006, 19.768724519000159 ], [ 99.216992990999984, 19.768630048999967 ], [ 99.216905048000115, 19.768526967000184 ], [ 99.216771643000186, 19.76838954699997 ], [ 99.216717102000189, 19.768358083000066 ], [ 99.216665576000196, 19.768318017000126 ], [ 99.216614016000165, 19.768252156000074 ], [ 99.216541318000054, 19.76822931200013 ], [ 99.216477652000094, 19.768169195000041 ], [ 99.216335225000137, 19.76807764800003 ], [ 99.216225483000073, 19.767996114000027 ], [ 99.216191201000129, 19.767920651999987 ], [ 99.216126538000196, 19.767867228 ], [ 99.216009418000056, 19.767832975000147 ], [ 99.215892324000151, 19.76781400700014 ], [ 99.21581555500012, 19.767768239000077 ], [ 99.215779153000142, 19.76771477900013 ], [ 99.215758881000056, 19.767649834000167 ], [ 99.215726495000183, 19.767581079000081 ], [ 99.215641632000199, 19.76752003200005 ], [ 99.215576978000172, 19.76747043000006 ], [ 99.215528483000185, 19.767432268000107 ], [ 99.215488083000196, 19.767409390000182 ], [ 99.215395165000132, 19.767359817000056 ], [ 99.215181016000088, 19.767214846000059 ], [ 99.215104235000069, 19.767157615000031 ], [ 99.21503547400016, 19.767058332999966 ], [ 99.214998973000036, 19.766932257 ], [ 99.214982633000091, 19.76679087600013 ], [ 99.214990594000142, 19.766706788000135 ], [ 99.214966250000089, 19.766615093999974 ], [ 99.214913643999978, 19.76651961400006 ], [ 99.214844933000109, 19.766458549000106 ], [ 99.21475203500006, 19.766420443000129 ], [ 99.214630864000071, 19.766374725999981 ], [ 99.214562184000044, 19.76633659100014 ], [ 99.214360280000051, 19.766290971999979 ], [ 99.214259307000134, 19.766252875000134 ], [ 99.214170490000129, 19.766249163000168 ], [ 99.214101891000098, 19.766272172000015 ], [ 99.214021225000124, 19.766325776000031 ], [ 99.213928378, 19.766329706000022 ], [ 99.21383950000012, 19.766276308000045 ], [ 99.213754649000123, 19.766222908000032 ], [ 99.213653554000189, 19.766093087000058 ], [ 99.213564638000094, 19.766012935000163 ], [ 99.21345556000017, 19.765951917999985 ], [ 99.213334383000188, 19.765902381999979 ], [ 99.213233453000157, 19.765894856999978 ], [ 99.213080110000192, 19.765940902000182 ], [ 99.212967151000157, 19.765994539000076 ], [ 99.212898516000052, 19.765990799000122 ], [ 99.212850007000043, 19.765941176000183 ], [ 99.212817603000019, 19.76585713500009 ], [ 99.212777097000071, 19.765753996000171 ], [ 99.212756857000159, 19.765711981000152 ], [ 99.212700277000124, 19.765666190000161 ], [ 99.212643761000038, 19.765666257000078 ], [ 99.212575144000141, 19.765673980000088 ], [ 99.212490388000049, 19.765689370000132 ], [ 99.21242582800005, 19.765712374000088 ], [ 99.212357181000129, 19.765697169000134 ], [ 99.212280450000094, 19.765674329000035 ], [ 99.212223885000128, 19.765636180000172 ], [ 99.212183461000166, 19.76559418800008 ], [ 99.212147114000061, 19.765582769000105 ], [ 99.212058348000198, 19.765617267000096 ], [ 99.212029057000166, 19.765636527000083 ], [ 99.21187886000007, 19.765735315000086 ], [ 99.211400185000173, 19.766016143000058 ], [ 99.211217296000029, 19.76610808200013 ], [ 99.211061332000099, 19.766205085000081 ], [ 99.210975266000105, 19.766245949999984 ], [ 99.210916064000173, 19.766251116999968 ], [ 99.210883706000175, 19.766205294000031 ], [ 99.210851367000089, 19.766169664000074 ], [ 99.210738124000045, 19.766011832000174 ], [ 99.210651850000147, 19.765894728999967 ], [ 99.210527959000103, 19.765823538000063 ], [ 99.210393374000091, 19.765808410000034 ], [ 99.210258802000169, 19.765803471000083 ], [ 99.210118872000123, 19.765813825 ], [ 99.210016610000196, 19.765819042000032 ], [ 99.209925033000161, 19.765763099000083 ], [ 99.209784915000114, 19.76563077600008 ], [ 99.209628686000087, 19.765529045999983 ], [ 99.209489792000113, 19.765440489000071 ], [ 99.209373152000069, 19.765417979000119 ], [ 99.209268512000108, 19.765426596000054 ], [ 99.209089119999987, 19.765435298000057 ], [ 99.208960533000095, 19.765424124000049 ], [ 99.208891750000191, 19.765412882000192 ], [ 99.208807992000175, 19.765387503000113 ], [ 99.208751126000095, 19.765345110000055 ], [ 99.208691246000114, 19.765282908000074 ], [ 99.208655302000182, 19.765234827000086 ], [ 99.208643287000143, 19.765192377000119 ], [ 99.208631257000036, 19.765135781000083 ], [ 99.208619208000187, 19.765070688000094 ], [ 99.208613157000173, 19.765014084000029 ], [ 99.208604089000119, 19.764940493000097 ], [ 99.208604004, 19.764875392000079 ], [ 99.208594934000132, 19.764796139000055 ], [ 99.208573855999987, 19.764685770000028 ], [ 99.208540805000041, 19.764561257000139 ], [ 99.20850780100011, 19.764473548000069 ], [ 99.208414974000164, 19.764368919000049 ], [ 99.208337105000055, 19.764269933000037 ], [ 99.208232285000065, 19.764137013000038 ], [ 99.208172380000178, 19.764057826000112 ], [ 99.208085550000078, 19.763967345000026 ], [ 99.207950831000062, 19.763837289000094 ], [ 99.207866988000148, 19.763741144000051 ], [ 99.207828037000183, 19.76367891600006 ], [ 99.207810005000113, 19.763608170000055 ], [ 99.207800949000102, 19.763540241000044 ], [ 99.207800847000101, 19.76346098200014 ], [ 99.207803753000121, 19.763398706000146 ], [ 99.207797712000115, 19.763350592000052 ], [ 99.207767681000178, 19.76325155100011 ], [ 99.207728721000137, 19.763180828000031 ], [ 99.20768979900015, 19.763141247000078 ], [ 99.207644892000076, 19.763096006000126 ], [ 99.207614936000084, 19.763053580000189 ], [ 99.207614884000066, 19.763013954000087 ], [ 99.207620817000134, 19.762977144000047 ], [ 99.207662598000127, 19.762914822000084 ], [ 99.207704389000071, 19.762863820000121 ], [ 99.207716273000187, 19.762804362000168 ], [ 99.207707221000135, 19.762739270000111 ], [ 99.20769515000012, 19.762654364000184 ], [ 99.207674166000174, 19.762614758000097 ], [ 99.207644225000081, 19.762580823000064 ], [ 99.207617275000189, 19.762549718000059 ], [ 99.20759327900015, 19.762490301000014 ], [ 99.207584214000178, 19.762416712000061 ], [ 99.207584159000078, 19.762374256000101 ], [ 99.207605048000119, 19.76234309 ], [ 99.207649858000138, 19.762311902000079 ], [ 99.207724556000073, 19.7622721890001 ], [ 99.207787298000142, 19.762238146000016 ], [ 99.207838066000079, 19.762187133000168 ], [ 99.207861897000157, 19.762122003000115 ], [ 99.207894696000096, 19.762048365000055 ], [ 99.207882642000186, 19.761977614000159 ], [ 99.207846678000067, 19.761912550000091 ], [ 99.207750878000127, 19.761819247000119 ], [ 99.207532410000169, 19.761666642000023 ], [ 99.207379839000055, 19.76159888400008 ], [ 99.207245225000122, 19.761550918000182 ], [ 99.207146529000113, 19.761531219000062 ], [ 99.207023921000086, 19.761514376000036 ], [ 99.206883386000129, 19.761508876999983 ], [ 99.20679069900018, 19.76151181400013 ], [ 99.206718927000111, 19.761500577000049 ], [ 99.206647118000092, 19.761461029000145 ], [ 99.206596208000178, 19.761401643 ], [ 99.206539282000051, 19.761311126000066 ], [ 99.206473366000125, 19.761203636000062 ], [ 99.206428441000014, 19.761144245000025 ], [ 99.206359631000055, 19.761113188000024 ], [ 99.206260913000051, 19.761076503000083 ], [ 99.206135313000118, 19.761056829000097 ], [ 99.205961806000062, 19.760989094000081 ], [ 99.205854107000107, 19.760941097000114 ], [ 99.205743396000116, 19.760876119000045 ], [ 99.205641636000053, 19.760796976000165 ], [ 99.205497948000072, 19.760664101000089 ], [ 99.205429029000129, 19.760548119000077 ], [ 99.205342052000105, 19.76033874899997 ], [ 99.205273160000104, 19.76023975600009 ], [ 99.205198280000104, 19.760137938000184 ], [ 99.205135401000177, 19.760067241000115 ], [ 99.205063562000191, 19.760007880000046 ], [ 99.204997750000075, 19.759979647000137 ], [ 99.204911012000139, 19.759954272000073 ], [ 99.204845230000046, 19.759954347000189 ], [ 99.204791378000039, 19.759928933000026 ], [ 99.204668728000172, 19.759878120000167 ], [ 99.204599889000065, 19.759824415000082 ], [ 99.20455194800013, 19.759742378000112 ], [ 99.204509958000187, 19.759640522000041 ], [ 99.204462029000069, 19.759572642000137 ], [ 99.204417149000051, 19.759547219000069 ], [ 99.20432144300014, 19.759524682000063 ], [ 99.204237695000131, 19.759499301000176 ], [ 99.204037234000168, 19.75939479300007 ], [ 99.203899615000068, 19.759327014000064 ], [ 99.203785875000051, 19.759230900999967 ], [ 99.203705024000044, 19.759134750000101 ], [ 99.203672042000164, 19.759061191000171 ], [ 99.20365697800014, 19.758973456000092 ], [ 99.203659880000032, 19.75890268500018 ], [ 99.203647831000183, 19.758831929 ], [ 99.203629758000034, 19.758727219000036 ], [ 99.203566851000062, 19.75863387600009 ], [ 99.203468110000131, 19.758577376000176 ], [ 99.203357445000165, 19.758546365000029 ], [ 99.20325576800019, 19.758529496000108 ], [ 99.203118238000172, 19.758535314000085 ], [ 99.202992689000155, 19.758558099000084 ], [ 99.202870127000153, 19.758575221000115 ], [ 99.202789400000142, 19.758578146000048 ], [ 99.202720593000038, 19.758547087000068 ], [ 99.202669716000173, 19.758507514000087 ], [ 99.202594883000131, 19.758442493000132 ], [ 99.202496095000129, 19.758343529000115 ], [ 99.202373324000177, 19.75819930199998 ], [ 99.202172746000087, 19.757995719000121 ], [ 99.202037995000012, 19.757834527999989 ], [ 99.201933187000066, 19.757704432000082 ], [ 99.201873302000195, 19.75763656200013 ], [ 99.201846278000062, 19.757546011000045 ], [ 99.201822187000118, 19.757410164000078 ], [ 99.20180413200012, 19.75731394200011 ], [ 99.201783143000114, 19.757268677000184 ], [ 99.201750189000052, 19.757217759000071 ], [ 99.201687353000182, 19.757178203000137 ], [ 99.20156469900013, 19.75712172599998 ], [ 99.201373269000101, 19.757059666000032 ], [ 99.201280532000169, 19.757020140000122 ], [ 99.201205711000114, 19.756963613000153 ], [ 99.201127877000033, 19.7568844380001 ], [ 99.201094885000145, 19.756805217000192 ], [ 99.20104996200007, 19.756745826000156 ], [ 99.200999096000146, 19.756714742000099 ], [ 99.200933275000125, 19.756678019000162 ], [ 99.200876432000143, 19.756649774000039 ], [ 99.200834518000192, 19.756607360999965 ], [ 99.200720747000105, 19.75648294299998 ], [ 99.200672823000048, 19.756412228000102 ], [ 99.20064284200015, 19.756347155000128 ], [ 99.200633779000043, 19.756270737000023 ], [ 99.200669538000056, 19.756174453000028 ], [ 99.200720223000076, 19.756063997000126 ], [ 99.200756000000126, 19.755981871000131 ], [ 99.200767873000132, 19.755911089000108 ], [ 99.200767813000084, 19.75586296900002 ], [ 99.200755806000075, 19.755826184000114 ], [ 99.200731808000057, 19.755763933000026 ], [ 99.200707811000086, 19.755698858000073 ], [ 99.200683752000145, 19.755588485000089 ], [ 99.200647053000068, 19.75547496900009 ], [ 99.200627796000163, 19.755433434000111 ], [ 99.200622261000149, 19.755391889000123 ], [ 99.200570018000178, 19.755298443000072 ], [ 99.200479316000099, 19.755155698000067 ], [ 99.20040786800007, 19.755057082000064 ], [ 99.200355596000179, 19.754940265000073 ], [ 99.200319839000144, 19.754862389000039 ], [ 99.200264763000064, 19.754693632 ], [ 99.200215311000022, 19.754636548000065 ], [ 99.200171397000133, 19.754615821000073 ], [ 99.200111040000195, 19.754613291 ], [ 99.200053425000135, 19.754608159000156 ], [ 99.199993079000137, 19.754613423000023 ], [ 99.199897105000161, 19.75464469800005 ], [ 99.199743572000159, 19.754714991000071 ], [ 99.199474914000177, 19.754863332000184 ], [ 99.199378959000114, 19.754910192000182 ], [ 99.199178836000158, 19.755019500000174 ], [ 99.199063699000135, 19.755084553000131 ], [ 99.198989667000035, 19.755110612000067 ], [ 99.198923831000116, 19.755115877000037 ], [ 99.198857962000091, 19.755089978000115 ], [ 99.198756388000049, 19.755030357000066 ], [ 99.198657568000044, 19.754981116000181 ], [ 99.198586214000159, 19.754957821000119 ], [ 99.198492923000174, 19.754939743000023 ], [ 99.198383196000066, 19.754942461000098 ], [ 99.19829818300002, 19.754968529000109 ], [ 99.198213197000143, 19.755010180000113 ], [ 99.19815834100018, 19.755020632000083 ], [ 99.198095229000103, 19.755005118000042 ], [ 99.198029327000199, 19.75495324200017 ], [ 99.197955155999978, 19.754870216000029 ], [ 99.197867259000077, 19.754779411000072 ], [ 99.197804102000134, 19.75472753300005 ], [ 99.197675108000112, 19.754678328000182 ], [ 99.197510427000054, 19.754608384000051 ], [ 99.19734300500005, 19.754543639000133 ], [ 99.197142674000077, 19.754481528000042 ], [ 99.196964292000075, 19.754427181999972 ], [ 99.196865494000065, 19.754393528000037 ], [ 99.196821555999975, 19.754352021000102 ], [ 99.196783063999987, 19.754284535000181 ], [ 99.196733599000083, 19.754211865 ], [ 99.196678628000086, 19.75412622000016 ], [ 99.196645647000082, 19.754076908000116 ], [ 99.196612667000011, 19.754027595000082 ], [ 99.196585133000042, 19.753944512000032 ], [ 99.196571303000155, 19.753851028000099 ], [ 99.196576687000061, 19.753765317000045 ], [ 99.196568319000107, 19.753656242000147 ], [ 99.196532502000082, 19.753526420000071 ], [ 99.196499486000164, 19.753445943000088 ], [ 99.196461004000184, 19.753386246 ], [ 99.196414254000047, 19.753292796000096 ], [ 99.19633182400014, 19.753183807000028 ], [ 99.196205400000167, 19.752991748000056 ], [ 99.196026762000145, 19.75272183300001 ], [ 99.195870126000159, 19.752498642000091 ], [ 99.195786600000133, 19.752363437000042 ], [ 99.195754682000199, 19.752311768000084 ], [ 99.195617299999981, 19.752130114000181 ], [ 99.195488150000131, 19.751951046000102 ], [ 99.195353482000201, 19.751743415000078 ], [ 99.19522696700011, 19.751473439000108 ], [ 99.19518846700015, 19.751398160000178 ], [ 99.195169163000116, 19.75131247600001 ], [ 99.195166316000154, 19.751226766000059 ], [ 99.195171707000156, 19.751148845999978 ], [ 99.195155160000127, 19.751076143000091 ], [ 99.195119420000196, 19.751013846000035 ], [ 99.195080982000036, 19.75098532100003 ], [ 99.195028806000153, 19.750938627000096 ], [ 99.194976660000123, 19.750920502000099 ], [ 99.194899837000037, 19.750907600000119 ], [ 99.194762667000077, 19.750902557000131 ], [ 99.194641960000126, 19.750894892000133 ], [ 99.194556937000129, 19.750907972000107 ], [ 99.194458209000118, 19.750931457000036 ], [ 99.194397896000169, 19.75096268700014 ], [ 99.194354044000136, 19.750991304000081 ], [ 99.194301942000038, 19.751009543000123 ], [ 99.194192222000027, 19.751014854000118 ], [ 99.194013914000038, 19.75101764600015 ], [ 99.193876768000052, 19.751028181000038 ], [ 99.193723165000051, 19.751041337000061 ], [ 99.193673765000028, 19.751020611000115 ], [ 99.193599617000132, 19.750953163000077 ], [ 99.193525495000017, 19.75090909000005 ], [ 99.193393756000035, 19.750852096000131 ], [ 99.193292228000189, 19.750828827000078 ], [ 99.193207180000059, 19.750821129000144 ], [ 99.193133112000169, 19.750821209000151 ], [ 99.193072772000164, 19.750826465000046 ], [ 99.193006968000191, 19.750855110000032 ], [ 99.192941163000171, 19.750881150000055 ], [ 99.192889050000019, 19.750886403000038 ], [ 99.192836898000166, 19.750863085000049 ], [ 99.1927984350001, 19.750813776000143 ], [ 99.192781932000059, 19.750777434000156 ], [ 99.192713246000039, 19.750689203000036 ], [ 99.192606113000181, 19.750567247999982 ], [ 99.192564892000064, 19.750502362000134 ], [ 99.192553823000083, 19.750421858000038 ], [ 99.19255100200013, 19.750356933000091 ], [ 99.192553574000158, 19.750214078999988 ], [ 99.192569915000036, 19.750117967000051 ], [ 99.192553387000089, 19.75005824599998 ], [ 99.192525892, 19.750008929999979 ], [ 99.192465507000065, 19.749980425000047 ], [ 99.192369457000154, 19.749946761999979 ], [ 99.192281656000034, 19.749928679 ], [ 99.192117044000099, 19.749913270999969 ], [ 99.192012807000083, 19.749913382000102 ], [ 99.191965719000109, 19.749919927000178 ], [ 99.191929186000038, 19.74995459500002 ], [ 99.191889022000055, 19.750010046999989 ], [ 99.191808596000158, 19.750044763 ], [ 99.191695240000058, 19.750069126000028 ], [ 99.191636719000087, 19.750072650000106 ], [ 99.191618431000165, 19.750069208000184 ], [ 99.191574529000093, 19.750058867000121 ], [ 99.19152693500007, 19.750020824000103 ], [ 99.191486634000171, 19.749965456000155 ], [ 99.191439000000173, 19.749896248000084 ], [ 99.191354753000041, 19.749792450000029 ], [ 99.191270446000033, 19.749636708000082 ], [ 99.191237422000142, 19.749550170000077 ], [ 99.191233668000052, 19.749467061000189 ], [ 99.191251810000097, 19.749345840000046 ], [ 99.191288263000047, 19.749241911000013 ], [ 99.191291811000156, 19.749151869000059 ], [ 99.191266167000151, 19.749113805000093 ], [ 99.191218587000094, 19.749089610000112 ], [ 99.191127124000104, 19.749068931000124 ], [ 99.191010077000101, 19.749065596000094 ], [ 99.190878421000036, 19.749079585000118 ], [ 99.190776012000185, 19.749079694000045 ], [ 99.190673561000153, 19.749045175000106 ], [ 99.190585733000148, 19.74900717700018 ], [ 99.190475910000032, 19.748924181000064 ], [ 99.190399005000188, 19.748844612000141 ], [ 99.190355035000096, 19.74877886600018 ], [ 99.190329367000061, 19.748723488000053 ], [ 99.190354866000177, 19.748636881999971 ], [ 99.190420566000057, 19.74852253600011 ], [ 99.190497224000012, 19.748394324000174 ], [ 99.190606698000011, 19.748182967000162 ], [ 99.190650454000092, 19.74806863900011 ], [ 99.19065767800015, 19.747992449000037 ], [ 99.190639285000145, 19.747902431000057 ], [ 99.190596362000065, 19.747857455000087 ], [ 99.190496321000069, 19.747831047000034 ], [ 99.190320278000115, 19.747812293000038 ], [ 99.190220238000052, 19.74778588900017 ], [ 99.190128211000115, 19.747770834999983 ], [ 99.190052149000053, 19.747725462000062 ], [ 99.189984077000133, 19.747668723000061 ], [ 99.189839840000161, 19.747483282000076 ], [ 99.189643535000187, 19.747241078000116 ], [ 99.189447232000191, 19.746998879999978 ], [ 99.189383066000062, 19.746866381000132 ], [ 99.189322876, 19.746707364000031 ], [ 99.189242673000081, 19.746544580000034 ], [ 99.189222588000064, 19.746472637000068 ], [ 99.189218503000177, 19.746400676000064 ], [ 99.1892464350002, 19.746340044000192 ], [ 99.189270368000109, 19.746283205 ], [ 99.189290305999975, 19.746230160000152 ], [ 99.189286228000185, 19.746161984000025 ], [ 99.189286139000103, 19.746086233000085 ], [ 99.1892219, 19.745889341000122 ], [ 99.189169762000176, 19.745775770000023 ], [ 99.189113673000065, 19.74570386400012 ], [ 99.189049622000141, 19.745666053000093 ], [ 99.188949600000058, 19.745658586000104 ], [ 99.18886160500017, 19.745666252000035 ], [ 99.188765615000193, 19.745681503000128 ], [ 99.18870164100008, 19.74570808600015 ], [ 99.188605646000042, 19.74572333600014 ], [ 99.188537629000166, 19.745712044000072 ], [ 99.188437574000147, 19.745674276000159 ], [ 99.188365503000114, 19.74561753800009 ], [ 99.188313407000066, 19.745541840000044 ], [ 99.188269322000053, 19.745469920000119 ], [ 99.188241203000132, 19.745371469000077 ], [ 99.188189094, 19.745284410000068 ], [ 99.188132640000163, 19.745218068999975 ], [ 99.188107829000103, 19.745169094000119 ], [ 99.188098764000188, 19.745117968000159 ], [ 99.188089692000119, 19.745051932000024 ], [ 99.188078334000068, 19.744962460000067 ], [ 99.188057983000078, 19.74487939100004 ], [ 99.188046675000066, 19.744830401000058 ], [ 99.18803089000005, 19.744800590000182 ], [ 99.18800608000015, 19.744751614000052 ], [ 99.187983494000036, 19.744679198000085 ], [ 99.187972167000112, 19.74461529600012 ], [ 99.187967617000083, 19.744570555000053 ], [ 99.187956314000132, 19.744525829000111 ], [ 99.187927017999982, 19.744489641000143 ], [ 99.187897718000045, 19.744447057000173 ], [ 99.187866175000011, 19.744415135000168 ], [ 99.187800888000027, 19.744387505000191 ], [ 99.187742364000201, 19.744372653000028 ], [ 99.187677072000099, 19.744340766000164 ], [ 99.187623035000172, 19.744313123999973 ], [ 99.187568984000052, 19.744274827000083 ], [ 99.187517176000199, 19.744228012000065 ], [ 99.187474377000115, 19.74418544800011 ], [ 99.187429317000124, 19.744140749000053 ], [ 99.187375283000108, 19.744113113000026 ], [ 99.18730998400008, 19.74407482800018 ], [ 99.187240199000087, 19.744049335000113 ], [ 99.187161421000155, 19.744034507000094 ], [ 99.187111920000063, 19.74403455800001 ], [ 99.187039916000117, 19.744038894000028 ], [ 99.186949923000043, 19.744047511000133 ], [ 99.186853190000136, 19.744071045000112 ], [ 99.186794687000202, 19.744073238000055 ], [ 99.18674965800011, 19.744049847000156 ], [ 99.186720355000091, 19.744005136999988 ], [ 99.186688808000042, 19.743968954000138 ], [ 99.186668535000081, 19.743947666000111 ], [ 99.186610009, 19.743930682000155 ], [ 99.186547003000101, 19.743932881000035 ], [ 99.186463750000087, 19.743935097000076 ], [ 99.18641422900015, 19.743918104000159 ], [ 99.186380451000048, 19.743896836000033 ], [ 99.186333147000198, 19.743854270000043 ], [ 99.186290329000201, 19.743798922000053 ], [ 99.186252014000161, 19.743747832000111 ], [ 99.186236199000177, 19.743692452000175 ], [ 99.186220365000111, 19.743617901000107 ], [ 99.186222549000092, 19.743560374000083 ], [ 99.18619547100019, 19.743496485000037 ], [ 99.186168427000041, 19.743460292000123 ], [ 99.186127868000199, 19.743411333000097 ], [ 99.186069295000038, 19.743353868000042 ], [ 99.186028734000161, 19.743302780000079 ], [ 99.18597242300018, 19.743253835000189 ], [ 99.18591388700014, 19.743228330000136 ], [ 99.185841852000124, 19.743200707000028 ], [ 99.185776575000148, 19.743183731000045 ], [ 99.185720305000132, 19.74316674500011 ], [ 99.185666299000104, 19.743166801000086 ], [ 99.185589793000133, 19.743169010000031 ], [ 99.185515543000065, 19.743173347000095 ], [ 99.18543680300013, 19.743186211000079 ], [ 99.185398563000149, 19.743199033999986 ], [ 99.185355840000057, 19.743224647999966 ], [ 99.185299595000117, 19.743233227000076 ], [ 99.185209593000138, 19.743233320000172 ], [ 99.185144327000046, 19.743224867000094 ], [ 99.185101570000143, 19.743220650000183 ], [ 99.185049758000162, 19.74317169700015 ], [ 99.18501819700009, 19.743122726000081 ], [ 99.184984396000061, 19.74307802300001 ], [ 99.184943840000074, 19.743033324000123 ], [ 99.184907811000016, 19.743009923999978 ], [ 99.184856024999988, 19.742982279000103 ], [ 99.184804233000193, 19.742948246000026 ], [ 99.184770441000012, 19.742916321000166 ], [ 99.184716393000201, 19.742875895000168 ], [ 99.18467809800012, 19.742839716000105 ], [ 99.18463981900004, 19.742818452000108 ], [ 99.184554269999978, 19.742780192000168 ], [ 99.184477737000179, 19.742754700000035 ], [ 99.184423706000018, 19.742733452000039 ], [ 99.184378678000201, 19.74271006400005 ], [ 99.184324626000034, 19.742669639000155 ], [ 99.184279596000181, 19.742644119000033 ], [ 99.184241313000143, 19.742620721000037 ], [ 99.184194046000016, 19.742607988000145 ], [ 99.184119789000192, 19.74260593300005 ], [ 99.184050044, 19.742614525000022 ], [ 99.183989300000178, 19.742623109000021 ], [ 99.183939811000073, 19.742638076000105 ], [ 99.183885839000197, 19.742663696000136 ], [ 99.183840864000103, 19.74269144200008 ], [ 99.183764367000094, 19.742695781 ], [ 99.183696866000105, 19.742700110000101 ], [ 99.183622607000075, 19.742698058000144 ], [ 99.183564106000119, 19.742698118000135 ], [ 99.183525843000098, 19.742689631000019 ], [ 99.183496550000086, 19.742655573999969 ], [ 99.183458242000086, 19.742608743000119 ], [ 99.183401914000058, 19.742542755000159 ], [ 99.183335466000074, 19.742483522000157 ], [ 99.183197366000172, 19.742401283000163 ], [ 99.183098288000167, 19.742338885000152 ], [ 99.183017226000175, 19.742290676000152 ], [ 99.182948154000144, 19.7422310930001 ], [ 99.182888098000149, 19.742188545000147 ], [ 99.182840070000111, 19.742165866000164 ], [ 99.1827980650001, 19.74216590900005 ], [ 99.182735065000031, 19.742165973000056 ], [ 99.182657075000122, 19.742180259000179 ], [ 99.18260911100009, 19.742214395000133 ], [ 99.182552124000097, 19.742228655000076 ], [ 99.182498154000029, 19.742259959000023 ], [ 99.182444202000056, 19.742308307000087 ], [ 99.182411222000155, 19.742325384000026 ], [ 99.182369228000027, 19.742333949999988 ], [ 99.182324227000151, 19.742333996000184 ], [ 99.18228222200014, 19.742334039000127 ], [ 99.18223423500018, 19.74234828800013 ], [ 99.182169456000054, 19.742354656000145 ], [ 99.182103615000187, 19.742333954 ], [ 99.182054666000113, 19.742324415000041 ], [ 99.18198040700014, 19.742324491000034 ], [ 99.181914598000105, 19.742327751000118 ], [ 99.18185050000011, 19.742358181000156 ], [ 99.181810031000055, 19.742386982000141 ], [ 99.181778001000055, 19.74241737300008 ], [ 99.181713929000068, 19.742471769000133 ], [ 99.181646484000112, 19.742521373000159 ], [ 99.181577346000097, 19.742572573000132 ], [ 99.181530141000167, 19.742610974 ], [ 99.181486306000181, 19.742650967000031 ], [ 99.181442473000175, 19.742692553000097 ], [ 99.181398656000056, 19.742743733000054 ], [ 99.181356541000184, 19.742810888000065 ], [ 99.181294198999979, 19.742900430000191 ], [ 99.181252062000169, 19.742948415000114 ], [ 99.181203152000194, 19.742974029000152 ], [ 99.181135682000104, 19.743007656000145 ], [ 99.181090127000175, 19.743018885000083 ], [ 99.181054689000064, 19.7430189210001 ], [ 99.18099222800015, 19.742999807000103 ], [ 99.180944947000057, 19.742979084000126 ], [ 99.180907798000078, 19.742956750000019 ], [ 99.180860492000079, 19.742913656000042 ], [ 99.180818265000084, 19.742878541000039 ], [ 99.180764214000135, 19.742838652000046 ], [ 99.180696664000038, 19.742797173000042 ], [ 99.180632505000119, 19.742773267000018 ], [ 99.180581869000036, 19.742766929000027 ], [ 99.180500868000195, 19.742770206000046 ], [ 99.180441810000104, 19.742778253000097 ], [ 99.180384450000133, 19.742795888000046 ], [ 99.180345653000018, 19.742813502999979 ], [ 99.1803001090002, 19.742831126000112 ], [ 99.180214084000056, 19.742867966000119 ], [ 99.180161801999986, 19.74289837900011 ], [ 99.180107815000099, 19.742916009000112 ], [ 99.180067323000117, 19.742924039000059 ], [ 99.180031901000177, 19.742943251000042 ], [ 99.179984675000185, 19.742964070000085 ], [ 99.179949242000191, 19.742973694 ], [ 99.17990031000005, 19.74297853700017 ], [ 99.179863168000168, 19.742968986000164 ], [ 99.179820083000095, 19.742942203000155 ], [ 99.179743494000036, 19.74290459600013 ], [ 99.179669992000186, 19.74289017000001 ], [ 99.179599549000102, 19.742872849000094 ], [ 99.179538322000099, 19.742875810999976 ], [ 99.179443449000189, 19.742916490000084 ], [ 99.179342457000189, 19.742960078000124 ], [ 99.179278167000177, 19.742968840000117 ], [ 99.179171011, 19.742971843000134 ], [ 99.17907303700008, 19.742977739000082 ], [ 99.178923006, 19.74297499100004 ], [ 99.178806626000153, 19.742949014000089 ], [ 99.178745402000061, 19.742960674000187 ], [ 99.178711781, 19.743009991000065 ], [ 99.178668984000126, 19.743073811000045 ], [ 99.178632333000053, 19.74315502200011 ], [ 99.178607899000156, 19.743210126 ], [ 99.178577332000032, 19.743256544000133 ], [ 99.178528375000155, 19.743282681000096 ], [ 99.178464076000068, 19.743282745000101 ], [ 99.178387530000123, 19.743282821000093 ], [ 99.1783232370002, 19.743285788000094 ], [ 99.178262020000034, 19.743303243000184 ], [ 99.178182498000183, 19.743381597000109 ], [ 99.178060131000109, 19.743477386000109 ], [ 99.178002039000091, 19.743549916000063 ], [ 99.1779623070002, 19.743616635000024 ], [ 99.177925680999977, 19.743723935 ], [ 99.177910851000036, 19.743754594000166 ], [ 99.177873751000163, 19.743831254999975 ], [ 99.177837060000059, 19.7438776730001 ], [ 99.177778926000201, 19.743912519000162 ], [ 99.177714644000048, 19.743929977000164 ], [ 99.177647281000077, 19.743927149000115 ], [ 99.177561498000159, 19.743880847000185 ], [ 99.177438945000063, 19.743808493000074 ], [ 99.177298033000113, 19.743744854000056 ], [ 99.177268148000053, 19.743739108999989 ], [ 99.177147968000043, 19.743716012000164 ], [ 99.176988732000041, 19.743695872999979 ], [ 99.17670088300008, 19.743661368000062 ], [ 99.176416052000036, 19.743589174000135 ], [ 99.176033204000191, 19.743479390000118 ], [ 99.175708555000028, 19.743389837000052 ], [ 99.175552357000072, 19.743349401000103 ], [ 99.175448211000173, 19.743308918000025 ], [ 99.17539917400012, 19.743265481000094 ], [ 99.175389939000183, 19.743222004000131 ], [ 99.175396007000131, 19.743166917999986 ], [ 99.175414283000066, 19.743082830000162 ], [ 99.175444797000068, 19.742987130000074 ], [ 99.175463065000145, 19.742891442000143 ], [ 99.175456860000111, 19.742816073000029 ], [ 99.17542614700011, 19.742729132000022 ], [ 99.175370963000034, 19.742665407000175 ], [ 99.175300493000066, 19.742621990000032 ], [ 99.17523004200018, 19.742595970000025 ], [ 99.175116734000198, 19.74257578400011 ], [ 99.174966695000137, 19.742564335000168 ], [ 99.174596155000188, 19.742509619000089 ], [ 99.174430795000035, 19.742486585000108 ], [ 99.174296074000154, 19.742489614000078 ], [ 99.174240972000064, 19.742495468000072 ], [ 99.17419201000007, 19.742521604999979 ], [ 99.174130818000151, 19.742562254000063 ], [ 99.17408186, 19.742594188000055 ], [ 99.174039098000037, 19.742686999000171 ], [ 99.174030016000188, 19.742782677000093 ], [ 99.174011744000097, 19.742872566000187 ], [ 99.17396283100004, 19.742942190000065 ], [ 99.173895549000122, 19.74301473100013 ], [ 99.173797635000199, 19.743072807000146 ], [ 99.17369660200012, 19.743081603000121 ], [ 99.173552708000102, 19.74309044000006 ], [ 99.173424125000054, 19.743105059000129 ], [ 99.1732924800001, 19.743113880000067 ], [ 99.17315166700007, 19.743145909000134 ], [ 99.173013938000111, 19.743195324000055 ], [ 99.172888469000156, 19.743253426000081 ], [ 99.172766046000049, 19.743299932000184 ], [ 99.172665033000101, 19.743326118000027 ], [ 99.17257629900007, 19.74337838800011 ], [ 99.172481427000037, 19.743421964000163 ], [ 99.17237128000005, 19.743497441999978 ], [ 99.172282554000162, 19.743558409000173 ], [ 99.172169293000138, 19.743581712000037 ], [ 99.172086618000151, 19.743575994000082 ], [ 99.172010061000094, 19.743570267000052 ], [ 99.171973302000197, 19.743552910000176 ], [ 99.171918179000158, 19.74354426400015 ], [ 99.171844690000171, 19.743538538000053 ], [ 99.171774237000136, 19.743506714000034 ], [ 99.171633350000093, 19.743466265000166 ], [ 99.171498608000149, 19.743446102 ], [ 99.171360805, 19.743425939000019 ], [ 99.171226071000092, 19.743414469000129 ], [ 99.171103567000046, 19.743385596000167 ], [ 99.17097795400008, 19.743310343000076 ], [ 99.170885984999984, 19.743203163000089 ], [ 99.170794056000148, 19.743133676000127 ], [ 99.170726656000056, 19.743098952000082 ], [ 99.170662350000043, 19.743090317000167 ], [ 99.170506224000121, 19.743116554000096 ], [ 99.170374603000141, 19.743148572000109 ], [ 99.170261325000183, 19.743160273000058 ], [ 99.170154152000123, 19.743148781 ], [ 99.170070930000179, 19.743111655000121 ], [ 99.169933669000102, 19.743178563000185 ], [ 99.169913096000073, 19.743304625000121 ], [ 99.169910185999981, 19.74335223900016 ], [ 99.169907323000189, 19.743441874000041 ], [ 99.169901489000097, 19.743520302000093 ], [ 99.169889755000156, 19.743612743000028 ], [ 99.169877987000064, 19.743671574000189 ], [ 99.169854413999985, 19.743764026 ], [ 99.169816029000117, 19.743828484000062 ], [ 99.169765799000061, 19.743884551000122 ], [ 99.169691882000052, 19.743921034000039 ], [ 99.169656424000152, 19.743960280000124 ], [ 99.169588435000094, 19.744005157000174 ], [ 99.169538192000118, 19.744050020000088 ], [ 99.169467271000201, 19.744120109999983 ], [ 99.169393390000039, 19.744190202000141 ], [ 99.169352073000084, 19.744282671000065 ], [ 99.169322601000147, 19.744386334000183 ], [ 99.169296058000157, 19.74446478200008 ], [ 99.169284335000157, 19.744571229000144 ], [ 99.169248950000167, 19.74467489400007 ], [ 99.169228353000165, 19.744778548000113 ], [ 99.169198878000145, 19.744882212 ], [ 99.169178269000099, 19.744977462000065 ], [ 99.169148790000065, 19.745072721000042 ], [ 99.169148872000051, 19.745151144000033 ], [ 99.169140091000145, 19.745240784000032 ], [ 99.169113514000173, 19.745285624000189 ], [ 99.169060321000131, 19.745338887000059 ], [ 99.168995295000059, 19.745389369000122 ], [ 99.168909561000078, 19.745442666000031 ], [ 99.168896670000152, 19.745450065000171 ], [ 99.168782437000061, 19.745515609999984 ], [ 99.168676, 19.745571729000119 ], [ 99.168599130000075, 19.745613814000137 ], [ 99.168504480000024, 19.745625109000116 ], [ 99.16842461900012, 19.745636385000125 ], [ 99.168400991999988, 19.745678420000161 ], [ 99.168398078000109, 19.745717634000016 ], [ 99.168433611000125, 19.745751213000062 ], [ 99.168475060000105, 19.745784782999976 ], [ 99.168525398000156, 19.745826753000074 ], [ 99.168569817000048, 19.745871525000041 ], [ 99.168649751000089, 19.745930270000031 ], [ 99.168685279000158, 19.745958243000132 ], [ 99.168717871000183, 19.746005827000147 ], [ 99.168719291000116, 19.746018499000115 ], [ 99.16872384300018, 19.746059040000034 ], [ 99.168717988000139, 19.746117866000077 ], [ 99.168700284000067, 19.746159897000098 ], [ 99.168661885000176, 19.746218749000036 ], [ 99.168654036000135, 19.746227617000045 ], [ 99.168599839000194, 19.746288830000026 ], [ 99.168555529000116, 19.746353296000052 ], [ 99.16849940700007, 19.746428972999979 ], [ 99.168472852000093, 19.746496220000154 ], [ 99.168475898000167, 19.746583044000033 ], [ 99.168487774000084, 19.746622244000093 ], [ 99.168508534000182, 19.746669841000028 ], [ 99.168512061000058, 19.74668259800012 ], [ 99.168526351000139, 19.746734243000049 ], [ 99.168529362000129, 19.746784658000024 ], [ 99.168511648000106, 19.746821088000047 ], [ 99.168467314000168, 19.74685754 ], [ 99.168453011000111, 19.746871822000116 ], [ 99.168411165000066, 19.746913612000014 ], [ 99.168360903000178, 19.746941670000069 ], [ 99.168260396000107, 19.747011785000097 ], [ 99.168216056000176, 19.747042638000039 ], [ 99.168174683000188, 19.747081889000185 ], [ 99.168162880000182, 19.74711271200016 ], [ 99.168142235000175, 19.74717154800004 ], [ 99.168103838000093, 19.747230404000163 ], [ 99.168068404, 19.747292056000106 ], [ 99.168024088000095, 19.747345316000064 ], [ 99.167970873000058, 19.747378975000061 ], [ 99.167888085000129, 19.747421065000026 ], [ 99.167825988000061, 19.747443535000116 ], [ 99.167757982000069, 19.747480007000092 ], [ 99.167669304000015, 19.747544512 ], [ 99.167612653000049, 19.74759078000011 ], [ 99.167506235000133, 19.747669305000102 ], [ 99.167474717000175, 19.747702946000175 ], [ 99.167447156000151, 19.74774778800014 ], [ 99.167435414000067, 19.747837426000103 ], [ 99.167419700000153, 19.747897194000075 ], [ 99.167407942000068, 19.747971894000045 ], [ 99.167408005000198, 19.748031647000062 ], [ 99.167415994000066, 19.748128740000027 ], [ 99.167408215000194, 19.748233314000174 ], [ 99.167384638000101, 19.748315496000032 ], [ 99.167364972000087, 19.748371533000125 ], [ 99.167258518000153, 19.748412710000082 ], [ 99.167112621000058, 19.748457660999975 ], [ 99.167053509000141, 19.748506266 ], [ 99.167022056000121, 19.748603393000167 ], [ 99.167026064000083, 19.748666878000165 ], [ 99.166919611000083, 19.74870805900008 ], [ 99.166852583000036, 19.748734259000116 ], [ 99.166750081000089, 19.748782907000077 ], [ 99.166651525000134, 19.74883528100014 ], [ 99.16652937200007, 19.748954899000069 ], [ 99.166371726000136, 19.749078286999975 ], [ 99.166279105000058, 19.749147460000131 ], [ 99.166116185000078, 19.749262140000042 ], [ 99.166011096000148, 19.749351866000154 ], [ 99.165890281000031, 19.749491399000078 ], [ 99.165795744000093, 19.749615975000097 ], [ 99.165675045000171, 19.74987003300015 ], [ 99.165596406000134, 19.750114097999983 ], [ 99.165559760000122, 19.75027845000011 ], [ 99.165554646000032, 19.750417877000189 ], [ 99.165570552000133, 19.750542350000103 ], [ 99.165612748000058, 19.750661815000115 ], [ 99.165654949999976, 19.750786259000108 ], [ 99.165696654000044, 19.75090463600003 ], [ 99.165741204000199, 19.75107545100002 ], [ 99.165776809000022, 19.751176252000107 ], [ 99.165806460999988, 19.75124064400012 ], [ 99.165836101000139, 19.751299437000114 ], [ 99.165898285000139, 19.751355395000132 ], [ 99.165966394000179, 19.751419756000189 ], [ 99.166013772000042, 19.751464525000074 ], [ 99.166070031000118, 19.75151209 ], [ 99.166111486000091, 19.751551262000078 ], [ 99.166141118000098, 19.751593247000073 ], [ 99.166167815000051, 19.751666047000072 ], [ 99.166206385000066, 19.751772448000054 ], [ 99.166277684000192, 19.752060871000026 ], [ 99.166310353000142, 19.752186882999979 ], [ 99.166348894, 19.752265273000091 ], [ 99.166390395000178, 19.752346464000141 ], [ 99.166428932000088, 19.752419247000034 ], [ 99.166497076000041, 19.752520018000098 ], [ 99.166568155000164, 19.752595577000079 ], [ 99.166630355000166, 19.752665542000045 ], [ 99.166698451000116, 19.752718697000091 ], [ 99.166754707000109, 19.752763458000175 ], [ 99.166787321000186, 19.752830649000146 ], [ 99.166805819000103, 19.752923228999975 ], [ 99.166780609000114, 19.75301309200006 ], [ 99.166768091000165, 19.753141880000044 ], [ 99.166765014000191, 19.75322573700015 ], [ 99.166761939000196, 19.753312583000024 ], [ 99.166755697000042, 19.753393447000178 ], [ 99.166733645000136, 19.753477322000094 ], [ 99.166638898000031, 19.75361816000003 ], [ 99.166588408000109, 19.753735005000181 ], [ 99.166566371000158, 19.753833848000113 ], [ 99.166544328000043, 19.753932695 ], [ 99.166522285000099, 19.754025553000076 ], [ 99.166475005000052, 19.754187312000056 ], [ 99.166434013000071, 19.754310134999969 ], [ 99.166399362000107, 19.754444930000034 ], [ 99.16637108000009, 19.754624641000078 ], [ 99.166352231000019, 19.754750434000073 ], [ 99.166358656000114, 19.75484625900009 ], [ 99.166365096000106, 19.754957060000152 ], [ 99.166390490000083, 19.755040886000131 ], [ 99.166453836000187, 19.755121685000177 ], [ 99.166520311999989, 19.755172538000011 ], [ 99.166593119000083, 19.755226374000017 ], [ 99.166678582000145, 19.755283192000093 ], [ 99.166786173000048, 19.755322022000144 ], [ 99.166884227000196, 19.755324925000082 ], [ 99.166969635000157, 19.755327842999975 ], [ 99.167020250000178, 19.755330791000063 ], [ 99.167083517000151, 19.755333727000107 ], [ 99.167124674000092, 19.75537262000006 ], [ 99.16714372000007, 19.755435489000035 ], [ 99.167143785000178, 19.75549837799997 ], [ 99.167128032, 19.755558289000078 ], [ 99.167052176000141, 19.755612265000082 ], [ 99.167001613000139, 19.755660226000032 ], [ 99.166951058000109, 19.755711188000191 ], [ 99.166894175000095, 19.755762150000123 ], [ 99.166853118000176, 19.755822080000144 ], [ 99.166796270000077, 19.755908981000118 ], [ 99.166777331000048, 19.755947931000151 ], [ 99.166771063000056, 19.756001842000046 ], [ 99.166815444000065, 19.756094637000047 ], [ 99.166859802000033, 19.756169461000184 ], [ 99.166897833000064, 19.756238305000181 ], [ 99.166929534000133, 19.756304159000138 ], [ 99.16695178100008, 19.756405962000088 ], [ 99.166980377000129, 19.756528719000073 ], [ 99.167050084000152, 19.756642452000165 ], [ 99.167094479000184, 19.756747225000026 ], [ 99.167113533000133, 19.756819082 ], [ 99.167113605000168, 19.756887961000132 ], [ 99.167107326000064, 19.756935881000175 ], [ 99.167072598000061, 19.7570017970001 ], [ 99.167015727000035, 19.75706174700008 ], [ 99.166901912000128, 19.75712174500012 ], [ 99.166655248000154, 19.757178876000125 ], [ 99.166522425000096, 19.757208948000141 ], [ 99.166421250000155, 19.757253964000085 ], [ 99.166354891000083, 19.757316912000192 ], [ 99.166301199000088, 19.757394825000119 ], [ 99.166272789000061, 19.757451753000055 ], [ 99.166247539000096, 19.757508677000146 ], [ 99.16622232800006, 19.757595545000015 ], [ 99.166203438000082, 19.757682412 ], [ 99.166178246000129, 19.757790244000091 ], [ 99.166171982000151, 19.757853139000019 ], [ 99.166172085000085, 19.757951965000018 ], [ 99.166178506000165, 19.758041802000093 ], [ 99.166226038000161, 19.758125610000093 ], [ 99.166257723000058, 19.758176490000039 ], [ 99.166302049000137, 19.758215380000081 ], [ 99.166308438000044, 19.75827527000007 ], [ 99.16628635100011, 19.758329195000158 ], [ 99.166238957000076, 19.758383145000039 ], [ 99.166109334000112, 19.758449149000171 ], [ 99.16606824500019, 19.758479131000115 ], [ 99.16604616900014, 19.758542043000034 ], [ 99.166058891000091, 19.758610912000108 ], [ 99.16606527600004, 19.758664811000074 ], [ 99.166068505, 19.758730690999982 ], [ 99.166040097000177, 19.758790610000062 ], [ 99.16601169, 19.758850532000054 ], [ 99.165967459000171, 19.758901483000102 ], [ 99.165939037000157, 19.758943436000095 ], [ 99.165891647000137, 19.75900037700012 ], [ 99.165882185000044, 19.759030333999988 ], [ 99.165882256000145, 19.759099212000024 ], [ 99.16586652400008, 19.759180085000025 ], [ 99.165831780000076, 19.759228034000046 ], [ 99.165756434000059, 19.759270529000048 ], [ 99.165693215000033, 19.759314511000184 ], [ 99.16563423000008, 19.7593704680001 ], [ 99.165592091, 19.759406442000056 ], [ 99.16556683500005, 19.759458372999973 ], [ 99.165566893000062, 19.759514277000164 ], [ 99.165592252000124, 19.759562170000152 ], [ 99.16564293600004, 19.759633994000012 ], [ 99.165710535000073, 19.759749726 ], [ 99.165714833000038, 19.759825590999981 ], [ 99.16572334500006, 19.759901448000164 ], [ 99.165731877000042, 19.759993279000184 ], [ 99.1657488150002, 19.760057148000044 ], [ 99.165748889000042, 19.76012902400015 ], [ 99.165702565000117, 19.760196947000168 ], [ 99.165639393000049, 19.760288843000126 ], [ 99.165559375000157, 19.760400721000167 ], [ 99.165496185999984, 19.760472654000125 ], [ 99.165432998000085, 19.760548577000122 ], [ 99.165382483000087, 19.760644455999966 ], [ 99.165361467000139, 19.760712356999989 ], [ 99.1653151860001, 19.760824199000183 ], [ 99.165247273000091, 19.760919597000111 ], [ 99.165187244000037, 19.760988532 ], [ 99.165082988999984, 19.761114403000022 ], [ 99.165045102000136, 19.761183319000054 ], [ 99.164994614000079, 19.761306148000187 ], [ 99.164931503999981, 19.761458939000136 ], [ 99.164896840000154, 19.761584747000086 ], [ 99.164871612000184, 19.761659641000051 ], [ 99.164827446000118, 19.761776474000044 ], [ 99.164811753000151, 19.761896277000062 ], [ 99.164796099000057, 19.762055012000133 ], [ 99.164786685000195, 19.762126896000041 ], [ 99.164751940000087, 19.762174841000046 ], [ 99.164707694000128, 19.762213817000088 ], [ 99.164634984000145, 19.76225880100003 ], [ 99.164581231000057, 19.76228280800018 ], [ 99.164407316000165, 19.762342865000107 ], [ 99.164296647000128, 19.762390879000122 ], [ 99.164167003000045, 19.76243592000003 ], [ 99.164056321000146, 19.762465970000051 ], [ 99.163914005000095, 19.762496046000081 ], [ 99.163822293000123, 19.762520090000066 ], [ 99.163658345000101, 19.76253471300015 ], [ 99.163565562000144, 19.762538792000043 ], [ 99.163563543000066, 19.762539014000083 ], [ 99.163455911000199, 19.762550871000087 ], [ 99.163350493, 19.762570929000105 ], [ 99.163291496, 19.762622895000163 ], [ 99.163202988000137, 19.762686863000113 ], [ 99.163127174000124, 19.7627907480001 ], [ 99.163101962000155, 19.762878619 ], [ 99.163097837000066, 19.762970461000123 ], [ 99.163144295000166, 19.76303430400003 ], [ 99.163211853000064, 19.76310611800011 ], [ 99.163317391000135, 19.763201849000097 ], [ 99.163346305, 19.763235023 ], [ 99.163376508000113, 19.763269679000018 ], [ 99.163422974000071, 19.763337513000124 ], [ 99.163465283999983, 19.763469247000046 ], [ 99.163499137000031, 19.763581014000124 ], [ 99.163541437000163, 19.763700766000056 ], [ 99.163579501000129, 19.763800557000081 ], [ 99.163621764000141, 19.763884371000074 ], [ 99.16367673600007, 19.764024073000087 ], [ 99.163714784000035, 19.764111885000091 ], [ 99.163740130000178, 19.764151791000188 ], [ 99.16378653400011, 19.764159734000032 ], [ 99.163879354000187, 19.764191593000078 ], [ 99.163934233000191, 19.764235462999977 ], [ 99.163972236, 19.764279352000187 ], [ 99.163972285000114, 19.764327270000024 ], [ 99.163963913000146, 19.764387169000145 ], [ 99.163955517000147, 19.76442710800012 ], [ 99.163955570000098, 19.764479015000063 ], [ 99.163997776000201, 19.764506928000174 ], [ 99.164052608000134, 19.764510871000027 ], [ 99.164107444000194, 19.764510821000044 ], [ 99.164174918000128, 19.764502774 ], [ 99.164238189000116, 19.764506707000066 ], [ 99.164284624000118, 19.764546592999977 ], [ 99.164318410000078, 19.764590486000145 ], [ 99.164314258000104, 19.764654376000124 ], [ 99.164339636000079, 19.764726228000029 ], [ 99.164407201000074, 19.764806025000155 ], [ 99.164449436000098, 19.764861889000144 ], [ 99.16446218700014, 19.764953714 ], [ 99.164458071000183, 19.765053544000125 ], [ 99.164453946000094, 19.765145385000153 ], [ 99.1644624770002, 19.765237216 ], [ 99.16447099800007, 19.765321061000122 ], [ 99.164513274000058, 19.765416849000076 ], [ 99.164547075000087, 19.765476715000034 ], [ 99.164559805000067, 19.76554857800005 ], [ 99.164572540000165, 19.765628425000159 ], [ 99.164564179000081, 19.765700303000074 ], [ 99.164551580000193, 19.765756217000046 ], [ 99.164517886000056, 19.76580017200007 ], [ 99.164425114000039, 19.765820220000137 ], [ 99.164315467999984, 19.76583629300012 ], [ 99.164243783000188, 19.765852332000122 ], [ 99.164176324000039, 19.765876350000156 ], [ 99.164142642000115, 19.76593627800014 ], [ 99.16411317800015, 19.765996196000117 ], [ 99.164104813000051, 19.766064085000153 ], [ 99.16410069300008, 19.766159921000053 ], [ 99.164100763000079, 19.766227800000081 ], [ 99.164100857000108, 19.76631963900013 ], [ 99.164075628000035, 19.766395531 ], [ 99.163993622000191, 19.766504785 ], [ 99.163889346000076, 19.766612691000034 ], [ 99.163837224000076, 19.76668686000005 ], [ 99.163801701000068, 19.766752030000134 ], [ 99.163778030000117, 19.766801460000124 ], [ 99.163749600000074, 19.766841917000022 ], [ 99.163709324000138, 19.766895861000023 ], [ 99.163695138000037, 19.766945287000055 ], [ 99.163661985000033, 19.767005959000073 ], [ 99.163560023000116, 19.767062204000013 ], [ 99.163410602000113, 19.767107257000134 ], [ 99.163296796000111, 19.767181483000059 ], [ 99.163204321000194, 19.767233226000144 ], [ 99.163128447000133, 19.767280463000077 ], [ 99.163033587000086, 19.767318730000113 ], [ 99.162960066000153, 19.767347996000069 ], [ 99.162907911000161, 19.767388475000132 ], [ 99.162877116000175, 19.767435671000101 ], [ 99.162846318000106, 19.76747837 ], [ 99.162827388000153, 19.76752555600018 ], [ 99.162765774000036, 19.767599733 ], [ 99.162647262000178, 19.767712141000061 ], [ 99.162488457000109, 19.767862767999986 ], [ 99.162429184000075, 19.767901007999967 ], [ 99.162372245000086, 19.767901059000053 ], [ 99.162329524000199, 19.767889865000029 ], [ 99.162293919000149, 19.767871932000048 ], [ 99.162234557000033, 19.767822572000057 ], [ 99.162146702000143, 19.767753021999965 ], [ 99.162035128000184, 19.767687990000127 ], [ 99.161963933000038, 19.767672329000163 ], [ 99.161961448000113, 19.767671864000022 ], [ 99.161916478000137, 19.767663391000099 ], [ 99.161883276000196, 19.767676896000069 ], [ 99.161814525000125, 19.767730862000121 ], [ 99.161769493000122, 19.767773579 ], [ 99.161726817000158, 19.767805063000139 ], [ 99.161677031000124, 19.767843293000112 ], [ 99.161629632000199, 19.767890499000089 ], [ 99.161538882000116, 19.767969075 ], [ 99.161507821000157, 19.767932825000059 ], [ 99.161449396000194, 19.767903507000085 ], [ 99.16135631100002, 19.767886313000076 ], [ 99.161257765000073, 19.767886401000112 ], [ 99.161115427000198, 19.76788653 ], [ 99.160965791000081, 19.767890120000118 ], [ 99.16079790800012, 19.767893728999979 ], [ 99.160710296000161, 19.767874804000144 ], [ 99.160606246000043, 19.767845526000031 ], [ 99.160502184000165, 19.767798976000051 ], [ 99.160412716000053, 19.767750685000067 ], [ 99.160213694000106, 19.767638571000191 ], [ 99.160022002000062, 19.767555816000026 ], [ 99.159717160000014, 19.76746625800007 ], [ 99.159585725000113, 19.767421456000079 ], [ 99.159490794000135, 19.767383536000125 ], [ 99.159450629000105, 19.767362836000018 ], [ 99.159430526000108, 19.767333490000112 ], [ 99.159417718000157, 19.767302404000191 ], [ 99.159414022000192, 19.767254034000075 ], [ 99.159434001000136, 19.767157270999974 ], [ 99.159453972000108, 19.767058783000039 ], [ 99.159455693000154, 19.766949941000064 ], [ 99.159439122000151, 19.766803111000172 ], [ 99.159431700000027, 19.76668219000004 ], [ 99.159424314000148, 19.766594088000033 ], [ 99.159405995000157, 19.766525003000083 ], [ 99.159371229000101, 19.766428289999965 ], [ 99.159331680000093, 19.76635433000007 ], [ 99.159310901000083, 19.766317776000051 ], [ 99.159254245, 19.766234904000157 ], [ 99.15918299000009, 19.766146863000074 ], [ 99.159135471000127, 19.766074348000188 ], [ 99.159095262000108, 19.766010461000121 ], [ 99.159067831000073, 19.765951745000052 ], [ 99.159042505000059, 19.765867981000099 ], [ 99.159022944000128, 19.765773559000081 ], [ 99.159025316000168, 19.765711361000058 ], [ 99.159042292000152, 19.765653763000103 ], [ 99.159071459000188, 19.765623794000021 ], [ 99.159120090000044, 19.765589197000111 ], [ 99.159159002000024, 19.765575341000044 ], [ 99.159214968000072, 19.765575291 ], [ 99.159275793, 19.765575237000178 ], [ 99.159343921000129, 19.765575176000084 ], [ 99.159436348000099, 19.765542847000177 ], [ 99.159584681000183, 19.765455183000029 ], [ 99.159857095000177, 19.7653581940001 ], [ 99.159939776000158, 19.765316658000188 ], [ 99.159988405000036, 19.765282064000189 ], [ 99.160034584000186, 19.765231348000043 ], [ 99.160071022000182, 19.765171426000109 ], [ 99.160075820000031, 19.765104622000081 ], [ 99.160063554000089, 19.765000976000181 ], [ 99.159997697000051, 19.764837494000176 ], [ 99.159965953000096, 19.764726956000061 ], [ 99.159953696000059, 19.764634831000023 ], [ 99.159946316000173, 19.764551909999966 ], [ 99.159948665000115, 19.764466681000101 ], [ 99.15998501700011, 19.764326139000048 ], [ 99.160028683000121, 19.764194806000091 ], [ 99.16020351100002, 19.763837616000046 ], [ 99.16026905800004, 19.763692438000078 ], [ 99.16028845500017, 19.763625624999975 ], [ 99.160288380000054, 19.763549609999984 ], [ 99.160281015000066, 19.763482817000067 ], [ 99.160266364000165, 19.763432155000146 ], [ 99.160232264, 19.763390724000033 ], [ 99.16013730700007, 19.763326312000174 ], [ 99.160047240000154, 19.763282627000024 ], [ 99.159949883000195, 19.763248163000014 ], [ 99.159818474000076, 19.763227549000078 ], [ 99.159558129000118, 19.763223173000085 ], [ 99.15931242400012, 19.763257944000031 ], [ 99.159122676000038, 19.763294965000171 ], [ 99.158935389000078, 19.763352720000057 ], [ 99.158718915000122, 19.763426621000065 ], [ 99.158621635000088, 19.76347277800005 ], [ 99.158538973000191, 19.763532738000038 ], [ 99.158436866000159, 19.763618057000087 ], [ 99.15839555600013, 19.763668772000074 ], [ 99.158298370000068, 19.763811672000031 ], [ 99.158186607000118, 19.763970707000112 ], [ 99.158094262000077, 19.764085960000159 ], [ 99.157924069999979, 19.76421510199998 ], [ 99.157800060000056, 19.764293526000074 ], [ 99.157729529000164, 19.76432353600012 ], [ 99.157663846000162, 19.764335111000094 ], [ 99.157573826000146, 19.764337491000106 ], [ 99.157286718000194, 19.764337743000112 ], [ 99.157070156000032, 19.764321812000105 ], [ 99.156921736000186, 19.764317333 ], [ 99.156773289000114, 19.764289824000173 ], [ 99.156727022000098, 19.764250707000031 ], [ 99.156688053000153, 19.764211579000175 ], [ 99.156663666000156, 19.764151714000093 ], [ 99.156653853000137, 19.764073403999987 ], [ 99.15665377300013, 19.763990482000054 ], [ 99.156670729000155, 19.763912147999974 ], [ 99.156694979000179, 19.76383150900017 ], [ 99.156767865000177, 19.763720880000164 ], [ 99.156826174000116, 19.763633297000069 ], [ 99.156925823999984, 19.763524948000111 ], [ 99.156996311000057, 19.763448871000094 ], [ 99.157134869000174, 19.763317457000085 ], [ 99.15728559300004, 19.763190635000058 ], [ 99.157399835000035, 19.76307535900014 ], [ 99.157438715000069, 19.763022347000174 ], [ 99.157462980000048, 19.762955525000166 ], [ 99.157479957000135, 19.762902532000112 ], [ 99.157489637000197, 19.762849543000073 ], [ 99.157484729000146, 19.76280347800008 ], [ 99.157477379000056, 19.762755115000061 ], [ 99.157433545000174, 19.762715996000111 ], [ 99.157362931000193, 19.762660775000086 ], [ 99.157236362000106, 19.762610212000084 ], [ 99.157078173000116, 19.762566585000116 ], [ 99.156995431000155, 19.762550531000045 ], [ 99.156888360000096, 19.76253680300016 ], [ 99.156783750000159, 19.762546113000042 ], [ 99.156681584000069, 19.762569234000068 ], [ 99.156496732000051, 19.762633890000075 ], [ 99.156287577000057, 19.762723909000158 ], [ 99.156127067000114, 19.7628000630001 ], [ 99.156012787000066, 19.762880780000103 ], [ 99.155932569000186, 19.762952261000066 ], [ 99.155883976000155, 19.763023708 ], [ 99.155866992000142, 19.763072093 ], [ 99.155857337000157, 19.763155028000028 ], [ 99.155828398000153, 19.763419948000092 ], [ 99.155818755000155, 19.763509792000093 ], [ 99.155811499000094, 19.763558168000031 ], [ 99.1557920730001, 19.76359504200002 ], [ 99.155743442000073, 19.763629637000122 ], [ 99.155653426000072, 19.763634320999984 ], [ 99.155599886000061, 19.763625153000135 ], [ 99.155551201000037, 19.763602161 ], [ 99.155446525000116, 19.763544664000108 ], [ 99.155388069000026, 19.763480223000045 ], [ 99.155339327000092, 19.763399642000024 ], [ 99.155288139000106, 19.763305247000119 ], [ 99.155222358000117, 19.76321316800005 ], [ 99.155156595000108, 19.763139511000077 ], [ 99.155068926000183, 19.763058968999985 ], [ 99.15496910000013, 19.762985347000154 ], [ 99.154832769000109, 19.762904842000125 ], [ 99.154540681000128, 19.762785313999984 ], [ 99.154384922000077, 19.762739383000053 ], [ 99.154309486000045, 19.76272793000004 ], [ 99.154231622, 19.762725693000164 ], [ 99.154122136000183, 19.762728091000156 ], [ 99.154019974000107, 19.76275581900012 ], [ 99.15394699400008, 19.762767400000143 ], [ 99.153878864000148, 19.762762849000183 ], [ 99.153726198000129, 19.762702451000166 ], [ 99.15366015800015, 19.762781974000063 ], [ 99.153588604000106, 19.762846268999965 ], [ 99.15341522500006, 19.763003231000027 ], [ 99.153249778000145, 19.763197521000109 ], [ 99.153131678000136, 19.763421643000186 ], [ 99.152966389000028, 19.763787679000075 ], [ 99.152777450000144, 19.764168669000185 ], [ 99.152683079000042, 19.764467438000111 ], [ 99.152434257000095, 19.765003218 ], [ 99.151972184000101, 19.765707191000104 ], [ 99.15157987900011, 19.766052679999973 ], [ 99.151257763000103, 19.766477754000164 ], [ 99.15078137900008, 19.766889683000045 ], [ 99.150248808000185, 19.767195457000128 ], [ 99.14974419300006, 19.767408283000179 ], [ 99.149085303000106, 19.767594686000052 ], [ 99.148552577000089, 19.767741155000181 ], [ 99.14785151600006, 19.767821383000069 ], [ 99.147444867000104, 19.767834999000115 ], [ 99.146968072000163, 19.767808837000075 ], [ 99.146645457000034, 19.767702904000089 ], [ 99.146350858000062, 19.767570393000085 ], [ 99.145901977000165, 19.767398181000033 ], [ 99.145607378000193, 19.767265669999972 ], [ 99.145144622000089, 19.76725276999997 ], [ 99.144723956000121, 19.76726638700012 ], [ 99.144289252000192, 19.767266738000103 ], [ 99.143826529000194, 19.76729366100011 ], [ 99.142826294000145, 19.767507278999972 ], [ 99.142652865000059, 19.767619426000124 ], [ 99.142526240000166, 19.767705201000012 ], [ 99.142487321000033, 19.76773156600018 ], [ 99.142274508000128, 19.767910950999976 ], [ 99.141998504000185, 19.767985841000154 ], [ 99.141738210000142, 19.767986047000022 ], [ 99.141525179000041, 19.767919013000153 ], [ 99.141398880000168, 19.767814570000098 ], [ 99.141256796000107, 19.767695205999985 ], [ 99.141122602, 19.767575836000049 ], [ 99.14095689200019, 19.767501292000134 ], [ 99.14072808800006, 19.767434270000081 ], [ 99.140515128, 19.767441903000076 ], [ 99.139978688000042, 19.767360185000086 ], [ 99.139813058000186, 19.767375249999986 ], [ 99.139631679000047, 19.76742019600016 ], [ 99.139497638000023, 19.76748003400013 ], [ 99.139379374000043, 19.767539865 ], [ 99.139276893000158, 19.767607151999982 ], [ 99.139056146000087, 19.767734265000115 ], [ 99.13893790100019, 19.767816498000116 ], [ 99.138827507000087, 19.767853919000061 ], [ 99.138724979000131, 19.767868933999978 ], [ 99.13862241400011, 19.767846609000173 ], [ 99.13851193, 19.767779491000113 ], [ 99.138433028000065, 19.767749682000044 ], [ 99.138267378000194, 19.767742345000102 ], [ 99.138149075000115, 19.76775736999997 ], [ 99.137959845000069, 19.767847121000045 ], [ 99.137762742, 19.767951816999982 ], [ 99.137557711, 19.768011714000068 ], [ 99.137336854000125, 19.768011884000089 ], [ 99.137052906000065, 19.768027034000113 ], [ 99.136903088000111, 19.768086886999981 ], [ 99.136800618000166, 19.76816910600013 ], [ 99.136800847000131, 19.768437927000093 ], [ 99.136706304000199, 19.768564941000136 ], [ 99.13657229100005, 19.768662117000133 ], [ 99.136430323000184, 19.768677159000163 ], [ 99.13620156800016, 19.768662400000096 ], [ 99.13588595300007, 19.768543162000185 ], [ 99.135712297000111, 19.768393951000178 ], [ 99.135428140000101, 19.768162681000035 ], [ 99.135223023000094, 19.768125500000053 ], [ 99.134986365000088, 19.768095808000112 ], [ 99.134820715000046, 19.76808846800003 ], [ 99.13456832300011, 19.768103591000113 ], [ 99.134213395000074, 19.768133729000112 ], [ 99.129948628000079, 19.773842475000151 ], [ 99.129770098000051, 19.773797112000011 ], [ 99.129567356000166, 19.773725989000127 ], [ 99.129468921000068, 19.773742509000044 ], [ 99.129370541000128, 19.773830293 ], [ 99.129324311, 19.773950932000162 ], [ 99.129289669000173, 19.774082530000044 ], [ 99.129249242000128, 19.774219612000024 ], [ 99.129226197000094, 19.774367644000165 ], [ 99.129191546000129, 19.774482794000107 ], [ 99.12911057700012, 19.774614425999971 ], [ 99.129006429000185, 19.774729622999985 ], [ 99.128936292000162, 19.774829038000178 ], [ 99.12881040000002, 19.774911360000033 ], [ 99.128680166000095, 19.774989573000028 ], [ 99.128562924000164, 19.775026663000062 ], [ 99.12845003100017, 19.775067858 ], [ 99.12835882800016, 19.775076147000107 ], [ 99.128271955000173, 19.77506798600001 ], [ 99.128106887000172, 19.77503932500008 ], [ 99.127989594000155, 19.775010628000075 ], [ 99.127794063000067, 19.774907978000101 ], [ 99.127650673000119, 19.774838184000032 ], [ 99.127550712000073, 19.774756025000045 ], [ 99.127455119000103, 19.774706750000178 ], [ 99.12735086400005, 19.774682158000076 ], [ 99.127290085000084, 19.774719203000018 ], [ 99.127255399000092, 19.774797348 ], [ 99.127238094000177, 19.774879591000172 ], [ 99.127220793000049, 19.774970058000122 ], [ 99.127173066000125, 19.775035876000061 ], [ 99.127064503000099, 19.775060623000059 ], [ 99.126908136000054, 19.775052516000187 ], [ 99.126617086000124, 19.774991045000149 ], [ 99.126330420000045, 19.77498302500004 ], [ 99.126143687000138, 19.775020162000146 ], [ 99.125965682000015, 19.775110743000084 ], [ 99.12586582900002, 19.775164261999976 ], [ 99.125709564000147, 19.775291833000153 ], [ 99.125605386000075, 19.775365913000087 ], [ 99.125483853000048, 19.775468789000058 ], [ 99.125401382000064, 19.775534631000028 ], [ 99.1252494430002, 19.775637528000061 ], [ 99.12501063100018, 19.775732260000098 ], [ 99.124876011000197, 19.775761138000178 ], [ 99.124702265000053, 19.775744811000152 ], [ 99.124611049000123, 19.775736652000091 ], [ 99.124537197000052, 19.775720257000103 ], [ 99.124480738000102, 19.775724407000098 ], [ 99.124428649000151, 19.775765560000025 ], [ 99.124320087000058, 19.775790303 ], [ 99.124280994000117, 19.77579033000012 ], [ 99.124175991000186, 19.775734898000167 ], [ 99.124077465000198, 19.775636287000054 ], [ 99.124042653000174, 19.775554081 ], [ 99.124007797000161, 19.775417052000137 ], [ 99.123903362000135, 19.775159465000058 ], [ 99.123775742000191, 19.774879962999989 ], [ 99.123677149000116, 19.774693642000159 ], [ 99.123584421000089, 19.774600507000173 ], [ 99.123526491000121, 19.774578621000103 ], [ 99.123404848000064, 19.774540330000093 ], [ 99.12327163700013, 19.77451849300013 ], [ 99.123184772000172, 19.774518553000121 ], [ 99.123034196000162, 19.774507694000022 ], [ 99.122918377000076, 19.774513256000148 ], [ 99.122857085000135, 19.774513298000159 ], [ 99.122844862000079, 19.774508168000068 ], [ 99.122807151000075, 19.774479000000156 ], [ 99.122759134000091, 19.774417407000101 ], [ 99.122697423000091, 19.774368793000178 ], [ 99.122625440000093, 19.774329921000174 ], [ 99.122560324000176, 19.774304016000031 ], [ 99.122450647000107, 19.77425868500012 ], [ 99.122248444000149, 19.774197197000035 ], [ 99.122156179000058, 19.774181382000052 ], [ 99.122097666000116, 19.774171350000074 ], [ 99.122047516, 19.774165452000148 ], [ 99.121988018000081, 19.774158452000108 ], [ 99.121928523000065, 19.774158493000186 ], [ 99.121881799000107, 19.774158525000189 ], [ 99.121873953000147, 19.774155300000189 ], [ 99.121802968000054, 19.774126144000093 ], [ 99.121686400000158, 19.774025675000019 ], [ 99.121662391000029, 19.773993253000185 ], [ 99.121600666000177, 19.773925180000163 ], [ 99.121556075000115, 19.773860343000024 ], [ 99.121511474999977, 19.773782530000062 ], [ 99.121477159000165, 19.773711193000111 ], [ 99.121449688000155, 19.773633369000095 ], [ 99.121405090000167, 19.773562043000027 ], [ 99.121264502000088, 19.773412935000124 ], [ 99.121171940000067, 19.77334812600003 ], [ 99.121007370000143, 19.773202278000042 ], [ 99.120897633000197, 19.773075857000151 ], [ 99.120825605999983, 19.772978597000076 ], [ 99.120759744000054, 19.772922826000183 ], [ 99.12066103900014, 19.772839237000085 ], [ 99.12058215400009, 19.77272901300006 ], [ 99.12052725000018, 19.77262201200017 ], [ 99.12049976000003, 19.772511754000107 ], [ 99.1204619250002, 19.772323653000058 ], [ 99.120389783000121, 19.772064221000107 ], [ 99.120290203000195, 19.771772369000132 ], [ 99.120252477000122, 19.771726987000079 ], [ 99.120204468000111, 19.771675120000168 ], [ 99.120101653000063, 19.771636268000123 ], [ 99.120022833000121, 19.771613617000128 ], [ 99.119820665000077, 19.771591047000015 ], [ 99.119676739000056, 19.771558710000079 ], [ 99.11943344000008, 19.771513460000108 ], [ 99.119320360000188, 19.771494076000067 ], [ 99.119152443000019, 19.771452022000176 ], [ 99.118960556000047, 19.771429448000049 ], [ 99.118837213000063, 19.771432769000057 ], [ 99.118672741000125, 19.771419907000052 ], [ 99.118602069000133, 19.771422665000102 ], [ 99.118419206000056, 19.771429807000175 ], [ 99.118117704000156, 19.771442979000028 ], [ 99.117994379000152, 19.771469006000132 ], [ 99.117826514, 19.771498310000084 ], [ 99.11771690400019, 19.771540548000189 ], [ 99.117627836999986, 19.771584234000102 ], [ 99.117617580000115, 19.771589265000046 ], [ 99.1175353860001, 19.771637973000168 ], [ 99.117506331000072, 19.771649916 ], [ 99.11743263000011, 19.771680206000042 ], [ 99.117343549000111, 19.771683509000013 ], [ 99.11727502500014, 19.771680048 ], [ 99.117216772000177, 19.771677103000059 ], [ 99.11708313000014, 19.771654486000045 ], [ 99.117070409000064, 19.771653825000044 ], [ 99.116959780000059, 19.771648082000013 ], [ 99.116870689000052, 19.771635164000031 ], [ 99.116757614000051, 19.77162226400003 ], [ 99.116741110000078, 19.771621919000097 ], [ 99.116606852000189, 19.771619120000139 ], [ 99.11644925000013, 19.771622465000121 ], [ 99.116349887000126, 19.771625775000075 ], [ 99.116277950000153, 19.771642038999971 ], [ 99.116216100000202, 19.771680156 ], [ 99.116209455000046, 19.771684249000089 ], [ 99.116096450000043, 19.771771895000086 ], [ 99.116000599000188, 19.771885484000165 ], [ 99.115891052000109, 19.772015292000049 ], [ 99.115826011000138, 19.772096423000107 ], [ 99.115778084000169, 19.772148353000148 ], [ 99.11571301500004, 19.772190560000183 ], [ 99.115610237000055, 19.772210089000112 ], [ 99.115473194000174, 19.772216663999984 ], [ 99.115336140000181, 19.772216753000123 ], [ 99.11517511, 19.772220097 ], [ 99.114978560999987, 19.772207820000176 ], [ 99.114969526000039, 19.772207257000048 ], [ 99.1146063340002, 19.772197757000129 ], [ 99.114438453999981, 19.772214082000175 ], [ 99.114355729000181, 19.772222841000087 ], [ 99.114284287000146, 19.772230401000172 ], [ 99.114102699, 19.772240246000024 ], [ 99.113962224000034, 19.772240336000038 ], [ 99.113814873000194, 19.772211240000104 ], [ 99.113667523000061, 19.772182139000108 ], [ 99.113499597000043, 19.772127107000131 ], [ 99.113132942000163, 19.772065712000142 ], [ 99.112947922000103, 19.772062585000128 ], [ 99.11261213500012, 19.772049825000124 ], [ 99.112307207000129, 19.772066233000089 ], [ 99.112115346000166, 19.772076081000023 ], [ 99.112002287000109, 19.772089129000051 ], [ 99.111851563000073, 19.772134630000153 ], [ 99.111765954000191, 19.77220279800008 ], [ 99.111628974000041, 19.772306677000074 ], [ 99.111502287000178, 19.772423522000054 ], [ 99.111379017000104, 19.772540368000136 ], [ 99.111289988000067, 19.772611780000034 ], [ 99.111176968000166, 19.772683210000082 ], [ 99.111091331000068, 19.772712453000111 ], [ 99.110851518000061, 19.772751524000057 ], [ 99.1107179010001, 19.772764579000125 ], [ 99.111325308000175, 19.773351356000092 ], [ 99.111792623000042, 19.773678599000107 ], [ 99.111931316000039, 19.774104308000062 ], [ 99.112018055000192, 19.774448167000173 ], [ 99.112277664000089, 19.774611771000025 ], [ 99.112606417000052, 19.774693443000046 ], [ 99.112737892000155, 19.774693360000128 ], [ 99.112861673000168, 19.774693282000101 ], [ 99.112900512000124, 19.774693258000127 ], [ 99.112910948000092, 19.7746888100001 ], [ 99.113186049000035, 19.774571531000049 ], [ 99.114246785000034, 19.774119320000068 ], [ 99.114962154000182, 19.773988021000093 ], [ 99.115881891000129, 19.773928059000127 ], [ 99.116216421000104, 19.774016891000031 ], [ 99.116477876000147, 19.774234397000043 ], [ 99.116770841000175, 19.774649772000089 ], [ 99.117220639000095, 19.775144203000025 ], [ 99.117245185000172, 19.775192825000147 ], [ 99.117779478000045, 19.775653979000083 ], [ 99.118247039000096, 19.775934435000067 ], [ 99.119441239000139, 19.776621466000108 ], [ 99.120150691000049, 19.776833886000134 ], [ 99.121119711000119, 19.777128011000059 ], [ 99.121829110000078, 19.777258543000187 ], [ 99.122123223000187, 19.777274723000119 ], [ 99.122296259999985, 19.777323732000127 ], [ 99.122902572999976, 19.778387805000023 ], [ 99.12328364200016, 19.778993475 ], [ 99.123647174000041, 19.779288009000027 ], [ 99.124079743000038, 19.779369591000034 ], [ 99.124564145000136, 19.77936925400013 ], [ 99.125411741000107, 19.77922127100004 ], [ 99.125999922, 19.779188103000138 ], [ 99.12747037400004, 19.779105183000013 ], [ 99.128577453000048, 19.778940617999979 ], [ 99.129182852000156, 19.778809172000138 ], [ 99.129528839000045, 19.778792545999977 ], [ 99.129857651000123, 19.77892332000016 ], [ 99.130220964000046, 19.778939429000161 ], [ 99.130549588000065, 19.778840933000026 ], [ 99.131258721000052, 19.778627518 ], [ 99.131656621000104, 19.778627225000093 ], [ 99.133318182000153, 19.779526709999971 ], [ 99.133993026000041, 19.779689973000075 ], [ 99.134927322000067, 19.779787528999975 ], [ 99.135446523000155, 19.78001641200018 ], [ 99.135758119000172, 19.780245450000109 ], [ 99.136069793, 19.780556372000092 ], [ 99.136537055000133, 19.780736158000082 ], [ 99.137142579000113, 19.780752073000031 ], [ 99.137718833, 19.780722169000057 ], [ 99.138800306000064, 19.780608842 ], [ 99.138994402000151, 19.780582431000028 ], [ 99.139152849000197, 19.780552304000139 ], [ 99.139299393000044, 19.780514688000039 ], [ 99.13965586400019, 19.780405660000042 ], [ 99.140252024000119, 19.780223407000165 ], [ 99.140457278000042, 19.78014357700016 ], [ 99.140600890000201, 19.780111329000135 ], [ 99.140911606000145, 19.780044953000129 ], [ 99.141459945000122, 19.779941933000146 ], [ 99.141794158000152, 19.779866265000123 ], [ 99.14248607900015, 19.779701315000125 ], [ 99.142705426000077, 19.779665301000023 ], [ 99.142893462000188, 19.779673789000185 ], [ 99.143098556000098, 19.779751505000036 ], [ 99.143415455000081, 19.779898914000057 ], [ 99.143623491000085, 19.779979881000088 ], [ 99.143659804000151, 19.779999804000056 ], [ 99.143849231000104, 19.780068370000038 ], [ 99.144188095000061, 19.780217476000132 ], [ 99.144409108000161, 19.780311896000114 ], [ 99.144432252000115, 19.780316849000087 ], [ 99.14445329900019, 19.780324802000109 ], [ 99.144489059000136, 19.780323779000128 ], [ 99.144524851000085, 19.780333707000068 ], [ 99.144549051000126, 19.780344641000056 ], [ 99.144621713000106, 19.780422263000105 ], [ 99.144673351999984, 19.780519820999984 ], [ 99.14469023200013, 19.780584530000112 ], [ 99.144734945000039, 19.780708389000154 ], [ 99.144765076000112, 19.780754235000018 ], [ 99.144811926000102, 19.780812738000179 ], [ 99.144855428000142, 19.780861755000046 ], [ 99.144905305000123, 19.780970032000027 ], [ 99.144913619000079, 19.780981682000117 ], [ 99.144922688, 19.781000019000146 ], [ 99.144934781000075, 19.781033047 ], [ 99.144950669000139, 19.781078056000126 ], [ 99.144959390000054, 19.781115898000053 ], [ 99.144967334000171, 19.781132861000117 ], [ 99.145007433000046, 19.781184754000037 ], [ 99.145206124000197, 19.781464466000102 ], [ 99.145444745000134, 19.781710384 ], [ 99.145489637000139, 19.781756489000031 ], [ 99.145518896000169, 19.781765700000165 ], [ 99.145553987000142, 19.781763809999973 ], [ 99.145630024000127, 19.781748981000078 ], [ 99.146092089000035, 19.781654477000075 ], [ 99.146318222000048, 19.781582304999972 ], [ 99.146602848000157, 19.781502691000128 ], [ 99.14670420300007, 19.781469389000051 ], [ 99.146766583999977, 19.781452727000101 ], [ 99.146922578000101, 19.781434128000058 ], [ 99.146951002000151, 19.78142629600012 ], [ 99.146983011000032, 19.781415624000147 ], [ 99.147011962000079, 19.781402299000035 ], [ 99.147043433000078, 19.781386043000111 ], [ 99.147128704000124, 19.781345704000046 ], [ 99.147166980000065, 19.781338299000026 ], [ 99.147222780999982, 19.781330517000129 ], [ 99.147257148000108, 19.781329007000181 ], [ 99.147303108000187, 19.781331282999986 ], [ 99.147444035000035, 19.781351808000181 ], [ 99.147517025000184, 19.781365645 ], [ 99.148502343000189, 19.781403057000091 ], [ 99.148725562000095, 19.781402871000068 ], [ 99.148881155000083, 19.781447564000132 ], [ 99.149572493000107, 19.782127628000069 ], [ 99.150172839, 19.782716600000128 ], [ 99.150563241000157, 19.783101895000129 ], [ 99.1507404890001, 19.783350365999979 ], [ 99.150832297000022, 19.783479102000172 ], [ 99.151110214000198, 19.784053198000038 ], [ 99.151144954000074, 19.784127018000106 ], [ 99.151214347000064, 19.784176191000029 ], [ 99.151327041000116, 19.784200713000075 ], [ 99.152640398000187, 19.784105614000111 ], [ 99.152679343000102, 19.784099687000094 ], [ 99.152796752000143, 19.784083699000178 ], [ 99.152847076000057, 19.784075722000125 ], [ 99.152916974000163, 19.78407302300019 ], [ 99.15293933800001, 19.784078301000079 ], [ 99.152992497000071, 19.78409678200012 ], [ 99.153020474000186, 19.784125855000127 ], [ 99.153054109000038, 19.784218473000124 ], [ 99.153062516000091, 19.784244925000053 ], [ 99.153090506000126, 19.784263428000031 ], [ 99.153126862000079, 19.784284579000087 ], [ 99.153182824000112, 19.784318926000026 ], [ 99.153235968000047, 19.784350635000067 ], [ 99.153297547000079, 19.784411456000043 ], [ 99.153345124000055, 19.784467010000185 ], [ 99.153370331000076, 19.784511973000122 ], [ 99.153415137000081, 19.784583398000052 ], [ 99.153437587000155, 19.78466011900008 ], [ 99.153462864000176, 19.784775229000047 ], [ 99.153476970000099, 19.784910190000119 ], [ 99.153474305000145, 19.785058417000187 ], [ 99.153466087000197, 19.785230451000018 ], [ 99.153449472000148, 19.78540514700012 ], [ 99.153452404, 19.785536143000115 ], [ 99.153460806, 19.785557317000098 ], [ 99.153469208000161, 19.785578475000079 ], [ 99.153556366000089, 19.785672871000031 ], [ 99.153555986000072, 19.78567500500003 ], [ 99.153556030000061, 19.785719991000065 ], [ 99.153564447000178, 19.785757053999987 ], [ 99.153606461000095, 19.785823166000114 ], [ 99.153715600000112, 19.785923653 ], [ 99.153760385, 19.785973897000076 ], [ 99.153793995000115, 19.786034739000172 ], [ 99.153852766000114, 19.786098217000074 ], [ 99.153956274000166, 19.786159002000034 ], [ 99.15402345800004, 19.786230390000071 ], [ 99.154034661000139, 19.786264792999987 ], [ 99.154045898000106, 19.786315064000178 ], [ 99.154051539000136, 19.786362701000087 ], [ 99.154118708999988, 19.78644204 ], [ 99.15422501400019, 19.786489592 ], [ 99.154384451000169, 19.786552966000102 ], [ 99.154527116000111, 19.78662696400005 ], [ 99.154588623000166, 19.786633524000024 ], [ 99.154655763000051, 19.786659927000187 ], [ 99.154734066, 19.78667838500013 ], [ 99.154817945000104, 19.786678313000095 ], [ 99.154857117000176, 19.78671003400018 ], [ 99.154890685000112, 19.786728531000165 ], [ 99.154955015000098, 19.786752296000088 ], [ 99.155016572000136, 19.786789293000027 ], [ 99.15512843200014, 19.78681831300014 ], [ 99.155209567000043, 19.786863246000053 ], [ 99.155282315000193, 19.786921399000164 ], [ 99.155433432000166, 19.78704830900017 ], [ 99.155492205000144, 19.787109129000044 ], [ 99.155511842000067, 19.787177920000147 ], [ 99.155534253000042, 19.787230838000085 ], [ 99.155567862999987, 19.787275793000163 ], [ 99.155623801, 19.787307519000137 ], [ 99.155710491000093, 19.787310081000157 ], [ 99.155889482000077, 19.78735095400009 ], [ 99.155983003000074, 19.787391322000019 ], [ 99.156018159000155, 19.787413033000121 ], [ 99.15610487500004, 19.787465895000082 ], [ 99.156194390000053, 19.787508163000041 ], [ 99.156239383000127, 19.787515210000151 ], [ 99.156241924000085, 19.787517376000153 ], [ 99.156295078000028, 19.787533217000146 ], [ 99.156465628000149, 19.787535706000085 ], [ 99.156605427000045, 19.787530287999971 ], [ 99.15678996500003, 19.787523512000121 ], [ 99.156851456000084, 19.787512885000069 ], [ 99.156907368000077, 19.787499587000013 ], [ 99.157013603000053, 19.787494218 ], [ 99.157114274000151, 19.787502064000137 ], [ 99.157186976000105, 19.787515228000188 ], [ 99.157273679000127, 19.787531040000033 ], [ 99.157335215000046, 19.787546855000016 ], [ 99.157391142000165, 19.787562692 ], [ 99.15744707000016, 19.787567938000109 ], [ 99.157525341000166, 19.78755463900012 ], [ 99.157592450000095, 19.787543988000039 ], [ 99.157656758000087, 19.78754657200011 ], [ 99.157751802000121, 19.787542528000131 ], [ 99.157838500000196, 19.787553026000069 ], [ 99.157886054000073, 19.787582100000179 ], [ 99.157936409000058, 19.78760587700009 ], [ 99.157989567000186, 19.787645538000106 ], [ 99.158014783000112, 19.787695797000083 ], [ 99.158017665000045, 19.787772535000045 ], [ 99.158020521000083, 19.787841358000151 ], [ 99.158017827000037, 19.787936626000032 ], [ 99.158012316, 19.788021325000045 ], [ 99.158003976000032, 19.78808220500008 ], [ 99.158009602000163, 19.788111317000187 ], [ 99.15801801300006, 19.788124540000126 ], [ 99.158031799000128, 19.788163603999976 ], [ 99.158081805000165, 19.788157504000026 ], [ 99.158163193000178, 19.788132770000118 ], [ 99.158257587000151, 19.788092617000075 ], [ 99.158348720000163, 19.788046299000143 ], [ 99.158387795000067, 19.788040102000082 ], [ 99.158475742000178, 19.788064685000052 ], [ 99.158573462999982, 19.788095419000115 ], [ 99.158626353000102, 19.788084244000174 ], [ 99.158632068000145, 19.788083036000046 ], [ 99.158737565000081, 19.788046800000075 ], [ 99.158850228000063, 19.788064353000038 ], [ 99.159039131000156, 19.788098091000165 ], [ 99.159107519000145, 19.788098030000072 ], [ 99.159224735000066, 19.78808559200013 ], [ 99.159286611000198, 19.788091704000067 ], [ 99.159482028000127, 19.78811927300012 ], [ 99.159573206, 19.788119191000135 ], [ 99.159657860000095, 19.788103703000104 ], [ 99.159872694000114, 19.788017205000017 ], [ 99.159924784000168, 19.788004827000066 ], [ 99.159986667000055, 19.788017103000016 ], [ 99.160110458000077, 19.78806014200012 ], [ 99.160188627000082, 19.788078567000127 ], [ 99.160305866000101, 19.788087711 ], [ 99.160377539000081, 19.788115384999969 ], [ 99.160494822000089, 19.788170768000043 ], [ 99.160556710000037, 19.788186123000173 ], [ 99.160693485000081, 19.788189082000144 ], [ 99.160791190000111, 19.78820440700008 ], [ 99.160912995000103, 19.788237233000132 ], [ 99.160988217000124, 19.788247845000114 ], [ 99.161055913000041, 19.788254901000187 ], [ 99.161097308000194, 19.788283340000135 ], [ 99.161138718000075, 19.788329575000148 ], [ 99.161187644000051, 19.788365128000123 ], [ 99.161240294000095, 19.788372202 ], [ 99.16130796900012, 19.788354342000162 ], [ 99.161390647000019, 19.788304434000111 ], [ 99.161447028000168, 19.788275907000127 ], [ 99.161552310000161, 19.788268690000166 ], [ 99.161665121000169, 19.78826147400008 ], [ 99.161796739000067, 19.78826491 ], [ 99.161864449000177, 19.788286207000112 ], [ 99.161909612000102, 19.788321762000123 ], [ 99.161984948999986, 19.78844983800002 ], [ 99.162030126000104, 19.788496069000075 ], [ 99.162075273000198, 19.788520948000041 ], [ 99.162131697000063, 19.788535133000096 ], [ 99.162233237000123, 19.788542159000144 ], [ 99.162263333000112, 19.788556373000063 ], [ 99.162308503000133, 19.788595485000087 ], [ 99.162349923000193, 19.788652402000082 ], [ 99.162478014000044, 19.788880096000128 ], [ 99.162639887000182, 19.789054365000084 ], [ 99.162790445000041, 19.789185932 ], [ 99.16285822500015, 19.789274856000077 ], [ 99.162922275000085, 19.789395825000042 ], [ 99.16299017700004, 19.789605774000108 ], [ 99.162994007000179, 19.789673404000041 ], [ 99.162967729000115, 19.789719701000024 ], [ 99.162885038000127, 19.789758931999984 ], [ 99.162636934000034, 19.78984458400015 ], [ 99.162610647000065, 19.789883763000091 ], [ 99.16261069799998, 19.789933598000061 ], [ 99.162633325000172, 19.789994088000071 ], [ 99.162670970000192, 19.790033211000036 ], [ 99.162795150000136, 19.790114968000125 ], [ 99.162844084000142, 19.790164758000174 ], [ 99.162847899000155, 19.790218147000076 ], [ 99.162847939000187, 19.7902573 ], [ 99.162772857000164, 19.790381951000143 ], [ 99.162769143000048, 19.790428232000124 ], [ 99.162784231000046, 19.790474491000168 ], [ 99.162806853000177, 19.790531422000129 ], [ 99.162814481000055, 19.790638203000185 ], [ 99.162837111000158, 19.790702254000053 ], [ 99.16287474600017, 19.790730694000104 ], [ 99.162995140000191, 19.790787539000121 ], [ 99.163044090000142, 19.790848006000033 ], [ 99.163055424000049, 19.790897829000187 ], [ 99.163040440000032, 19.790958354000111 ], [ 99.162965332000056, 19.791061651000064 ], [ 99.162920320000012, 19.791172037000138 ], [ 99.162920403000157, 19.791253905000133 ], [ 99.16293547600003, 19.791285928000036 ], [ 99.162973119000071, 19.79132148900004 ], [ 99.163025775000165, 19.791328558000032 ], [ 99.163082186000111, 19.791328507000117 ], [ 99.163161143000139, 19.791317758 ], [ 99.163243879000049, 19.791317682 ], [ 99.163296526000067, 19.791321194000147 ], [ 99.16337183700017, 19.791417233000175 ], [ 99.163458498000182, 19.791580894000106 ], [ 99.163518722000163, 19.791637788 ], [ 99.163605269000129, 19.791691104000165 ], [ 99.163650479000125, 19.79176937200009 ], [ 99.163752259000034, 19.792007770000112 ], [ 99.163805124000078, 19.792221294000171 ], [ 99.163801447000196, 19.792303164000032 ], [ 99.16378273800018, 19.792395731000113 ], [ 99.163752819000081, 19.792555937000031 ], [ 99.163764302000061, 19.7927517010001 ], [ 99.163790728000095, 19.792851346000077 ], [ 99.163835922000146, 19.792918935000046 ], [ 99.163899905000164, 19.792972270000121 ], [ 99.163993940000069, 19.792989983000098 ], [ 99.164121824000176, 19.79301121900005 ], [ 99.164200854000114, 19.793068102000063 ], [ 99.164257336000162, 19.793139239000027 ], [ 99.164272433000065, 19.793192617000159 ], [ 99.164283856000054, 19.793331427999988 ], [ 99.164283933000149, 19.793406180000147 ], [ 99.164302786, 19.793455997000081 ], [ 99.164359240000067, 19.793498657999976 ], [ 99.164434518000064, 19.793566221000162 ], [ 99.164506109000058, 19.793701419000172 ], [ 99.164585170000123, 19.793783214000086 ], [ 99.164664199000185, 19.793840091999982 ], [ 99.16479210000017, 19.793875572000104 ], [ 99.164867322000191, 19.793889739000122 ], [ 99.164916240000139, 19.793914613000027 ], [ 99.164953874000048, 19.793946614000106 ], [ 99.164999094000109, 19.794031998000037 ], [ 99.165104520000114, 19.794156488000056 ], [ 99.165202411000109, 19.794270302000086 ], [ 99.165240068000116, 19.794316541000057 ], [ 99.165277791000165, 19.794430410000189 ], [ 99.165319228000101, 19.794501565000076 ], [ 99.165383228000053, 19.794569138000099 ], [ 99.165503671000181, 19.794668690000151 ], [ 99.165522509000141, 19.794700708000164 ], [ 99.165545173000055, 19.794796799000039 ], [ 99.1655715240002, 19.794825249000041 ], [ 99.165597851000143, 19.794825225000068 ], [ 99.165639190000093, 19.794800268000017 ], [ 99.165665509000064, 19.794793127000048 ], [ 99.165699381000195, 19.794818008999982 ], [ 99.165808573000163, 19.794946051000124 ], [ 99.166000591000056, 19.795163006000053 ], [ 99.16610979800015, 19.795305285000154 ], [ 99.166136226000049, 19.795404928000153 ], [ 99.166121341000121, 19.795558005000089 ], [ 99.166087716999982, 19.795775169000137 ], [ 99.166087953000044, 19.796002980000083 ], [ 99.166065710000055, 19.796309119000114 ], [ 99.166069604000199, 19.796437259000015 ], [ 99.166077231000031, 19.796540479000043 ], [ 99.166073524000183, 19.796590316000163 ], [ 99.166054815000109, 19.79668644100002 ], [ 99.16605867700008, 19.796782543000177 ], [ 99.166070025000124, 19.796843044000127 ], [ 99.166134076000048, 19.796960450000086 ], [ 99.166160474000094, 19.797031614000105 ], [ 99.166168111000104, 19.797141956000189 ], [ 99.166183398000044, 19.797376869000175 ], [ 99.166202231000057, 19.797405330000117 ], [ 99.166239861000179, 19.797426648999988 ], [ 99.166348941000138, 19.797447907000162 ], [ 99.166390346000071, 19.797483463999981 ], [ 99.166412990000197, 19.797558192000167 ], [ 99.166443131000108, 19.797611558000142 ], [ 99.166510865000191, 19.797654208000097 ], [ 99.16658613900006, 19.797707533000164 ], [ 99.166635104000079, 19.797782239000128 ], [ 99.166676510000116, 19.797817792000103 ], [ 99.166730152000127, 19.797843407000016 ], [ 99.16678190000016, 19.797921605000113 ], [ 99.166911201000119, 19.798043747000065 ], [ 99.167097371000068, 19.79820006500006 ], [ 99.16716455400018, 19.798214675 ], [ 99.167257562000088, 19.798219480000171 ], [ 99.167345369000145, 19.79819005600001 ], [ 99.167443533000096, 19.798185070000159 ], [ 99.167572721000113, 19.798199619 ], [ 99.16766576800012, 19.798243547000084 ], [ 99.167794972000138, 19.79827276900005 ], [ 99.167862139000079, 19.798272706000091 ], [ 99.167893181000181, 19.798311802000171 ], [ 99.167908769000064, 19.798394922000114 ], [ 99.16796564200007, 19.798429104000093 ], [ 99.168007024000076, 19.798477969000146 ], [ 99.168027805000122, 19.798585537000122 ], [ 99.168100233000075, 19.798673497000152 ], [ 99.168152054000188, 19.798815274000049 ], [ 99.168224428000144, 19.798854330000097 ], [ 99.168517409000117, 19.798937952000074 ], [ 99.16893784500013, 19.799123172000122 ], [ 99.169124724000199, 19.799220227000092 ], [ 99.16915279900013, 19.799273234000111 ], [ 99.169115752000152, 19.799426011000037 ], [ 99.16910648400011, 19.79963568300019 ], [ 99.16913260900003, 19.799741269000037 ], [ 99.169197547000124, 19.79990127800005 ], [ 99.169345281000062, 19.800095266000085 ], [ 99.169547005000084, 19.800302825000131 ], [ 99.16975601200005, 19.800592115000086 ], [ 99.169836624000141, 19.800719228000048 ], [ 99.169880590000048, 19.800816785 ], [ 99.169948392000151, 19.800969587000054 ], [ 99.169999327000198, 19.801081180000153 ], [ 99.170004631000097, 19.801163995000138 ], [ 99.169948777000059, 19.80133199300019 ], [ 99.169836850000138, 19.801464683000177 ], [ 99.169575482000198, 19.801579839999988 ], [ 99.169388824, 19.801694925000049 ], [ 99.169332924, 19.801818728000057 ], [ 99.169220950000181, 19.801907221000022 ], [ 99.167279370000131, 19.802127934000055 ], [ 99.167061338000167, 19.802166838000062 ], [ 99.166897883000047, 19.802257293000025 ], [ 99.166761722999979, 19.802386416000104 ], [ 99.166243763000125, 19.802348198000175 ], [ 99.16541238700006, 19.80236187100013 ], [ 99.16519436700014, 19.802413672000057 ], [ 99.164990049000153, 19.80252996300004 ], [ 99.1646223730001, 19.802839899000105 ], [ 99.164486184000111, 19.802943226000025 ], [ 99.1643499, 19.802956252 ], [ 99.164172614000108, 19.802853214000038 ], [ 99.163913613000091, 19.802814750000039 ], [ 99.163559301000078, 19.802866676000065 ], [ 99.163287056000172, 19.80320232300005 ], [ 99.162960278000128, 19.803525120000188 ], [ 99.162578915000097, 19.803783470000099 ], [ 99.162564961000044, 19.803795671000103 ], [ 99.162345450000089, 19.803987592999988 ], [ 99.162462444000141, 19.803999145000091 ], [ 99.162542484000198, 19.804009265000047 ], [ 99.162610220000147, 19.804012113000056 ], [ 99.162677934000044, 19.804012052000189 ], [ 99.162745654000162, 19.804017829000031 ], [ 99.16284110600003, 19.804046876000029 ], [ 99.16293043800016, 19.804103601000179 ], [ 99.162976646000061, 19.804137067000113 ], [ 99.163016712, 19.804177822000042 ], [ 99.163089153000044, 19.804281175000142 ], [ 99.163177003000044, 19.804402008000125 ], [ 99.163218617000098, 19.804463150000174 ], [ 99.163246396000034, 19.804531587000099 ], [ 99.163288089000162, 19.804669941000157 ], [ 99.163311243000123, 19.804735473000051 ], [ 99.163322053000172, 19.804773345000172 ], [ 99.163332873000172, 19.804803915000036 ], [ 99.163346753000042, 19.804837411000165 ], [ 99.163360625000166, 19.804865070000062 ], [ 99.163576400000125, 19.805153311000026 ], [ 99.163591813000096, 19.805175148000103 ], [ 99.163608766000152, 19.805189698999982 ], [ 99.163631404000057, 19.80519906000012 ], [ 99.163708401000122, 19.805199855000126 ], [ 99.163709800000163, 19.805204698000068 ], [ 99.16371419799998, 19.805211310000118 ], [ 99.163720563000084, 19.805216979000136 ], [ 99.163728437000032, 19.805222702000151 ], [ 99.163736461000155, 19.80522708500007 ], [ 99.16379568200017, 19.80524944300015 ], [ 99.163835285000175, 19.805264606000037 ], [ 99.163854906000097, 19.805274601000065 ], [ 99.163871934999975, 19.805288684000118 ], [ 99.163884531000122, 19.805299786000148 ], [ 99.163905280000165, 19.805330583000114 ], [ 99.163922433000096, 19.805352455000161 ], [ 99.163946760000044, 19.805369765000137 ], [ 99.163970772000084, 19.805377533000069 ], [ 99.164005817000032, 19.805382525000141 ], [ 99.164125807000062, 19.80539096300015 ], [ 99.164301984000133, 19.805405858000029 ], [ 99.164364140000146, 19.80540299900008 ], [ 99.164449967000053, 19.805394516000149 ], [ 99.164495293000073, 19.805387100000075 ], [ 99.164535786000101, 19.805377627000098 ], [ 99.16456906000019, 19.805367945000171 ], [ 99.164606805000062, 19.805360754000048 ], [ 99.164640714000086, 19.805354813000179 ], [ 99.164667259000055, 19.805356287999984 ], [ 99.16470125800015, 19.805363289000127 ], [ 99.164726208000047, 19.805373315000111 ], [ 99.164748911000061, 19.805385836000141 ], [ 99.164849601000071, 19.805441771000062 ], [ 99.164890869000089, 19.805461091000041 ], [ 99.164935476000153, 19.805475308999974 ], [ 99.164976906000049, 19.805485139000098 ], [ 99.165024269000128, 19.805492036000032 ], [ 99.165066108000133, 19.805491581000126 ], [ 99.165115463, 19.805486006000081 ], [ 99.165163372000166, 19.805477901000017 ], [ 99.165207754000107, 19.805466654999975 ], [ 99.165224270000067, 19.805464306999966 ], [ 99.165242319000072, 19.805465790000028 ], [ 99.165261036000061, 19.805469406000157 ], [ 99.165275251000082, 19.805477327000176 ], [ 99.16528635800006, 19.805489987000158 ], [ 99.165302522000161, 19.80551699200015 ], [ 99.165323280000109, 19.805553390000171 ], [ 99.165342782000096, 19.805572730000165 ], [ 99.165361795000138, 19.805584171000135 ], [ 99.16538473300011, 19.805591289000176 ], [ 99.165403241000035, 19.805595338000046 ], [ 99.165452169000162, 19.805598763000091 ], [ 99.165485604000196, 19.80559670700012 ], [ 99.16552064300015, 19.805590658000028 ], [ 99.16555087800009, 19.805578574000094 ], [ 99.165571925000165, 19.805567169000142 ], [ 99.165642895000133, 19.8054970660001 ], [ 99.165660660000128, 19.805469433000042 ], [ 99.165684265000039, 19.805435397000053 ], [ 99.165719758000193, 19.805410152000036 ], [ 99.165744477000032, 19.805400512000119 ], [ 99.165773020000188, 19.805393293000122 ], [ 99.165803914000037, 19.805391420999968 ], [ 99.165839490000167, 19.805391893000035 ], [ 99.16586773500012, 19.805393205000144 ], [ 99.165917008000179, 19.805397840000069 ], [ 99.165961066000079, 19.805401324000172 ], [ 99.165992914000071, 19.805397265000124 ], [ 99.166010992000167, 19.805390849000105 ], [ 99.166030775000081, 19.805387452000105 ], [ 99.166045902000178, 19.805389967000053 ], [ 99.166062369000201, 19.805399639000143 ], [ 99.166074952000088, 19.805412623000166 ], [ 99.166137155000172, 19.805460188999973 ], [ 99.166220073000147, 19.805499333000057 ], [ 99.166261660000089, 19.805513082 ], [ 99.166295656000045, 19.805520100000081 ], [ 99.166332284000077, 19.805519054000172 ], [ 99.166356223000037, 19.805513212000051 ], [ 99.166378974000054, 19.805502437000087 ], [ 99.166400601000134, 19.805493561000105 ], [ 99.166428340000039, 19.805486813000073 ], [ 99.166457, 19.80548326100012 ], [ 99.166481101000045, 19.805484811000099 ], [ 99.166504959000065, 19.805491114000176 ], [ 99.166532619000066, 19.805499655000062 ], [ 99.166551573, 19.805510230000152 ], [ 99.166566960000125, 19.80552308200015 ], [ 99.16657823800017, 19.805535416999987 ], [ 99.166587017000097, 19.805548801000043 ], [ 99.16659561, 19.805565926000099 ], [ 99.166604177000124, 19.805596681000111 ], [ 99.166604738000046, 19.805621296000083 ], [ 99.166602620000049, 19.805641902 ], [ 99.166596139000148, 19.805667067000059 ], [ 99.166540174000033, 19.80593325500007 ], [ 99.166528474000131, 19.806067734000067 ], [ 99.1665226450001, 19.806154565000043 ], [ 99.166528652000181, 19.806238603000111 ], [ 99.166558333000069, 19.806317015 ], [ 99.166608742000051, 19.806403811999985 ], [ 99.166659147000018, 19.806487809000089 ], [ 99.166705612000044, 19.80663757700006 ], [ 99.166776369000161, 19.806619095000144 ], [ 99.166909869000165, 19.8065455630001 ], [ 99.167172553000057, 19.806394425 ], [ 99.167349159000082, 19.806341245000056 ], [ 99.167512887000157, 19.806328855000118 ], [ 99.16758954, 19.8063577960001 ], [ 99.167600593000145, 19.806372624000062 ], [ 99.167612128000087, 19.806459264000125 ], [ 99.167594991000044, 19.806557158000089 ], [ 99.167530476000081, 19.806667328000117 ], [ 99.167491927000185, 19.806887583000162 ], [ 99.16749654900002, 19.807189365000056 ], [ 99.167470778000109, 19.807266875000096 ], [ 99.167427726000142, 19.807303618 ], [ 99.167302811000184, 19.807344515000125 ], [ 99.167259754999975, 19.807377182000039 ], [ 99.167216759000155, 19.807462865000161 ], [ 99.167186740000091, 19.807601549000083 ], [ 99.167191145000174, 19.807695344000081 ], [ 99.167251586000134, 19.807805397000038 ], [ 99.167350758000168, 19.807870555000136 ], [ 99.167656765000174, 19.807939599000122 ], [ 99.167842121000035, 19.808004675 ], [ 99.167958538000164, 19.808077972000149 ], [ 99.168001692000189, 19.808139103000144 ], [ 99.168014761000109, 19.808277751000048 ], [ 99.168040691000101, 19.808347053000091 ], [ 99.168083819000117, 19.808387796000034 ], [ 99.16815281900017, 19.808418397000139 ], [ 99.168226792000155, 19.808447788000024 ], [ 99.168304662000196, 19.808479037000041 ], [ 99.168403960000092, 19.808530508000104 ], [ 99.168444849000196, 19.808550729000103 ], [ 99.168511009000156, 19.80856171 ], [ 99.168575237000141, 19.808567179000022 ], [ 99.168618049000088, 19.808583713000132 ], [ 99.168635609000148, 19.808611314000018 ], [ 99.168668728000114, 19.808653646000153 ], [ 99.168703795999988, 19.808695977000013 ], [ 99.168740812000067, 19.808738289000132 ], [ 99.168779776000065, 19.808782461000078 ], [ 99.168780390000109, 19.80878416000013 ], [ 99.168781022000189, 19.808785877 ], [ 99.168781271000114, 19.808786543000053 ], [ 99.168824585000152, 19.808825687000081 ], [ 99.168914163000125, 19.808895584000084 ], [ 99.168957024000179, 19.808939752000015 ], [ 99.168994036000072, 19.808978395000111 ], [ 99.169008035000047, 19.809032818999981 ], [ 99.169008917000099, 19.809033253000052 ], [ 99.169011606000083, 19.809034550000035 ], [ 99.169040884000196, 19.809126590000062 ], [ 99.169079932000045, 19.809248118000141 ], [ 99.169128765000096, 19.809433146000174 ], [ 99.169177704000163, 19.8096982940001 ], [ 99.16920122200014, 19.809852982999985 ], [ 99.169236585000135, 19.810170631000176 ], [ 99.169236646000058, 19.810227727000097 ], [ 99.16921335700016, 19.810294043000113 ], [ 99.169176426000035, 19.81033091200004 ], [ 99.169151143000192, 19.810351196000113 ], [ 99.169085019000192, 19.81037703100003 ], [ 99.168858667000109, 19.810396512000125 ], [ 99.168749404000039, 19.810403826000027 ], [ 99.168637052000179, 19.810430520000125 ], [ 99.168549271000131, 19.810453882000104 ], [ 99.1684860740001, 19.810470550000048 ], [ 99.168390054000156, 19.810537189000115 ], [ 99.168375537000145, 19.810555421000061 ], [ 99.168343990000096, 19.810611949000076 ], [ 99.168319469000096, 19.810681772000123 ], [ 99.168273966000129, 19.810814765000032 ], [ 99.168210899000201, 19.810967729000026 ], [ 99.168168980000189, 19.811167193000017 ], [ 99.168169029000069, 19.811213733000159 ], [ 99.168197149000093, 19.811240293000026 ], [ 99.168221740000092, 19.811253571000066 ], [ 99.168232302000092, 19.811273496000013 ], [ 99.168228828000167, 19.811310063000121 ], [ 99.16821478900016, 19.811326687000076 ], [ 99.168162166000116, 19.811369951000131 ], [ 99.16813412200014, 19.811416518000158 ], [ 99.168111474000057, 19.811597692000021 ], [ 99.168118547000176, 19.811640880000084 ], [ 99.168122154, 19.811730632000035 ], [ 99.168104841000115, 19.811969961000045 ], [ 99.168092693000176, 19.812097934000064 ], [ 99.168091138000136, 19.812127793000116 ], [ 99.168115663000094, 19.812239177000095 ], [ 99.16813680100006, 19.812292329000059 ], [ 99.168210602000045, 19.812335474000179 ], [ 99.168291380000198, 19.812355351000122 ], [ 99.168368674000192, 19.812381865000191 ], [ 99.168382776000101, 19.812425067 ], [ 99.168361769000057, 19.812498194000113 ], [ 99.168342543000051, 19.81253875200008 ], [ 99.168337257000132, 19.812561384 ], [ 99.168284651000079, 19.812621257000103 ], [ 99.168246049000061, 19.812651205000066 ], [ 99.168207469000095, 19.812701108000056 ], [ 99.168204616000082, 19.812712532000091 ], [ 99.168198746000144, 19.812759276000065 ], [ 99.168198669000049, 19.812759621000168 ], [ 99.168199774000072, 19.812773897999989 ], [ 99.168195861000186, 19.812868428 ], [ 99.16818404300011, 19.813015883000048 ], [ 99.16816828900005, 19.813235186000156 ], [ 99.168136441000058, 19.813329742000178 ], [ 99.168012607000094, 19.81334119100012 ], [ 99.167764896000108, 19.81331874000017 ], [ 99.167597109000042, 19.813315122 ], [ 99.167537222000135, 19.813356764000105 ], [ 99.167465505000166, 19.813530755000045 ], [ 99.167429643, 19.813625315000024 ], [ 99.167381766000062, 19.813678280000033 ], [ 99.167325917000142, 19.813761525000132 ], [ 99.167321504000199, 19.813778862000049 ], [ 99.167294441000195, 19.813848814000153 ], [ 99.167243751000115, 19.813933753000128 ], [ 99.167235323999989, 19.813965806000056 ], [ 99.167234343000189, 19.813996352000061 ], [ 99.167233697000142, 19.814017064000041 ], [ 99.167243893000091, 19.814069902000142 ], [ 99.167259185000148, 19.814121145 ], [ 99.167269384000178, 19.814154789000156 ], [ 99.16727280200007, 19.814193228000022 ], [ 99.167276221000122, 19.814231668 ], [ 99.167274581000129, 19.814270111999974 ], [ 99.167272909000189, 19.814295743000059 ], [ 99.167274636000059, 19.814322979 ], [ 99.167278045999979, 19.814351803000079 ], [ 99.167286530000183, 19.814374224000062 ], [ 99.167296706000116, 19.814390227999979 ], [ 99.167308865000166, 19.814403862000063 ], [ 99.167318727000065, 19.814411028000109 ], [ 99.167344123000021, 19.81442381800008 ], [ 99.167361080000092, 19.814441424000165 ], [ 99.167369561000044, 19.814459038000166 ], [ 99.167378042999985, 19.814483049000103 ], [ 99.167401868000127, 19.814603182000042 ], [ 99.167408657000067, 19.814630394000119 ], [ 99.167422233000138, 19.81466081700006 ], [ 99.167440882000164, 19.814689627000178 ], [ 99.167461234000029, 19.81472326200003 ], [ 99.167478181000149, 19.814750465000031 ], [ 99.167505299000084, 19.814785684000014 ], [ 99.167527317000122, 19.814803285000153 ], [ 99.167610297000067, 19.814841650000062 ], [ 99.167667843000174, 19.814848012000027 ], [ 99.167723699000192, 19.814844742000105 ], [ 99.167810006000138, 19.81483184700005 ], [ 99.167858906999982, 19.814827735000051 ], [ 99.167886159000147, 19.814826967000158 ], [ 99.167923399000188, 19.814826932000074 ], [ 99.167960648000189, 19.81483651200017 ], [ 99.1679760680002, 19.814843800000062 ], [ 99.16801483200004, 19.814859685000044 ], [ 99.168065643000034, 19.814890074000118 ], [ 99.168079190000185, 19.814896479000026 ], [ 99.168102924000038, 19.814928482000141 ], [ 99.168116488000067, 19.814950898 ], [ 99.168131755000047, 19.814995743000111 ], [ 99.168130115000054, 19.815034187000094 ], [ 99.168126775000133, 19.815072632000124 ], [ 99.16811831800004, 19.815090263000116 ], [ 99.168118342000071, 19.815112693000174 ], [ 99.168121756000176, 19.815130293000038 ], [ 99.168135325000151, 19.815154318000168 ], [ 99.168142100000068, 19.815171934000034 ], [ 99.168142128000056, 19.81519915400014 ], [ 99.168137064000177, 19.81521519000006 ], [ 99.168135421000159, 19.815245626999967 ], [ 99.168135448000044, 19.815271256000074 ], [ 99.168140549000043, 19.815295270000092 ], [ 99.168162584000186, 19.815328884000053 ], [ 99.168187994000164, 19.815356097000063 ], [ 99.168227989000172, 19.815402758000118 ], [ 99.168239835000065, 19.815412927000125 ], [ 99.168263518000174, 19.815425127000083 ], [ 99.168289351000112, 19.815437319000011 ], [ 99.168308737000075, 19.815457666000043 ], [ 99.168322133000117, 19.815479049000089 ], [ 99.168355999000084, 19.815603527000121 ], [ 99.16836295700017, 19.815804653000043 ], [ 99.168353112000148, 19.816066459000012 ], [ 99.168329554000138, 19.816120753000064 ], [ 99.168265586000189, 19.81624213200007 ], [ 99.168265617000088, 19.816270865000092 ], [ 99.168282505000036, 19.816290008000124 ], [ 99.168302753000148, 19.81629637400016 ], [ 99.168339861, 19.816296339000075 ], [ 99.168417453000018, 19.816299455000149 ], [ 99.168481574999987, 19.816324936 ], [ 99.168518711000047, 19.816353634000109 ], [ 99.168542362000153, 19.816388729000039 ], [ 99.168549158000189, 19.816436614 ], [ 99.168532324000012, 19.816468557000064 ], [ 99.168464892000145, 19.816500547000089 ], [ 99.168397452000079, 19.816526149000083 ], [ 99.168367137000132, 19.816574069000126 ], [ 99.168344778000176, 19.816639647000045 ], [ 99.168350488999977, 19.816719528000135 ], [ 99.168406838000124, 19.816794034000111 ], [ 99.16862082900019, 19.816942944000175 ], [ 99.168722203000186, 19.817022734000034 ], [ 99.16875604500018, 19.817097261000072 ], [ 99.168750484000157, 19.817161168000098 ], [ 99.168744949000143, 19.817246383000167 ], [ 99.168733847999988, 19.817395510000154 ], [ 99.168688938, 19.817496738000159 ], [ 99.168520344000115, 19.817709919000151 ], [ 99.168458556000132, 19.817811163000158 ], [ 99.168458606000172, 19.817859095000017 ], [ 99.168469911000102, 19.81790701000017 ], [ 99.168526238000084, 19.817960216000131 ], [ 99.168667033000077, 19.818066592000037 ], [ 99.168903521000118, 19.818204834000142 ], [ 99.169145628000138, 19.818332417000136 ], [ 99.169320225000149, 19.81847604100011 ], [ 99.169410348000042, 19.818555838000066 ], [ 99.169511675000138, 19.818593023000176 ], [ 99.169731198000136, 19.818646068000021 ], [ 99.169821261000038, 19.818672611000011 ], [ 99.169871970000202, 19.818731142000161 ], [ 99.169945300000052, 19.818896167000048 ], [ 99.170018548000087, 19.818986632000133 ], [ 99.170097406000195, 19.819055789000117 ], [ 99.170142497000143, 19.819124978000048 ], [ 99.17015947100009, 19.81921017000019 ], [ 99.170159619000117, 19.819348632000072 ], [ 99.17009237700006, 19.819620298000189 ], [ 99.170092422000153, 19.819662903000051 ], [ 99.170131850000018, 19.81969481800013 ], [ 99.17018812200007, 19.819694765000065 ], [ 99.170289410000123, 19.819694668000125 ], [ 99.170368229000132, 19.819726548000119 ], [ 99.170402039000123, 19.819769120000046 ], [ 99.170396471000174, 19.819827707 ], [ 99.170368399000154, 19.819886316000179 ], [ 99.170250340000052, 19.819992937 ], [ 99.16989597100013, 19.820137068000122 ], [ 99.169412181000098, 19.820286639000187 ], [ 99.169209692000152, 19.820377367000049 ], [ 99.169035382000118, 19.820510672000125 ], [ 99.168917378000117, 19.820670550000045 ], [ 99.168883772000186, 19.820819695000012 ], [ 99.168889550000131, 19.820958155000142 ], [ 99.169007921000059, 19.821144437999976 ], [ 99.169188204000136, 19.821341311000026 ], [ 99.169537381000168, 19.821607260000121 ], [ 99.169740039000033, 19.821676298000114 ], [ 99.16988644800017, 19.821766693000029 ], [ 99.170089205000181, 19.821926268000027 ], [ 99.170533980000073, 19.822128209000141 ], [ 99.170697281, 19.822223916000155 ], [ 99.170950711000046, 19.822410069000171 ], [ 99.171057694000069, 19.822468548000131 ], [ 99.171198367999978, 19.822457758000098 ], [ 99.17141215200013, 19.822404298000151 ], [ 99.171676619000038, 19.822382745000027 ], [ 99.171958015000087, 19.822409102 ], [ 99.172126924000111, 19.822488819000114 ], [ 99.172210372000052, 19.822687137000173 ], [ 99.172619300000179, 19.823638014999972 ], [ 99.172634106000146, 19.823858585000096 ], [ 99.172546878000048, 19.824024106000024 ], [ 99.172401313000137, 19.824134542000138 ], [ 99.172197453000138, 19.824217456000042 ], [ 99.172008124000058, 19.824272787000098 ], [ 99.171964496000157, 19.82434175800006 ], [ 99.172110323000027, 19.824479482000072 ], [ 99.172516798, 19.824653366000064 ], [ 99.17291550300007, 19.824761945999967 ], [ 99.173517887000173, 19.824820043000102 ], [ 99.173739370000078, 19.824861735000184 ], [ 99.17418247400019, 19.825070862000132 ], [ 99.174882583000112, 19.82539709100007 ], [ 99.175086476, 19.82554777100006 ] ] ] } }
]
}
