latitude,longitude,country,admin_1,admin_2,admin_3,admin_4
6.35423,99.73404,马来西亚,吉打州,浮罗交怡县,巴东马士力,
6.42062,99.82199,马来西亚,吉打州,浮罗交怡县,,
6.32649,99.8432,马来西亚,吉打州,浮罗交怡县,,
3.936,102.3626,马来西亚,彭亨州,而连突县,,
3.586,102.773,马来西亚,彭亨州,马兰县,,
3.9042,101.8132,马来西亚,彭亨州,劳勿县,,
3.8959,101.8947,马来西亚,彭亨州,劳勿县,,
3.7899,101.857,马来西亚,彭亨州,劳勿县,,
3.742,101.8112,马来西亚,彭亨州,劳勿县,,
3.5316,101.9038,马来西亚,彭亨州,文冬县,,Taman Shahbandar
3.7126,101.7412,马来西亚,彭亨州,劳勿县,,
3.681,101.5198,马来西亚,霹雳州,慕亚林县,,Taman Loke Yew
3.5908,101.6024,马来西亚,雪兰莪州,乌鲁雪兰莪县,,Kampung Pasir
3.5638,101.6581,马来西亚,雪兰莪州,乌鲁雪兰莪县,,
1.976,102.8835,马来西亚,柔佛州,峇株巴辖县,,
1.9577,102.6401,马来西亚,柔佛州,麻坡县,,
1.9203,102.9561,马来西亚,柔佛州,峇株巴辖县,,Taman Harmoni
1.8548,102.9325,马来西亚,柔佛州,峇株巴辖县,,
1.8845,102.7832,马来西亚,柔佛州,峇株巴辖县,,
1.915,103.1808,马来西亚,柔佛州,峇株巴辖县,,
1.8681,103.1124,马来西亚,柔佛州,峇株巴辖县,,Taman Bunga Cempaka Biru
1.8154,103.4784,马来西亚,柔佛州,居銮县,,
1.825,103.3107,马来西亚,柔佛州,居銮县,,
1.7511,103.0494,马来西亚,柔佛州,峇株巴辖县,,Taman Sri Senggarang
1.6807,103.1478,马来西亚,柔佛州,峇株巴辖县,,Taman Pandan Jaya 1
1.51,103.5141,马来西亚,柔佛州,笨珍县,,
1.5915,103.3327,马来西亚,柔佛州,笨珍县,亚逸峇礼,
1.5059,103.3816,马来西亚,柔佛州,笨珍县,大笨珍,Taman Jaya
1.4866,103.3896,马来西亚,柔佛州,笨珍县,小笨珍,
1.3233,103.4426,马来西亚,柔佛州,笨珍县,,
1.4726,103.878,马来西亚,柔佛州,新山县,,
1.462,103.9053,马来西亚,柔佛州,新山县,,阿逸比鲁花园
1.5024,103.744,马来西亚,柔佛州,新山县,,
1.8685,103.9568,马来西亚,柔佛州,哥打丁宜县,,
1.7114,103.5276,马来西亚,柔佛州,古来县,,
1.7381,103.8999,马来西亚,柔佛州,哥打丁宜县,,
1.63,103.6957,马来西亚,柔佛州,古来县,,
1.6006,103.6419,马来西亚,柔佛州,古来县,士乃,
1.6561,103.6032,马来西亚,柔佛州,古来县,,古来新村
1.5591,103.5863,马来西亚,柔佛州,新山县,江加埔来,
1.5489,103.6965,马来西亚,柔佛州,新山县,,
1.5243,103.824,马来西亚,柔佛州,新山县,,
1.4907,103.8788,马来西亚,柔佛州,新山县,长春山庄,
1.4655,103.7578,马来西亚,柔佛州,新山县,,Taman Ungku
1.498,103.704,马来西亚,柔佛州,新山县,,
1.4484,103.5873,马来西亚,柔佛州,新山县,,
1.75,104.15,马来西亚,柔佛州,哥打丁宜县,,
1.3651,104.1118,马来西亚,柔佛州,哥打丁宜县,,
2.1904,103.1963,马来西亚,柔佛州,居銮县,,
2.03046,103.31689,马来西亚,柔佛州,居銮县,,
2.0945,103.2807,马来西亚,柔佛州,居銮县,,
2.0136,103.0659,马来西亚,柔佛州,峇株巴辖县,,Taman Madu
2.4312,103.8405,马来西亚,柔佛州,丰盛港县,,
2.5148,102.8158,马来西亚,柔佛州,昔加末县,,
2.2673,102.5453,马来西亚,柔佛州,东甲县,,
2.2097,102.7095,马来西亚,柔佛州,东甲县,,
2.1495,102.7704,马来西亚,柔佛州,麻坡县,,Taman Sri Takdir
2.1467,102.5655,马来西亚,柔佛州,东甲县,,Taman Permai
2.0442,102.5689,马来西亚,柔佛州,麻坡县,,
2.0441,102.6527,马来西亚,柔佛州,麻坡县,,
2.385,103.021,马来西亚,柔佛州,昔加末县,,
2.2972,103.1302,马来西亚,柔佛州,昔加末县,,
2.249,103.048,马来西亚,柔佛州,昔加末县,,
3.35,101.25,马来西亚,雪兰莪州,瓜拉雪兰莪县,,
3.38333,101.41667,马来西亚,雪兰莪州,瓜拉雪兰莪县,,Taman Muhibbah
3.31667,101.46667,马来西亚,雪兰莪州,鹅唛县,,
3.13333,101.38333,马来西亚,雪兰莪州,巴生县,,
3.13622,101.4394,马来西亚,雪兰莪州,巴生县,,
3.08507,101.53281,马来西亚,雪兰莪州,八打灵县,,
3.03667,101.44333,马来西亚,雪兰莪州,巴生县,直落玻璃,
3.73333,101.4,马来西亚,雪兰莪州,乌鲁雪兰莪县,,
3.9851,101.1237,马来西亚,霹雳州,下霹雳县,,曾吉容
4.0,101.31667,马来西亚,霹雳州,马登巴冷县,,
3.83333,101.4,马来西亚,霹雳州,慕亚林县,,
3.5074,101.1041,马来西亚,雪兰莪州,沙白安南县,,
4.25,103.41667,马来西亚,登嘉樓州,朱盖,,
4.4256,103.4538,马来西亚,登嘉樓州,甘马挽县,,
4.1842,102.0468,马来西亚,彭亨州,立卑县,,
5.25198,100.49046,马来西亚,槟城州,威南县,,
5.53333,115.85,马来西亚,沙巴州,,,
5.5714,115.5984,马来西亚,沙巴州,瓜拉班尤,,
5.9749,116.0724,马来西亚,沙巴州,亚庇,,
5.90702,116.10146,马来西亚,沙巴州,兵南邦,,
5.9258,116.06094,马来西亚,沙巴州,亚庇,,
5.8231,116.0466,马来西亚,沙巴州,,,
5.71667,116.4,马来西亚,沙巴州,担布南,,
5.9538,116.6641,马来西亚,沙巴州,兰瑙,,Pekan Ranau
4.68577,118.24908,马来西亚,沙巴州,古纳,,
4.48178,118.61119,马来西亚,沙巴州,仙本那,,
4.2995,118.16725,马来西亚,沙巴州,斗湖,,
5.28028,115.2475,马来西亚,纳闽,纳闽市,,
5.07903,115.54964,马来西亚,沙巴州,实必丹,,
5.3473,115.7455,马来西亚,沙巴州,保佛,Beaufort Jaya,
5.11922,115.93719,马来西亚,沙巴州,丹南,,
5.02298,118.32897,马来西亚,沙巴州,拿笃,,
5.8956,117.5557,马来西亚,沙巴州,比鲁兰,,
5.8402,118.1179,马来西亚,沙巴州,山打根,Bandar Sandakan,
5.3378,116.1602,马来西亚,沙巴州,根地咬,,
5.0393,116.4274,马来西亚,沙巴州,纳巴湾,,
4.6,115.71667,马来西亚,沙巴州,实必丹,,
4.2555,117.6678,马来西亚,沙巴州,加拉巴干,,
4.24482,117.89115,马来西亚,沙巴州,斗湖,,
4.775,103.4162,马来西亚,登嘉樓州,龙运县,,
4.6374,103.4368,马来西亚,登嘉樓州,龙运县,,Kampung Bandar Paka
4.5141,103.4483,马来西亚,登嘉樓州,甘马挽县,,Kampung Tengah
5.41667,101.91667,马来西亚,吉兰丹州,日里县,,
5.41667,101.13333,马来西亚,霹雳州,上霹靂县,,
5.43058,100.53012,马来西亚,吉打州,居林县,,Taman Indah
5.36499,100.56177,马来西亚,吉打州,居林县,,
5.32511,100.74866,马来西亚,吉打州,居林县,,
5.2236,100.69262,马来西亚,霹雳州,拉律峇登司南马县,,
5.11667,100.78333,马来西亚,霹雳州,拉律峇登司南马县,,
5.13428,100.49549,马来西亚,吉打州,万拉峇鲁县,,Taman Safir Biru
5.03333,100.58333,马来西亚,霹雳州,吉辇县,,
5.0108,100.54101,马来西亚,霹雳州,吉辇县,,
5.51307,100.55356,马来西亚,吉打州,居林县,,Taman Damai 2
5.72743,100.50876,马来西亚,吉打州,瓜拉姆达县,,
5.63638,100.84517,马来西亚,吉打州,华玲县,,Pekan Kupang
5.65489,100.89541,马来西亚,吉打州,华玲县,,
5.77613,101.88504,马来西亚,吉兰丹州,日里县,,
5.7,101.83333,马来西亚,吉兰丹州,日里县,,
1.36667,110.4,马来西亚,砂拉越州,古晋,,
1.02656,110.36331,马来西亚,砂拉越州,打必禄,,
1.41667,110.15,马来西亚,砂拉越州,石隆门,,
1.51667,110.93333,马来西亚,砂拉越州,实文然,,
4.78333,100.71667,马来西亚,霹雳州,拉律峇登司南马县,,
4.95,100.63333,马来西亚,霹雳州,吉辇县,,
4.88333,100.73333,马来西亚,霹雳州,拉律峇登司南马县,,Taman Azizul Rahman
4.96667,100.8,马来西亚,霹雳州,拉律峇登司南马县,,
4.82577,100.97038,马来西亚,霹雳州,江沙县,宁罗,
4.85,100.73333,马来西亚,霹雳州,拉律峇登司南马县,Asam Kumbang,
4.76667,100.85,马来西亚,霹雳州,江沙县,硝山,
4.71667,100.73333,马来西亚,霹雳州,拉律峇登司南马县,,
4.76667,100.93333,马来西亚,霹雳州,江沙县,,
4.5,100.78333,马来西亚,霹雳州,曼绒县,,木威新村
4.49112,101.38694,马来西亚,彭亨州,金马仑高原县,,
4.7211,101.1189,马来西亚,霹雳州,近打县,,
4.6706,101.1546,马来西亚,霹雳州,近打县,,
4.5841,101.0829,马来西亚,霹雳州,近打县,,
4.5388,101.0365,马来西亚,霹雳州,近打县,拿乞,Taman Lahat Permai
4.5594,101.0484,马来西亚,霹雳州,近打县,红泥山,万里望南区
4.88441,101.96857,马来西亚,吉兰丹州,话望生县,,Kampong Baru Gua Musang
5.3302,103.1408,马来西亚,登嘉樓州,瓜拉登嘉楼,峇都布洛,
5.2056,103.2059,马来西亚,登嘉樓州,马江县,,Kampung Alor Pak Bang
5.0829,103.0857,马来西亚,登嘉樓州,,,
2.46146,101.85951,马来西亚,森美兰州,波德申县,,
2.4322,101.9352,马来西亚,森美兰州,波德申县,,
2.38527,101.97311,马来西亚,马六甲州,亚罗牙也县,,
2.4536,102.0695,马来西亚,马六甲州,亚罗牙也县,,
2.4701,102.2302,马来西亚,森美兰州,淡边县,,
2.4382,102.3269,马来西亚,马六甲州,亚罗牙也县,,
2.4338,102.4714,马来西亚,马六甲州,野新县,,
2.3804,102.2089,马来西亚,马六甲州,亚罗牙也县,,
2.3125,102.2805,马来西亚,马六甲州,亚罗牙也县,榴梿洞葛,Pekan Durian Tunggal
2.328,102.2101,马来西亚,马六甲州,亚罗牙也县,,
2.2654,102.2801,马来西亚,马六甲州,马六甲中央县,,
2.2028,102.3172,马来西亚,马六甲州,马六甲中央县,,
2.269,102.1427,马来西亚,马六甲州,马六甲中央县,,
2.196,102.2405,马来西亚,马六甲州,马六甲中央县,,哥打拉沙马那花园
2.1654,102.322,马来西亚,马六甲州,马六甲中央县,,
2.1586,102.3475,马来西亚,马六甲州,野新县,,
2.1449,102.4251,马来西亚,马六甲州,野新县,,Taman Merlimau Jaya
2.90796,101.46877,马来西亚,雪兰莪州,瓜拉冷岳县,,Taman Panglima
2.99959,101.39287,马来西亚,雪兰莪州,巴生县,,
2.8136,101.50185,马来西亚,雪兰莪州,瓜拉冷岳县,,Taman Delima
2.7518,101.44433,马来西亚,雪兰莪州,瓜拉冷岳县,,
2.8724,101.49484,马来西亚,雪兰莪州,瓜拉冷岳县,,Taman Seri Jarum
2.9,101.78333,马来西亚,雪兰莪州,乌鲁冷岳县,,Taman Angsana Bangi
2.9516,101.843,马来西亚,雪兰莪州,乌鲁冷岳县,,
2.9395,102.0704,马来西亚,森美兰州,日叻务县,,
2.8558,101.9424,马来西亚,森美兰州,芙蓉县,,
2.8243,101.8949,马来西亚,森美兰州,芙蓉县,,
2.7297,101.9381,马来西亚,森美兰州,芙蓉县,沉香,
2.5902,101.9629,马来西亚,森美兰州,芙蓉县,,
2.52462,101.79651,马来西亚,森美兰州,波德申县,Kampung Gelam,Taman Tiong Nam
2.6931,101.7498,马来西亚,雪兰莪州,雪邦县,,
2.691,101.989,马来西亚,森美兰州,芙蓉县,新那旺,
2.9434,102.2589,马来西亚,森美兰州,日叻务县,,Kampung Baru Simpang Pertang
2.9983,102.0765,马来西亚,森美兰州,日叻务县,,Kampung Darang Tujuh
2.8079,102.4049,马来西亚,森美兰州,仁保县,,
2.7389,102.2487,马来西亚,森美兰州,瓜拉庇劳县,,
2.5897,102.0913,马来西亚,森美兰州,林茂县,,
2.5331,102.3989,马来西亚,森美兰州,淡边县,,
2.5536,102.764,马来西亚,柔佛州,昔加末县,,
2.5825,102.711,马来西亚,柔佛州,昔加末县,,
2.7083,102.5047,马来西亚,森美兰州,仁保县,,
2.5832,102.6117,马来西亚,森美兰州,淡边县,,
2.65568,103.61504,马来西亚,柔佛州,丰盛港县,,
2.81667,103.48333,马来西亚,彭亨州,云冰县,,
2.8147,104.1592,马来西亚,彭亨州,云冰县,,
3.4836,103.3996,马来西亚,彭亨州,北根县,Kampung Parit Tengah,
3.1373,103.4444,马来西亚,彭亨州,北根县,,
3.1637,102.9777,马来西亚,彭亨州,云冰县,,
3.4,102.03333,马来西亚,彭亨州,文冬县,,
3.4854,102.3484,马来西亚,彭亨州,淡马鲁县,,文德甲新村
3.4506,102.4176,马来西亚,彭亨州,淡马鲁县,,Taman Permai Indah
5.48333,100.38333,马来西亚,槟城州,威北县,日落斗哇,
5.4709,100.24529,马来西亚,槟城州,东北县,峇都丁宜,
5.3991,100.36382,马来西亚,槟城州,威北县,峇眼达南,
5.38333,100.38333,马来西亚,槟城州,威中县,,
5.36301,100.4667,马来西亚,槟城州,威中县,,
5.2818,100.47768,马来西亚,槟城州,威南县,,Taman Simpang Ampat
5.22231,100.49541,马来西亚,槟城州,威南县,双溪峇甲,
5.16586,100.47793,马来西亚,槟城州,威南县,,
5.15172,100.42482,马来西亚,槟城州,威南县,,
5.12671,100.49316,马来西亚,霹雳州,吉辇县,Pekan Baru,Taman Kerian Sentosa
5.11667,100.41667,马来西亚,霹雳州,吉辇县,,
5.07236,100.38105,马来西亚,霹雳州,吉辇县,,Taman Piandang Sentosa
5.01821,100.42824,马来西亚,霹雳州,吉辇县,,
5.48032,100.49849,马来西亚,槟城州,威北县,,Taman Saga
5.41569,100.19585,马来西亚,槟城州,西南县,,
5.34916,100.23938,马来西亚,槟城州,西南县,,
5.29992,100.26052,马来西亚,槟城州,西南县,,Kampung Perlis
5.41123,100.33543,马来西亚,槟城州,东北县,Central George Town,杂姓桥
5.38333,102.06667,马来西亚,吉兰丹州,瓜拉吉赖县,,
5.37676,102.00968,马来西亚,吉兰丹州,瓜拉吉赖县,,
3.34944,101.82631,马来西亚,彭亨州,文冬县,,
3.4955,101.6294,马来西亚,雪兰莪州,乌鲁雪兰莪县,,Kampung Kandaiah
3.4537,101.6413,马来西亚,雪兰莪州,乌鲁雪兰莪县,峇冬加里旺城,
3.3646,101.6041,马来西亚,雪兰莪州,乌鲁雪兰莪县,,
3.3213,101.5767,马来西亚,雪兰莪州,鹅唛县,,
3.21,101.561,马来西亚,雪兰莪州,八打灵县,,
3.078,101.547,马来西亚,雪兰莪州,八打灵县,,
3.10726,101.60671,马来西亚,雪兰莪州,八打灵县,格拉那再也,SS 5D
3.1412,101.68653,马来西亚,吉隆坡,吉隆坡,,
3.207,101.727,马来西亚,吉隆坡,吉隆坡,文良港,
3.238,101.682,马来西亚,雪兰莪州,鹅唛县,,
3.15,101.76667,马来西亚,雪兰莪州,乌鲁冷岳县,,
3.1137,101.8142,马来西亚,雪兰莪州,乌鲁冷岳县,,呀吃十四哩新村
3.9899,100.7819,马来西亚,霹雳州,峇眼拿督县,,
3.8766,100.9328,马来西亚,霹雳州,峇眼拿督县,,半港
3.7698,100.9879,马来西亚,雪兰莪州,沙白安南县,,
3.6746,100.9867,马来西亚,雪兰莪州,沙白安南县,,Taman Melati
3.9178,103.0361,马来西亚,彭亨州,关丹县,,
3.8077,103.326,马来西亚,彭亨州,关丹县,,
3.5321,103.4619,马来西亚,彭亨州,北根县,,
3.7068,103.1002,马来西亚,彭亨州,关丹县,甘孟,
4.26667,101.15,马来西亚,霹雳州,金宝县,,
4.46361,101.3763,马来西亚,彭亨州,金马仑高原县,,
4.4155,101.3836,马来西亚,彭亨州,金马仑高原县,,冷力花园
4.3945,101.1947,马来西亚,霹雳州,金宝县,,
4.4715,101.1663,马来西亚,霹雳州,金宝县,,
4.46916,101.04107,马来西亚,霹雳州,近打县,,
4.3506,101.1188,马来西亚,霹雳州,金宝县,,双溪古月新村
4.3,101.15,马来西亚,霹雳州,金宝县,,Taman Ros
4.26667,101.23333,马来西亚,霹雳州,马登巴冷县,,
4.16667,101.2,马来西亚,霹雳州,马登巴冷县,,
4.11667,101.28333,马来西亚,霹雳州,马登巴冷县,,
2.89435,112.09145,马来西亚,砂拉越州,沐胶,,Desa Cempaka
2.88333,112.85,马来西亚,砂拉越州,达岛,,
2.93057,112.54135,马来西亚,砂拉越州,沐胶,,
4.93333,100.46667,马来西亚,霹雳州,吉辇县,,
4.48333,100.91667,马来西亚,霹雳州,中霹雳县,,
4.4941,101.0079,马来西亚,霹雳州,近打县,,布先
4.2664,100.9044,马来西亚,霹雳州,中霹雳县,,
4.2134,100.5747,马来西亚,霹雳州,曼绒县,,邦咯
4.2323,100.6298,马来西亚,霹雳州,曼绒县,,
4.2168,100.6996,马来西亚,霹雳州,曼绒县,,Pekan Sitiawan
4.02219,101.02083,马来西亚,霹雳州,下霹雳县,Bandar Baru,
5.5744,100.33984,马来西亚,槟城州,威北县,,
5.97907,100.39993,马来西亚,吉打州,哥打士打县,,
5.96667,100.43333,马来西亚,吉打州,本同县,,
5.81717,100.47381,马来西亚,吉打州,瓜拉姆达县,,Taman Jerai Indah 2
5.7989,100.37264,马来西亚,吉打州,铅县,,
5.647,100.48772,马来西亚,吉打州,瓜拉姆达县,Kampung Baru,
5.51707,100.4265,马来西亚,槟城州,威北县,,
5.71667,101.0,马来西亚,霹雳州,上霹靂县,Taman Seroja,
5.96561,102.29422,马来西亚,吉兰丹州,哥打峇鲁县,,
5.95701,102.24817,马来西亚,吉兰丹州,哥打峇鲁县,,
5.87133,102.23177,马来西亚,吉兰丹州,马樟县,,
5.83333,102.4,马来西亚,吉兰丹州,巴西富地县,,
5.87062,102.49479,马来西亚,吉兰丹州,巴西富地县,,
5.8,102.15,马来西亚,吉兰丹州,丹那美拉县,,
5.5313,102.19925,马来西亚,吉兰丹州,瓜拉吉赖县,,
1.55,110.33333,马来西亚,砂拉越州,古晋,,
1.38333,110.75,马来西亚,砂拉越州,实文然,,
1.13968,111.11771,马来西亚,砂拉越州,斯里阿曼,,
1.35,111.16667,马来西亚,砂拉越州,斯里阿曼,,
1.24722,111.45278,马来西亚,砂拉越州,斯里阿曼,,Taman Alam Indah
2.23333,111.21667,马来西亚,砂拉越州,,丹绒玛尼,
2.11667,111.51667,马来西亚,砂拉越州,泗里街,,
2.08333,111.61667,马来西亚,砂拉越州,马拉端,,
2.16667,111.63333,马来西亚,砂拉越州,马拉端,,
2.01667,111.91667,马来西亚,砂拉越州,芦楼,,
2.3,111.81667,马来西亚,砂拉越州,诗巫,,
1.88333,111.68333,马来西亚,砂拉越州,巴干,,
6.46529,100.24558,马来西亚,玻璃市州,,,
6.63726,100.26271,马来西亚,玻璃市州,,,
6.5013,100.25576,马来西亚,玻璃市州,,,
6.17386,100.31156,马来西亚,吉打州,哥打士打县,,Taman Maju
6.33333,100.33333,马来西亚,吉打州,古邦巴素县,,
6.4414,100.19862,马来西亚,玻璃市州,加央,,Taman Bunga Padma
6.51668,100.41893,马来西亚,吉打州,古邦巴素县,,
6.43422,100.43133,马来西亚,吉打州,古邦巴素县,,Taman Kempas
6.39638,100.30755,马来西亚,吉打州,古邦巴素县,,
6.4,100.13333,马来西亚,玻璃市州,,,
6.36211,100.33954,马来西亚,吉打州,古邦巴素县,,
6.26116,100.19644,马来西亚,玻璃市州,,,
6.26812,100.42167,马来西亚,吉打州,古邦巴素县,,Taman Jitra Jaya
6.20411,100.40754,马来西亚,吉打州,古邦巴素县,,
6.1,100.3,马来西亚,吉打州,哥打士打县,Taman Layar Fasa 3,Taman Dermaga Jaya
6.14762,100.43238,马来西亚,吉打州,哥打士打县,,
6.12104,100.36014,马来西亚,吉打州,哥打士打县,,Kampung Telok Yan
6.02867,100.40691,马来西亚,吉打州,本同县,,Taman Sri Merbuk
6.0005,100.34463,马来西亚,吉打州,哥打士打县,,
6.44233,100.5235,马来西亚,吉打州,古邦巴素县,,
6.25844,100.61264,马来西亚,吉打州,巴东得腊县,,Pekan Seberang
6.17055,100.51885,马来西亚,吉打州,波各先那县,,
6.19775,102.17098,马来西亚,吉兰丹州,道北县,,
6.17471,102.28802,马来西亚,吉兰丹州,哥打峇鲁县,彭加兰芝柏,
6.11667,102.2,马来西亚,吉兰丹州,道北县,,
6.0219,101.9767,马来西亚,吉兰丹州,巴西马县,,
6.04934,102.13987,马来西亚,吉兰丹州,巴西马县,,
6.12361,102.24333,马来西亚,吉兰丹州,哥打峇鲁县,,Kampung Dusun
5.83303,102.55514,马来西亚,登嘉樓州,勿述县,,
5.7336,102.4897,马来西亚,登嘉樓州,勿述县,,
6.88732,116.82364,马来西亚,沙巴州,古达,Taman Ehsan,
6.5205,116.7534,马来西亚,沙巴州,哥打马鲁都,,
5.9824,116.5712,马来西亚,沙巴州,兰瑙,,
6.351,116.4305,马来西亚,沙巴州,古打毛律,,
1.5,111.5,马来西亚,砂拉越州,木中,,
1.91667,111.33333,马来西亚,砂拉越州,甲望,,
1.58333,111.25,马来西亚,砂拉越州,浮刹,,
1.56667,111.41667,马来西亚,砂拉越州,木中,,
1.76667,111.5,马来西亚,砂拉越州,砂拉卓,,
1.65,111.03333,马来西亚,砂拉越州,浮刹,,
1.73333,111.33333,马来西亚,砂拉越州,砂拉卓,,
2.71667,111.46667,马来西亚,砂拉越州,玛都,,
2.51688,111.43002,马来西亚,砂拉越州,,,
2.86667,111.88333,马来西亚,砂拉越州,拉叻,,
2.82281,111.70794,马来西亚,砂拉越州,玛都,,
2.68333,111.53333,马来西亚,砂拉越州,玛都,,
1.04186,111.83398,马来西亚,砂拉越州,鲁勃安都,,
1.13864,111.66665,马来西亚,砂拉越州,鲁勃安都,,
2.66667,112.08333,马来西亚,砂拉越州,拉叻,,
2.1,112.15,马来西亚,砂拉越州,加拿逸,,
1.67439,109.85171,马来西亚,砂拉越州,伦乐,,
1.8,109.76667,马来西亚,砂拉越州,伦乐,,
2.01667,112.55,马来西亚,砂拉越州,桑坡,,
1.99546,112.93254,马来西亚,砂拉越州,加帛,,
3.8,113.75,马来西亚,砂拉越州,苏必士,,
3.86203,113.71521,马来西亚,砂拉越州,苏必士,,
2.7,113.78333,马来西亚,砂拉越州,布拉甲,,
3.16667,113.03333,马来西亚,砂拉越州,民都鲁,,
3.11667,113.26667,马来西亚,砂拉越州,实包勿,,
4.78486,115.27463,马来西亚,砂拉越州,老越,,
4.8604,115.409,马来西亚,砂拉越州,老越,,
4.88953,115.20752,马来西亚,砂拉越州,老越,,
4.46667,114.91667,马来西亚,砂拉越州,林梦,,
4.75477,115.01011,马来西亚,砂拉越州,林梦,,Pasukan Gerakan AM Limbang (PGA)
3.8,114.73333,马来西亚,砂拉越州,德朗乌山,,
4.18333,114.31667,马来西亚,砂拉越州,马鲁帝,,
3.98333,114.1,马来西亚,砂拉越州,柏鲁鲁,,
3.76667,114.4,马来西亚,砂拉越州,德朗乌山,,
4.05392,113.84407,马来西亚,砂拉越州,苏必士,,
4.39928,113.99163,马来西亚,砂拉越州,美里,Marina ParkCity,
4.5855,113.98974,马来西亚,砂拉越州,美里,,
1.6,103.81667,马来西亚,柔佛州,新山县,,
4.66667,101.21667,马来西亚,霹雳州,近打县,,
3.18,101.773,马来西亚,雪兰莪州,鹅唛县,国际山庄,
5.45834,100.21541,马来西亚,槟城州,西南县,直落巴巷,
5.46667,100.23333,马来西亚,槟城州,西南县,直落巴巷,
5.46061,100.30742,马来西亚,槟城州,东北县,丹绒道光,
2.6579,101.5629,马来西亚,雪兰莪州,瓜拉冷岳县,,
2.65,101.7,马来西亚,雪兰莪州,雪邦县,双溪比力,
5.6998,100.51449,马来西亚,吉打州,瓜拉姆达县,,Taman Merpati
5.42998,100.64484,马来西亚,吉打州,居林县,,
4.31667,101.05,马来西亚,霹雳州,近打县,,
5.44266,100.42972,马来西亚,槟城州,威北县,,
3.8915,100.8532,马来西亚,霹雳州,峇眼拿督县,,
4.81667,100.7,马来西亚,霹雳州,拉律峇登司南马县,,Taman Cantik
1.16667,110.56667,马来西亚,砂拉越州,西连,,
5.20372,100.62476,马来西亚,吉打州,万拉峇鲁县,,
3.11667,101.68333,马来西亚,吉隆坡,吉隆坡,士布爹,
3.18333,101.68333,马来西亚,吉隆坡,吉隆坡,,美联园
1.68333,111.38333,马来西亚,砂拉越州,砂拉卓,,
5.33096,100.28296,马来西亚,槟城州,西南县,,Taman Melati Jaya
2.455,102.2329,马来西亚,马六甲州,亚罗牙也县,,
3.13333,101.71667,马来西亚,吉隆坡,吉隆坡,半山芭,
3.0,101.61667,马来西亚,雪兰莪州,八打灵县,蒲种乌达玛,PU 3
5.41628,100.43864,马来西亚,槟城州,威中县,,Taman Ara Indah
5.46339,100.38144,马来西亚,槟城州,威北县,,
6.03333,102.28333,马来西亚,吉兰丹州,哥打峇鲁县,,
3.2856,101.519,马来西亚,雪兰莪州,鹅唛县,根登,
4.4557,100.6288,马来西亚,霹雳州,曼绒县,,
6.38333,100.3,马来西亚,吉打州,古邦巴素县,,
2.4723,102.3829,马来西亚,马六甲州,野新县,,
2.28333,113.13333,马来西亚,砂拉越州,加帛,,
2.5703,101.833,马来西亚,森美兰州,波德申县,芦骨,斯里巴力新村
5.14216,100.58971,马来西亚,吉打州,万拉峇鲁县,,Taman Kelisa Emas
5.40375,100.45745,马来西亚,槟城州,威中县,,
3.2594,101.5541,马来西亚,雪兰莪州,鹅唛县,,
2.3594,102.0353,马来西亚,马六甲州,亚罗牙也县,,
5.63623,100.80913,马来西亚,吉打州,华玲县,,
5.6,100.65,马来西亚,吉打州,华玲县,,Darulaman Utama
3.21398,101.64018,马来西亚,吉隆坡,,,
2.2186,102.1995,马来西亚,马六甲州,马六甲中央县,,
1.6698,103.5327,马来西亚,柔佛州,古来县,,加拉巴沙威新村
1.532,103.7549,马来西亚,柔佛州,新山县,,
6.25,100.48333,马来西亚,吉打州,古邦巴素县,,
2.6677,101.6684,马来西亚,雪兰莪州,雪邦县,,
5.89174,102.48356,马来西亚,吉兰丹州,巴西富地县,,
6.20189,100.39326,马来西亚,吉打州,哥打士打县,,
5.76319,102.63893,马来西亚,登嘉樓州,勿述县,,
6.16667,100.46667,马来西亚,吉打州,波各先那县,,
6.04603,100.33137,马来西亚,吉打州,哥打士打县,,
5.55658,100.81204,马来西亚,吉打州,华玲县,,
2.2666,102.2004,马来西亚,马六甲州,马六甲中央县,,
2.2267,102.1716,马来西亚,马六甲州,马六甲中央县,,
3.4242,101.1849,马来西亚,雪兰莪州,瓜拉雪兰莪县,,Taman Malinja
6.15,102.25,马来西亚,吉兰丹州,哥打峇鲁县,,
5.16129,100.42677,马来西亚,槟城州,威南县,,
5.29352,100.6283,马来西亚,吉打州,居林县,,
5.38333,100.21667,马来西亚,槟城州,西南县,Sungai Rusa,
3.16236,101.62696,马来西亚,吉隆坡,吉隆坡,,甘榜双溪本查拉
5.10962,100.5438,马来西亚,吉打州,万拉峇鲁县,,
3.4161,101.173,马来西亚,雪兰莪州,瓜拉雪兰莪县,,
5.36966,100.31353,马来西亚,槟城州,东北县,垄尾,
5.31764,100.70043,马来西亚,吉打州,万拉峇鲁县,,
6.16399,100.33392,马来西亚,吉打州,哥打士打县,,
5.32699,100.27348,马来西亚,槟城州,西南县,,Taman Tunas Muda
2.4957,101.8415,马来西亚,森美兰州,波德申县,西鲁沙,Taman Si Rusa
5.78863,100.90862,马来西亚,吉打州,华玲县,,
1.8278,103.3,马来西亚,柔佛州,居銮县,,
5.71057,100.99651,马来西亚,霹雳州,上霹靂县,Taman Seroja,
2.94048,101.46367,马来西亚,雪兰莪州,瓜拉冷岳县,昔江港,
5.53333,100.56667,马来西亚,吉打州,瓜拉姆达县,,
2.35,102.876,马来西亚,柔佛州,麻坡县,,
5.98425,100.34923,马来西亚,吉打州,哥打士打县,,
5.23126,100.55593,马来西亚,吉打州,万拉峇鲁县,,
2.4301,102.075,马来西亚,马六甲州,亚罗牙也县,,
5.65838,100.89172,马来西亚,吉打州,华玲县,,
5.33733,100.23247,马来西亚,槟城州,西南县,,
6.08333,100.36667,马来西亚,吉打州,哥打士打县,丹洛,
5.37237,100.21089,马来西亚,槟城州,西南县,Permatang Pasir,
6.37598,100.33644,马来西亚,吉打州,古邦巴素县,,
6.07794,100.36038,马来西亚,吉打州,哥打士打县,,
6.19346,100.38304,马来西亚,吉打州,哥打士打县,,Taman Mas Merah
5.99516,100.47885,马来西亚,吉打州,本同县,,
5.70566,100.74618,马来西亚,吉打州,华玲县,,Taman Cengal Emas
5.91667,102.21667,马来西亚,吉兰丹州,哥打峇鲁县,,
6.16368,100.3099,马来西亚,吉打州,哥打士打县,,
6.20635,100.30177,马来西亚,吉打州,哥打士打县,,
5.43809,100.57905,马来西亚,吉打州,居林县,,
5.47646,100.55087,马来西亚,吉打州,居林县,,
1.7954,102.8971,马来西亚,柔佛州,峇株巴辖县,,
5.71667,100.41667,马来西亚,吉打州,瓜拉姆达县,,
5.30316,115.36997,马来西亚,沙巴州,瓜拉班尤,,
2.35,102.11667,马来西亚,马六甲州,亚罗牙也县,,
2.3829,102.3311,马来西亚,马六甲州,亚罗牙也县,,
6.01961,100.72932,马来西亚,吉打州,锡县,,
5.10633,100.96792,马来西亚,霹雳州,上霹靂县,,
5.79179,100.89719,马来西亚,吉打州,华玲县,,
2.80209,101.61963,马来西亚,雪兰莪州,瓜拉冷岳县,,Kampung Labohan Dagang
5.23816,100.68297,马来西亚,吉打州,万拉峇鲁县,,
4.44188,118.69287,马来西亚,沙巴州,仙本那,,
2.2958,102.2537,马来西亚,马六甲州,马六甲中央县,,
3.16667,101.73333,马来西亚,吉隆坡,吉隆坡,甘榜拿督克拉末,
6.0,102.25,马来西亚,吉兰丹州,哥打峇鲁县,Kadok,
6.21392,100.26581,马来西亚,吉打州,古邦巴素县,,
3.31667,101.4,马来西亚,雪兰莪州,瓜拉雪兰莪县,,
3.21667,101.31667,马来西亚,雪兰莪州,瓜拉雪兰莪县,,
6.12092,100.3893,马来西亚,吉打州,哥打士打县,,Taman Datuk Kumbar
4.0453,101.1715,马来西亚,霹雳州,下霹雳县,,水闸新村
2.2635,102.2179,马来西亚,马六甲州,马六甲中央县,,Taman Cheng Permai
4.13333,101.08333,马来西亚,霹雳州,下霹雳县,,
4.3775,100.6891,马来西亚,霹雳州,曼绒县,,
6.2,100.43333,马来西亚,吉打州,哥打士打县,,Taman Pinang Indah
5.93333,100.45,马来西亚,吉打州,本同县,,
5.47746,101.90779,马来西亚,吉兰丹州,日里县,,
5.83369,101.90033,马来西亚,吉兰丹州,丹那美拉县,,
2.2414,102.2792,马来西亚,马六甲州,马六甲中央县,,国花花园
2.2152,102.2851,马来西亚,马六甲州,马六甲中央县,,
5.46948,100.24449,马来西亚,槟城州,东北县,峇都丁宜,
2.4591,102.4139,马来西亚,马六甲州,野新县,,
5.53333,100.73333,马来西亚,吉打州,华玲县,,
2.7241,102.0007,马来西亚,森美兰州,芙蓉县,,芭蕾新村
2.8033,101.7972,马来西亚,森美兰州,芙蓉县,,
3.02938,101.74714,马来西亚,雪兰莪州,乌鲁冷岳县,无拉港,
1.8481,102.8588,马来西亚,柔佛州,峇株巴辖县,,
5.18223,100.60191,马来西亚,吉打州,万拉峇鲁县,,
2.2139,102.3278,马来西亚,马六甲州,马六甲中央县,,
6.184,100.37752,马来西亚,吉打州,哥打士打县,,
6.16667,100.38333,马来西亚,吉打州,哥打士打县,,
5.31201,100.44229,马来西亚,槟城州,威中县,武吉敏惹,
3.20881,101.65623,马来西亚,吉隆坡,,增江,新增江花园
5.38998,100.31885,马来西亚,槟城州,东北县,日落洞,
5.21525,100.49211,马来西亚,槟城州,威南县,,
5.9922,116.1321,马来西亚,沙巴州,亚庇,,Inanam Business Centre
5.85846,100.45928,马来西亚,吉打州,铅县,,Taman Guar Indah
1.41667,111.53333,马来西亚,砂拉越州,木中,,
3.108,101.726,马来西亚,吉隆坡,吉隆坡,敦拉萨镇,
4.4091,101.0495,马来西亚,霹雳州,近打县,,
5.34605,100.43917,马来西亚,槟城州,威中县,柔府,万珠园
5.27179,100.4601,马来西亚,槟城州,威南县,武吉淡汶,中山花园
2.2594,102.1838,马来西亚,马六甲州,马六甲中央县,,
2.211,102.6546,马来西亚,柔佛州,东甲县,,
2.3862,102.2907,马来西亚,马六甲州,亚罗牙也县,,
2.2898,102.1928,马来西亚,马六甲州,马六甲中央县,,
3.52229,101.90866,马来西亚,彭亨州,文冬县,,
2.2684,102.3746,马来西亚,马六甲州,野新县,,Taman Damai Bemban
2.3436,102.2567,马来西亚,马六甲州,亚罗牙也县,,
5.25822,100.42876,马来西亚,槟城州,威南县,,
1.776,103.8736,马来西亚,柔佛州,哥打丁宜县,,
2.2487,102.246,马来西亚,马六甲州,马六甲中央县,玛琳再也,伯乐镇
3.4684,101.6389,马来西亚,雪兰莪州,乌鲁雪兰莪县,,
3.01667,101.26667,马来西亚,雪兰莪州,巴生县,,
3.98333,100.78333,马来西亚,霹雳州,峇眼拿督县,,
4.3055,100.7618,马来西亚,霹雳州,曼绒县,,
5.40158,100.27815,马来西亚,槟城州,东北县,,
4.85,100.71667,马来西亚,霹雳州,拉律峇登司南马县,,Taman Long Jaafar F
5.52719,100.3841,马来西亚,槟城州,威北县,,
5.289,100.247,马来西亚,槟城州,西南县,公巴,
5.88434,116.09319,马来西亚,沙巴州,兵南邦,,
3.29111,101.63802,马来西亚,雪兰莪州,鹅唛县,,
2.93527,101.69112,马来西亚,布城,布城,,
6.4055,99.8502,马来西亚,吉打州,浮罗交怡县,,
6.36257,99.7832,马来西亚,吉打州,浮罗交怡县,,
6.35196,99.78791,马来西亚,吉打州,浮罗交怡县,,
6.36759,99.68252,马来西亚,吉打州,浮罗交怡县,,
6.36377,99.71532,马来西亚,吉打州,浮罗交怡县,,Kampung Batu Ara
5.79345,100.68937,马来西亚,吉打州,锡县,,
5.70397,100.91426,马来西亚,吉打州,华玲县,,
5.77361,100.73051,马来西亚,吉打州,锡县,,
6.02782,100.38185,马来西亚,吉打州,哥打士打县,,
6.08838,100.39167,马来西亚,吉打州,哥打士打县,,
6.19011,100.34135,马来西亚,吉打州,哥打士打县,,
6.02674,100.39603,马来西亚,吉打州,本同县,,
6.42942,100.28174,马来西亚,玻璃市州,,,
5.38193,100.21729,马来西亚,槟城州,西南县,Sungai Rusa,
5.38961,100.23262,马来西亚,槟城州,西南县,Batu Hitam,
5.46491,100.28165,马来西亚,槟城州,东北县,丹绒武雅,
5.37215,100.30708,马来西亚,槟城州,东北县,牛汝莪,
5.71681,100.65819,马来西亚,吉打州,华玲县,,
5.58718,100.44018,马来西亚,吉打州,瓜拉姆达县,,
5.58822,100.37085,马来西亚,吉打州,瓜拉姆达县,,
5.23242,100.68284,马来西亚,吉打州,万拉峇鲁县,,
5.52241,102.74854,马来西亚,登嘉樓州,士兆县,,
5.0895,100.56191,马来西亚,吉打州,万拉峇鲁县,,
5.83297,102.55061,马来西亚,登嘉樓州,勿述县,,
2.92281,101.65718,马来西亚,雪兰莪州,雪邦县,,
6.03021,102.14126,马来西亚,吉兰丹州,巴西马县,,
5.28319,115.25371,马来西亚,纳闽,纳闽市,,
4.6411,101.1393,马来西亚,霹雳州,近打县,巴占,
4.6192,101.0685,马来西亚,霹雳州,近打县,Manjoi,
3.8682,102.5862,马来西亚,彭亨州,而连突县,,
1.87,103.6158,马来西亚,柔佛州,哥打丁宜县,,
1.7734,103.6098,马来西亚,柔佛州,古来县,,
1.5609,103.782,马来西亚,柔佛州,新山县,茂奥斯汀花园,
1.5392,103.8092,马来西亚,柔佛州,新山县,柔佛再也花园,
1.511,103.8198,马来西亚,柔佛州,新山县,百万镇,
1.661,103.1936,马来西亚,柔佛州,峇株巴辖县,,
1.7541,103.2798,马来西亚,柔佛州,居銮县,,
1.7497,103.277,马来西亚,柔佛州,居銮县,,
1.7439,103.3207,马来西亚,柔佛州,居銮县,,
1.7698,103.7064,马来西亚,柔佛州,哥打丁宜县,,
1.7578,103.6742,马来西亚,柔佛州,哥打丁宜县,,
1.7532,103.7261,马来西亚,柔佛州,哥打丁宜县,,
1.6358,103.756,马来西亚,柔佛州,新山县,,
4.6111,103.2092,马来西亚,登嘉樓州,龙运县,,
4.3493,103.394,马来西亚,登嘉樓州,甘马挽县,,
3.8299,101.9277,马来西亚,彭亨州,劳勿县,,
4.0129,103.2766,马来西亚,登嘉樓州,甘马挽县,,
3.9128,103.2572,马来西亚,彭亨州,关丹县,,
3.8177,103.1993,马来西亚,彭亨州,关丹县,,
3.5397,102.1189,马来西亚,彭亨州,淡马鲁县,,
3.7866,103.1683,马来西亚,彭亨州,关丹县,,
3.1014,102.2222,马来西亚,森美兰州,日叻务县,,
3.0321,102.5228,马来西亚,彭亨州,百乐县,,
3.0627,103.0892,马来西亚,彭亨州,云冰县,,
2.86,101.6806,马来西亚,雪兰莪州,雪邦县,,龙溪新村
2.9029,102.8877,马来西亚,彭亨州,云冰县,,
2.623,101.7027,马来西亚,雪兰莪州,雪邦县,,Pantai Sepang Putra
1.5513,104.226,马来西亚,柔佛州,哥打丁宜县,,
3.06881,101.68971,马来西亚,吉隆坡,吉隆坡,大城堡,
4.5429,100.6597,马来西亚,霹雳州,拉律峇登司南马县,,
4.1987,100.67,马来西亚,霹雳州,曼绒县,,Fasa 1C
3.9607,102.347,马来西亚,彭亨州,而连突县,,
3.6648,101.8888,马来西亚,彭亨州,文冬县,,
3.6942,102.9635,马来西亚,彭亨州,关丹县,,
3.5827,103.0962,马来西亚,彭亨州,北根县,,
3.2549,101.6668,马来西亚,雪兰莪州,鹅唛县,,
3.3229,102.5794,马来西亚,彭亨州,百乐县,,
3.2562,102.5975,马来西亚,彭亨州,百乐县,,
3.2707,102.6076,马来西亚,彭亨州,百乐县,,
3.2679,102.6228,马来西亚,彭亨州,百乐县,,
2.7141,101.9644,马来西亚,森美兰州,芙蓉县,拉杭,Taman Sakura
2.6831,101.97,马来西亚,森美兰州,芙蓉县,新那旺,
2.428,102.6801,马来西亚,柔佛州,昔加末县,,
2.38,102.944,马来西亚,柔佛州,昔加末县,,
2.388,102.934,马来西亚,柔佛州,昔加末县,,
1.9891,103.0826,马来西亚,柔佛州,峇株巴辖县,,
1.8294,103.9901,马来西亚,柔佛州,哥打丁宜县,,
1.8348,104.0212,马来西亚,柔佛州,哥打丁宜县,,
1.7615,104.074,马来西亚,柔佛州,哥打丁宜县,,
1.7486,104.0777,马来西亚,柔佛州,哥打丁宜县,,
1.7225,104.0913,马来西亚,柔佛州,哥打丁宜县,,
1.3033,103.4894,马来西亚,柔佛州,笨珍县,,
1.5331,103.6155,马来西亚,柔佛州,新山县,大学城,
1.4714,103.5675,马来西亚,柔佛州,新山县,,
3.1364,102.362,马来西亚,彭亨州,百乐县,,
2.4857,102.0096,马来西亚,森美兰州,波德申县,,
2.65465,113.62249,马来西亚,砂拉越州,达岛,,
3.8382,103.1598,马来西亚,彭亨州,关丹县,,
5.89477,118.04576,马来西亚,沙巴州,山打根,8英里,
1.39324,103.62322,马来西亚,柔佛州,新山县,双威依斯干达,
2.99361,101.57255,马来西亚,雪兰莪州,八打灵县,布特拉高原,
2.99424,101.78875,马来西亚,雪兰莪州,乌鲁冷岳县,,
6.29369,99.72786,马来西亚,吉打州,浮罗交怡县,,
3.14657,101.71023,马来西亚,吉隆坡,吉隆坡,武吉免登,
6.45212,99.82032,马来西亚,吉打州,浮罗交怡县,,
4.35993,100.98491,马来西亚,霹雳州,中霹雳县,,
3.2389,101.42793,马来西亚,雪兰莪州,瓜拉雪兰莪县,,Meranti Residency
3.15454,101.58022,马来西亚,雪兰莪州,八打灵县,哥打白沙罗,
3.19893,101.59184,马来西亚,雪兰莪州,八打灵县,白沙罗达迈,
5.58314,100.36238,马来西亚,吉打州,瓜拉姆达县,,
2.97135,101.65464,马来西亚,雪兰莪州,雪邦县,16岭,
5.37293,103.02053,马来西亚,登嘉樓州,瓜拉尼鲁斯县,,
3.1903,101.61061,马来西亚,雪兰莪州,八打灵县,斯里白沙罗镇,
2.52477,112.32543,马来西亚,砂拉越州,实兰沟,,
3.19916,101.64983,马来西亚,吉隆坡,,增江,
3.18523,101.52461,马来西亚,雪兰莪州,八打灵县,艾美纳,
3.16027,101.51501,马来西亚,雪兰莪州,八打灵县,,
3.14165,101.59089,马来西亚,雪兰莪州,八打灵县,,
3.17374,101.54204,马来西亚,雪兰莪州,八打灵县,梳邦柏斯达丽,
3.23208,101.70484,马来西亚,雪兰莪州,鹅唛县,,
3.22124,101.72324,马来西亚,吉隆坡,吉隆坡,,美拉蒂花园
3.11898,101.58656,马来西亚,雪兰莪州,八打灵县,阿拉白沙罗,
3.18611,101.62875,马来西亚,吉隆坡,吉隆坡,,
3.24177,101.53296,马来西亚,雪兰莪州,鹅唛县,,
3.30126,101.28754,马来西亚,雪兰莪州,瓜拉雪兰莪县,亚参爪哇,Taman Assam Jawa
5.94554,100.36453,马来西亚,吉打州,铅县,,
3.16866,101.65076,马来西亚,吉隆坡,吉隆坡,满家乐,
3.07292,101.6763,马来西亚,吉隆坡,吉隆坡,华联花园,
3.11619,101.7202,马来西亚,吉隆坡,吉隆坡,蕉赖,金鱼村
3.14506,101.62617,马来西亚,吉隆坡,吉隆坡,敦依斯迈花园,
3.12945,101.67004,马来西亚,吉隆坡,吉隆坡,孟沙,
3.15045,101.65483,马来西亚,吉隆坡,吉隆坡,白沙罗高原,
2.68982,101.90766,马来西亚,森美兰州,芙蓉县,芙蓉新城,
1.47999,103.65959,马来西亚,柔佛州,新山县,武吉英达,
2.93703,101.53527,马来西亚,雪兰莪州,瓜拉冷岳县,Eco Sanctuary,
5.39513,100.21659,马来西亚,槟城州,西南县,Sungai Rusa,
3.20056,101.73972,马来西亚,吉隆坡,吉隆坡,旺沙玛珠,
2.94761,101.84695,马来西亚,雪兰莪州,乌鲁冷岳县,,
3.08469,101.69086,马来西亚,吉隆坡,吉隆坡,旧古仔,鸿图园
3.07775,101.69758,马来西亚,吉隆坡,吉隆坡,大城堡,金龙园
5.29775,100.21147,马来西亚,槟城州,西南县,Bukit Gemuruh,
1.33884,103.58876,马来西亚,柔佛州,新山县,碧桂园森林城市,
3.21083,101.74825,马来西亚,雪兰莪州,鹅唛县,,
1.48061,103.68381,马来西亚,柔佛州,新山县,柏玲花园,
2.09934,103.02219,马来西亚,柔佛州,峇株巴辖县,,
1.53333,103.66667,马来西亚,柔佛州,新山县,,
1.63109,104.1469,马来西亚,柔佛州,哥打丁宜县,,
2.67361,101.93111,马来西亚,森美兰州,芙蓉县,翠谷山,
4.719,101.5521,马来西亚,吉兰丹州,Lojing,,
3.0542,101.79844,马来西亚,雪兰莪州,乌鲁冷岳县,双溪龙,
2.7825,104.17,马来西亚,彭亨州,云冰县,,
5.37278,100.27972,马来西亚,槟城州,东北县,垄尾,
5.3337,100.28996,马来西亚,槟城州,东北县,垄尾,
6.11625,102.24229,马来西亚,吉兰丹州,哥打峇鲁县,,
6.07985,102.28969,马来西亚,吉兰丹州,哥打峇鲁县,,Taman Pemuda Sentosa
3.74438,101.45125,马来西亚,霹雳州,慕亚林县,,美冷火车头
3.05469,101.75939,马来西亚,雪兰莪州,乌鲁冷岳县,蕉赖,
3.28562,102.22616,马来西亚,彭亨州,文冬县,,
2.75106,101.76544,马来西亚,森美兰州,芙蓉县,恩斯德镇,
5.38907,100.28177,马来西亚,槟城州,东北县,亚依淡新市镇（发林）,
5.14609,100.4092,马来西亚,槟城州,威南县,,
4.36792,100.8201,马来西亚,霹雳州,中霹雳县,Gelung Pepuyu,RPA Gelung Pepuyu
1.46031,110.48821,马来西亚,砂拉越州,哥打三马拉汉,,
3.41558,101.55709,马来西亚,雪兰莪州,乌鲁雪兰莪县,,
1.47877,104.17744,马来西亚,柔佛州,哥打丁宜县,,
2.24026,111.97135,马来西亚,砂拉越州,诗巫,,
5.91161,116.04991,马来西亚,沙巴州,必打丹,,
5.58602,117.85083,马来西亚,沙巴州,京那巴当岸,,
2.83558,101.59472,马来西亚,雪兰莪州,瓜拉冷岳县,,
3.10155,101.45565,马来西亚,雪兰莪州,八打灵县,实达阿南,
4.4911,101.38843,马来西亚,彭亨州,金马仑高原县,,
4.58293,101.41418,马来西亚,彭亨州,金马仑高原县,,
4.57218,103.31879,马来西亚,登嘉樓州,龙运县,,
3.1868,101.65085,马来西亚,吉隆坡,吉隆坡,,盛兰园
3.04926,101.64153,马来西亚,雪兰莪州,八打灵县,金銮,
3.08737,101.43339,马来西亚,雪兰莪州,巴生县,武吉拉惹,
3.01083,101.42081,马来西亚,雪兰莪州,巴生县,,
2.97457,101.45721,马来西亚,雪兰莪州,巴生县,武吉丁宜新镇,
2.98794,101.43966,马来西亚,雪兰莪州,巴生县,绿林镇,Kiara Precinct
2.67375,101.8721,马来西亚,森美兰州,芙蓉县,芙蓉达城,
2.60127,101.86408,马来西亚,森美兰州,波德申县,春泉镇,
3.32752,101.53106,马来西亚,雪兰莪州,鹅唛县,菁乡岭,
3.74287,101.5352,马来西亚,霹雳州,慕亚林县,宝腾城,
3.67963,101.39261,马来西亚,雪兰莪州,乌鲁雪兰莪县,,
6.65007,100.22412,马来西亚,玻璃市州,,,
3.06028,101.7408,马来西亚,吉隆坡,吉隆坡,蕉赖,
3.12036,101.62246,马来西亚,雪兰莪州,八打灵县,SS 2,
4.21864,101.8015,马来西亚,彭亨州,立卑县,,
4.23238,101.98986,马来西亚,彭亨州,立卑县,,
5.19779,100.49244,马来西亚,槟城州,威南县,双溪爪夷,
3.20663,101.47729,马来西亚,雪兰莪州,瓜拉雪兰莪县,绍佳娜乌达玛镇,
3.21727,101.5608,马来西亚,雪兰莪州,八打灵县,,
2.29562,102.96786,马来西亚,柔佛州,麻坡县,,
1.54631,103.71829,马来西亚,柔佛州,新山县,,
3.28531,101.4741,马来西亚,雪兰莪州,鹅唛县,万挠公主城,Blok 8B Balti
3.08385,101.70895,马来西亚,吉隆坡,吉隆坡,敦拉萨镇,八打灵高原
3.10628,101.66761,马来西亚,吉隆坡,吉隆坡,班底达南,Taman Desa Kerinchi
3.16544,101.70394,马来西亚,吉隆坡,吉隆坡,甘榜峇鲁,
3.17822,101.70312,马来西亚,吉隆坡,吉隆坡,冼都,
1.56798,110.30588,马来西亚,砂拉越州,古晋,柏特拉再也,
5.68919,100.49622,马来西亚,吉打州,瓜拉姆达县,斑鸠湾城镇,
1.45768,103.64554,马来西亚,柔佛州,新山县,浩然山庄,The Gateway
1.64958,103.62661,马来西亚,柔佛州,古来县,古来太子城,
1.51219,103.9166,马来西亚,柔佛州,新山县,森德综合镇,
1.50434,103.87525,马来西亚,柔佛州,新山县,至达城,Bina Park
1.56929,104.09993,马来西亚,柔佛州,哥打丁宜县,,
3.37457,102.94343,马来西亚,彭亨州,北根县,,
2.82388,101.69365,马来西亚,雪兰莪州,雪邦县,哥打华丽山,
2.81232,101.73562,马来西亚,雪兰莪州,雪邦县,,Taman Selasih
3.14818,101.61407,马来西亚,雪兰莪州,八打灵县,万达镇,
3.12966,101.68424,马来西亚,吉隆坡,吉隆坡,十五碑,
3.04913,101.68036,马来西亚,吉隆坡,,武吉加里尔,
3.15724,101.60822,马来西亚,雪兰莪州,八打灵县,珍珠白沙罗,
3.10591,101.68683,马来西亚,吉隆坡,吉隆坡,郊外岭,
1.7336,103.64521,马来西亚,柔佛州,古来县,,
6.35608,99.78375,马来西亚,吉打州,浮罗交怡县,,
6.42511,99.79453,马来西亚,吉打州,浮罗交怡县,,
6.3665,99.86663,马来西亚,吉打州,浮罗交怡县,,
6.42036,99.80429,马来西亚,吉打州,浮罗交怡县,,
3.7947,103.3379,马来西亚,彭亨州,关丹县,丹绒弄波,
1.08333,111.53333,马来西亚,砂拉越州,斯里阿曼,,
1.55,110.38333,马来西亚,砂拉越州,古晋,,
1.43333,111.5,马来西亚,砂拉越州,木中,,
5.51667,100.4,马来西亚,槟城州,威北县,,
2.9675,102.1342,马来西亚,森美兰州,日叻务县,,
2.861,102.2706,马来西亚,森美兰州,瓜拉庇劳县,,
6.2922,116.5166,马来西亚,沙巴州,古打毛律,,
1.13333,110.51667,马来西亚,砂拉越州,西连,,
6.1,100.58333,马来西亚,吉打州,本同县,,
4.66667,103.45,马来西亚,登嘉樓州,龙运县,,
0.94704,110.44454,马来西亚,砂拉越州,打必禄,,
5.70107,100.83962,马来西亚,吉打州,华玲县,,
3.78333,100.88333,马来西亚,雪兰莪州,沙白安南县,,
5.16667,115.56667,马来西亚,沙巴州,保佛,,
5.66667,100.36667,马来西亚,吉打州,瓜拉姆达县,,
5.3054,100.20288,马来西亚,槟城州,西南县,Bukit Ginting,
1.83333,111.61667,马来西亚,砂拉越州,巴干,,
1.09155,111.88273,马来西亚,砂拉越州,鲁勃安都,,
3.5012,102.5395,马来西亚,彭亨州,马兰县,,
3.66667,102.25,马来西亚,彭亨州,淡马鲁县,,
3.9789,102.3725,马来西亚,彭亨州,而连突县,,
3.56667,102.4,马来西亚,彭亨州,淡马鲁县,,
3.9484,102.2139,马来西亚,彭亨州,而连突县,,
3.949,102.2333,马来西亚,彭亨州,而连突县,,
3.979,102.329,马来西亚,彭亨州,而连突县,,
3.9204,102.2824,马来西亚,彭亨州,而连突县,,
3.8769,102.4298,马来西亚,彭亨州,而连突县,,
3.8493,102.4354,马来西亚,彭亨州,而连突县,,
3.8169,102.4241,马来西亚,彭亨州,而连突县,,
3.71667,102.36667,马来西亚,彭亨州,淡马鲁县,,
3.68333,102.38333,马来西亚,彭亨州,淡马鲁县,,
3.61667,102.4,马来西亚,彭亨州,淡马鲁县,,
3.51667,102.43333,马来西亚,彭亨州,淡马鲁县,,
3.4914,102.3751,马来西亚,彭亨州,淡马鲁县,,
3.5489,102.1791,马来西亚,彭亨州,淡马鲁县,,
3.5539,102.1883,马来西亚,彭亨州,淡马鲁县,,
3.5,102.05,马来西亚,彭亨州,文冬县,,
3.63333,102.65,马来西亚,彭亨州,马兰县,,
3.6741,102.8743,马来西亚,彭亨州,马兰县,,
3.656,102.6902,马来西亚,彭亨州,马兰县,,
3.6906,102.9311,马来西亚,彭亨州,关丹县,,
3.6993,102.966,马来西亚,彭亨州,关丹县,,
3.65,102.86667,马来西亚,彭亨州,马兰县,,
3.48333,102.95,马来西亚,彭亨州,北根县,,
3.504,102.7751,马来西亚,彭亨州,马兰县,,
3.5447,102.7753,马来西亚,彭亨州,马兰县,,
3.6027,102.8189,马来西亚,彭亨州,马兰县,,
3.58333,102.66667,马来西亚,彭亨州,马兰县,,
3.5037,102.7056,马来西亚,彭亨州,马兰县,,
3.5222,102.6362,马来西亚,彭亨州,马兰县,,
3.65,101.88333,马来西亚,彭亨州,文冬县,,
3.66667,101.88333,马来西亚,彭亨州,文冬县,,
3.61964,101.90223,马来西亚,彭亨州,文冬县,,
3.56667,101.91667,马来西亚,彭亨州,文冬县,,
3.8157,101.852,马来西亚,彭亨州,劳勿县,,
3.88333,101.83333,马来西亚,彭亨州,劳勿县,,
3.9798,101.7476,马来西亚,彭亨州,劳勿县,,
3.9873,101.7836,马来西亚,彭亨州,劳勿县,峇都马林,
3.7311,101.8124,马来西亚,彭亨州,劳勿县,,
3.52927,101.90287,马来西亚,彭亨州,文冬县,,
3.6377,101.5761,马来西亚,雪兰莪州,乌鲁雪兰莪县,,Kampung Pasir Putih
1.9834,102.9543,马来西亚,柔佛州,峇株巴辖县,,
1.93333,103.0,马来西亚,柔佛州,峇株巴辖县,,
1.9075,102.7371,马来西亚,柔佛州,麻坡县,,
1.706,103.4359,马来西亚,柔佛州,古来县,,
1.9729,103.3311,马来西亚,柔佛州,居銮县,,
1.9221,103.3734,马来西亚,柔佛州,居銮县,,
1.8867,103.4015,马来西亚,柔佛州,居銮县,,
1.8,103.13333,马来西亚,柔佛州,峇株巴辖县,,
1.6993,103.4847,马来西亚,柔佛州,古来县,,亚逸文满新村
1.6471,103.2588,马来西亚,柔佛州,笨珍县,,
1.5,103.5,马来西亚,柔佛州,笨珍县,,
1.4152,103.4249,马来西亚,柔佛州,笨珍县,,
1.3355,103.4575,马来西亚,柔佛州,笨珍县,,
1.5288,103.3725,马来西亚,柔佛州,笨珍县,,
1.9,103.1,马来西亚,柔佛州,峇株巴辖县,,
1.9783,103.2484,马来西亚,柔佛州,居銮县,,
1.5999,103.8214,马来西亚,柔佛州,新山县,,Taman Tiram Baru
1.358,103.5468,马来西亚,柔佛州,新山县,,
1.7976,103.9018,马来西亚,柔佛州,哥打丁宜县,,
1.8,103.85,马来西亚,柔佛州,哥打丁宜县,,
1.81667,103.96667,马来西亚,柔佛州,哥打丁宜县,,
1.585,103.9055,马来西亚,柔佛州,新山县,,
1.4693,104.0069,马来西亚,柔佛州,新山县,,
1.5141,103.75252,马来西亚,柔佛州,新山县,班兰,Kampung Melayu Majidee
1.5299,103.5448,马来西亚,柔佛州,古来县,,
1.9929,104.0256,马来西亚,柔佛州,哥打丁宜县,,
1.9303,104.1223,马来西亚,柔佛州,哥打丁宜县,,
1.83333,104.15,马来西亚,柔佛州,哥打丁宜县,,
1.65,104.25,马来西亚,柔佛州,哥打丁宜县,,
1.6234,103.9768,马来西亚,柔佛州,哥打丁宜县,,
1.5862,104.0137,马来西亚,柔佛州,哥打丁宜县,,
1.4383,104.2917,马来西亚,柔佛州,哥打丁宜县,,
1.4201,104.1017,马来西亚,柔佛州,哥打丁宜县,,
1.3473,104.1427,马来西亚,柔佛州,哥打丁宜县,,
1.3736,104.2417,马来西亚,柔佛州,哥打丁宜县,,
1.3532,104.2241,马来西亚,柔佛州,哥打丁宜县,,
2.2515,103.1488,马来西亚,柔佛州,昔加末县,,
2.2117,103.1732,马来西亚,柔佛州,居銮县,,
2.1031,103.394,马来西亚,柔佛州,居銮县,,Taman Perdana
2.0443,103.3372,马来西亚,柔佛州,居銮县,,
2.0522,103.3271,马来西亚,柔佛州,居銮县,,
2.2,103.33333,马来西亚,柔佛州,居銮县,,
2.0645,103.1235,马来西亚,柔佛州,峇株巴辖县,,
2.38333,103.88333,马来西亚,柔佛州,丰盛港县,,
2.3935,103.8616,马来西亚,柔佛州,丰盛港县,,
2.31667,103.71667,马来西亚,柔佛州,丰盛港县,,
2.2757,103.8581,马来西亚,柔佛州,丰盛港县,,
2.2138,103.5422,马来西亚,柔佛州,居銮县,,
2.4381,102.6857,马来西亚,柔佛州,昔加末县,,
2.3453,102.8305,马来西亚,柔佛州,麻坡县,,
2.0759,102.5509,马来西亚,柔佛州,东甲县,,
2.18333,102.55,马来西亚,柔佛州,东甲县,,
2.1454,103.0028,马来西亚,柔佛州,峇株巴辖县,,
2.05,102.96667,马来西亚,柔佛州,峇株巴辖县,,
2.4232,102.6744,马来西亚,柔佛州,昔加末县,,
2.393,102.684,马来西亚,柔佛州,东甲县,,
2.6,102.81667,马来西亚,柔佛州,昔加末县,,
2.485,102.8887,马来西亚,柔佛州,昔加末县,,
2.4649,102.9563,马来西亚,柔佛州,昔加末县,,
2.275,102.8158,马来西亚,柔佛州,麻坡县,,
2.2636,102.681,马来西亚,柔佛州,东甲县,,
2.3075,102.612,马来西亚,柔佛州,东甲县,,
2.3948,102.5435,马来西亚,马六甲州,野新县,,
2.3585,102.5123,马来西亚,马六甲州,野新县,,Taman Bekoh Jaya
2.1722,102.7083,马来西亚,柔佛州,麻坡县,,
2.1851,102.5143,马来西亚,柔佛州,东甲县,,
2.1,102.6388,马来西亚,柔佛州,麻坡县,,
2.0626,102.5561,马来西亚,柔佛州,东甲县,,Taman Tun Syed Nasir
2.05101,102.62068,马来西亚,柔佛州,麻坡县,,
2.0487,102.6148,马来西亚,柔佛州,麻坡县,,
2.1398,103.2406,马来西亚,柔佛州,居銮县,,
2.4732,103.0558,马来西亚,柔佛州,昔加末县,,
2.0172,103.3298,马来西亚,柔佛州,居銮县,,
3.4291,101.179,马来西亚,雪兰莪州,瓜拉雪兰莪县,,
3.33333,101.25,马来西亚,雪兰莪州,瓜拉雪兰莪县,,Taman Malawati
3.30959,101.31716,马来西亚,雪兰莪州,瓜拉雪兰莪县,,
3.3,101.3,马来西亚,雪兰莪州,瓜拉雪兰莪县,亚参爪哇,
3.25,101.3,马来西亚,雪兰莪州,瓜拉雪兰莪县,,
3.08333,101.41667,马来西亚,雪兰莪州,巴生县,巴生卫星市,
3.7,101.36667,马来西亚,雪兰莪州,乌鲁雪兰莪县,,
3.76667,101.16667,马来西亚,霹雳州,峇眼拿督县,,
3.526,101.1417,马来西亚,雪兰莪州,沙白安南县,,
4.1,101.01667,马来西亚,霹雳州,中霹雳县,,
3.7816,101.079,马来西亚,霹雳州,峇眼拿督县,,
3.728,101.0893,马来西亚,雪兰莪州,沙白安南县,,
3.6242,101.0519,马来西亚,雪兰莪州,沙白安南县,,
3.565,101.0756,马来西亚,雪兰莪州,沙白安南县,巴西班让,
3.76667,101.31667,马来西亚,霹雳州,慕亚林县,,
3.8,101.36667,马来西亚,雪兰莪州,乌鲁雪兰莪县,,
3.9,101.5,马来西亚,霹雳州,慕亚林县,,
3.88333,101.38333,马来西亚,霹雳州,慕亚林县,,Feldajaya Utara Trolak
3.98333,101.38333,马来西亚,霹雳州,马登巴冷县,,Felda Sungai Klah
3.91667,101.5,马来西亚,霹雳州,慕亚林县,,
3.85,101.48333,马来西亚,霹雳州,慕亚林县,,
3.81667,101.5,马来西亚,霹雳州,慕亚林县,,Kampung Simpang Sekolah Batu 8
3.78333,101.5,马来西亚,霹雳州,慕亚林县,,Kampung Simpang Sekolah Batu 8
3.75,101.45,马来西亚,霹雳州,慕亚林县,,
4.23333,103.45,马来西亚,登嘉樓州,朱盖,,
4.15426,103.23745,马来西亚,登嘉樓州,甘马挽县,,
4.5,103.41667,马来西亚,登嘉樓州,甘马挽县,Taman Kertih Dahlia 4,Perumahan Panalex
4.2337,103.3765,马来西亚,登嘉樓州,朱盖,,
4.35,103.48333,马来西亚,登嘉樓州,甘马挽县,,
4.3246,103.3652,马来西亚,登嘉樓州,甘马挽县,,
4.3768,103.4008,马来西亚,登嘉樓州,甘马挽县,,
4.4675,103.4063,马来西亚,登嘉樓州,甘马挽县,,
4.4113,103.2592,马来西亚,登嘉樓州,龙运县,,
4.3172,103.2468,马来西亚,登嘉樓州,甘马挽县,,
4.2684,103.2102,马来西亚,登嘉樓州,甘马挽县,,
4.21667,103.2,马来西亚,登嘉樓州,甘马挽县,,
4.11667,103.18333,马来西亚,登嘉樓州,甘马挽县,,
4.15103,103.2741,马来西亚,登嘉樓州,甘马挽县,,
4.2,103.35,马来西亚,登嘉樓州,朱盖,,
4.1241,103.3889,马来西亚,彭亨州,关丹县,,
4.0429,103.3951,马来西亚,彭亨州,关丹县,,
4.38333,101.75,马来西亚,彭亨州,立卑县,,
4.3563,101.9256,马来西亚,彭亨州,立卑县,,
4.4218,101.9327,马来西亚,彭亨州,立卑县,,
4.33333,102.16667,马来西亚,彭亨州,立卑县,,
4.4025,101.9251,马来西亚,彭亨州,立卑县,,
4.3,101.98333,马来西亚,彭亨州,立卑县,,
4.3,101.81667,马来西亚,彭亨州,立卑县,,
4.25,101.93333,马来西亚,彭亨州,立卑县,,
4.21667,101.98333,马来西亚,彭亨州,立卑县,,
4.15,101.9,马来西亚,彭亨州,立卑县,,
4.0162,101.9655,马来西亚,彭亨州,立卑县,,
4.03333,101.95,马来西亚,彭亨州,立卑县,,
4.0207,101.92,马来西亚,彭亨州,劳勿县,,
4.23333,102.01667,马来西亚,彭亨州,立卑县,,
4.1923,102.0911,马来西亚,彭亨州,立卑县,,
4.3831,102.4011,马来西亚,彭亨州,而连突县,,
4.0678,102.3197,马来西亚,彭亨州,而连突县,,
4.18333,102.2,马来西亚,彭亨州,立卑县,,
4.3509,102.3944,马来西亚,彭亨州,而连突县,,
4.3852,102.0619,马来西亚,彭亨州,立卑县,,
4.51667,102.51667,马来西亚,彭亨州,而连突县,,
4.2894,102.3875,马来西亚,彭亨州,而连突县,,
4.25,102.38333,马来西亚,彭亨州,而连突县,,
4.1817,102.3751,马来西亚,彭亨州,而连突县,,
4.11667,102.01667,马来西亚,彭亨州,立卑县,,
4.118,102.2005,马来西亚,彭亨州,立卑县,,
4.1016,102.3244,马来西亚,彭亨州,而连突县,,
4.0602,102.2334,马来西亚,彭亨州,立卑县,,
4.0727,102.2734,马来西亚,彭亨州,立卑县,,
4.0334,102.0373,马来西亚,彭亨州,立卑县,,
4.0175,102.3286,马来西亚,彭亨州,而连突县,,
2.25,102.25,马来西亚,马六甲州,马六甲中央县,,
5.0,103.0,马来西亚,登嘉樓州,,,
3.16667,101.5,马来西亚,雪兰莪州,八打灵县,艾美纳,Elmina Valley 5
2.5,113.5,马来西亚,砂拉越州,布拉甲,,
5.5,117.0,马来西亚,沙巴州,东革,,
6.5,100.25,马来西亚,玻璃市州,,,
5.0,101.0,马来西亚,霹雳州,上霹靂县,,
3.5,102.75,马来西亚,彭亨州,马兰县,,
2.75,102.16667,马来西亚,森美兰州,瓜拉庇劳县,,
5.33333,102.0,马来西亚,吉兰丹州,瓜拉吉赖县,,
3.14309,101.68653,马来西亚,吉隆坡,吉隆坡,,
5.37677,100.25848,马来西亚,槟城州,西南县,Bukit Balik Pulau,
6.0,100.66667,马来西亚,吉打州,本同县,,
2.0,103.5,马来西亚,柔佛州,居銮县,,
2.01667,103.33333,马来西亚,柔佛州,居銮县,,
5.21667,115.61667,马来西亚,沙巴州,保佛,,
5.21291,100.5197,马来西亚,槟城州,威南县,,Taman Wellesley
2.07483,102.95252,马来西亚,柔佛州,峇株巴辖县,,
5.56667,115.56667,马来西亚,沙巴州,瓜拉班尤,,
5.55,115.56667,马来西亚,沙巴州,瓜拉班尤,,
5.5,115.56667,马来西亚,沙巴州,瓜拉班尤,,
5.51667,115.56667,马来西亚,沙巴州,瓜拉班尤,,
5.56667,115.6,马来西亚,沙巴州,瓜拉班尤,,
5.41667,115.41667,马来西亚,沙巴州,瓜拉班尤,,
5.66667,115.95,马来西亚,沙巴州,,,
5.73333,115.93333,马来西亚,沙巴州,,,
5.48333,115.76667,马来西亚,沙巴州,保佛,,
5.76667,115.95,马来西亚,沙巴州,,,
5.75,115.93333,马来西亚,沙巴州,,,
5.6949,116.0057,马来西亚,沙巴州,,,
5.71667,115.95,马来西亚,沙巴州,,,
5.71667,115.9,马来西亚,沙巴州,,,
5.68333,115.91667,马来西亚,沙巴州,,,
5.63333,115.95,马来西亚,沙巴州,,,
5.61667,115.9,马来西亚,沙巴州,,,
5.61667,115.88333,马来西亚,沙巴州,,,
5.58333,115.88333,马来西亚,沙巴州,,,
5.5,115.9,马来西亚,沙巴州,,,
5.5,115.8,马来西亚,沙巴州,保佛,,
5.5202,115.5224,马来西亚,沙巴州,瓜拉班尤,,
5.57535,115.58997,马来西亚,沙巴州,瓜拉班尤,,
5.46667,115.46667,马来西亚,沙巴州,瓜拉班尤,,
5.5268,115.6959,马来西亚,沙巴州,保佛,,
5.5002,115.5554,马来西亚,沙巴州,瓜拉班尤,,
5.5835,115.605,马来西亚,沙巴州,瓜拉班尤,,
5.86667,116.05,马来西亚,沙巴州,必打丹,,
5.66667,116.45,马来西亚,沙巴州,担布南,,
5.66667,116.33333,马来西亚,沙巴州,担布南,,
5.7,116.38333,马来西亚,沙巴州,担布南,,
5.8256,116.4895,马来西亚,沙巴州,担布南,,
5.96667,116.45,马来西亚,沙巴州,斗亚兰,,
5.85,116.08333,马来西亚,沙巴州,兵南邦,,
5.58333,116.0,马来西亚,沙巴州,,,
5.83333,116.25,马来西亚,沙巴州,兵南邦,,
5.9429,116.167,马来西亚,沙巴州,兵南邦,,
5.96667,116.11667,马来西亚,沙巴州,亚庇,,
5.73333,116.43333,马来西亚,沙巴州,担布南,,
5.8765,116.1418,马来西亚,沙巴州,兵南邦,,
5.9835,116.5341,马来西亚,沙巴州,兰瑙,,
5.9633,116.4637,马来西亚,沙巴州,斗亚兰,,
5.9898,116.4037,马来西亚,沙巴州,斗亚兰,,
5.9409,116.4442,马来西亚,沙巴州,斗亚兰,,
5.9337,116.4349,马来西亚,沙巴州,斗亚兰,,
5.8501,116.273,马来西亚,沙巴州,兵南邦,,
5.9262,116.3579,马来西亚,沙巴州,斗亚兰,,
5.9096,116.3694,马来西亚,沙巴州,斗亚兰,,
5.9051,116.4678,马来西亚,沙巴州,担布南,,
5.8933,116.3811,马来西亚,沙巴州,斗亚兰,,
5.88333,116.36667,马来西亚,沙巴州,斗亚兰,,
5.8133,116.4591,马来西亚,沙巴州,担布南,,
5.7613,116.4455,马来西亚,沙巴州,担布南,,
5.8523,116.3581,马来西亚,沙巴州,斗亚兰,,
5.8607,116.331,马来西亚,沙巴州,斗亚兰,,
5.8868,116.2829,马来西亚,沙巴州,斗亚兰,,
5.9554,116.3163,马来西亚,沙巴州,斗亚兰,,
5.9791,116.3036,马来西亚,沙巴州,斗亚兰,,
5.8846,116.2339,马来西亚,沙巴州,兵南邦,,
5.9034,116.1843,马来西亚,沙巴州,兵南邦,,
5.9416,116.1212,马来西亚,沙巴州,兵南邦,,
5.9826,116.1804,马来西亚,沙巴州,亚庇,,Taman Maply
5.99661,116.11047,马来西亚,沙巴州,亚庇,,
5.9569,116.0528,马来西亚,沙巴州,亚庇,,Kampung Tanjung Aru Lama
5.9307,116.0737,马来西亚,沙巴州,兵南邦,,Taman Kendara
5.9154,116.1115,马来西亚,沙巴州,兵南邦,,
6.45,116.5,马来西亚,沙巴州,古打毛律,,
5.907,116.1312,马来西亚,沙巴州,兵南邦,,
5.877,116.097,马来西亚,沙巴州,兵南邦,,
5.8619,116.0952,马来西亚,沙巴州,兵南邦,,
5.8471,116.044,马来西亚,沙巴州,必打丹,,
5.8103,116.1809,马来西亚,沙巴州,兵南邦,,
5.8439,116.103,马来西亚,沙巴州,兵南邦,,
5.8217,116.068,马来西亚,沙巴州,,,
5.8016,116.1067,马来西亚,沙巴州,,,
5.7722,116.0175,马来西亚,沙巴州,,,
5.7306,116.0325,马来西亚,沙巴州,,,
5.6896,116.0209,马来西亚,沙巴州,,,
5.707,116.0438,马来西亚,沙巴州,,,
5.7294,116.0693,马来西亚,沙巴州,,,
5.784,116.1057,马来西亚,沙巴州,,,
5.7727,116.1881,马来西亚,沙巴州,兵南邦,,
5.75,116.16667,马来西亚,沙巴州,,,
5.7888,116.245,马来西亚,沙巴州,兵南邦,,
5.7881,116.2887,马来西亚,沙巴州,兵南邦,,
5.7965,116.293,马来西亚,沙巴州,兵南邦,,
5.73333,116.36667,马来西亚,沙巴州,担布南,,
5.7,116.35,马来西亚,沙巴州,担布南,,
5.7,116.4,马来西亚,沙巴州,担布南,,
5.6374,116.46102,马来西亚,沙巴州,担布南,,
5.65,116.35,马来西亚,沙巴州,担布南,Pekan Tambunan,
5.63333,116.33333,马来西亚,沙巴州,担布南,,
5.58333,116.31667,马来西亚,沙巴州,担布南,,
5.53333,116.36667,马来西亚,沙巴州,担布南,,
5.55,116.28333,马来西亚,沙巴州,担布南,,
5.66667,116.41667,马来西亚,沙巴州,担布南,,
5.83333,116.73333,马来西亚,沙巴州,兰瑙,,
5.91667,116.75,马来西亚,沙巴州,兰瑙,,
5.95,116.81667,马来西亚,沙巴州,兰瑙,,
5.96667,116.91667,马来西亚,沙巴州,兰瑙,,
5.8723,116.6704,马来西亚,沙巴州,兰瑙,,
5.8245,116.5551,马来西亚,沙巴州,兰瑙,,
5.71667,116.65,马来西亚,沙巴州,兰瑙,,
5.71667,116.95,马来西亚,沙巴州,兰瑙,,
5.7163,116.8655,马来西亚,沙巴州,兰瑙,,
5.766,116.8209,马来西亚,沙巴州,兰瑙,,
5.8039,116.8212,马来西亚,沙巴州,兰瑙,,
5.8511,116.8085,马来西亚,沙巴州,兰瑙,,
5.8804,116.7996,马来西亚,沙巴州,兰瑙,,
5.9806,116.768,马来西亚,沙巴州,兰瑙,,
5.8706,116.5132,马来西亚,沙巴州,担布南,,
5.81667,116.68333,马来西亚,沙巴州,兰瑙,,
5.8061,116.5726,马来西亚,沙巴州,兰瑙,,
5.7902,116.4731,马来西亚,沙巴州,担布南,,
5.754,116.6923,马来西亚,沙巴州,兰瑙,,
5.7055,116.7185,马来西亚,沙巴州,兰瑙,,
5.6903,116.7816,马来西亚,沙巴州,兰瑙,,
5.63333,116.73333,马来西亚,沙巴州,兰瑙,,
5.699,116.828,马来西亚,沙巴州,兰瑙,,
5.9746,117.1079,马来西亚,沙巴州,特鲁必,,
5.96667,117.4,马来西亚,沙巴州,比鲁兰,,
5.95,117.36667,马来西亚,沙巴州,比鲁兰,,
5.95,117.3,马来西亚,沙巴州,特鲁必,,
5.93333,117.28333,马来西亚,沙巴州,特鲁必,,
5.91667,117.25,马来西亚,沙巴州,特鲁必,,
5.88333,117.23333,马来西亚,沙巴州,特鲁必,,
5.73333,117.21667,马来西亚,沙巴州,特鲁必,,
5.73333,117.11667,马来西亚,沙巴州,特鲁必,,
5.2,117.21667,马来西亚,沙巴州,东革,,
5.88333,117.05,马来西亚,沙巴州,特鲁必,,
5.98333,117.41667,马来西亚,沙巴州,比鲁兰,,
5.96667,117.45,马来西亚,沙巴州,比鲁兰,,
5.95,117.35,马来西亚,沙巴州,比鲁兰,,
5.8142,117.2185,马来西亚,沙巴州,特鲁必,,
5.83333,117.43333,马来西亚,沙巴州,比鲁兰,,
5.85,117.43333,马来西亚,沙巴州,比鲁兰,,
5.85,117.4,马来西亚,沙巴州,比鲁兰,,
5.85,117.45,马来西亚,沙巴州,比鲁兰,,
5.68333,117.21667,马来西亚,沙巴州,特鲁必,,
5.78333,117.21667,马来西亚,沙巴州,特鲁必,,
5.7588,117.1995,马来西亚,沙巴州,特鲁必,,
5.73333,117.2,马来西亚,沙巴州,特鲁必,,
5.71667,117.01667,马来西亚,沙巴州,特鲁必,,
5.63333,117.08333,马来西亚,沙巴州,特鲁必,,
5.65,117.11667,马来西亚,沙巴州,特鲁必,,
5.5,117.05,马来西亚,沙巴州,东革,,
5.86856,118.00218,马来西亚,沙巴州,山打根县,,
4.63333,117.4,马来西亚,沙巴州,加拉巴干,,
4.5,118.0,马来西亚,沙巴州,斗湖,,
5.0,118.0,马来西亚,沙巴州,拿笃,,
4.65,118.36667,马来西亚,沙巴州,仙本那,,
4.97724,118.22784,马来西亚,沙巴州,拿笃,,
4.68333,118.45,马来西亚,沙巴州,仙本那,,
4.65,118.48333,马来西亚,沙巴州,仙本那,,
4.6296,118.3611,马来西亚,沙巴州,仙本那,,
4.6293,118.32,马来西亚,沙巴州,仙本那,,
4.6705,118.2548,马来西亚,沙巴州,古纳,,
4.66087,118.19618,马来西亚,沙巴州,古纳,,
4.9404,118.6599,马来西亚,沙巴州,拿笃,,
4.5236,118.5447,马来西亚,沙巴州,仙本那,,
4.65,118.53333,马来西亚,沙巴州,,,
4.5644,118.569,马来西亚,沙巴州,,,
4.5161,118.5823,马来西亚,沙巴州,仙本那,,
4.5545,118.5797,马来西亚,沙巴州,,,
4.42009,118.61768,马来西亚,沙巴州,仙本那,,
4.42549,118.58259,马来西亚,沙巴州,仙本那,,
4.5,118.33333,马来西亚,沙巴州,仙本那,,
4.44808,118.74437,马来西亚,沙巴州,仙本那,,
4.44418,118.71337,马来西亚,沙巴州,仙本那,,
4.42858,118.67488,马来西亚,沙巴州,仙本那,,
4.48888,118.63958,马来西亚,沙巴州,仙本那,,
4.45438,118.63498,马来西亚,沙巴州,仙本那,,
4.45668,118.58319,马来西亚,沙巴州,仙本那,,
4.37079,118.55749,马来西亚,沙巴州,仙本那,,
4.35659,118.5084,马来西亚,沙巴州,,,
4.38333,118.13333,马来西亚,沙巴州,斗湖,,
4.46667,116.58333,马来西亚,沙巴州,纳巴湾,,
4.48333,116.43333,马来西亚,沙巴州,纳巴湾,,
4.46667,116.43333,马来西亚,沙巴州,纳巴湾,,
4.43333,116.1,马来西亚,沙巴州,纳巴湾,,
4.33172,116.43262,马来西亚,沙巴州,纳巴湾,,
4.38355,116.42691,马来西亚,沙巴州,纳巴湾,,
4.40317,116.2228,马来西亚,沙巴州,纳巴湾,,
4.42506,116.22299,马来西亚,沙巴州,纳巴湾,,
4.46667,116.23333,马来西亚,沙巴州,纳巴湾,,
4.46667,116.11667,马来西亚,沙巴州,纳巴湾,,
4.38639,116.06871,马来西亚,沙巴州,纳巴湾,,
4.45,116.03333,马来西亚,沙巴州,纳巴湾,,
4.35962,116.14491,马来西亚,沙巴州,纳巴湾,,
4.40623,115.73058,马来西亚,沙巴州,实必丹,,
4.4247,115.7478,马来西亚,沙巴州,实必丹,,
4.46667,117.71667,马来西亚,沙巴州,加拉巴干,,
4.18333,117.86667,马来西亚,沙巴州,加拉巴干,,
5.45,115.86667,马来西亚,沙巴州,,,
5.29616,115.34837,马来西亚,沙巴州,瓜拉班尤,,
5.36667,115.4,马来西亚,沙巴州,瓜拉班尤,,
5.36667,115.21667,马来西亚,纳闽,纳闽市,,
5.33333,115.2,马来西亚,纳闽,纳闽市,,
5.25417,115.2375,马来西亚,纳闽,纳闽市,,
5.26667,115.23333,马来西亚,纳闽,纳闽市,,
5.41667,115.4,马来西亚,沙巴州,瓜拉班尤,,
5.41667,115.43333,马来西亚,沙巴州,瓜拉班尤,,
5.48333,115.48333,马来西亚,沙巴州,瓜拉班尤,,
5.4701,115.5304,马来西亚,沙巴州,瓜拉班尤,,
5.33333,115.38333,马来西亚,沙巴州,瓜拉班尤,,
5.337,115.5461,马来西亚,沙巴州,保佛,,
5.3863,115.5573,马来西亚,沙巴州,保佛,,
5.3619,115.6095,马来西亚,沙巴州,保佛,,
5.3626,115.6587,马来西亚,沙巴州,保佛,,
5.3697,115.6645,马来西亚,沙巴州,保佛,,
5.419,115.6733,马来西亚,沙巴州,保佛,,
5.4497,115.627,马来西亚,沙巴州,保佛,,
5.4121,115.6802,马来西亚,沙巴州,保佛,,
5.4047,115.6924,马来西亚,沙巴州,保佛,,
5.08333,115.95,马来西亚,沙巴州,丹南,,
5.06667,115.93333,马来西亚,沙巴州,丹南,,
5.0,115.93333,马来西亚,沙巴州,丹南,,
5.25,116.25,马来西亚,沙巴州,根地咬,,
5.33333,116.53333,马来西亚,沙巴州,根地咬,,
5.45,116.78333,马来西亚,沙巴州,东革,,
5.38333,116.71667,马来西亚,沙巴州,东革,,
5.38333,116.73333,马来西亚,沙巴州,东革,,
5.38333,116.9,马来西亚,沙巴州,东革,,
5.33333,116.78333,马来西亚,沙巴州,东革,,
5.2923,116.9085,马来西亚,沙巴州,东革,,
5.31667,116.9,马来西亚,沙巴州,东革,,
5.3,116.78333,马来西亚,沙巴州,东革,,
5.28333,116.78333,马来西亚,沙巴州,东革,,
5.26667,116.76667,马来西亚,沙巴州,东革,,
5.4,116.5,马来西亚,沙巴州,根地咬,,
5.43333,116.75,马来西亚,沙巴州,东革,,
5.35,116.63333,马来西亚,沙巴州,东革,,
5.3834,116.8135,马来西亚,沙巴州,东革,,
5.267,116.9705,马来西亚,沙巴州,东革,,
5.25,116.75,马来西亚,沙巴州,东革,,
5.23416,116.74459,马来西亚,沙巴州,东革,,
5.2232,116.72006,马来西亚,沙巴州,东革,,
5.2104,116.8345,马来西亚,沙巴州,东革,,
5.28333,116.88333,马来西亚,沙巴州,东革,,
5.4548,116.5646,马来西亚,沙巴州,根地咬,,
5.3432,115.6286,马来西亚,沙巴州,保佛,,
5.2974,115.5969,马来西亚,沙巴州,保佛,,
5.2935,115.6882,马来西亚,沙巴州,保佛,,
5.3,115.68333,马来西亚,沙巴州,保佛,,
5.26667,115.68333,马来西亚,沙巴州,保佛,,
5.2692,115.6576,马来西亚,沙巴州,保佛,,
5.23333,115.63333,马来西亚,沙巴州,保佛,,
5.21661,115.60068,马来西亚,沙巴州,保佛,,
5.2,115.61667,马来西亚,沙巴州,保佛,,
5.12239,115.55668,马来西亚,沙巴州,实必丹,,
5.13333,115.58333,马来西亚,沙巴州,实必丹,,
5.03333,115.56667,马来西亚,沙巴州,实必丹,,
5.01049,115.4673,马来西亚,沙巴州,实必丹,,
5.2927,115.8006,马来西亚,沙巴州,保佛,,
5.4,115.75,马来西亚,沙巴州,保佛,,
5.4748,115.803,马来西亚,沙巴州,保佛,,
5.23333,116.0,马来西亚,沙巴州,丹南,,
5.15,115.86667,马来西亚,沙巴州,丹南,,
5.2148,117.4813,马来西亚,沙巴州,京那巴当岸,,
5.33333,117.33333,马来西亚,沙巴州,东革,,
5.3,117.23333,马来西亚,沙巴州,东革,,
5.3052,117.2852,马来西亚,沙巴州,东革,,
5.26667,117.38333,马来西亚,沙巴州,东革,,
5.2244,117.494,马来西亚,沙巴州,京那巴当岸,,
5.13333,117.43333,马来西亚,沙巴州,东革,,
5.38333,117.7,马来西亚,沙巴州,京那巴当岸,,
5.42469,117.93922,马来西亚,沙巴州,京那巴当岸,,
5.4763,117.8207,马来西亚,沙巴州,京那巴当岸,,
5.3923,117.7224,马来西亚,沙巴州,京那巴当岸,,
5.4039,117.6996,马来西亚,沙巴州,京那巴当岸,,
5.4215,117.7136,马来西亚,沙巴州,京那巴当岸,,
5.3222,117.6087,马来西亚,沙巴州,京那巴当岸,,
5.3,117.6,马来西亚,沙巴州,京那巴当岸,,
5.4957,118.2062,马来西亚,沙巴州,京那巴当岸,,
5.5028,118.2779,马来西亚,沙巴州,京那巴当岸,,
5.1171,118.1856,马来西亚,沙巴州,拿笃,,
5.0795,118.2925,马来西亚,沙巴州,拿笃,,
5.0216,118.4312,马来西亚,沙巴州,拿笃,,
5.4018,118.6634,马来西亚,沙巴州,京那巴当岸,,
5.3287,118.5108,马来西亚,沙巴州,京那巴当岸,,
5.0012,118.5401,马来西亚,沙巴州,拿笃,,
5.0506,118.8359,马来西亚,沙巴州,拿笃,,
5.04,118.9362,马来西亚,沙巴州,拿笃,,
5.0241,118.8931,马来西亚,沙巴州,拿笃,,
5.0131,118.8658,马来西亚,沙巴州,拿笃,,
4.9911,118.8149,马来西亚,沙巴州,拿笃,,
5.0029,118.8685,马来西亚,沙巴州,拿笃,,
5.0186,118.8869,马来西亚,沙巴州,拿笃,,
5.0537,118.9897,马来西亚,沙巴州,拿笃,,
5.45231,119.14496,马来西亚,沙巴州,拿笃,,
5.14158,119.21092,马来西亚,沙巴州,拿笃,,
5.06254,119.03691,马来西亚,沙巴州,拿笃,,
6.0,117.9,马来西亚,沙巴州,山打根县,,
5.96667,117.96667,马来西亚,沙巴州,山打根县,Rancangan Sungai Manila,
5.87734,117.95051,马来西亚,沙巴州,山打根县,14英里,
5.7,117.65,马来西亚,沙巴州,比鲁兰,,
5.4935,117.8335,马来西亚,沙巴州,京那巴当岸,,
5.8784,117.5431,马来西亚,沙巴州,比鲁兰,,
5.9731,117.9061,马来西亚,沙巴州,山打根县,,
5.8108,117.9973,马来西亚,沙巴州,山打根县,,
5.9193,117.7619,马来西亚,沙巴州,山打根县,,
5.8943,117.6218,马来西亚,沙巴州,比鲁兰,,
5.7441,117.9937,马来西亚,沙巴州,山打根,,
5.49741,117.81496,马来西亚,沙巴州,京那巴当岸,,
5.56667,117.66667,马来西亚,沙巴州,京那巴当岸,,
5.58333,117.63333,马来西亚,沙巴州,京那巴当岸,,
5.8797,118.14058,马来西亚,沙巴州,山打根县,Buli Sim Sim,
5.75,118.0,马来西亚,沙巴州,山打根县,,
5.8518,118.1208,马来西亚,沙巴州,山打根,Buli Sim Sim,
5.8453,118.0445,马来西亚,沙巴州,山打根,,
5.8131,118.08,马来西亚,沙巴州,山打根,,Taman Melanta
5.7957,118.0347,马来西亚,沙巴州,山打根县,,
5.8094,118.3214,马来西亚,沙巴州,山打根县,,
5.6869,118.3847,马来西亚,沙巴州,京那巴当岸,,
5.5302,118.2933,马来西亚,沙巴州,京那巴当岸,,
5.55,118.1,马来西亚,沙巴州,山打根县,,
5.4114,116.1872,马来西亚,沙巴州,根地咬,,
5.43333,116.26667,马来西亚,沙巴州,根地咬,,
5.4095,116.2322,马来西亚,沙巴州,根地咬,,
5.3506,116.1938,马来西亚,沙巴州,根地咬,,
5.3383,116.1723,马来西亚,沙巴州,根地咬,,
5.2811,116.1251,马来西亚,沙巴州,根地咬,,
5.2785,116.1616,马来西亚,沙巴州,根地咬,,
5.28333,116.06667,马来西亚,沙巴州,根地咬,,
5.2529,116.3663,马来西亚,沙巴州,根地咬,,
5.9178,116.0673,马来西亚,沙巴州,兵南邦,,
5.4033,116.1953,马来西亚,沙巴州,根地咬,,
5.47154,116.26654,马来西亚,沙巴州,根地咬,,
5.3734,116.2289,马来西亚,沙巴州,根地咬,,
5.352,116.1225,马来西亚,沙巴州,根地咬,,
5.23333,116.35,马来西亚,沙巴州,根地咬,,
5.3,116.21667,马来西亚,沙巴州,根地咬,,
5.2893,116.3798,马来西亚,沙巴州,根地咬,,
5.3202,116.4224,马来西亚,沙巴州,根地咬,,
5.3278,116.4955,马来西亚,沙巴州,根地咬,,
5.0117,116.1086,马来西亚,沙巴州,根地咬,,
5.141,116.3088,马来西亚,沙巴州,根地咬,,
4.61667,115.76667,马来西亚,沙巴州,实必丹,,
4.71667,115.95,马来西亚,沙巴州,丹南,,
4.694,115.8691,马来西亚,沙巴州,丹南,,
4.75,115.66667,马来西亚,沙巴州,实必丹,,
4.99695,115.89869,马来西亚,沙巴州,丹南,,
4.83333,115.71667,马来西亚,沙巴州,实必丹,,
4.91667,115.76667,马来西亚,沙巴州,实必丹,,
4.93333,115.73333,马来西亚,沙巴州,实必丹,,
4.9642,115.5075,马来西亚,沙巴州,实必丹,,
4.9521,115.9251,马来西亚,沙巴州,丹南,,
4.9384,115.9288,马来西亚,沙巴州,丹南,,
4.9853,115.6223,马来西亚,沙巴州,实必丹,,
4.8202,115.9606,马来西亚,沙巴州,丹南,,
4.8506,115.8887,马来西亚,沙巴州,丹南,,
4.7669,115.7088,马来西亚,沙巴州,实必丹,,
4.7,115.88333,马来西亚,沙巴州,丹南,,
4.67522,115.70248,马来西亚,沙巴州,实必丹,,
4.7069,115.9776,马来西亚,沙巴州,丹南,,
4.9136,115.9337,马来西亚,沙巴州,丹南,,
4.66667,116.41667,马来西亚,沙巴州,纳巴湾,,
4.96667,116.43333,马来西亚,沙巴州,纳巴湾,,
4.98333,116.46667,马来西亚,沙巴州,纳巴湾,,
4.78333,116.18333,马来西亚,沙巴州,纳巴湾,,
4.75,116.1,马来西亚,沙巴州,丹南,,
4.7,116.25,马来西亚,沙巴州,纳巴湾,,
4.61667,116.45,马来西亚,沙巴州,纳巴湾,,
4.61667,116.25,马来西亚,沙巴州,纳巴湾,,
4.58333,116.08333,马来西亚,沙巴州,纳巴湾,,
4.56667,116.26667,马来西亚,沙巴州,纳巴湾,,
4.58333,116.33333,马来西亚,沙巴州,纳巴湾,,
4.55,116.35,马来西亚,沙巴州,纳巴湾,,
4.53333,116.43333,马来西亚,沙巴州,纳巴湾,,
4.55,116.31667,马来西亚,沙巴州,纳巴湾,,
4.93333,116.48333,马来西亚,沙巴州,纳巴湾,,
4.6,116.45,马来西亚,沙巴州,纳巴湾,,
4.5,116.4,马来西亚,沙巴州,纳巴湾,,
4.7,116.48333,马来西亚,沙巴州,纳巴湾,,
4.51667,116.25,马来西亚,沙巴州,纳巴湾,,
4.3724,117.8585,马来西亚,沙巴州,斗湖,,
4.36,117.876,马来西亚,沙巴州,斗湖,,
4.345,117.8501,马来西亚,沙巴州,斗湖,,
4.2255,117.981,马来西亚,沙巴州,斗湖,,
4.2316,118.01347,马来西亚,沙巴州,斗湖,,
4.2545,117.9646,马来西亚,沙巴州,斗湖,,
4.3226,117.8528,马来西亚,沙巴州,斗湖,,
4.3502,117.8289,马来西亚,沙巴州,斗湖,,
4.3929,117.7885,马来西亚,沙巴州,斗湖,,
4.4094,117.8188,马来西亚,沙巴州,斗湖,,
4.4222,117.7725,马来西亚,沙巴州,斗湖,,
4.2044,117.792,马来西亚,沙巴州,加拉巴干,,
4.41667,117.48333,马来西亚,沙巴州,加拉巴干,,
4.3,117.46667,马来西亚,沙巴州,加拉巴干,,
4.25326,117.43662,马来西亚,沙巴州,加拉巴干,,
5.26667,115.16667,马来西亚,纳闽,纳闽市,,
5.3,115.16667,马来西亚,纳闽,纳闽市,,
5.13333,115.55,马来西亚,沙巴州,实必丹,,
5.2887,115.5459,马来西亚,沙巴州,保佛,,
5.33333,115.66667,马来西亚,沙巴州,保佛,,
5.25,115.8363,马来西亚,沙巴州,保佛,,
5.3303,115.7966,马来西亚,沙巴州,保佛,,
5.3483,115.8033,马来西亚,沙巴州,保佛,,
5.4162,115.8395,马来西亚,沙巴州,保佛,,
5.42703,115.83201,马来西亚,沙巴州,保佛,,
5.4,115.36667,马来西亚,沙巴州,瓜拉班尤,,
5.36667,115.38333,马来西亚,沙巴州,瓜拉班尤,,
5.4524,115.6158,马来西亚,沙巴州,保佛,,
5.431,115.5598,马来西亚,沙巴州,保佛,,
5.3573,115.6726,马来西亚,沙巴州,保佛,,
5.4688,115.7917,马来西亚,沙巴州,保佛,,
5.5,115.81667,马来西亚,沙巴州,保佛,,
4.63333,116.6,马来西亚,沙巴州,纳巴湾,,
4.93333,116.68333,马来西亚,沙巴州,东革,,
4.8,116.51667,马来西亚,沙巴州,纳巴湾,,
4.7,116.5,马来西亚,沙巴州,纳巴湾,,
4.7,116.6,马来西亚,沙巴州,纳巴湾,,
5.5,117.9,马来西亚,沙巴州,京那巴当岸,,
4.53333,103.4,马来西亚,登嘉樓州,甘马挽县,,
4.61667,103.01667,马来西亚,登嘉樓州,龙运县,,
4.7156,103.4164,马来西亚,登嘉樓州,龙运县,,
4.60624,103.39049,马来西亚,登嘉樓州,龙运县,,
4.61667,103.03333,马来西亚,登嘉樓州,龙运县,,
4.65,103.11667,马来西亚,登嘉樓州,龙运县,,
4.93333,103.28333,马来西亚,登嘉樓州,马江县,,
4.63333,103.03333,马来西亚,登嘉樓州,龙运县,,
4.9407,103.0593,马来西亚,登嘉樓州,,,
4.9399,103.3502,马来西亚,登嘉樓州,马江县,,
4.81667,103.31667,马来西亚,登嘉樓州,龙运县,,
4.85,103.2,马来西亚,登嘉樓州,龙运县,,
4.8,103.18333,马来西亚,登嘉樓州,龙运县,,Taman Perumahan Paya Lawas
4.81667,103.16667,马来西亚,登嘉樓州,龙运县,,
4.7198,103.0555,马来西亚,登嘉樓州,龙运县,,
4.7864,103.0309,马来西亚,登嘉樓州,龙运县,,
4.74994,103.09907,马来西亚,登嘉樓州,龙运县,,
4.7121,103.0518,马来西亚,登嘉樓州,龙运县,,
4.75,103.26667,马来西亚,登嘉樓州,龙运县,,
4.7179,103.4361,马来西亚,登嘉樓州,龙运县,Kampung Sura Hujung,
4.66667,103.25,马来西亚,登嘉樓州,龙运县,,
4.7,103.33333,马来西亚,登嘉樓州,龙运县,,
4.6207,103.4191,马来西亚,登嘉樓州,龙运县,Taman Murni Perdana,Taman Permai Jaya
4.5399,103.4554,马来西亚,登嘉樓州,甘马挽县,,
4.5238,103.1852,马来西亚,登嘉樓州,龙运县,,
4.58333,103.08333,马来西亚,登嘉樓州,龙运县,,
5.15,102.93333,马来西亚,登嘉樓州,,,
5.1458,102.9644,马来西亚,登嘉樓州,,,Kampung Telaga
5.48333,102.5,马来西亚,登嘉樓州,勿述县,,
5.5,102.71667,马来西亚,登嘉樓州,士兆县,,
5.48333,102.7,马来西亚,登嘉樓州,士兆县,,
5.43333,102.83333,马来西亚,登嘉樓州,士兆县,,
5.5,102.81667,马来西亚,登嘉樓州,士兆县,,
5.3592,102.8839,马来西亚,登嘉樓州,士兆县,,
5.3495,102.8302,马来西亚,登嘉樓州,士兆县,,
5.3123,102.8349,马来西亚,登嘉樓州,士兆县,,
5.1158,102.942,马来西亚,登嘉樓州,,,
5.0506,102.9341,马来西亚,登嘉樓州,,,
5.0172,102.9894,马来西亚,登嘉樓州,,,
5.03333,102.86667,马来西亚,登嘉樓州,,,
5.08333,102.8,马来西亚,登嘉樓州,,,
5.01667,102.83333,马来西亚,登嘉樓州,,,
5.05,102.61667,马来西亚,登嘉樓州,,,
5.01667,102.61667,马来西亚,登嘉樓州,,,
5.48072,101.90594,马来西亚,吉兰丹州,日里县,,
5.01667,101.88333,马来西亚,吉兰丹州,话望生县,,
5.38195,101.23953,马来西亚,霹雳州,上霹靂县,,
5.45435,101.1311,马来西亚,霹雳州,上霹靂县,,
5.2,101.06667,马来西亚,霹雳州,上霹靂县,,
5.36821,101.04281,马来西亚,霹雳州,上霹靂县,,
5.45,101.21667,马来西亚,霹雳州,上霹靂县,,
5.33333,101.33333,马来西亚,霹雳州,上霹靂县,,
5.5,101.11667,马来西亚,霹雳州,上霹靂县,,
5.4,101.08333,马来西亚,霹雳州,上霹靂县,,
5.29439,101.05352,马来西亚,霹雳州,上霹靂县,,
5.26667,101.05,马来西亚,霹雳州,上霹靂县,,
5.33333,101.36667,马来西亚,霹雳州,上霹靂县,,
5.43175,100.60432,马来西亚,吉打州,居林县,,
5.42009,100.66814,马来西亚,吉打州,居林县,,
5.38823,100.56864,马来西亚,吉打州,居林县,,
5.32403,100.60851,马来西亚,吉打州,居林县,,
5.29742,100.53558,马来西亚,吉打州,居林县,,
5.26667,100.81667,马来西亚,霹雳州,拉律峇登司南马县,,
5.25,100.78333,马来西亚,霹雳州,拉律峇登司南马县,,
5.06059,100.80217,马来西亚,霹雳州,拉律峇登司南马县,,
5.13035,100.83602,马来西亚,霹雳州,拉律峇登司南马县,,
5.16965,100.67677,马来西亚,霹雳州,拉律峇登司南马县,,
5.23007,100.6068,马来西亚,吉打州,万拉峇鲁县,,"Lombong B, Kampung Batu 16"
4.90927,100.56976,马来西亚,霹雳州,吉辇县,,
5.03782,100.6489,马来西亚,霹雳州,吉辇县,,
5.0,100.73333,马来西亚,霹雳州,吉辇县,,
5.05,100.96667,马来西亚,霹雳州,上霹靂县,,
5.01667,100.95,马来西亚,霹雳州,上霹靂县,,
5.96172,100.71488,马来西亚,吉打州,锡县,,
5.81981,100.7601,马来西亚,吉打州,锡县,,
5.61117,100.62951,马来西亚,吉打州,华玲县,,
5.84457,100.78445,马来西亚,吉打州,锡县,,
5.96667,100.56667,马来西亚,吉打州,本同县,,
5.89215,100.64209,马来西亚,吉打州,锡县,,
5.88721,100.75187,马来西亚,吉打州,锡县,,
5.81513,100.62599,马来西亚,吉打州,瓜拉姆达县,,Taman Cempedak Indah
6.03482,100.8603,马来西亚,吉打州,锡县,,
5.84417,100.88809,马来西亚,吉打州,华玲县,,
5.88302,100.89296,马来西亚,吉打州,华玲县,,
5.82787,100.89042,马来西亚,吉打州,华玲县,,
5.75629,100.89086,马来西亚,吉打州,华玲县,,
5.68333,100.58333,马来西亚,吉打州,瓜拉姆达县,,
5.6837,100.63159,马来西亚,吉打州,瓜拉姆达县,,
5.66667,100.98333,马来西亚,霹雳州,上霹靂县,,
5.67806,100.9177,马来西亚,吉打州,华玲县,,Pekan Baling
5.56578,100.72918,马来西亚,吉打州,华玲县,,
5.56325,100.63474,马来西亚,吉打州,居林县,,Taman Merbau Indah
5.56917,100.50051,马来西亚,吉打州,瓜拉姆达县,,
5.83324,101.91636,马来西亚,吉兰丹州,丹那美拉县,,
5.82887,101.94121,马来西亚,吉兰丹州,丹那美拉县,,
5.81667,102.05,马来西亚,吉兰丹州,丹那美拉县,,
5.66667,102.0,马来西亚,吉兰丹州,丹那美拉县,,
5.70575,101.7318,马来西亚,吉兰丹州,日里县,,
5.66667,101.7,马来西亚,吉兰丹州,日里县,,
5.61667,101.88333,马来西亚,吉兰丹州,日里县,,
5.53333,101.9,马来西亚,吉兰丹州,日里县,,
1.58333,110.33333,马来西亚,砂拉越州,古晋,柏特拉再也,
1.52143,110.34187,马来西亚,砂拉越州,古晋,,
1.33333,110.16667,马来西亚,砂拉越州,石隆门,,
1.2,110.25,马来西亚,砂拉越州,古晋,,
1.21667,110.36667,马来西亚,砂拉越州,古晋,,
1.28333,110.38333,马来西亚,砂拉越州,古晋,,
1.43333,110.31667,马来西亚,砂拉越州,古晋,,
1.45,110.15,马来西亚,砂拉越州,石隆门,短廊,
1.19494,110.36208,马来西亚,砂拉越州,古晋,,
1.10764,110.48547,马来西亚,砂拉越州,西连,,
1.26667,110.35,马来西亚,砂拉越州,古晋,,
1.28333,110.45,马来西亚,砂拉越州,西连,,
1.41667,110.26667,马来西亚,砂拉越州,石隆门,,
1.25,110.46667,马来西亚,砂拉越州,西连,,
1.23333,110.36667,马来西亚,砂拉越州,古晋,,
1.45643,110.49637,马来西亚,砂拉越州,三马拉汉,,
1.43333,110.26667,马来西亚,砂拉越州,石隆门,,
1.24797,110.2562,马来西亚,砂拉越州,古晋,,
1.51551,110.31136,马来西亚,砂拉越州,古晋,Batu Kawah New Township,
1.41667,110.36667,马来西亚,砂拉越州,哥打巴达旺,,
1.48333,110.05,马来西亚,砂拉越州,石隆门,,
1.36667,110.16667,马来西亚,砂拉越州,石隆门,,
1.06364,110.29662,马来西亚,砂拉越州,打必禄,,
1.11092,110.40811,马来西亚,砂拉越州,打必禄,,
1.06542,110.41209,马来西亚,砂拉越州,打必禄,,
1.16428,110.25876,马来西亚,砂拉越州,古晋,,
1.36667,110.08333,马来西亚,砂拉越州,石隆门,,
1.28648,110.09014,马来西亚,砂拉越州,石隆门,,
1.45,110.18333,马来西亚,砂拉越州,石隆门,武梭,
1.36667,110.11667,马来西亚,砂拉越州,石隆门,道罗港,
1.36667,110.43333,马来西亚,砂拉越州,古晋,,
1.26667,110.45,马来西亚,砂拉越州,古晋,,
1.45,110.21667,马来西亚,砂拉越州,石隆门,,
1.51667,110.51667,马来西亚,砂拉越州,三马拉汉,,
1.5,110.73333,马来西亚,砂拉越州,,,
1.53333,110.71667,马来西亚,砂拉越州,,,
1.55,110.85,马来西亚,砂拉越州,实文然,,Kampung Arus Melayu
1.56667,110.56667,马来西亚,砂拉越州,,,
1.55,110.66667,马来西亚,砂拉越州,,,
1.55,110.51667,马来西亚,砂拉越州,,,
1.51667,110.9,马来西亚,砂拉越州,实文然,,
1.56667,110.55,马来西亚,砂拉越州,,,
1.55,110.76667,马来西亚,砂拉越州,实文然,,
1.56667,110.61667,马来西亚,砂拉越州,,,
4.6,100.86667,马来西亚,霹雳州,江沙县,,
4.93333,100.91667,马来西亚,霹雳州,江沙县,新寿活新村,
4.88333,100.9,马来西亚,霹雳州,江沙县,,
4.96667,100.73333,马来西亚,霹雳州,拉律峇登司南马县,,Taman Kurau Jaya
4.8,100.9,马来西亚,霹雳州,江沙县,,Perumahan Awam Dato Haji Mior Aris
4.81667,100.68333,马来西亚,霹雳州,拉律峇登司南马县,,Taman Cantik
4.83333,100.63333,马来西亚,霹雳州,拉律峇登司南马县,十八丁,
4.91667,100.78333,马来西亚,霹雳州,拉律峇登司南马县,,
4.71667,100.9,马来西亚,霹雳州,江沙县,,Kampung Ketior Luar
4.63333,100.9,马来西亚,霹雳州,江沙县,,
4.61667,100.71667,马来西亚,霹雳州,拉律峇登司南马县,,
4.5853,100.68,马来西亚,霹雳州,拉律峇登司南马县,,Rancangan Perkampungan Tersusun Sungai Kerang
4.58333,100.73333,马来西亚,霹雳州,拉律峇登司南马县,,
4.5129,101.014,马来西亚,霹雳州,近打县,,
4.98333,101.21667,马来西亚,霹雳州,江沙县,,
4.7269,101.144,马来西亚,霹雳州,近打县,,
4.5481,101.4152,马来西亚,彭亨州,金马仑高原县,,
4.75,101.06667,马来西亚,霹雳州,近打县,,
4.93333,101.1,马来西亚,霹雳州,江沙县,,
4.96667,101.13333,马来西亚,霹雳州,江沙县,,
4.8306,101.1411,马来西亚,霹雳州,江沙县,,
4.8306,101.1099,马来西亚,霹雳州,江沙县,,
4.8151,101.0786,马来西亚,霹雳州,江沙县,,Taman Seri Taman
4.6093,101.1373,马来西亚,霹雳州,近打县,打扪,
4.531,101.1271,马来西亚,霹雳州,近打县,,Kg. Baru Simpang Pulai
4.636,101.0614,马来西亚,霹雳州,近打县,九洞,九洞新村
4.5,101.2,马来西亚,霹雳州,金宝县,,
4.51667,101.95,马来西亚,彭亨州,立卑县,,
4.9312,101.7863,马来西亚,吉兰丹州,Lojing,,
4.9,101.8,马来西亚,吉兰丹州,Lojing,,
4.9014,101.7896,马来西亚,吉兰丹州,Lojing,,
4.85,101.8,马来西亚,吉兰丹州,Lojing,,
4.73333,101.86667,马来西亚,吉兰丹州,话望生县,,
4.63333,101.85,马来西亚,彭亨州,立卑县,,
4.7913,101.9449,马来西亚,吉兰丹州,话望生县,,
4.9776,102.3987,马来西亚,吉兰丹州,话望生县,,
4.955,102.3554,马来西亚,吉兰丹州,话望生县,,
4.78639,102.30081,马来西亚,吉兰丹州,话望生县,,
4.6916,101.9997,马来西亚,彭亨州,立卑县,,
4.8952,102.9978,马来西亚,登嘉樓州,,,
5.0,102.78333,马来西亚,登嘉樓州,,,
4.5719,102.9773,马来西亚,登嘉樓州,龙运县,,
4.484,102.9186,马来西亚,登嘉樓州,龙运县,,
4.53333,102.68333,马来西亚,彭亨州,而连突县,,
4.5,102.65,马来西亚,彭亨州,而连突县,,
5.0266,103.0526,马来西亚,登嘉樓州,,Kampung Batu 23,Kampung Bukit Tok Bat
5.1363,103.088,马来西亚,登嘉樓州,马江县,哇加打北,
5.45,103.05,马来西亚,登嘉樓州,瓜拉尼鲁斯县,Kampung Wakaf Cagak,
5.45,103.0,马来西亚,登嘉樓州,瓜拉尼鲁斯县,Kampung Wakaf Cagak,
5.43333,103.06667,马来西亚,登嘉樓州,瓜拉尼鲁斯县,,
5.4185,103.0389,马来西亚,登嘉樓州,瓜拉尼鲁斯县,,
5.3738,103.0591,马来西亚,登嘉樓州,瓜拉尼鲁斯县,,
5.3503,103.1335,马来西亚,登嘉樓州,瓜拉尼鲁斯县,,
5.3118,103.0855,马来西亚,登嘉樓州,瓜拉登嘉楼县,Kampung Manir,
5.28333,103.0,马来西亚,登嘉樓州,瓜拉登嘉楼县,,
5.2726,103.1713,马来西亚,登嘉樓州,瓜拉登嘉楼,,
5.2551,103.0384,马来西亚,登嘉樓州,瓜拉登嘉楼县,,
5.2202,103.0316,马来西亚,登嘉樓州,,,
5.1956,103.1006,马来西亚,登嘉樓州,马江县,,
5.1294,103.2474,马来西亚,登嘉樓州,马江县,,
5.06667,103.2,马来西亚,登嘉樓州,马江县,,
5.0385,103.2972,马来西亚,登嘉樓州,马江县,,
5.01667,103.13333,马来西亚,登嘉樓州,,,
5.0734,103.0114,马来西亚,登嘉樓州,,,
2.4,101.86667,马来西亚,森美兰州,波德申县,直落不兰律,
2.2102,102.2886,马来西亚,马六甲州,马六甲中央县,,
2.45,102.03333,马来西亚,森美兰州,林茂县,,
2.3585,102.1029,马来西亚,马六甲州,亚罗牙也县,,
2.36667,102.03333,马来西亚,马六甲州,亚罗牙也县,,
2.4846,102.3289,马来西亚,森美兰州,淡边县,,
2.4363,102.1335,马来西亚,马六甲州,亚罗牙也县,,
2.4756,102.4191,马来西亚,森美兰州,淡边县,,
2.3891,102.3806,马来西亚,马六甲州,野新县,,Taman Selandar Indah
2.411,102.2502,马来西亚,马六甲州,亚罗牙也县,,Taman Padang Sebang Indah
2.41667,102.18333,马来西亚,马六甲州,亚罗牙也县,,
2.3096,102.4281,马来西亚,马六甲州,野新县,,
2.322,102.0706,马来西亚,马六甲州,亚罗牙也县,,
2.28333,102.41667,马来西亚,马六甲州,野新县,,
2.26667,102.21667,马来西亚,马六甲州,马六甲中央县,,Taman Cheng Permai
2.86367,101.45803,马来西亚,雪兰莪州,瓜拉冷岳县,,
2.75,101.5,马来西亚,雪兰莪州,瓜拉冷岳县,,
2.73333,101.45,马来西亚,雪兰莪州,瓜拉冷岳县,,
2.6755,101.5323,马来西亚,雪兰莪州,瓜拉冷岳县,,
2.75,101.66667,马来西亚,雪兰莪州,雪邦县,,
2.9456,101.6283,马来西亚,雪兰莪州,雪邦县,,
2.71862,101.98591,马来西亚,森美兰州,芙蓉县,芭蕾,Kampung Sentosa
2.6684,101.9175,马来西亚,森美兰州,芙蓉县,,Rumah Murah Mambau
2.8262,101.54,马来西亚,雪兰莪州,瓜拉冷岳县,,
2.8633,101.6752,马来西亚,雪兰莪州,雪邦县,,Taman Berlian
2.9369,101.9108,马来西亚,森美兰州,芙蓉县,,
2.8733,101.8697,马来西亚,雪兰莪州,乌鲁冷岳县,,
2.78254,101.75084,马来西亚,雪兰莪州,雪邦县,,
2.7867,101.9953,马来西亚,森美兰州,芙蓉县,,
2.75416,101.82511,马来西亚,森美兰州,芙蓉县,,Taman Labu Indah
2.7428,101.8707,马来西亚,森美兰州,芙蓉县,,Taman Tiroi
2.75,101.91667,马来西亚,森美兰州,芙蓉县,,
2.5789,101.9043,马来西亚,森美兰州,波德申县,,
2.5,101.9,马来西亚,森美兰州,波德申县,,
2.6031,101.765,马来西亚,森美兰州,波德申县,朱湖,
2.64222,101.7146,马来西亚,雪兰莪州,雪邦县,双溪比力,双溪比力新村
2.8175,101.5209,马来西亚,雪兰莪州,瓜拉冷岳县,直落拿督,Taman Seri Telok Datok
2.6806,101.5094,马来西亚,雪兰莪州,瓜拉冷岳县,,
2.65523,101.57887,马来西亚,雪兰莪州,瓜拉冷岳县,,
2.5,102.41667,马来西亚,森美兰州,淡边县,,Taman Regent
2.9396,102.3968,马来西亚,森美兰州,仁保县,,
2.9017,102.2999,马来西亚,森美兰州,仁保县,,
2.9597,102.2171,马来西亚,森美兰州,日叻务县,,
2.8752,102.0175,马来西亚,森美兰州,日叻务县,,
2.8406,102.1425,马来西亚,森美兰州,瓜拉庇劳县,,
2.787,102.2219,马来西亚,森美兰州,瓜拉庇劳县,,
2.8294,102.3166,马来西亚,森美兰州,仁保县,,
2.83333,102.33333,马来西亚,森美兰州,仁保县,,
2.681,102.3231,马来西亚,森美兰州,瓜拉庇劳县,,
2.6948,102.2164,马来西亚,森美兰州,瓜拉庇劳县,,
2.642,102.2337,马来西亚,森美兰州,瓜拉庇劳县,,
2.6986,102.1639,马来西亚,森美兰州,瓜拉庇劳县,,
2.6594,101.9991,马来西亚,森美兰州,芙蓉县,双溪芽笃,
2.6202,102.057,马来西亚,森美兰州,林茂县,,
2.58333,102.08333,马来西亚,森美兰州,林茂县,,
2.5979,102.2636,马来西亚,森美兰州,瓜拉庇劳县,,
2.5691,102.3833,马来西亚,森美兰州,淡边县,,
2.6318,102.3515,马来西亚,森美兰州,仁保县,,
2.5832,102.4852,马来西亚,森美兰州,淡边县,,
2.5371,102.394,马来西亚,森美兰州,淡边县,,
2.53333,102.25,马来西亚,森美兰州,淡边县,,
2.519,102.156,马来西亚,森美兰州,林茂县,,
2.55,102.13333,马来西亚,森美兰州,林茂县,,
2.78333,102.95,马来西亚,彭亨州,云冰县,,
2.61667,102.96667,马来西亚,彭亨州,云冰县,,
2.9668,102.8766,马来西亚,彭亨州,云冰县,,
2.9081,102.8152,马来西亚,彭亨州,云冰县,,
2.8449,102.8925,马来西亚,彭亨州,云冰县,,
2.5247,102.8116,马来西亚,柔佛州,昔加末县,,
2.6577,102.715,马来西亚,柔佛州,昔加末县,,
2.6955,102.5022,马来西亚,森美兰州,仁保县,,
2.5085,102.4799,马来西亚,森美兰州,淡边县,,
2.5207,103.8299,马来西亚,柔佛州,丰盛港县,,
2.607,103.7778,马来西亚,柔佛州,丰盛港县,,
2.62359,103.64704,马来西亚,柔佛州,丰盛港县,,
2.64874,103.58993,马来西亚,彭亨州,云冰县,,
2.58913,103.62997,马来西亚,柔佛州,丰盛港县,,
2.91667,103.08333,马来西亚,彭亨州,云冰县,,
2.8906,103.1861,马来西亚,彭亨州,云冰县,,
2.8739,103.2636,马来西亚,彭亨州,云冰县,,
2.8569,103.2631,马来西亚,彭亨州,云冰县,,
2.83568,103.12969,马来西亚,彭亨州,云冰县,,
2.7622,104.1236,马来西亚,彭亨州,云冰县,,
2.73333,104.13333,马来西亚,彭亨州,云冰县,,
2.83333,103.21667,马来西亚,彭亨州,云冰县,,
2.91667,103.4,马来西亚,彭亨州,云冰县,,
2.869,103.3838,马来西亚,彭亨州,云冰县,,
2.52437,103.58322,马来西亚,彭亨州,云冰县,,
2.76667,103.53333,马来西亚,彭亨州,云冰县,,
2.58861,103.60556,马来西亚,彭亨州,云冰县,,
2.63729,103.59285,马来西亚,彭亨州,云冰县,,
2.7,103.58082,马来西亚,彭亨州,云冰县,丹绒哥莫,Taman Wawasan 1
3.4872,103.1172,马来西亚,彭亨州,北根县,,
3.4758,103.0641,马来西亚,彭亨州,北根县,,
3.4668,103.0731,马来西亚,彭亨州,北根县,,
3.4355,103.0355,马来西亚,彭亨州,北根县,,
3.08333,103.06667,马来西亚,彭亨州,云冰县,,
3.3788,103.1669,马来西亚,彭亨州,北根县,,
3.31667,103.18333,马来西亚,彭亨州,北根县,,
3.33333,103.13333,马来西亚,彭亨州,北根县,,
3.46667,103.38333,马来西亚,彭亨州,北根县,,
3.4303,103.4327,马来西亚,彭亨州,北根县,,
3.208,103.4413,马来西亚,彭亨州,北根县,,
3.1458,103.429,马来西亚,彭亨州,北根县,,
3.0674,103.0126,马来西亚,彭亨州,云冰县,,
3.0087,103.4276,马来西亚,彭亨州,北根县,,
3.33333,102.5,马来西亚,彭亨州,百乐县,,
3.48,102.5923,马来西亚,彭亨州,马兰县,,
3.4865,102.7878,马来西亚,彭亨州,马兰县,,
3.4787,102.8867,马来西亚,彭亨州,北根县,,
3.4524,102.8929,马来西亚,彭亨州,北根县,,
3.4548,102.6099,马来西亚,彭亨州,马兰县,,
3.4094,102.5516,马来西亚,彭亨州,百乐县,,
3.3941,102.5341,马来西亚,彭亨州,百乐县,,
3.0821,102.0406,马来西亚,森美兰州,日叻务县,,
3.25,102.31667,马来西亚,彭亨州,百乐县,,
3.26667,102.35,马来西亚,彭亨州,百乐县,,
3.41667,102.06667,马来西亚,彭亨州,文冬县,,
3.4351,102.0518,马来西亚,彭亨州,文冬县,,
3.494,102.1921,马来西亚,彭亨州,淡马鲁县,,Kampung Baru
3.4376,102.3842,马来西亚,彭亨州,淡马鲁县,,Taman Tualang Indah
3.4701,102.4416,马来西亚,彭亨州,淡马鲁县,,
3.43333,102.4,马来西亚,彭亨州,淡马鲁县,,
3.3522,102.4378,马来西亚,彭亨州,百乐县,,
3.3176,102.4551,马来西亚,彭亨州,百乐县,百乐,
3.1877,102.3992,马来西亚,彭亨州,百乐县,,
3.2462,102.4155,马来西亚,彭亨州,百乐县,,
3.2716,102.105,马来西亚,彭亨州,文冬县,,
3.26667,102.11667,马来西亚,彭亨州,文冬县,,
3.2018,102.1618,马来西亚,彭亨州,文冬县,,
3.1748,102.2445,马来西亚,彭亨州,文冬县,,
3.1535,102.0095,马来西亚,森美兰州,日叻务县,,
3.1187,102.2243,马来西亚,森美兰州,日叻务县,,
3.0799,102.0426,马来西亚,森美兰州,日叻务县,,
3.0541,102.1174,马来西亚,森美兰州,日叻务县,,
3.0,102.16667,马来西亚,森美兰州,日叻务县,,
3.0507,102.256,马来西亚,森美兰州,日叻务县,,
3.1023,102.2614,马来西亚,森美兰州,日叻务县,,
5.3,102.26667,马来西亚,吉兰丹州,瓜拉吉赖县,,
5.3,102.01667,马来西亚,吉兰丹州,瓜拉吉赖县,,
5.28333,102.05,马来西亚,吉兰丹州,瓜拉吉赖县,,
5.16667,102.1,马来西亚,吉兰丹州,话望生县,,
5.1454,102.0475,马来西亚,吉兰丹州,话望生县,,
5.08333,102.06667,马来西亚,吉兰丹州,话望生县,,
5.0791,102.0696,马来西亚,吉兰丹州,话望生县,,
5.11667,100.35,马来西亚,霹雳州,吉辇县,,
5.06667,100.38333,马来西亚,霹雳州,吉辇县,,
5.03333,100.38333,马来西亚,霹雳州,吉辇县,,
5.01667,100.4,马来西亚,霹雳州,吉辇县,,
5.35,100.41667,马来西亚,槟城州,威中县,,
5.28333,100.28333,马来西亚,槟城州,西南县,,Residence @ Southbay
5.33333,100.45,马来西亚,槟城州,威中县,,
5.22558,100.47207,马来西亚,槟城州,威南县,,
5.2851,100.29004,马来西亚,槟城州,西南县,,
5.40412,100.29219,马来西亚,槟城州,东北县,Central George Town,
5.33529,100.30019,马来西亚,槟城州,西南县,双溪里蒙,斯里里蒙花园
5.46667,102.15,马来西亚,吉兰丹州,瓜拉吉赖县,,
5.0775,102.3492,马来西亚,吉兰丹州,话望生县,,
5.48333,102.28333,马来西亚,吉兰丹州,瓜拉吉赖县,,
5.35,102.25,马来西亚,吉兰丹州,瓜拉吉赖县,,
5.31667,102.26667,马来西亚,吉兰丹州,瓜拉吉赖县,,
5.33333,102.25,马来西亚,吉兰丹州,瓜拉吉赖县,,
5.26667,102.28333,马来西亚,吉兰丹州,瓜拉吉赖县,,
5.45,102.16667,马来西亚,吉兰丹州,瓜拉吉赖县,,
5.46667,102.21667,马来西亚,吉兰丹州,瓜拉吉赖县,,
5.38333,102.23333,马来西亚,吉兰丹州,瓜拉吉赖县,,
5.4,102.23333,马来西亚,吉兰丹州,瓜拉吉赖县,,
3.5,101.91667,马来西亚,彭亨州,文冬县,,Taman Anggerik
3.43333,101.9,马来西亚,彭亨州,文冬县,,
3.393,101.5221,马来西亚,雪兰莪州,乌鲁雪兰莪县,,
3.42453,101.79163,马来西亚,彭亨州,文冬县,,
3.15,101.28333,马来西亚,雪兰莪州,,,
3.2,101.78333,马来西亚,雪兰莪州,鹅唛县,优景柏兰岭,Kampung Sungai Sering
3.3,101.7,马来西亚,雪兰莪州,鹅唛县,,
3.33333,102.0,马来西亚,彭亨州,文冬县,,
3.48333,101.93333,马来西亚,彭亨州,文冬县,,
3.31667,101.86667,马来西亚,彭亨州,文冬县,,
3.5,101.58333,马来西亚,雪兰莪州,乌鲁雪兰莪县,,
3.4312,101.6555,马来西亚,雪兰莪州,乌鲁雪兰莪县,乌鲁音峇鲁,
3.347,101.5926,马来西亚,雪兰莪州,乌鲁雪兰莪县,,
3.2,101.56667,马来西亚,雪兰莪州,八打灵县,,
3.2,101.51667,马来西亚,雪兰莪州,八打灵县,,
3.15,101.53333,马来西亚,雪兰莪州,八打灵县,梳邦,
3.08333,101.58333,马来西亚,雪兰莪州,八打灵县,,
3.08333,101.66667,马来西亚,吉隆坡,吉隆坡,华联花园,
3.08333,101.61667,马来西亚,雪兰莪州,八打灵县,八打灵再也南区,
3.03333,101.71667,马来西亚,雪兰莪州,八打灵县,,
3.05,101.7,马来西亚,吉隆坡,,,
3.5459,103.2904,马来西亚,彭亨州,北根县,,
3.7335,103.3237,马来西亚,彭亨州,关丹县,,
3.08333,101.83333,马来西亚,雪兰莪州,乌鲁冷岳县,,
2.9927,101.7909,马来西亚,雪兰莪州,乌鲁冷岳县,,
3.86667,100.86667,马来西亚,霹雳州,峇眼拿督县,,
3.9,100.81667,马来西亚,霹雳州,峇眼拿督县,,Taman Bagan Pasir
3.93333,100.78333,马来西亚,霹雳州,峇眼拿督县,,Taman Bagan Pasir
3.9526,100.7135,马来西亚,霹雳州,峇眼拿督县,,Kampung Sungai Betul
3.98333,100.73333,马来西亚,霹雳州,峇眼拿督县,,Kampung Sungai Betul
3.9081,100.7747,马来西亚,霹雳州,峇眼拿督县,,Taman Bagan Pasir
3.8586,100.8211,马来西亚,霹雳州,峇眼拿督县,,峇眼巴硕
3.8786,100.8566,马来西亚,霹雳州,峇眼拿督县,,
3.9001,100.9381,马来西亚,霹雳州,峇眼拿督县,,Kampung Bernam Batu 11
3.9946,101.0068,马来西亚,霹雳州,下霹雳县,峇达拉必,
3.9122,100.9448,马来西亚,霹雳州,峇眼拿督县,,仁拿打
3.8418,100.9023,马来西亚,雪兰莪州,沙白安南县,,
3.83333,100.96667,马来西亚,霹雳州,峇眼拿督县,,
3.7851,100.8338,马来西亚,雪兰莪州,沙白安南县,,
3.7914,100.9548,马来西亚,雪兰莪州,沙白安南县,,
3.58333,101.11667,马来西亚,雪兰莪州,沙白安南县,,
3.7303,100.9263,马来西亚,雪兰莪州,沙白安南县,,
3.7265,100.9307,马来西亚,雪兰莪州,沙白安南县,,
3.7041,100.9527,马来西亚,雪兰莪州,沙白安南县,Panchang Bedena,Taman Koi
4.45,102.65,马来西亚,彭亨州,而连突县,,
4.4489,102.4828,马来西亚,彭亨州,而连突县,,
4.25,102.66667,马来西亚,彭亨州,而连突县,,
4.5,102.55,马来西亚,彭亨州,而连突县,,
4.48333,102.66667,马来西亚,彭亨州,而连突县,,
3.7057,103.3331,马来西亚,彭亨州,关丹县,,
3.75,103.21667,马来西亚,彭亨州,关丹县,,
3.7054,103.1152,马来西亚,彭亨州,关丹县,,
3.93333,103.3,马来西亚,登嘉樓州,甘马挽县,,
3.7997,103.3147,马来西亚,彭亨州,关丹县,Bukit Setongkol,
3.9024,103.3594,马来西亚,彭亨州,关丹县,,
3.95,103.33333,马来西亚,登嘉樓州,甘马挽县,,
3.8958,103.1458,马来西亚,彭亨州,关丹县,,
3.8446,103.2541,马来西亚,彭亨州,关丹县,,
3.91667,103.08333,马来西亚,彭亨州,关丹县,,
3.9443,103.3796,马来西亚,彭亨州,关丹县,,
3.93264,103.37255,马来西亚,彭亨州,关丹县,Kampung Balok Baru,
3.8811,103.3619,马来西亚,彭亨州,关丹县,,
3.8622,103.3631,马来西亚,彭亨州,关丹县,,
3.8495,103.3707,马来西亚,彭亨州,关丹县,,
3.8,103.33333,马来西亚,彭亨州,关丹县,丹绒弄波,
3.8037,103.3405,马来西亚,彭亨州,关丹县,,
3.7519,103.3215,马来西亚,彭亨州,关丹县,,
3.6586,103.3531,马来西亚,彭亨州,关丹县,,
3.6133,103.384,马来西亚,彭亨州,关丹县,,
3.5884,103.4096,马来西亚,彭亨州,北根县,,
3.5244,103.4429,马来西亚,彭亨州,北根县,,
3.5885,103.3504,马来西亚,彭亨州,北根县,,
3.5691,103.333,马来西亚,彭亨州,北根县,,
3.5352,103.2352,马来西亚,彭亨州,北根县,,
3.6754,103.3487,马来西亚,彭亨州,关丹县,,
3.7112,103.2764,马来西亚,彭亨州,关丹县,,
3.65,103.11667,马来西亚,彭亨州,关丹县,,
3.5232,103.1613,马来西亚,彭亨州,北根县,,
4.3751,101.1623,马来西亚,霹雳州,金宝县,,
4.45,101.46667,马来西亚,彭亨州,金马仑高原县,,
4.4709,101.3764,马来西亚,彭亨州,金马仑高原县,,
4.4583,101.1658,马来西亚,霹雳州,金宝县,,
4.3988,101.0787,马来西亚,霹雳州,金宝县,,
4.31667,101.06667,马来西亚,霹雳州,金宝县,,
4.28333,101.25,马来西亚,霹雳州,马登巴冷县,,
4.23333,101.16667,马来西亚,霹雳州,马登巴冷县,,
4.23333,101.2,马来西亚,霹雳州,马登巴冷县,,RPT Haji Tahir
4.21667,101.15,马来西亚,霹雳州,马登巴冷县,,Kampung Tersusun Sungai Kroh
4.18333,101.15,马来西亚,霹雳州,马登巴冷县,,
4.18333,101.26667,马来西亚,霹雳州,马登巴冷县,,
4.1,101.15,马来西亚,霹雳州,下霹雳县,,Kampung Degong
4.06667,101.1,马来西亚,霹雳州,下霹雳县,,Kampung Sungai Tukang Sidin
4.0636,101.1434,马来西亚,霹雳州,下霹雳县,,
4.05,101.3,马来西亚,霹雳州,马登巴冷县,,
4.05,101.28333,马来西亚,霹雳州,马登巴冷县,,Taman Impiana Bidor
4.11667,101.38333,马来西亚,霹雳州,马登巴冷县,,
2.75,112.5,马来西亚,砂拉越州,沐胶,,
2.66667,112.25,马来西亚,砂拉越州,沐胶,,
2.41667,112.08333,马来西亚,砂拉越州,实兰沟,,
2.56667,112.05,马来西亚,砂拉越州,拉叻,,
2.55,112.13333,马来西亚,砂拉越州,拉叻,,
2.55,112.25,马来西亚,砂拉越州,实兰沟,,
2.53333,112.31667,马来西亚,砂拉越州,实兰沟,,
2.6,112.3,马来西亚,砂拉越州,沐胶,,
2.56667,112.4,马来西亚,砂拉越州,实兰沟,,
2.53333,112.43333,马来西亚,砂拉越州,实兰沟,,
2.58333,112.45,马来西亚,砂拉越州,实兰沟,,
2.6,112.43333,马来西亚,砂拉越州,实兰沟,,
2.63333,112.65,马来西亚,砂拉越州,实兰沟,,
2.65,112.4,马来西亚,砂拉越州,沐胶,,
2.64483,112.26573,马来西亚,砂拉越州,沐胶,,
2.66183,112.25011,马来西亚,砂拉越州,沐胶,,
2.68523,112.22256,马来西亚,砂拉越州,沐胶,,
2.7,112.35,马来西亚,砂拉越州,沐胶,,
2.75,112.43333,马来西亚,砂拉越州,沐胶,,
2.76667,112.31667,马来西亚,砂拉越州,沐胶,,
2.73333,112.43333,马来西亚,砂拉越州,沐胶,,
2.81667,112.31667,马来西亚,砂拉越州,沐胶,,
2.83333,112.38333,马来西亚,砂拉越州,沐胶,,
2.86667,112.38333,马来西亚,砂拉越州,沐胶,,
2.86667,112.35,马来西亚,砂拉越州,沐胶,,
2.75,112.2,马来西亚,砂拉越州,沐胶,,
2.88333,112.26667,马来西亚,砂拉越州,沐胶,,
2.9,112.31667,马来西亚,砂拉越州,沐胶,,
2.9,112.11667,马来西亚,砂拉越州,沐胶,,
2.91667,112.28333,马来西亚,砂拉越州,沐胶,,
2.95,112.35,马来西亚,砂拉越州,沐胶,,
2.98333,112.4,马来西亚,砂拉越州,沐胶,,
2.87944,112.14784,马来西亚,砂拉越州,沐胶,,
2.64953,112.05309,马来西亚,砂拉越州,拉叻,,
2.71667,112.71667,马来西亚,砂拉越州,实兰沟,,
2.7,112.5,马来西亚,砂拉越州,实兰沟,,
3.05,112.93333,马来西亚,砂拉越州,民都鲁,,
2.71667,112.5,马来西亚,砂拉越州,实兰沟,,
2.76667,112.6,马来西亚,砂拉越州,实兰沟,,
2.78333,112.58333,马来西亚,砂拉越州,实兰沟,,
2.73333,112.65,马来西亚,砂拉越州,实兰沟,,
2.7,112.58333,马来西亚,砂拉越州,实兰沟,,
2.55,112.6,马来西亚,砂拉越州,实兰沟,,
2.6,112.6,马来西亚,砂拉越州,实兰沟,,
2.53333,112.96667,马来西亚,砂拉越州,达岛,,
2.53333,112.91667,马来西亚,砂拉越州,达岛,,
2.56667,112.98333,马来西亚,砂拉越州,达岛,,
2.61667,112.96667,马来西亚,砂拉越州,达岛,,
2.68333,112.95,马来西亚,砂拉越州,达岛,,
2.76667,112.95,马来西亚,砂拉越州,达岛,,
2.76667,112.83333,马来西亚,砂拉越州,达岛,,
2.85,112.93333,马来西亚,砂拉越州,达岛,,
2.85,112.83333,马来西亚,砂拉越州,达岛,,
2.86667,112.55,马来西亚,砂拉越州,沐胶,,
2.96667,112.81667,马来西亚,砂拉越州,达岛,,
2.96667,112.88333,马来西亚,砂拉越州,达岛,,
2.93333,112.81667,马来西亚,砂拉越州,达岛,,
2.9,112.53333,马来西亚,砂拉越州,沐胶,,
3.01667,112.58333,马来西亚,砂拉越州,沐胶,,
3.08333,112.96667,马来西亚,砂拉越州,民都鲁,,
3.08333,112.78333,马来西亚,砂拉越州,达岛,,
5.41667,100.38333,马来西亚,槟城州,威北县,,美丽花园
5.46667,100.96667,马来西亚,霹雳州,上霹靂县,,
5.06667,100.78333,马来西亚,霹雳州,拉律峇登司南马县,,
5.09221,100.59742,马来西亚,霹雳州,吉辇县,,
4.24829,100.54924,马来西亚,霹雳州,曼绒县,,
4.23333,100.91667,马来西亚,霹雳州,中霹雳县,,
4.95,100.46667,马来西亚,霹雳州,吉辇县,,
4.1435,100.7238,马来西亚,霹雳州,曼绒县,,
4.0185,100.8697,马来西亚,霹雳州,中霹雳县,,
4.432,100.6583,马来西亚,霹雳州,曼绒县,,
4.4325,100.6262,马来西亚,霹雳州,曼绒县,,
4.4707,100.6354,马来西亚,霹雳州,曼绒县,,
4.4,100.78333,马来西亚,霹雳州,曼绒县,,Kampung Kedah
4.46667,100.9,马来西亚,霹雳州,中霹雳县,,
4.4649,100.9948,马来西亚,霹雳州,近打县,,
4.4238,100.9891,马来西亚,霹雳州,近打县,,
4.35,100.88333,马来西亚,霹雳州,中霹雳县,Bota Kanan,
4.35,100.86667,马来西亚,霹雳州,中霹雳县,Bota Kiri,
4.265,100.8975,马来西亚,霹雳州,中霹雳县,,
4.33333,100.63333,马来西亚,霹雳州,曼绒县,,
4.3531,100.6267,马来西亚,霹雳州,曼绒县,,
4.2532,100.6376,马来西亚,霹雳州,曼绒县,,Damar Laut
4.243,100.6933,马来西亚,霹雳州,曼绒县,,Kampung Sitiawan
4.1878,100.7066,马来西亚,霹雳州,曼绒县,,甘文阁
4.1864,100.9396,马来西亚,霹雳州,中霹雳县,,Pekan Kampong Gajah
4.172,100.9485,马来西亚,霹雳州,中霹雳县,,Kampung Pasir Salak
4.15,100.98333,马来西亚,霹雳州,中霹雳县,,Kampung Teluk
4.1,100.76667,马来西亚,霹雳州,曼绒县,,
4.05,100.7825,马来西亚,霹雳州,曼绒县,,Kampung Kayan
5.9007,100.37692,马来西亚,吉打州,铅县,,
5.90322,100.47732,马来西亚,吉打州,本同县,,
5.7905,100.39426,马来西亚,吉打州,铅县,,
5.82533,100.38786,马来西亚,吉打州,铅县,,
5.73318,100.37748,马来西亚,吉打州,铅县,,
5.68712,100.35953,马来西亚,吉打州,瓜拉姆达县,,
5.66861,100.36804,马来西亚,吉打州,瓜拉姆达县,,
5.73333,100.5,马来西亚,吉打州,瓜拉姆达县,,
5.58333,100.38333,马来西亚,吉打州,瓜拉姆达县,,
5.58273,100.42683,马来西亚,吉打州,瓜拉姆达县,,
5.51667,100.38333,马来西亚,槟城州,威北县,,
5.49548,100.47015,马来西亚,槟城州,威北县,,
5.66667,101.38333,马来西亚,霹雳州,上霹靂县,,
5.75,101.4,马来西亚,霹雳州,上霹靂县,,
5.63333,101.01667,马来西亚,霹雳州,上霹靂县,,
5.52141,101.11986,马来西亚,霹雳州,上霹靂县,,
5.56667,101.88333,马来西亚,吉兰丹州,日里县,,
5.66667,101.86667,马来西亚,吉兰丹州,日里县,,
5.98333,101.96667,马来西亚,吉兰丹州,巴西马县,,
5.61667,102.48333,马来西亚,登嘉樓州,勿述县,,
5.82161,102.46884,马来西亚,吉兰丹州,巴西富地县,,
5.81667,102.51667,马来西亚,登嘉樓州,勿述县,,
5.96936,102.4398,马来西亚,吉兰丹州,万捷县,,
6.03333,102.36667,马来西亚,吉兰丹州,万捷县,,
5.95,102.08333,马来西亚,吉兰丹州,巴西马县,,
5.88248,102.12993,马来西亚,吉兰丹州,丹那美拉县,,
5.89243,102.33327,马来西亚,吉兰丹州,巴西富地县,,
5.86667,102.38333,马来西亚,吉兰丹州,巴西富地县,,
5.85,102.48333,马来西亚,吉兰丹州,巴西富地县,,
5.82736,102.22747,马来西亚,吉兰丹州,马樟县,,
5.83333,102.16667,马来西亚,吉兰丹州,丹那美拉县,,
5.8,102.36667,马来西亚,吉兰丹州,巴西富地县,,
5.8,102.18333,马来西亚,吉兰丹州,马樟县,,
5.76703,102.14306,马来西亚,吉兰丹州,丹那美拉县,,
5.75,102.15,马来西亚,吉兰丹州,马樟县,,
5.76407,102.21414,马来西亚,吉兰丹州,马樟县,,
5.75,102.25,马来西亚,吉兰丹州,马樟县,,
5.52597,102.48295,马来西亚,登嘉樓州,勿述县,,
5.7,102.15,马来西亚,吉兰丹州,马樟县,,
5.70398,102.09731,马来西亚,吉兰丹州,丹那美拉县,,
5.64651,102.11483,马来西亚,吉兰丹州,马樟县,,
5.55,102.2,马来西亚,吉兰丹州,瓜拉吉赖县,,
5.51667,102.18333,马来西亚,吉兰丹州,瓜拉吉赖县,,
1.32732,110.00247,马来西亚,砂拉越州,石隆门,,
1.41652,110.00059,马来西亚,砂拉越州,石隆门,,
1.38869,109.98347,马来西亚,砂拉越州,石隆门,,
1.48119,109.96902,马来西亚,砂拉越州,伦乐,,
1.5,109.91667,马来西亚,砂拉越州,伦乐,,
1.46138,109.8897,马来西亚,砂拉越州,伦乐,,
1.61667,110.45,马来西亚,砂拉越州,古晋,,
1.55,110.35,马来西亚,砂拉越州,古晋,,
1.58333,110.23333,马来西亚,砂拉越州,古晋,柏特拉再也,
1.55,110.3,马来西亚,砂拉越州,古晋,柏特拉再也,
1.68333,110.2,马来西亚,砂拉越州,古晋,柏特拉再也,
1.56667,110.5,马来西亚,砂拉越州,古晋,,
1.64714,110.48224,马来西亚,砂拉越州,古晋,,
1.66458,110.42953,马来西亚,砂拉越州,古晋,,
1.69703,110.37179,马来西亚,砂拉越州,古晋,,
1.51667,110.26667,马来西亚,砂拉越州,古晋,,
1.72343,110.31794,马来西亚,砂拉越州,古晋,,
1.68333,110.01667,马来西亚,砂拉越州,伦乐,,
1.16667,110.5,马来西亚,砂拉越州,西连,,
1.48333,110.95,马来西亚,砂拉越州,实文然,,
1.48333,110.75,马来西亚,砂拉越州,实文然,,
1.45,110.71667,马来西亚,砂拉越州,实文然,,
1.4,110.73333,马来西亚,砂拉越州,实文然,,Kampung Sedilo
1.4491,110.51201,马来西亚,砂拉越州,哥打三马拉汉,,
1.3,110.68333,马来西亚,砂拉越州,实文然,,
1.3,110.55,马来西亚,砂拉越州,西连,,
1.28333,110.53333,马来西亚,砂拉越州,西连,,
0.90564,110.53971,马来西亚,砂拉越州,打必禄,,
1.11667,110.61667,马来西亚,砂拉越州,西连,,
1.28333,110.93333,马来西亚,砂拉越州,实文然,,
1.13333,110.88333,马来西亚,砂拉越州,实文然,,
1.1,110.95,马来西亚,砂拉越州,实文然,,
1.07731,111.01565,马来西亚,砂拉越州,斯里阿曼,,
1.21667,110.7,马来西亚,砂拉越州,实文然,,
1.22182,110.62751,马来西亚,砂拉越州,西连,,
1.48333,110.86667,马来西亚,砂拉越州,实文然,,
1.03333,110.73333,马来西亚,砂拉越州,西连,,
1.31667,110.66667,马来西亚,砂拉越州,实文然,,
1.21667,110.55,马来西亚,砂拉越州,西连,,
1.45,110.86667,马来西亚,砂拉越州,实文然,,
1.18333,110.55,马来西亚,砂拉越州,西连,,
1.33333,110.7,马来西亚,砂拉越州,实文然,,
1.45,110.68333,马来西亚,砂拉越州,,,
1.48333,110.71667,马来西亚,砂拉越州,,,
1.35,110.51667,马来西亚,砂拉越州,西连,,
1.41667,110.51667,马来西亚,砂拉越州,哥打三马拉汉,,
0.88503,110.58879,马来西亚,砂拉越州,打必禄,,
1.05,110.75,马来西亚,砂拉越州,西连,,
1.1,110.5,马来西亚,砂拉越州,西连,,
1.23333,110.51667,马来西亚,砂拉越州,西连,,
1.16667,110.53333,马来西亚,砂拉越州,西连,,
0.92356,110.57501,马来西亚,砂拉越州,打必禄,,
1.23333,110.68333,马来西亚,砂拉越州,实文然,,
0.97131,110.56561,马来西亚,砂拉越州,打必禄,,
1.41667,110.63333,马来西亚,砂拉越州,实文然,,
1.35,110.81667,马来西亚,砂拉越州,实文然,,
1.33333,110.83333,马来西亚,砂拉越州,实文然,,
1.13686,111.20549,马来西亚,砂拉越州,斯里阿曼,,
1.13333,111.2,马来西亚,砂拉越州,斯里阿曼,Lachau,
1.6,111.45,马来西亚,砂拉越州,木中,,
1.56667,111.36667,马来西亚,砂拉越州,木中,,
1.58333,111.26667,马来西亚,砂拉越州,浮刹,,
1.7,111.06667,马来西亚,砂拉越州,浮刹,,
1.65,111.13333,马来西亚,砂拉越州,浮刹,,
1.9,111.38333,马来西亚,砂拉越州,甲望,,
1.7,111.43333,马来西亚,砂拉越州,砂拉卓,,
1.61667,111.01667,马来西亚,砂拉越州,浮刹,,
1.16667,111.31667,马来西亚,砂拉越州,斯里阿曼,,
1.3,111.38333,马来西亚,砂拉越州,斯里阿曼,,
1.36667,111.15,马来西亚,砂拉越州,斯里阿曼,,
1.4,111.1,马来西亚,砂拉越州,,,
1.5,111.03333,马来西亚,砂拉越州,,,
1.13333,111.05,马来西亚,砂拉越州,斯里阿曼,,
1.08384,111.04231,马来西亚,砂拉越州,斯里阿曼,,
1.38333,111.21667,马来西亚,砂拉越州,斯里阿曼,,
1.66667,111.43333,马来西亚,砂拉越州,砂拉卓,,
1.78333,111.33333,马来西亚,砂拉越州,砂拉卓,,
1.71667,111.38333,马来西亚,砂拉越州,砂拉卓,,Temudok
1.85,111.41667,马来西亚,砂拉越州,砂拉卓,,
1.81667,111.15,马来西亚,砂拉越州,甲望,,
1.88333,111.11667,马来西亚,砂拉越州,,,
1.88333,111.28333,马来西亚,砂拉越州,甲望,,
1.95,111.23333,马来西亚,砂拉越州,甲望,,
1.91667,111.41667,马来西亚,砂拉越州,甲望,,
1.96667,111.45,马来西亚,砂拉越州,泗里街,,
1.1,111.41667,马来西亚,砂拉越州,斯里阿曼,,
1.26667,111.4,马来西亚,砂拉越州,斯里阿曼,,
1.16667,111.48333,马来西亚,砂拉越州,成邦江,,
1.1,111.26667,马来西亚,砂拉越州,斯里阿曼,,
1.07488,111.14583,马来西亚,砂拉越州,斯里阿曼,,
1.1,111.3,马来西亚,砂拉越州,斯里阿曼,,
1.03333,111.43333,马来西亚,砂拉越州,斯里阿曼,,
1.28272,111.20623,马来西亚,砂拉越州,斯里阿曼,,
1.28333,111.41667,马来西亚,砂拉越州,成邦江,,
1.5,111.3,马来西亚,砂拉越州,木中,,
1.45,111.46667,马来西亚,砂拉越州,木中,,
1.48333,111.28333,马来西亚,砂拉越州,木中,,
1.31667,111.4,马来西亚,砂拉越州,斯里阿曼,,
1.26667,111.5,马来西亚,砂拉越州,成邦江,,
1.06667,111.35,马来西亚,砂拉越州,斯里阿曼,,
2.05,111.46667,马来西亚,砂拉越州,泗里街,,
2.06667,111.41667,马来西亚,砂拉越州,泗里街,,
2.43333,111.3,马来西亚,砂拉越州,,,
2.46667,111.38333,马来西亚,砂拉越州,,,
2.5,111.38333,马来西亚,砂拉越州,,,
2.41667,111.33333,马来西亚,砂拉越州,,,
2.35,111.5,马来西亚,砂拉越州,马拉端,,
2.38333,111.41667,马来西亚,砂拉越州,,,
2.36667,111.23333,马来西亚,砂拉越州,,丹绒玛尼,
2.16667,111.48333,马来西亚,砂拉越州,泗里街,,
2.41667,111.21667,马来西亚,砂拉越州,,丹绒玛尼,
2.15,111.18333,马来西亚,砂拉越州,,丹绒玛尼,
2.15,111.36667,马来西亚,砂拉越州,泗里街,,
2.03333,111.2,马来西亚,砂拉越州,甲望,,
2.01667,111.31667,马来西亚,砂拉越州,泗里街,,
2.41667,111.25,马来西亚,砂拉越州,,丹绒玛尼,
2.15,111.25,马来西亚,砂拉越州,,丹绒玛尼,
2.41762,111.83037,马来西亚,砂拉越州,诗巫,,
2.06667,111.68333,马来西亚,砂拉越州,马拉端,,
2.38333,111.78333,马来西亚,砂拉越州,诗巫,,
2.28333,111.95,马来西亚,砂拉越州,诗巫,,
2.3,111.66667,马来西亚,砂拉越州,诗巫,,
2.41937,111.83093,马来西亚,砂拉越州,诗巫,,
2.28333,111.98333,马来西亚,砂拉越州,诗巫,,
2.03501,111.47262,马来西亚,砂拉越州,泗里街,,
2.21667,111.83333,马来西亚,砂拉越州,诗巫,,
2.45,111.83333,马来西亚,砂拉越州,诗巫,,
2.45,111.85,马来西亚,砂拉越州,诗巫,,
2.4,111.78333,马来西亚,砂拉越州,诗巫,,
2.31667,111.63333,马来西亚,砂拉越州,诗巫,,
2.25,111.66667,马来西亚,砂拉越州,马拉端,,
2.33333,111.95,马来西亚,砂拉越州,诗巫,,
2.23333,111.9,马来西亚,砂拉越州,诗巫,,
2.1,111.9,马来西亚,砂拉越州,诗巫,,
2.15,111.81667,马来西亚,砂拉越州,诗巫,,
2.23333,111.83333,马来西亚,砂拉越州,诗巫,,
2.08333,111.8,马来西亚,砂拉越州,诗巫,,
2.1,111.8,马来西亚,砂拉越州,诗巫,,
2.33333,111.83333,马来西亚,砂拉越州,诗巫,,
2.35,111.86667,马来西亚,砂拉越州,诗巫,,
2.13333,111.96667,马来西亚,砂拉越州,诗巫,,
2.11667,111.7,马来西亚,砂拉越州,马拉端,,
2.08333,111.7,马来西亚,砂拉越州,马拉端,,
2.01667,111.51667,马来西亚,砂拉越州,泗里街,,
1.96667,112.01667,马来西亚,砂拉越州,加拿逸,,
1.98333,112.03333,马来西亚,砂拉越州,加拿逸,,
1.25,111.16667,马来西亚,砂拉越州,斯里阿曼,,
1.83333,111.75,马来西亚,砂拉越州,巴干,,
1.85,111.71667,马来西亚,砂拉越州,巴干,,
1.8,111.86667,马来西亚,砂拉越州,芦楼,,
1.78333,111.88333,马来西亚,砂拉越州,芦楼,,
1.71667,111.98333,马来西亚,砂拉越州,芦楼,,
1.51667,111.66667,马来西亚,砂拉越州,木中,,
1.63333,111.8,马来西亚,砂拉越州,巴干,,
1.88333,111.91667,马来西亚,砂拉越州,芦楼,,
1.91667,111.88333,马来西亚,砂拉越州,芦楼,,
1.93333,111.88333,马来西亚,砂拉越州,芦楼,,
1.98333,111.9,马来西亚,砂拉越州,芦楼,,
1.71667,111.53333,马来西亚,砂拉越州,砂拉卓,,
1.7,111.58333,马来西亚,砂拉越州,砂拉卓,,
1.63333,111.53333,马来西亚,砂拉越州,木中,,
1.56667,111.61667,马来西亚,砂拉越州,木中,,
1.73333,111.63333,马来西亚,砂拉越州,巴干,,
1.71667,111.68333,马来西亚,砂拉越州,巴干,,
1.71667,111.71667,马来西亚,砂拉越州,巴干,,
1.7,111.68333,马来西亚,砂拉越州,巴干,,
1.66667,111.65,马来西亚,砂拉越州,巴干,,
1.66667,111.8,马来西亚,砂拉越州,巴干,,
1.65,111.91667,马来西亚,砂拉越州,芦楼,,
1.86667,111.81667,马来西亚,砂拉越州,芦楼,,
1.8,111.91667,马来西亚,砂拉越州,芦楼,,
1.76667,111.95,马来西亚,砂拉越州,芦楼,,
1.96667,111.9,马来西亚,砂拉越州,芦楼,,
2.0,111.91667,马来西亚,砂拉越州,芦楼,,
1.95,111.7,马来西亚,砂拉越州,巴干,,
1.86667,111.93333,马来西亚,砂拉越州,芦楼,,
2.01667,111.56667,马来西亚,砂拉越州,泗里街,,
2.0,111.5,马来西亚,砂拉越州,泗里街,,
1.93333,111.6,马来西亚,砂拉越州,巴干,,
1.88333,111.58333,马来西亚,砂拉越州,巴干,,
1.8,111.66667,马来西亚,砂拉越州,巴干,,
1.76667,111.76667,马来西亚,砂拉越州,巴干,,
1.56667,111.81667,马来西亚,砂拉越州,鲁勃安都,,
1.53333,111.85,马来西亚,砂拉越州,鲁勃安都,,
1.53333,111.81667,马来西亚,砂拉越州,鲁勃安都,,
1.58333,111.65,马来西亚,砂拉越州,木中,,
1.56667,111.73333,马来西亚,砂拉越州,木中,,
1.61667,111.58333,马来西亚,砂拉越州,木中,,
1.6,111.65,马来西亚,砂拉越州,木中,,
2.0,112.16667,马来西亚,砂拉越州,加拿逸,,
1.69955,112.36952,马来西亚,砂拉越州,桑坡,,
1.7,112.08333,马来西亚,砂拉越州,芦楼,,
1.73333,112.03333,马来西亚,砂拉越州,芦楼,,
1.95,112.03333,马来西亚,砂拉越州,加拿逸,,
1.86667,112.46667,马来西亚,砂拉越州,桑坡,,
1.68269,112.41948,马来西亚,砂拉越州,桑坡,,
1.70503,112.41308,马来西亚,砂拉越州,桑坡,,
1.68465,112.34388,马来西亚,砂拉越州,桑坡,,
1.6962,112.49133,马来西亚,砂拉越州,桑坡,,
1.68333,112.46667,马来西亚,砂拉越州,桑坡,,
1.81667,112.3,马来西亚,砂拉越州,加拿逸,,
1.83333,112.36667,马来西亚,砂拉越州,加拿逸,,
1.98333,112.4,马来西亚,砂拉越州,加拿逸,,
1.95,112.38333,马来西亚,砂拉越州,加拿逸,,
1.85,112.31667,马来西亚,砂拉越州,加拿逸,,
1.85,112.28333,马来西亚,砂拉越州,加拿逸,,
1.9,112.23333,马来西亚,砂拉越州,加拿逸,,
1.81667,112.28333,马来西亚,砂拉越州,加拿逸,,
1.86667,112.28333,马来西亚,砂拉越州,加拿逸,,
1.86667,112.15,马来西亚,砂拉越州,加拿逸,,
1.73333,112.23333,马来西亚,砂拉越州,加拿逸,,
1.95,112.01667,马来西亚,砂拉越州,加拿逸,,
1.95,112.05,马来西亚,砂拉越州,加拿逸,,
1.91667,112.06667,马来西亚,砂拉越州,加拿逸,,
1.67581,112.43694,马来西亚,砂拉越州,桑坡,,
6.43333,100.15,马来西亚,玻璃市州,加央,,
6.41667,100.15,马来西亚,玻璃市州,,,
6.43751,100.15714,马来西亚,玻璃市州,,,
6.45,100.23333,马来西亚,玻璃市州,加央,爪夷芭,
6.45592,100.3425,马来西亚,玻璃市州,,,
6.43633,100.20414,马来西亚,玻璃市州,加央,,
6.43333,100.23333,马来西亚,玻璃市州,加央,爪夷芭,
6.41633,100.24328,马来西亚,玻璃市州,,,
6.43885,100.23638,马来西亚,玻璃市州,加央,爪夷芭,
6.47121,100.23122,马来西亚,玻璃市州,加央,,
6.48187,100.21294,马来西亚,玻璃市州,,,
6.41337,100.13085,马来西亚,玻璃市州,,,
6.41399,100.18552,马来西亚,玻璃市州,,诗里越,
6.43333,100.16667,马来西亚,玻璃市州,,,
6.44441,100.18171,马来西亚,玻璃市州,加央,,
6.45196,100.33329,马来西亚,玻璃市州,,,
6.41667,100.26667,马来西亚,玻璃市州,,,
6.42169,100.29652,马来西亚,玻璃市州,,,
6.45636,100.26156,马来西亚,玻璃市州,,,
6.42922,100.29536,马来西亚,玻璃市州,,,
6.41255,100.27869,马来西亚,玻璃市州,,,
6.41979,100.19984,马来西亚,玻璃市州,加央,,Taman Syed Alwi Putra
6.43467,100.29497,马来西亚,玻璃市州,,新路,
6.43633,100.27972,马来西亚,玻璃市州,,,
6.45,100.25,马来西亚,玻璃市州,,,
6.48524,100.30256,马来西亚,玻璃市州,,,
6.43058,100.17562,马来西亚,玻璃市州,加央,,
6.44732,100.2309,马来西亚,玻璃市州,加央,爪夷芭,
6.45,100.26667,马来西亚,玻璃市州,,,
6.46991,100.18107,马来西亚,玻璃市州,加央,,
6.46667,100.2,马来西亚,玻璃市州,加央,,
6.45,100.21667,马来西亚,玻璃市州,加央,,
6.47404,100.27628,马来西亚,玻璃市州,,,
6.42769,100.3028,马来西亚,玻璃市州,,新路,
6.44339,100.25077,马来西亚,玻璃市州,,,
6.45174,100.29473,马来西亚,玻璃市州,,,
6.48333,100.18333,马来西亚,玻璃市州,加央,,
6.43333,100.21667,马来西亚,玻璃市州,加央,,
6.46667,100.3,马来西亚,玻璃市州,,,
6.45,100.3,马来西亚,玻璃市州,,新路,
6.43333,100.3,马来西亚,玻璃市州,,新路,
6.41667,100.31667,马来西亚,玻璃市州,,,
6.48333,100.21667,马来西亚,玻璃市州,,,
6.45,100.33333,马来西亚,玻璃市州,,,
6.45,100.28333,马来西亚,玻璃市州,,,
6.46667,100.18333,马来西亚,玻璃市州,加央,,
6.48333,100.23333,马来西亚,玻璃市州,加央,,
6.46667,100.23333,马来西亚,玻璃市州,加央,,
6.48706,100.24541,马来西亚,玻璃市州,,,
6.48017,100.28597,马来西亚,玻璃市州,,,
6.46059,100.31131,马来西亚,玻璃市州,,,
6.48333,100.26667,马来西亚,玻璃市州,,,Kampung Bawah Bukit
6.41667,100.18333,马来西亚,玻璃市州,,诗里越,珍珠园
6.41805,100.17088,马来西亚,玻璃市州,加央,诗里越,
6.6757,100.18741,马来西亚,玻璃市州,,,
6.64913,100.19508,马来西亚,玻璃市州,,,
6.59892,100.21455,马来西亚,玻璃市州,,,
6.63333,100.25,马来西亚,玻璃市州,,,
6.61899,100.21207,马来西亚,玻璃市州,,,
6.66221,100.26264,马来西亚,玻璃市州,,,
6.65,100.28333,马来西亚,玻璃市州,,,
6.64349,100.27696,马来西亚,玻璃市州,,,
6.6485,100.28921,马来西亚,玻璃市州,,,
6.5416,100.22255,马来西亚,玻璃市州,,,
6.50688,100.23994,马来西亚,玻璃市州,,,
6.51809,100.27604,马来西亚,玻璃市州,加央,,
6.42632,100.2867,马来西亚,玻璃市州,,,
6.52677,100.20991,马来西亚,玻璃市州,,,
6.51722,100.21397,马来西亚,玻璃市州,,,
6.53289,100.21533,马来西亚,玻璃市州,,,
6.49943,100.27162,马来西亚,玻璃市州,,,
6.52118,100.23218,马来西亚,玻璃市州,,,
6.50906,100.28866,马来西亚,玻璃市州,加央,,
6.50758,100.27035,马来西亚,玻璃市州,,,
6.51609,100.2408,马来西亚,玻璃市州,,,
6.49319,100.22169,马来西亚,玻璃市州,,,
6.49846,100.22547,马来西亚,玻璃市州,,,
6.44245,100.15612,马来西亚,玻璃市州,,,
6.31667,100.2,马来西亚,玻璃市州,,,
6.31578,100.16634,马来西亚,玻璃市州,,,
6.31306,100.16914,马来西亚,玻璃市州,,,
6.27871,100.19894,马来西亚,玻璃市州,,,
6.28333,100.2,马来西亚,玻璃市州,,,
6.30316,100.1738,马来西亚,玻璃市州,,,
6.30191,100.2051,马来西亚,玻璃市州,,,
6.31298,100.21882,马来西亚,玻璃市州,,,
6.33333,100.21667,马来西亚,玻璃市州,,,
6.4174,100.1974,马来西亚,玻璃市州,加央,,Taman Syed Alwi Putra
6.4,100.18333,马来西亚,玻璃市州,加央,,
6.4,100.2,马来西亚,玻璃市州,加央,,
6.39777,100.20425,马来西亚,玻璃市州,加央,,
6.38333,100.23333,马来西亚,玻璃市州,,,
6.35,100.18333,马来西亚,玻璃市州,,,
6.41492,100.16825,马来西亚,玻璃市州,加央,诗里越,
6.39449,100.14449,马来西亚,玻璃市州,,,
6.4,100.16667,马来西亚,玻璃市州,,,
6.39059,100.2064,马来西亚,玻璃市州,加央,,
6.38568,100.21602,马来西亚,玻璃市州,加央,,
6.40345,100.13191,马来西亚,玻璃市州,,,
6.34777,100.22019,马来西亚,玻璃市州,加央,,
6.36862,100.2254,马来西亚,玻璃市州,加央,,
6.41667,100.3,马来西亚,玻璃市州,,,
6.38552,100.15633,马来西亚,玻璃市州,,,
6.38333,100.28333,马来西亚,玻璃市州,,,
6.4,100.3,马来西亚,吉打州,古邦巴素县,,
6.34692,100.16082,马来西亚,玻璃市州,加央,,
6.40803,100.28881,马来西亚,玻璃市州,,,
6.40823,100.20382,马来西亚,玻璃市州,,,
6.39927,100.16221,马来西亚,玻璃市州,加央,,
6.39217,100.18009,马来西亚,玻璃市州,加央,,
6.39071,100.19756,马来西亚,玻璃市州,加央,,
6.4,100.25,马来西亚,玻璃市州,加央,,
6.41326,100.25349,马来西亚,玻璃市州,,,
6.39708,100.28609,马来西亚,玻璃市州,,,
6.41667,100.16667,马来西亚,玻璃市州,加央,诗里越,
6.37498,100.20297,马来西亚,玻璃市州,加央,,
6.53333,100.25,马来西亚,玻璃市州,,,
6.52236,100.24265,马来西亚,玻璃市州,,,
6.53485,100.26727,马来西亚,玻璃市州,加央,,
6.53046,100.28889,马来西亚,玻璃市州,,,
6.51169,100.3082,马来西亚,玻璃市州,,,
6.48881,100.28569,马来西亚,玻璃市州,,,
6.43788,100.30077,马来西亚,玻璃市州,,新路,新路村
6.42609,100.27913,马来西亚,玻璃市州,,,
6.43301,100.23234,马来西亚,玻璃市州,加央,爪夷芭,
6.42717,100.14627,马来西亚,玻璃市州,,,
6.42725,100.17936,马来西亚,玻璃市州,加央,诗里越,
6.43333,100.13333,泰国,,,,
6.43333,100.18333,马来西亚,玻璃市州,加央,,
6.48333,100.2,马来西亚,玻璃市州,加央,,
6.29703,100.18828,马来西亚,玻璃市州,,,
6.32693,100.19534,马来西亚,玻璃市州,,,
6.33329,100.19927,马来西亚,玻璃市州,,,
6.36667,100.23333,马来西亚,玻璃市州,,,
6.40251,100.24582,马来西亚,玻璃市州,,,
6.35909,100.18715,马来西亚,玻璃市州,,,
6.36667,100.15,马来西亚,玻璃市州,,,
6.46667,100.28333,马来西亚,玻璃市州,,,
6.38333,100.16667,马来西亚,玻璃市州,加央,,
6.56993,100.27529,马来西亚,玻璃市州,,,
6.6623,100.31419,马来西亚,玻璃市州,,,
6.64394,100.21484,马来西亚,玻璃市州,,,
6.47571,100.25989,马来西亚,玻璃市州,,,
6.46946,100.25377,马来西亚,玻璃市州,,,
6.43269,100.26893,马来西亚,玻璃市州,,,
6.38591,100.45419,马来西亚,吉打州,古邦巴素县,,
6.40508,100.43982,马来西亚,吉打州,古邦巴素县,,
6.34026,100.19075,马来西亚,玻璃市州,,,
6.24086,100.25352,马来西亚,吉打州,古邦巴素县,,
6.15924,100.37281,马来西亚,吉打州,哥打士打县,,Taman Sri Mentaloon Indah
6.02228,100.38774,马来西亚,吉打州,哥打士打县,,Taman Seri Simpang Jaya
6.01667,100.75,马来西亚,吉打州,锡县,,
6.30188,100.65759,马来西亚,吉打州,巴东得腊县,,
6.28938,100.71453,马来西亚,吉打州,巴东得腊县,,
6.14399,100.60019,马来西亚,吉打州,波各先那县,,
6.08554,100.68421,马来西亚,吉打州,巴东得腊县,,
6.06667,100.5,马来西亚,吉打州,本同县,,
6.4,100.53333,马来西亚,吉打州,古邦巴素县,,
6.43799,100.78457,马来西亚,吉打州,巴东得腊县,,
6.40867,100.76341,马来西亚,吉打州,巴东得腊县,,
6.31822,100.59239,马来西亚,吉打州,巴东得腊县,,
6.24734,100.77145,马来西亚,吉打州,巴东得腊县,,
6.16667,100.7,马来西亚,吉打州,巴东得腊县,,
6.22471,100.65735,马来西亚,吉打州,巴东得腊县,,
6.14214,100.66916,马来西亚,吉打州,巴东得腊县,,
6.06667,100.53333,马来西亚,吉打州,本同县,,
5.98458,100.60732,马来西亚,吉打州,本同县,,
6.09761,100.36321,马来西亚,吉打州,哥打士打县,新邦瓜拉,Taman Selesa
6.05414,100.76264,马来西亚,吉打州,巴东得腊县,,
6.04422,100.80865,马来西亚,吉打州,锡县,,
6.00722,102.3376,马来西亚,吉兰丹州,万捷县,,
6.25,102.1,马来西亚,吉兰丹州,道北县,,
6.23215,102.09463,马来西亚,吉兰丹州,道北县,,
6.19617,102.0819,马来西亚,吉兰丹州,道北县,,
6.15167,102.0951,马来西亚,吉兰丹州,巴西马县,,
6.16667,102.11667,马来西亚,吉兰丹州,道北县,,
6.18333,102.28333,马来西亚,吉兰丹州,哥打峇鲁县,彭加兰芝柏,
6.16974,102.32655,马来西亚,吉兰丹州,哥打峇鲁县,,
6.16667,102.35,马来西亚,吉兰丹州,万捷县,,
6.14533,102.22615,马来西亚,吉兰丹州,道北县,,
6.08333,102.16667,马来西亚,吉兰丹州,巴西马县,,
6.09839,102.10906,马来西亚,吉兰丹州,巴西马县,,
6.08118,102.05535,马来西亚,吉兰丹州,巴西马县,,
6.09567,102.2232,马来西亚,吉兰丹州,哥打峇鲁县,,
6.05666,102.26451,马来西亚,吉兰丹州,哥打峇鲁县,,
6.10481,102.37276,马来西亚,吉兰丹州,万捷县,,
6.08333,102.38333,马来西亚,吉兰丹州,万捷县,,Taman Jintan Sinai Jaya
6.06667,102.4,马来西亚,吉兰丹州,万捷县,,
6.01988,102.41634,马来西亚,吉兰丹州,万捷县,Melawi,
5.99585,102.42643,马来西亚,吉兰丹州,万捷县,,
5.73333,102.68333,马来西亚,登嘉樓州,士兆县,,
5.6426,102.50114,马来西亚,登嘉樓州,勿述县,,
5.79884,102.55788,马来西亚,登嘉樓州,勿述县,,
5.68381,102.55618,马来西亚,登嘉樓州,勿述县,,
5.65288,102.62794,马来西亚,登嘉樓州,勿述县,,
5.68142,102.7143,马来西亚,登嘉樓州,士兆县,,
5.60501,102.81557,马来西亚,登嘉樓州,士兆县,,
5.55762,102.87066,马来西亚,登嘉樓州,士兆县,,
5.53368,102.95409,马来西亚,登嘉樓州,士兆县,,
5.5152,102.98109,马来西亚,登嘉樓州,士兆县,,
5.53333,102.75,马来西亚,登嘉樓州,士兆县,,
5.57107,102.51911,马来西亚,登嘉樓州,勿述县,,
7.25,117.28333,马来西亚,沙巴州,,,
7.21106,117.06628,马来西亚,沙巴州,古达,,
7.01773,116.76318,马来西亚,沙巴州,古达,,
7.00034,116.75285,马来西亚,沙巴州,古达,,
6.9479,116.7222,马来西亚,沙巴州,古达,,
6.9102,116.8476,马来西亚,沙巴州,古达,Taman Ehsan,
6.8926,116.7901,马来西亚,沙巴州,古达,,
6.8931,116.7135,马来西亚,沙巴州,古达,,
6.832,116.65822,马来西亚,沙巴州,古达,,
6.8216,116.8551,马来西亚,沙巴州,古达,,
6.788,116.853,马来西亚,沙巴州,古达,,
6.783,116.794,马来西亚,沙巴州,古达,,
6.7775,116.7013,马来西亚,沙巴州,古达,,
6.7641,116.6395,马来西亚,沙巴州,古达,,
6.736,116.7554,马来西亚,沙巴州,古达,,
6.11667,116.7,马来西亚,沙巴州,兰瑙,,
6.15,116.73333,马来西亚,沙巴州,兰瑙,,
6.7077,116.7383,马来西亚,沙巴州,古达,,
6.673,116.638,马来西亚,沙巴州,哥打马鲁都,,
6.6654,116.6695,马来西亚,沙巴州,哥打马鲁都,,
6.6854,116.7111,马来西亚,沙巴州,古达,,
6.6745,116.7444,马来西亚,沙巴州,古达,,
6.6987,116.9776,马来西亚,沙巴州,必达士,,
6.6846,116.961,马来西亚,沙巴州,必达士,,
6.6655,116.9364,马来西亚,沙巴州,必达士,,
6.6129,116.8707,马来西亚,沙巴州,必达士,,
6.5613,116.8588,马来西亚,沙巴州,哥打马鲁都,,
6.51,116.8637,马来西亚,沙巴州,哥打马鲁都,,
6.53006,116.84712,马来西亚,沙巴州,哥打马鲁都,,
6.5611,116.7122,马来西亚,沙巴州,哥打马鲁都,,
6.5806,116.7226,马来西亚,沙巴州,哥打马鲁都,,
6.5314,116.6405,马来西亚,沙巴州,哥打马鲁都,,
6.53333,116.7,马来西亚,沙巴州,哥打马鲁都,,
6.6076,116.6099,马来西亚,沙巴州,古打毛律,,
6.5789,116.5472,马来西亚,沙巴州,古打毛律,,
6.4673,116.5408,马来西亚,沙巴州,古打毛律,,
6.5304,116.5641,马来西亚,沙巴州,古打毛律,,
6.5239,116.5033,马来西亚,沙巴州,古打毛律,,
6.5211,116.7692,马来西亚,沙巴州,哥打马鲁都,,
6.5,116.78333,马来西亚,沙巴州,哥打马鲁都,,
6.88333,117.01667,马来西亚,沙巴州,,,
6.91667,117.06667,马来西亚,沙巴州,必达士,,
6.9441,117.0317,马来西亚,沙巴州,必达士,,
6.9573,117.0597,马来西亚,沙巴州,必达士,,
6.9808,117.0726,马来西亚,沙巴州,必达士,,
6.99526,117.13202,马来西亚,沙巴州,必达士,,
6.93508,117.24988,马来西亚,沙巴州,必达士,,
6.9,117.23333,马来西亚,沙巴州,必达士,,
6.88333,117.23333,马来西亚,沙巴州,必达士,,
6.81667,117.25,马来西亚,沙巴州,,,
6.81667,117.11667,马来西亚,沙巴州,必达士,,
6.8561,117.0619,马来西亚,沙巴州,必达士,,
6.8397,117.0719,马来西亚,沙巴州,必达士,,
6.7462,117.0562,马来西亚,沙巴州,必达士,,
6.73333,117.05,马来西亚,沙巴州,必达士,,
6.72779,117.05779,马来西亚,沙巴州,必达士,,
6.75,117.18333,马来西亚,沙巴州,必达士,,
6.6579,117.213,马来西亚,沙巴州,必达士,,
6.6468,117.4882,马来西亚,沙巴州,比鲁兰,,
6.5266,117.2883,马来西亚,沙巴州,比鲁兰,,
6.653,117.2187,马来西亚,沙巴州,必达士,,
6.6895,117.0754,马来西亚,沙巴州,必达士,,
6.6392,117.0213,马来西亚,沙巴州,必达士,,
6.41792,117.69812,马来西亚,沙巴州,比鲁兰,,
6.41667,117.65,马来西亚,沙巴州,比鲁兰,,
6.36752,117.63033,马来西亚,沙巴州,比鲁兰,,
6.33333,117.71667,马来西亚,沙巴州,比鲁兰,,
6.0192,117.7049,马来西亚,沙巴州,比鲁兰,,
6.3733,117.3716,马来西亚,沙巴州,比鲁兰,,
6.3814,117.3708,马来西亚,沙巴州,比鲁兰,,
6.2954,117.4762,马来西亚,沙巴州,比鲁兰,,
6.2506,117.3694,马来西亚,沙巴州,比鲁兰,,
6.2317,117.3246,马来西亚,沙巴州,比鲁兰,,
6.23333,117.28333,马来西亚,沙巴州,比鲁兰,,
6.1669,117.199,马来西亚,沙巴州,比鲁兰,,
6.1159,117.1225,马来西亚,沙巴州,兰瑙,,
6.0896,116.971,马来西亚,沙巴州,兰瑙,,SEKOLAH KEBANGSAAN KAINGARAN RANAU
6.05,117.25,马来西亚,沙巴州,比鲁兰,,
6.0501,117.3312,马来西亚,沙巴州,比鲁兰,,
6.4674,116.5313,马来西亚,沙巴州,古打毛律,,
6.45,116.73333,马来西亚,沙巴州,哥打马鲁都,,
6.4861,116.7948,马来西亚,沙巴州,哥打马鲁都,,
6.4456,116.813,马来西亚,沙巴州,哥打马鲁都,,
6.4526,116.8424,马来西亚,沙巴州,哥打马鲁都,,
5.4415,115.849,马来西亚,沙巴州,保佛,,
6.0213,116.7573,马来西亚,沙巴州,兰瑙,,
6.1657,116.8097,马来西亚,沙巴州,兰瑙,,
6.1279,116.8767,马来西亚,沙巴州,兰瑙,,
6.1576,116.9377,马来西亚,沙巴州,兰瑙,,
6.08333,116.5,马来西亚,沙巴州,古打毛律,,
5.98988,116.13235,马来西亚,沙巴州,亚庇,,
6.05,116.28333,马来西亚,沙巴州,斗亚兰,,
6.08333,116.33333,马来西亚,沙巴州,斗亚兰,,
6.3949,116.48287,马来西亚,沙巴州,古打毛律,,
6.38333,116.45,马来西亚,沙巴州,古打毛律,,
6.41667,116.4,马来西亚,沙巴州,古打毛律,,
6.4185,116.4172,马来西亚,沙巴州,古打毛律,,
6.2617,116.2641,马来西亚,沙巴州,斗亚兰,,
6.2473,116.2403,马来西亚,沙巴州,斗亚兰,,
6.23333,116.31667,马来西亚,沙巴州,斗亚兰,,
6.18333,116.3,马来西亚,沙巴州,斗亚兰,,
6.15,116.28333,马来西亚,沙巴州,斗亚兰,,
6.13333,116.26667,马来西亚,沙巴州,斗亚兰,,
6.1267,116.2403,马来西亚,沙巴州,斗亚兰,,
6.1441,116.2047,马来西亚,沙巴州,斗亚兰,,
6.08333,116.11667,马来西亚,沙巴州,亚庇,,
6.0898,116.1958,马来西亚,沙巴州,斗亚兰,,
6.0245,116.155,马来西亚,沙巴州,亚庇,,
6.02,116.1964,马来西亚,沙巴州,亚庇,,
6.06667,116.28333,马来西亚,沙巴州,斗亚兰,,
6.1774,116.2314,马来西亚,沙巴州,斗亚兰,,
6.11667,116.31667,马来西亚,沙巴州,斗亚兰,,
6.1,116.36667,马来西亚,沙巴州,斗亚兰,,
6.08333,116.46667,马来西亚,沙巴州,古打毛律,,
6.0342,116.5168,马来西亚,沙巴州,古打毛律,,
1.58333,109.75,马来西亚,砂拉越州,伦乐,,
1.50906,109.85896,马来西亚,砂拉越州,伦乐,,
1.75,111.41667,马来西亚,砂拉越州,砂拉卓,,
1.33333,111.41667,马来西亚,砂拉越州,斯里阿曼,,
1.83333,111.16667,马来西亚,砂拉越州,甲望,,
1.41667,111.08333,马来西亚,砂拉越州,,,
1.58333,111.41667,马来西亚,砂拉越州,木中,,
1.25,111.41667,马来西亚,砂拉越州,斯里阿曼,,
1.5,111.33333,马来西亚,砂拉越州,木中,,
1.88333,111.18333,马来西亚,砂拉越州,甲望,,
1.93333,111.16667,马来西亚,砂拉越州,甲望,,
1.51667,111.36667,马来西亚,砂拉越州,木中,,
1.78333,111.1,马来西亚,砂拉越州,甲望,,
1.75,111.15,马来西亚,砂拉越州,甲望,,
1.75,111.18333,马来西亚,砂拉越州,甲望,,
1.88333,111.2,马来西亚,砂拉越州,甲望,,
1.75,111.45,马来西亚,砂拉越州,砂拉卓,,
1.75,111.28333,马来西亚,砂拉越州,砂拉卓,,
1.73333,111.2,马来西亚,砂拉越州,砂拉卓,,
1.63333,111.36667,马来西亚,砂拉越州,木中,,
1.63333,111.2,马来西亚,砂拉越州,浮刹,,
1.8,111.11667,马来西亚,砂拉越州,甲望,,
1.9,111.3,马来西亚,砂拉越州,甲望,,Kampung Melayu Roban
1.95,111.2,马来西亚,砂拉越州,甲望,,
1.6,111.28333,马来西亚,砂拉越州,浮刹,,
1.68333,111.1,马来西亚,砂拉越州,浮刹,,
2.66667,111.5,马来西亚,砂拉越州,玛都,,
2.16667,111.33333,马来西亚,砂拉越州,,丹绒玛尼,
1.66667,111.41667,马来西亚,砂拉越州,砂拉卓,,
2.16667,111.58333,马来西亚,砂拉越州,泗里街,,
2.54064,111.43933,马来西亚,砂拉越州,,,
2.6,111.3,马来西亚,砂拉越州,,,
2.75,111.38333,马来西亚,砂拉越州,,,
2.7,111.43333,马来西亚,砂拉越州,玛都,,
2.56667,111.45,马来西亚,砂拉越州,,,
2.66667,111.3,马来西亚,砂拉越州,,,
2.7,111.36667,马来西亚,砂拉越州,,,
2.73333,111.3,马来西亚,砂拉越州,,,
2.83333,111.91667,马来西亚,砂拉越州,拉叻,,
2.78333,111.95,马来西亚,砂拉越州,拉叻,,
2.79556,111.78407,马来西亚,砂拉越州,玛都,,
2.86667,111.78333,马来西亚,砂拉越州,,,
2.75,111.78333,马来西亚,砂拉越州,玛都,,
2.73333,111.81667,马来西亚,砂拉越州,玛都,,
2.65,111.85,马来西亚,砂拉越州,玛都,,
2.6,111.85,马来西亚,砂拉越州,玛都,,
2.55,111.83333,马来西亚,砂拉越州,玛都,,
2.53333,111.85,马来西亚,砂拉越州,玛都,,
2.53333,111.7,马来西亚,砂拉越州,玛都,,
2.76667,111.56667,马来西亚,砂拉越州,玛都,,
2.66667,111.55,马来西亚,砂拉越州,玛都,,
2.71397,111.92154,马来西亚,砂拉越州,拉叻,,
2.66667,111.93333,马来西亚,砂拉越州,拉叻,,
2.63333,111.53333,马来西亚,砂拉越州,玛都,,
2.80059,111.91414,马来西亚,砂拉越州,拉叻,,
2.82183,111.8938,马来西亚,砂拉越州,拉叻,,
2.73333,111.93333,马来西亚,砂拉越州,拉叻,,
2.71667,111.83333,马来西亚,砂拉越州,玛都,,
2.88333,111.96667,马来西亚,砂拉越州,拉叻,,
2.63333,111.5,马来西亚,砂拉越州,玛都,,
1.25,111.75,马来西亚,砂拉越州,鲁勃安都,,
1.83333,111.66667,马来西亚,砂拉越州,巴干,,
1.25,112.0,马来西亚,砂拉越州,鲁勃安都,,
1.25,111.91667,马来西亚,砂拉越州,鲁勃安都,,
1.48333,111.8,马来西亚,砂拉越州,鲁勃安都,,
1.4,111.78333,马来西亚,砂拉越州,鲁勃安都,,
1.41667,111.88333,马来西亚,砂拉越州,鲁勃安都,,
1.45,111.98333,马来西亚,砂拉越州,鲁勃安都,,
1.38333,111.96667,马来西亚,砂拉越州,鲁勃安都,,
1.33333,111.61667,马来西亚,砂拉越州,鲁勃安都,,
1.3,111.8,马来西亚,砂拉越州,鲁勃安都,,
1.28333,111.93333,马来西亚,砂拉越州,鲁勃安都,,
1.33333,111.95,马来西亚,砂拉越州,鲁勃安都,,
1.2,111.95,马来西亚,砂拉越州,鲁勃安都,,
1.18333,111.98333,马来西亚,砂拉越州,鲁勃安都,,
1.21667,111.78333,马来西亚,砂拉越州,鲁勃安都,,
1.23333,111.78333,马来西亚,砂拉越州,鲁勃安都,,
1.06667,111.71667,马来西亚,砂拉越州,鲁勃安都,,
1.45,111.75,马来西亚,砂拉越州,鲁勃安都,,
1.23604,111.70907,马来西亚,砂拉越州,鲁勃安都,,
1.03951,111.79503,马来西亚,砂拉越州,鲁勃安都,,
1.11667,111.65,马来西亚,砂拉越州,鲁勃安都,,
1.06742,111.76317,马来西亚,砂拉越州,鲁勃安都,,
1.13333,111.65,马来西亚,砂拉越州,鲁勃安都,,
1.16667,111.86667,马来西亚,砂拉越州,鲁勃安都,,
1.09559,111.86468,马来西亚,砂拉越州,鲁勃安都,,
1.48333,111.7,马来西亚,砂拉越州,木中,,
1.4,111.51667,马来西亚,砂拉越州,木中,,Perumahan Kerajaan Negeri Betong
1.28333,111.53333,马来西亚,砂拉越州,木中,,
1.3,111.61667,马来西亚,砂拉越州,鲁勃安都,,
1.3,111.66667,马来西亚,砂拉越州,鲁勃安都,,
1.06667,111.53333,马来西亚,砂拉越州,斯里阿曼,,
1.02298,111.5567,马来西亚,砂拉越州,斯里阿曼,,
1.18148,111.52037,马来西亚,砂拉越州,斯里阿曼,,
1.28333,112.05,马来西亚,砂拉越州,鲁勃安都,,
1.33333,112.08333,马来西亚,砂拉越州,鲁勃安都,,
1.15,112.11667,马来西亚,砂拉越州,鲁勃安都,,
1.26667,112.05,马来西亚,砂拉越州,鲁勃安都,,
1.2,112.06667,马来西亚,砂拉越州,鲁勃安都,,
2.5,112.05,马来西亚,砂拉越州,实兰沟,,
2.31667,112.28333,马来西亚,砂拉越州,实兰沟,,
2.13333,112.16667,马来西亚,砂拉越州,加拿逸,,
2.13333,112.23333,马来西亚,砂拉越州,加拿逸,,
2.3832,112.17533,马来西亚,砂拉越州,实兰沟,,
2.3989,112.13806,马来西亚,砂拉越州,实兰沟,,
2.15,112.01667,马来西亚,砂拉越州,诗巫,,
2.33333,112.01667,马来西亚,砂拉越州,诗巫,,
2.03333,112.08333,马来西亚,砂拉越州,加拿逸,,
2.08333,112.23333,马来西亚,砂拉越州,加拿逸,,
2.05,112.33333,马来西亚,砂拉越州,加拿逸,,
2.50792,112.0748,马来西亚,砂拉越州,实兰沟,,
2.01667,112.4,马来西亚,砂拉越州,桑坡,,
2.45866,112.32007,马来西亚,砂拉越州,实兰沟,,
2.46667,112.45,马来西亚,砂拉越州,实兰沟,,
2.43333,112.31667,马来西亚,砂拉越州,实兰沟,,
2.46667,112.4,马来西亚,砂拉越州,实兰沟,,
2.3,112.35,马来西亚,砂拉越州,实兰沟,,
2.4,111.8,马来西亚,砂拉越州,诗巫,,
2.05,112.41667,马来西亚,砂拉越州,桑坡,,
2.15,112.3,马来西亚,砂拉越州,加拿逸,,
2.13333,112.3,马来西亚,砂拉越州,加拿逸,,
2.13333,112.38333,马来西亚,砂拉越州,加拿逸,,
2.06667,112.28333,马来西亚,砂拉越州,加拿逸,,
2.01667,112.01667,马来西亚,砂拉越州,加拿逸,,
2.31788,111.85184,马来西亚,砂拉越州,诗巫,,
1.98258,109.64914,马来西亚,砂拉越州,伦乐,,
1.96667,109.63333,马来西亚,砂拉越州,伦乐,,
1.67806,109.90898,马来西亚,砂拉越州,伦乐,,
1.67118,109.98143,马来西亚,砂拉越州,伦乐,,
1.53163,109.81005,马来西亚,砂拉越州,伦乐,,
1.62832,109.85535,马来西亚,砂拉越州,伦乐,,
1.60288,109.78206,马来西亚,砂拉越州,伦乐,,
1.70607,109.90296,马来西亚,砂拉越州,伦乐,,
1.76667,109.78333,马来西亚,砂拉越州,伦乐,,
1.61885,109.68259,马来西亚,砂拉越州,伦乐,,
1.65985,109.72682,马来西亚,砂拉越州,伦乐,,
1.71175,109.76996,马来西亚,砂拉越州,伦乐,,
1.83091,109.70452,马来西亚,砂拉越州,伦乐,,
1.83488,109.71046,马来西亚,砂拉越州,伦乐,,
1.92753,109.64714,马来西亚,砂拉越州,伦乐,,
2.46667,113.78333,马来西亚,砂拉越州,布拉甲,,
2.48333,113.56667,马来西亚,砂拉越州,布拉甲,,
2.15,113.46667,马来西亚,砂拉越州,武吉玛邦,,
2.01667,113.58333,马来西亚,砂拉越州,武吉玛邦,,
2.15,113.58333,马来西亚,砂拉越州,武吉玛邦,,
2.35,113.88333,马来西亚,砂拉越州,布拉甲,,
2.38333,113.8,马来西亚,砂拉越州,布拉甲,,
2.33333,113.9,马来西亚,砂拉越州,布拉甲,,
1.83333,113.66667,马来西亚,砂拉越州,武吉玛邦,,
1.96667,113.68333,马来西亚,砂拉越州,武吉玛邦,,
1.88333,113.6,马来西亚,砂拉越州,武吉玛邦,,
1.88333,113.63333,马来西亚,砂拉越州,武吉玛邦,,
1.81667,113.75,马来西亚,砂拉越州,武吉玛邦,,
1.85,113.56667,马来西亚,砂拉越州,武吉玛邦,,
1.93333,113.66667,马来西亚,砂拉越州,武吉玛邦,,
3.2365,114.3855,马来西亚,砂拉越州,柏鲁鲁,,
3.2728,114.3255,马来西亚,砂拉越州,柏鲁鲁,,
2.65,114.06667,马来西亚,砂拉越州,布拉甲,,
2.7,114.06667,马来西亚,砂拉越州,布拉甲,,
3.4165,114.1391,马来西亚,砂拉越州,柏鲁鲁,,
3.4533,114.1144,马来西亚,砂拉越州,柏鲁鲁,,
3.2762,114.3289,马来西亚,砂拉越州,柏鲁鲁,,
3.1683,114.4896,马来西亚,砂拉越州,柏鲁鲁,,
3.4883,114.4325,马来西亚,砂拉越州,德朗乌山,,
2.61667,114.13333,马来西亚,砂拉越州,布拉甲,,
2.75,114.06667,马来西亚,砂拉越州,布拉甲,,
2.5,112.9,马来西亚,砂拉越州,达岛,,
2.3,112.58333,马来西亚,砂拉越州,实兰沟,,
2.1,112.9,马来西亚,砂拉越州,加帛,,
2.08333,112.91667,马来西亚,砂拉越州,加帛,,
2.06667,112.9,马来西亚,砂拉越州,加帛,,
2.05,112.9,马来西亚,砂拉越州,加帛,,
2.01667,112.81667,马来西亚,砂拉越州,加帛,,
2.05,112.8,马来西亚,砂拉越州,加帛,,
2.06667,112.81667,马来西亚,砂拉越州,加帛,,
2.06667,112.76667,马来西亚,砂拉越州,加帛,,
2.01667,112.61667,马来西亚,砂拉越州,桑坡,,
2.31667,112.51667,马来西亚,砂拉越州,实兰沟,,
2.08333,112.5,马来西亚,砂拉越州,桑坡,,
3.88333,113.7,马来西亚,砂拉越州,苏必士,,
3.86667,113.71667,马来西亚,砂拉越州,苏必士,,
3.85,113.68333,马来西亚,砂拉越州,苏必士,,
3.86667,113.93333,马来西亚,砂拉越州,苏必士,,
3.65,113.8,马来西亚,砂拉越州,苏必士,,
3.61667,113.58333,马来西亚,砂拉越州,苏必士,,
3.7,113.61667,马来西亚,砂拉越州,苏必士,,
3.76667,113.6,马来西亚,砂拉越州,苏必士,,
3.9,113.91667,马来西亚,砂拉越州,苏必士,,
3.93333,113.96667,马来西亚,砂拉越州,苏必士,,
3.98333,113.95,马来西亚,砂拉越州,苏必士,,
3.68333,113.56667,马来西亚,砂拉越州,苏必士,,
3.88333,113.78333,马来西亚,砂拉越州,苏必士,,
3.75,113.63333,马来西亚,砂拉越州,苏必士,,
3.65,113.55,马来西亚,砂拉越州,苏必士,,
3.94593,113.69346,马来西亚,砂拉越州,苏必士,,
3.8,113.63333,马来西亚,砂拉越州,苏必士,,
2.61667,113.73333,马来西亚,砂拉越州,布拉甲,,
2.65,113.73333,马来西亚,砂拉越州,布拉甲,,
2.78333,113.95,马来西亚,砂拉越州,布拉甲,,
2.73333,113.83333,马来西亚,砂拉越州,布拉甲,,
2.73333,113.8,马来西亚,砂拉越州,布拉甲,,
2.9,113.78333,马来西亚,砂拉越州,布拉甲,,
2.61667,113.91667,马来西亚,砂拉越州,布拉甲,,
2.91667,113.91667,马来西亚,砂拉越州,布拉甲,,
2.98333,113.58333,马来西亚,砂拉越州,实包勿,,
2.58333,113.9,马来西亚,砂拉越州,布拉甲,,
2.71667,113.78333,马来西亚,砂拉越州,布拉甲,,
2.58333,113.7,马来西亚,砂拉越州,布拉甲,,
3.16667,113.55,马来西亚,砂拉越州,实包勿,,
3.11667,113.71667,马来西亚,砂拉越州,实包勿,,
3.16667,113.75,马来西亚,砂拉越州,实包勿,,
3.16667,113.7,马来西亚,砂拉越州,实包勿,,
3.13333,113.71667,马来西亚,砂拉越州,实包勿,,
3.26667,113.55,马来西亚,砂拉越州,实包勿,,
3.18333,113.68333,马来西亚,砂拉越州,实包勿,,
3.06667,113.98333,马来西亚,砂拉越州,布拉甲,,
3.13333,113.7,马来西亚,砂拉越州,实包勿,,
1.83333,112.66667,马来西亚,砂拉越州,桑坡,,
1.76667,112.55,马来西亚,砂拉越州,桑坡,,
1.65,112.78333,马来西亚,砂拉越州,桑坡,,
1.8,112.65,马来西亚,砂拉越州,桑坡,,
1.76667,112.61667,马来西亚,砂拉越州,桑坡,,
1.78333,112.63333,马来西亚,砂拉越州,桑坡,,
1.83333,112.65,马来西亚,砂拉越州,桑坡,,
1.9,112.71667,马来西亚,砂拉越州,桑坡,,
1.95,112.9,马来西亚,砂拉越州,加帛,,
1.9,112.65,马来西亚,砂拉越州,桑坡,,
1.86667,112.96667,马来西亚,砂拉越州,加帛,,
1.66667,112.71667,马来西亚,砂拉越州,桑坡,,
1.88333,112.76667,马来西亚,砂拉越州,桑坡,,
1.9,112.96667,马来西亚,砂拉越州,加帛,,
1.98333,112.81667,马来西亚,砂拉越州,加帛,,
1.86667,113.48333,马来西亚,砂拉越州,武吉玛邦,,
1.85,113.4,马来西亚,砂拉越州,武吉玛邦,,
1.81667,113.4,马来西亚,砂拉越州,武吉玛邦,,
1.78333,113.31667,马来西亚,砂拉越州,武吉玛邦,,
1.8,113.33333,马来西亚,砂拉越州,武吉玛邦,,
2.0,113.11667,马来西亚,砂拉越州,加帛,,
1.88333,113.45,马来西亚,砂拉越州,武吉玛邦,,
1.98333,113.43333,马来西亚,砂拉越州,武吉玛邦,,
1.93333,113.28333,马来西亚,砂拉越州,武吉玛邦,,
1.96667,113.28333,马来西亚,砂拉越州,武吉玛邦,,
1.78333,113.28333,马来西亚,砂拉越州,武吉玛邦,,
1.76667,113.21667,马来西亚,砂拉越州,武吉玛邦,,
1.9,113.16667,马来西亚,砂拉越州,加帛,,
1.93333,113.38333,马来西亚,砂拉越州,武吉玛邦,,
1.88333,113.15,马来西亚,砂拉越州,加帛,,
3.33333,113.16667,马来西亚,砂拉越州,民都鲁,,
3.0,113.33333,马来西亚,砂拉越州,实包勿,,
3.01667,113.38333,马来西亚,砂拉越州,实包勿,,
3.03333,113.05,马来西亚,砂拉越州,民都鲁,,
3.18333,113.33333,马来西亚,砂拉越州,实包勿,,
3.16667,113.38333,马来西亚,砂拉越州,实包勿,,
3.03333,113.23333,马来西亚,砂拉越州,实包勿,,
3.13333,113.4,马来西亚,砂拉越州,实包勿,,
3.08333,113.41667,马来西亚,砂拉越州,实包勿,,
3.2,113.41667,马来西亚,砂拉越州,实包勿,,
3.21667,113.45,马来西亚,砂拉越州,实包勿,,
3.38333,113.51667,马来西亚,砂拉越州,实包勿,,
3.23333,113.48333,马来西亚,砂拉越州,实包勿,,
3.05,113.48333,马来西亚,砂拉越州,实包勿,,
3.0,113.46667,马来西亚,砂拉越州,实包勿,,
3.05,113.33333,马来西亚,砂拉越州,实包勿,,
3.08333,113.35,马来西亚,砂拉越州,实包勿,,
3.13333,113.33333,马来西亚,砂拉越州,实包勿,,
3.01667,113.41667,马来西亚,砂拉越州,实包勿,,
3.25,113.48333,马来西亚,砂拉越州,实包勿,,
3.15,113.36667,马来西亚,砂拉越州,实包勿,,
3.35,115.45,马来西亚,砂拉越州,美里,,
3.11262,115.12684,马来西亚,砂拉越州,德朗乌山,,
3.17322,115.4659,马来西亚,砂拉越州,美里,,
3.17245,115.38548,马来西亚,砂拉越州,美里,,
3.2741,115.4316,马来西亚,砂拉越州,美里,,
3.21553,115.36028,马来西亚,砂拉越州,美里,,
3.28672,115.23443,马来西亚,砂拉越州,美里,,
3.45882,115.18149,马来西亚,砂拉越州,美里,,
3.20361,115.39419,马来西亚,砂拉越州,美里,,
3.08333,115.08333,马来西亚,砂拉越州,德朗乌山,,
3.05691,115.07672,马来西亚,砂拉越州,德朗乌山,,
3.16959,115.22034,马来西亚,砂拉越州,德朗乌山,,
3.80859,115.53078,马来西亚,砂拉越州,美里,,
4.9539,115.5078,马来西亚,砂拉越州,老越,,
4.5,115.41667,马来西亚,砂拉越州,老越,,
4.93333,115.23333,马来西亚,砂拉越州,老越,,
3.53333,115.55,马来西亚,砂拉越州,美里,,
3.63333,115.51667,马来西亚,砂拉越州,美里,,
3.603,115.53176,马来西亚,砂拉越州,美里,,
3.73333,115.51667,马来西亚,砂拉越州,美里,,
4.00857,115.61774,马来西亚,砂拉越州,老越,,
3.56667,115.5,马来西亚,砂拉越州,美里,,
3.86933,115.56191,马来西亚,砂拉越州,美里,,
4.23621,115.5885,马来西亚,砂拉越州,老越,,
4.19153,115.57426,马来西亚,砂拉越州,老越,,
4.27171,115.53262,马来西亚,砂拉越州,老越,,
4.25381,115.60781,马来西亚,砂拉越州,老越,,
4.6109,115.3342,马来西亚,砂拉越州,老越,,
4.5528,115.4889,马来西亚,砂拉越州,老越,,
4.8039,115.4097,马来西亚,砂拉越州,老越,,
3.98607,115.52494,马来西亚,砂拉越州,老越,,
4.95,115.41667,马来西亚,砂拉越州,老越,,
4.8932,115.3482,马来西亚,砂拉越州,老越,,
4.80628,115.26576,马来西亚,砂拉越州,老越,,
2.3,113.16667,马来西亚,砂拉越州,加帛,,
2.28333,113.1,马来西亚,砂拉越州,加帛,,
2.26667,113.16667,马来西亚,砂拉越州,加帛,,
2.35,113.13333,马来西亚,砂拉越州,加帛,,
2.33333,113.36667,马来西亚,砂拉越州,加帛,,
2.08333,113.06667,马来西亚,砂拉越州,加帛,,
2.3,113.31667,马来西亚,砂拉越州,加帛,,
2.03333,113.13333,马来西亚,砂拉越州,武吉玛邦,,
2.06667,113.26667,马来西亚,砂拉越州,武吉玛邦,,
2.08333,113.25,马来西亚,砂拉越州,武吉玛邦,,
2.11667,113.28333,马来西亚,砂拉越州,武吉玛邦,,
2.13333,113.45,马来西亚,砂拉越州,武吉玛邦,,
2.11667,113.36667,马来西亚,砂拉越州,武吉玛邦,,
2.03333,113.51667,马来西亚,砂拉越州,武吉玛邦,,
2.11667,113.46667,马来西亚,砂拉越州,武吉玛邦,,
2.05,113.15,马来西亚,砂拉越州,武吉玛邦,,
2.06667,113.48333,马来西亚,砂拉越州,武吉玛邦,,
2.03333,113.38333,马来西亚,砂拉越州,武吉玛邦,,
2.05,113.33333,马来西亚,砂拉越州,武吉玛邦,,
2.03333,113.23333,马来西亚,砂拉越州,武吉玛邦,,
2.16667,113.43333,马来西亚,砂拉越州,武吉玛邦,,
2.16667,113.05,马来西亚,砂拉越州,加帛,,
2.23333,113.15,马来西亚,砂拉越州,加帛,,
2.08333,113.23333,马来西亚,砂拉越州,武吉玛邦,,
2.38333,113.35,马来西亚,砂拉越州,加帛,,
4.25,115.16667,马来西亚,砂拉越州,林梦,,
3.96667,114.63333,马来西亚,砂拉越州,马鲁帝,,
3.85,114.6,马来西亚,砂拉越州,德朗乌山,,
4.55,114.88333,马来西亚,砂拉越州,林梦,,
4.66667,114.93333,马来西亚,砂拉越州,林梦,,
4.7,114.86667,马来西亚,砂拉越州,林梦,,Rumah Panjang Kampung Merasam Parit
4.51667,114.86667,马来西亚,砂拉越州,林梦,,
4.4,114.9,马来西亚,砂拉越州,林梦,,
4.35036,114.96874,马来西亚,砂拉越州,林梦,,
4.41667,114.95,马来西亚,砂拉越州,林梦,,
3.83333,114.71667,马来西亚,砂拉越州,德朗乌山,,
3.85,114.61667,马来西亚,砂拉越州,德朗乌山,,
3.95,114.55,马来西亚,砂拉越州,马鲁帝,,
3.56667,114.75,马来西亚,砂拉越州,德朗乌山,,
4.55,114.86667,马来西亚,砂拉越州,林梦,,
4.79485,114.9099,马来西亚,砂拉越州,林梦,,
4.68333,114.98333,马来西亚,砂拉越州,林梦,,Taman Megah
4.54955,114.86,马来西亚,砂拉越州,林梦,,
4.65403,114.82878,马来西亚,砂拉越州,林梦,,
4.16667,115.33333,马来西亚,砂拉越州,林梦,,
4.4551,115.5274,马来西亚,砂拉越州,老越,,
4.3538,115.4701,马来西亚,砂拉越州,老越,,
4.28601,115.49623,马来西亚,砂拉越州,老越,,
3.6563,115.2703,马来西亚,砂拉越州,美里,,
3.74042,115.46395,马来西亚,砂拉越州,美里,,
3.78333,115.38333,马来西亚,砂拉越州,美里,,
3.98333,115.06667,马来西亚,砂拉越州,美里,,
3.545,115.4957,马来西亚,砂拉越州,美里,,
4.1679,115.141,马来西亚,砂拉越州,林梦,,
3.7299,115.2801,马来西亚,砂拉越州,美里,,
2.5,114.5,马来西亚,砂拉越州,布拉甲,,
2.11667,114.18333,马来西亚,砂拉越州,布拉甲,,
2.03333,114.2,马来西亚,砂拉越州,布拉甲,,
2.08333,114.23333,马来西亚,砂拉越州,布拉甲,,
2.15,114.03333,马来西亚,砂拉越州,布拉甲,,
2.15,114.23333,马来西亚,砂拉越州,布拉甲,,
2.16667,113.75,马来西亚,砂拉越州,武吉玛邦,,
3.78333,114.15,马来西亚,砂拉越州,柏鲁鲁,,
3.7326,114.1857,马来西亚,砂拉越州,柏鲁鲁,,
4.26667,114.23333,马来西亚,砂拉越州,马鲁帝,,
4.0,114.05,马来西亚,砂拉越州,柏鲁鲁,,
4.18333,114.4,马来西亚,砂拉越州,马鲁帝,,
4.16667,114.38333,马来西亚,砂拉越州,马鲁帝,,
4.05,114.45,马来西亚,砂拉越州,马鲁帝,,
4.307,114.026,马来西亚,砂拉越州,美里,,
4.51667,114.18333,马来西亚,砂拉越州,马鲁帝,,
4.2752,114.2293,马来西亚,砂拉越州,马鲁帝,,
4.2264,114.2162,马来西亚,砂拉越州,马鲁帝,,
4.15,114.3,马来西亚,砂拉越州,马鲁帝,,
4.23333,114.31667,马来西亚,砂拉越州,马鲁帝,,
4.15,114.31667,马来西亚,砂拉越州,马鲁帝,,
4.1472,114.095,马来西亚,砂拉越州,柏鲁鲁,,
4.01667,114.38333,马来西亚,砂拉越州,马鲁帝,,
4.0386,114.0957,马来西亚,砂拉越州,柏鲁鲁,,
4.08333,114.35,马来西亚,砂拉越州,马鲁帝,,
4.1205,114.0256,马来西亚,砂拉越州,柏鲁鲁,,
3.91667,114.36667,马来西亚,砂拉越州,柏鲁鲁,,
3.83333,114.33333,马来西亚,砂拉越州,柏鲁鲁,,
3.7355,114.3132,马来西亚,砂拉越州,柏鲁鲁,,
3.6686,114.2722,马来西亚,砂拉越州,柏鲁鲁,,
3.7323,114.1081,马来西亚,砂拉越州,柏鲁鲁,,
3.95,114.3,马来西亚,砂拉越州,马鲁帝,,
3.86667,114.25,马来西亚,砂拉越州,柏鲁鲁,,
3.91667,114.45,马来西亚,砂拉越州,德朗乌山,,
3.85,114.45,马来西亚,砂拉越州,德朗乌山,,
3.81667,114.43333,马来西亚,砂拉越州,德朗乌山,,
3.7348,114.428,马来西亚,砂拉越州,德朗乌山,,
3.585,114.4326,马来西亚,砂拉越州,德朗乌山,,
2.66667,113.0,马来西亚,砂拉越州,达岛,,
2.96667,113.21667,马来西亚,砂拉越州,实包勿,,
2.53333,113.03333,马来西亚,砂拉越州,达岛,,
2.55,113.03333,马来西亚,砂拉越州,达岛,,
2.73333,113.08333,马来西亚,砂拉越州,达岛,,
2.78333,113.03333,马来西亚,砂拉越州,达岛,,
2.83333,113.08333,马来西亚,砂拉越州,达岛,,
2.88333,113.43333,马来西亚,砂拉越州,实包勿,,
2.93333,113.45,马来西亚,砂拉越州,实包勿,,
2.98333,113.16667,马来西亚,砂拉越州,实包勿,,
2.96667,113.46667,马来西亚,砂拉越州,实包勿,,
2.85,113.03333,马来西亚,砂拉越州,达岛,,
4.16667,113.91667,马来西亚,砂拉越州,苏必士,,
4.58333,114.96667,马来西亚,砂拉越州,林梦,,
4.18333,113.88333,马来西亚,砂拉越州,美里,,
4.3,113.95,马来西亚,砂拉越州,美里,,
4.0,113.91667,马来西亚,砂拉越州,苏必士,,
4.18025,113.8802,马来西亚,砂拉越州,美里,,
4.04137,113.81186,马来西亚,砂拉越州,苏必士,,
4.4715,114.0057,马来西亚,砂拉越州,美里,罗东,
3.8,113.48333,马来西亚,砂拉越州,,,
3.66667,114.75,马来西亚,砂拉越州,德朗乌山,,
2.68333,114.51667,马来西亚,砂拉越州,布拉甲,,
3.158,114.507,马来西亚,砂拉越州,柏鲁鲁,,
4.41237,114.15268,马来西亚,砂拉越州,美里,,
3.4544,114.5105,马来西亚,砂拉越州,德朗乌山,,
3.33333,114.83333,马来西亚,砂拉越州,德朗乌山,,
3.36667,114.86667,马来西亚,砂拉越州,德朗乌山,,
3.3,114.78333,马来西亚,砂拉越州,德朗乌山,,
3.23333,114.81667,马来西亚,砂拉越州,德朗乌山,,
3.45,114.95,马来西亚,砂拉越州,德朗乌山,,
3.04196,114.85026,马来西亚,砂拉越州,德朗乌山,,
3.06144,114.82154,马来西亚,砂拉越州,德朗乌山,,
3.13897,114.81287,马来西亚,砂拉越州,德朗乌山,,
2.98333,114.95,马来西亚,砂拉越州,德朗乌山,,
3.31667,114.78333,马来西亚,砂拉越州,德朗乌山,,
4.5931,115.449,马来西亚,砂拉越州,老越,,
4.6916,115.3226,马来西亚,砂拉越州,老越,,
4.9612,115.5896,马来西亚,砂拉越州,老越,,
4.8,115.28333,马来西亚,砂拉越州,老越,,
4.86667,115.38333,马来西亚,砂拉越州,老越,,老越花园
4.6745,115.3283,马来西亚,砂拉越州,老越,,
3.55,115.53333,马来西亚,砂拉越州,美里,,
3.76667,113.53333,马来西亚,砂拉越州,苏必士,,
3.66667,113.75,马来西亚,砂拉越州,苏必士,,
5.2951,100.23286,马来西亚,槟城州,西南县,公巴,
3.6035,114.4077,马来西亚,砂拉越州,德朗乌山,,
3.6102,114.4043,马来西亚,砂拉越州,德朗乌山,,
4.7088,115.8706,马来西亚,沙巴州,丹南,,
1.26667,111.68333,马来西亚,砂拉越州,鲁勃安都,,
1.15,111.93333,马来西亚,砂拉越州,鲁勃安都,,
5.0529,118.8684,马来西亚,沙巴州,拿笃,,
5.08333,115.56667,马来西亚,沙巴州,实必丹,,
1.15,112.0,马来西亚,砂拉越州,鲁勃安都,,
1.8,111.53333,马来西亚,砂拉越州,砂拉卓,,
4.56667,116.11667,马来西亚,沙巴州,纳巴湾,,
2.42267,102.17396,马来西亚,马六甲州,亚罗牙也县,,
2.1,103.26667,马来西亚,柔佛州,居銮县,,
1.16121,111.96069,马来西亚,砂拉越州,鲁勃安都,,
4.69355,115.68879,马来西亚,沙巴州,实必丹,,
1.2,111.83333,马来西亚,砂拉越州,鲁勃安都,,
1.21667,111.85,马来西亚,砂拉越州,鲁勃安都,,
1.16667,111.85,马来西亚,砂拉越州,鲁勃安都,,
2.3519,102.5375,马来西亚,柔佛州,东甲县,,
1.43333,111.71667,马来西亚,砂拉越州,鲁勃安都,,
5.0265,118.8832,马来西亚,沙巴州,拿笃,,
3.6734,101.5174,马来西亚,雪兰莪州,乌鲁雪兰莪县,,Kampung Hasan
1.8373,103.359,马来西亚,柔佛州,居銮县,,
2.739,102.1277,马来西亚,森美兰州,瓜拉庇劳县,,
1.46667,111.73333,马来西亚,砂拉越州,鲁勃安都,,
1.15,111.53333,马来西亚,砂拉越州,斯里阿曼,,
1.55,111.55,马来西亚,砂拉越州,木中,,
5.65,116.81667,马来西亚,沙巴州,兰瑙,,
1.28333,110.43333,马来西亚,砂拉越州,古晋,,
4.68333,115.86667,马来西亚,沙巴州,丹南,,
1.41667,111.55,马来西亚,砂拉越州,木中,,
5.73333,116.18333,马来西亚,沙巴州,,,
5.62778,118.60556,马来西亚,沙巴州,京那巴当岸,,
4.43333,116.05,马来西亚,沙巴州,纳巴湾,,
4.55,116.28333,马来西亚,沙巴州,纳巴湾,,
4.45,116.35,马来西亚,沙巴州,纳巴湾,,
5.3445,116.1753,马来西亚,沙巴州,根地咬,,
6.31667,100.45,马来西亚,吉打州,古邦巴素县,,
2.20393,102.23212,马来西亚,马六甲州,马六甲中央县,,Taman Siantan
5.30671,100.47407,马来西亚,槟城州,威中县,峇冬丁宜,
5.03333,118.93333,马来西亚,沙巴州,拿笃,,
3.36667,101.86667,马来西亚,彭亨州,文冬县,,
6.35,100.31667,马来西亚,吉打州,古邦巴素县,,
4.92518,103.31593,马来西亚,登嘉樓州,马江县,,
5.44668,100.46503,马来西亚,槟城州,威北县,,
5.9,100.45,马来西亚,吉打州,铅县,,
5.71667,116.2,马来西亚,沙巴州,,,
5.83333,100.45,马来西亚,吉打州,铅县,,
5.1,100.45,马来西亚,霹雳州,吉辇县,,
5.35874,100.2331,马来西亚,槟城州,西南县,Batu Hitam,
5.33025,100.44283,马来西亚,槟城州,威中县,,美雅花园
4.56667,116.33333,马来西亚,沙巴州,纳巴湾,,
6.07129,100.36578,马来西亚,吉打州,哥打士打县,,Taman Gunung Bintang
1.0,111.53333,马来西亚,砂拉越州,斯里阿曼,,
5.51667,100.61667,马来西亚,吉打州,居林县,双溪加拉岸,
1.58333,111.53333,马来西亚,砂拉越州,木中,,
6.9,116.68333,马来西亚,沙巴州,古达,,
1.04094,111.82077,马来西亚,砂拉越州,鲁勃安都,,
5.78333,116.03333,马来西亚,沙巴州,,,
6.5454,116.8907,马来西亚,沙巴州,哥打马鲁都,,
4.51667,116.38333,马来西亚,沙巴州,纳巴湾,,
1.2,111.96667,马来西亚,砂拉越州,鲁勃安都,,
6.43333,116.8,马来西亚,沙巴州,哥打马鲁都,,
5.96667,116.28333,马来西亚,沙巴州,斗亚兰,,
5.88333,102.5,马来西亚,吉兰丹州,巴西富地县,,
5.27049,100.48899,马来西亚,槟城州,威南县,,
2.2176,102.3594,马来西亚,马六甲州,马六甲中央县,,
3.0457,102.6549,马来西亚,彭亨州,百乐县,,
1.58333,111.46667,马来西亚,砂拉越州,木中,,
0.92499,110.5281,马来西亚,砂拉越州,打必禄,,
5.8996,116.0742,马来西亚,沙巴州,兵南邦,,
5.3576,103.0638,马来西亚,登嘉樓州,瓜拉尼鲁斯县,,
1.20832,110.3655,马来西亚,砂拉越州,古晋,,
5.7,116.33333,马来西亚,沙巴州,担布南,Pekan Tambunan,
6.0248,116.5168,马来西亚,沙巴州,古打毛律,,
5.65,116.31667,马来西亚,沙巴州,担布南,,
1.0,111.56667,马来西亚,砂拉越州,斯里阿曼,,
4.8028,103.4247,马来西亚,登嘉樓州,龙运县,,
1.26667,111.45,马来西亚,砂拉越州,斯里阿曼,,
1.53333,111.65,马来西亚,砂拉越州,木中,,
1.5,111.58333,马来西亚,砂拉越州,木中,,
1.25,111.56667,马来西亚,砂拉越州,鲁勃安都,,
4.30918,100.92932,马来西亚,霹雳州,中霹雳县,,
1.53333,104.13333,马来西亚,柔佛州,哥打丁宜县,,
1.5142,104.128,马来西亚,柔佛州,哥打丁宜县,,
1.38333,111.51667,马来西亚,砂拉越州,木中,,
1.36667,111.53333,马来西亚,砂拉越州,木中,,
1.06667,110.71667,马来西亚,砂拉越州,西连,,
1.05,110.66667,马来西亚,砂拉越州,西连,,
2.08333,111.68333,马来西亚,砂拉越州,马拉端,,
6.12076,100.2898,马来西亚,吉打州,哥打士打县,,
5.68333,102.53333,马来西亚,登嘉樓州,勿述县,,
5.53333,100.6,马来西亚,吉打州,居林县,,
5.9303,100.89493,马来西亚,吉打州,锡县,,
5.03903,100.41717,马来西亚,霹雳州,吉辇县,,
3.05,101.4,马来西亚,雪兰莪州,巴生县,,
4.53333,101.15,马来西亚,霹雳州,近打县,新邦波赖,Kampung Tanjong
5.72402,100.4017,马来西亚,吉打州,瓜拉姆达县,,
5.15017,100.46616,马来西亚,槟城州,威南县,,Taman Ipil Permai
3.83333,100.95,马来西亚,霹雳州,峇眼拿督县,,
5.1,100.96667,马来西亚,霹雳州,上霹靂县,,
2.8362,101.5136,马来西亚,雪兰莪州,瓜拉冷岳县,,
5.08333,102.08333,马来西亚,吉兰丹州,话望生县,,
2.15,102.45,马来西亚,马六甲州,野新县,,
5.48605,100.3829,马来西亚,槟城州,威北县,日落斗哇,
5.74773,100.36123,马来西亚,吉打州,铅县,,
5.74935,100.37061,马来西亚,吉打州,铅县,,
6.38333,117.28333,马来西亚,沙巴州,比鲁兰,,
1.2,111.55,马来西亚,砂拉越州,鲁勃安都,,
5.3,102.98333,马来西亚,登嘉樓州,瓜拉尼鲁斯县,,
1.15,111.75,马来西亚,砂拉越州,鲁勃安都,,
3.8018,100.9142,马来西亚,雪兰莪州,沙白安南县,,
1.36667,111.7,马来西亚,砂拉越州,鲁勃安都,,
1.26667,111.61667,马来西亚,砂拉越州,鲁勃安都,,Tebarong
1.53333,111.6,马来西亚,砂拉越州,木中,,
5.59561,100.77016,马来西亚,吉打州,华玲县,,Taman Sheikh Fadzir
6.11667,102.35,马来西亚,吉兰丹州,万捷县,,
1.21667,111.5,马来西亚,砂拉越州,鲁勃安都,,
4.86667,116.23333,马来西亚,沙巴州,纳巴湾,,
5.35,116.86667,马来西亚,沙巴州,东革,,
4.88333,116.48333,马来西亚,沙巴州,纳巴湾,,
4.66667,116.6,马来西亚,沙巴州,纳巴湾,,
5.38333,116.81667,马来西亚,沙巴州,东革,,
5.3397,103.0946,马来西亚,登嘉樓州,瓜拉尼鲁斯县,Kampung Batu Enam,Kampung Pengkalan Arang
6.23734,116.5413,马来西亚,沙巴州,古打毛律,,
1.2,110.53333,马来西亚,砂拉越州,西连,,
1.23333,112.01667,马来西亚,砂拉越州,鲁勃安都,,
1.36667,112.08333,马来西亚,砂拉越州,鲁勃安都,,
1.43333,111.55,马来西亚,砂拉越州,木中,,
7.31667,117.25,马来西亚,沙巴州,古达,,
6.11667,117.08333,马来西亚,沙巴州,兰瑙,,
1.38333,111.53333,马来西亚,砂拉越州,木中,,
1.4659,104.0416,马来西亚,柔佛州,哥打丁宜县,,
2.4,102.26667,马来西亚,马六甲州,亚罗牙也县,,
3.77578,101.08699,马来西亚,霹雳州,峇眼拿督县,,
2.06667,112.15,马来西亚,砂拉越州,加拿逸,,
5.56667,100.46667,马来西亚,吉打州,瓜拉姆达县,,
5.6,100.63333,马来西亚,吉打州,华玲县,,
1.35,103.55,马来西亚,柔佛州,新山县,,
3.8622,103.2409,马来西亚,彭亨州,关丹县,,
3.12412,102.59699,马来西亚,彭亨州,百乐县,,
3.12115,102.60855,马来西亚,彭亨州,百乐县,,
3.05,102.63333,马来西亚,彭亨州,百乐县,,
5.2813,100.446,马来西亚,槟城州,威南县,,
4.68333,103.38333,马来西亚,登嘉樓州,龙运县,,
5.15194,100.46627,马来西亚,槟城州,威南县,,
2.5411,102.1429,马来西亚,森美兰州,林茂县,,
6.6024,116.8586,马来西亚,沙巴州,哥打马鲁都,,
1.53333,111.51667,马来西亚,砂拉越州,木中,,
1.31667,111.63333,马来西亚,砂拉越州,鲁勃安都,,
1.65156,109.76341,马来西亚,砂拉越州,伦乐,,
6.01667,102.4,马来西亚,吉兰丹州,万捷县,,
6.31667,116.75,马来西亚,沙巴州,哥打马鲁都,,
2.2601,102.1523,马来西亚,马六甲州,马六甲中央县,,
5.0306,118.4065,马来西亚,沙巴州,拿笃,,
6.43333,116.75,马来西亚,沙巴州,哥打马鲁都,,
5.4986,115.819,马来西亚,沙巴州,保佛,,
1.21236,110.61722,马来西亚,砂拉越州,西连,,
2.615,101.8054,马来西亚,森美兰州,波德申县,,
4.15,101.26667,马来西亚,霹雳州,马登巴冷县,,Residensi Tapah
5.36667,100.46667,马来西亚,槟城州,威中县,,
5.60103,101.02332,马来西亚,霹雳州,上霹靂县,,
1.18333,111.41667,马来西亚,砂拉越州,斯里阿曼,,
6.05,116.71667,马来西亚,沙巴州,兰瑙,,
6.6,116.71667,马来西亚,沙巴州,哥打马鲁都,,
5.66667,116.36667,马来西亚,沙巴州,担布南,Pekan Tambunan,
6.7992,116.7064,马来西亚,沙巴州,古达,,
6.58333,116.76667,马来西亚,沙巴州,,,
6.71,117.0183,马来西亚,沙巴州,必达士,,
5.76667,116.4,马来西亚,沙巴州,担布南,,
2.6312,102.7193,马来西亚,柔佛州,昔加末县,,
4.63333,118.56667,马来西亚,沙巴州,仙本那,,
6.3,116.51667,马来西亚,沙巴州,古打毛律,,
4.53333,116.15,马来西亚,沙巴州,纳巴湾,,
6.1006,100.34753,马来西亚,吉打州,哥打士打县,Taman Merpati Fasa 3,
1.6,111.3,马来西亚,砂拉越州,浮刹,,
7.28333,117.28333,马来西亚,沙巴州,,,
5.9,116.33333,马来西亚,沙巴州,斗亚兰,,
5.71667,116.41667,马来西亚,沙巴州,担布南,,
5.58333,116.33333,马来西亚,沙巴州,担布南,,
5.26667,116.95,马来西亚,沙巴州,东革,,
5.61667,116.63333,马来西亚,沙巴州,兰瑙,,
6.08333,116.41667,马来西亚,沙巴州,斗亚兰,,
4.6,116.25,马来西亚,沙巴州,纳巴湾,,
5.36667,116.81667,马来西亚,沙巴州,东革,,
6.94731,116.78585,马来西亚,沙巴州,古达,,
1.4,110.13333,马来西亚,砂拉越州,石隆门,大段,
1.7391,103.856,马来西亚,柔佛州,哥打丁宜县,,
1.25,111.58333,马来西亚,砂拉越州,鲁勃安都,,
5.0263,118.8574,马来西亚,沙巴州,拿笃,,
6.86667,117.23333,马来西亚,沙巴州,必达士,,
6.03333,116.11667,马来西亚,沙巴州,亚庇,,
5.78333,116.1,马来西亚,沙巴州,,,
1.06527,111.85023,马来西亚,砂拉越州,鲁勃安都,,
5.0357,118.3137,马来西亚,沙巴州,拿笃,,
1.3,111.31667,马来西亚,砂拉越州,斯里阿曼,,
1.53333,111.45,马来西亚,砂拉越州,木中,,
1.55,111.43333,马来西亚,砂拉越州,木中,,
1.23333,111.75,马来西亚,砂拉越州,鲁勃安都,,
5.15543,100.44121,马来西亚,槟城州,威南县,,
3.41667,101.46667,马来西亚,雪兰莪州,乌鲁雪兰莪县,,
3.39769,101.62525,马来西亚,雪兰莪州,乌鲁雪兰莪县,,
1.01667,111.55,马来西亚,砂拉越州,斯里阿曼,,
1.03333,111.55,马来西亚,砂拉越州,斯里阿曼,,
1.05,111.53333,马来西亚,砂拉越州,斯里阿曼,,
5.63333,116.35,马来西亚,沙巴州,担布南,,
5.15,100.45,马来西亚,槟城州,威南县,,
1.16667,112.1,马来西亚,砂拉越州,鲁勃安都,,
3.2,101.31667,马来西亚,雪兰莪州,瓜拉雪兰莪县,,
5.44631,100.54994,马来西亚,吉打州,居林县,,
2.5641,101.88122,马来西亚,森美兰州,波德申县,,
2.5664,101.8792,马来西亚,森美兰州,波德申县,,
1.03333,111.56667,马来西亚,砂拉越州,斯里阿曼,,
5.44825,100.39595,马来西亚,槟城州,威北县,双溪浮油,
5.4,100.21667,马来西亚,槟城州,西南县,Sungai Rusa,
3.7853,103.2164,马来西亚,彭亨州,关丹县,,
2.62576,101.74717,马来西亚,森美兰州,波德申县,,
1.26667,111.73333,马来西亚,砂拉越州,鲁勃安都,,
5.58333,102.18333,马来西亚,吉兰丹州,瓜拉吉赖县,,
3.86667,101.48333,马来西亚,霹雳州,慕亚林县,,
1.31667,110.5,马来西亚,砂拉越州,西连,,
1.13333,111.66667,马来西亚,砂拉越州,鲁勃安都,,
1.41667,111.66667,马来西亚,砂拉越州,鲁勃安都,,
5.45,100.40946,马来西亚,槟城州,威北县,,
5.22015,100.52564,马来西亚,槟城州,威南县,,
2.66979,101.72829,马来西亚,雪兰莪州,雪邦县,,
5.38333,100.53333,马来西亚,吉打州,居林县,,
1.6,111.63333,马来西亚,砂拉越州,木中,,
1.01667,111.56667,马来西亚,砂拉越州,斯里阿曼,,
5.91667,102.16667,马来西亚,吉兰丹州,巴西马县,,
5.17397,100.54861,马来西亚,吉打州,万拉峇鲁县,,
5.15164,100.50136,马来西亚,槟城州,威南县,,
2.6,102.31667,马来西亚,森美兰州,瓜拉庇劳县,,
2.85,101.43333,马来西亚,雪兰莪州,瓜拉冷岳县,,
1.26667,112.06667,马来西亚,砂拉越州,鲁勃安都,,
1.28333,111.71667,马来西亚,砂拉越州,鲁勃安都,,
0.99507,111.61577,印度尼西亚 / 印度尼西亞,西加里曼丹省,Kapuas Hulu,,
5.34929,100.2966,马来西亚,槟城州,东北县,垄尾,
1.43333,111.7,马来西亚,砂拉越州,鲁勃安都,,
2.98333,101.76667,马来西亚,雪兰莪州,乌鲁冷岳县,锡米山,Sungai Ramal Baru
2.85,101.48333,马来西亚,雪兰莪州,瓜拉冷岳县,,
6.35,100.15,马来西亚,玻璃市州,,,
5.13333,100.41667,马来西亚,槟城州,威南县,,
6.33568,100.15864,马来西亚,玻璃市州,,,
1.18333,111.88333,马来西亚,砂拉越州,鲁勃安都,,
1.33333,111.3,马来西亚,砂拉越州,斯里阿曼,,
5.51667,115.95,马来西亚,沙巴州,,,
4.51667,116.3,马来西亚,沙巴州,纳巴湾,,
4.48333,116.41667,马来西亚,沙巴州,纳巴湾,,
4.55,116.25,马来西亚,沙巴州,纳巴湾,,
4.4,116.43333,马来西亚,沙巴州,纳巴湾,,
4.55,116.41667,马来西亚,沙巴州,纳巴湾,,
4.71667,116.51667,马来西亚,沙巴州,纳巴湾,,
1.05581,111.82475,马来西亚,砂拉越州,鲁勃安都,,
1.21667,111.76667,马来西亚,砂拉越州,鲁勃安都,,
6.99611,116.7791,马来西亚,沙巴州,古达,,
4.86667,116.3,马来西亚,沙巴州,纳巴湾,,
5.05,115.95,马来西亚,沙巴州,丹南,,
4.48333,116.5,马来西亚,沙巴州,纳巴湾,,
4.68333,116.6,马来西亚,沙巴州,纳巴湾,,
4.36762,116.15015,马来西亚,沙巴州,纳巴湾,,
2.3474,102.2696,马来西亚,马六甲州,亚罗牙也县,,
2.4476,102.1411,马来西亚,马六甲州,亚罗牙也县,,
2.1858,102.3249,马来西亚,马六甲州,马六甲中央县,,
2.4,102.21667,马来西亚,马六甲州,亚罗牙也县,,
2.1541,102.3591,马来西亚,马六甲州,野新县,,
2.1483,102.3558,马来西亚,马六甲州,野新县,,
2.42894,102.11348,马来西亚,马六甲州,亚罗牙也县,,
2.3568,102.0312,马来西亚,马六甲州,亚罗牙也县,,
2.3553,102.1274,马来西亚,马六甲州,亚罗牙也县,,
2.2842,102.3334,马来西亚,马六甲州,野新县,,
2.3715,102.1094,马来西亚,马六甲州,亚罗牙也县,,
2.35,102.15,马来西亚,马六甲州,亚罗牙也县,,
2.172,102.3437,马来西亚,马六甲州,野新县,,
2.1637,102.3495,马来西亚,马六甲州,野新县,,
2.3317,102.2616,马来西亚,马六甲州,亚罗牙也县,,
2.55,102.11667,马来西亚,森美兰州,林茂县,,
2.4,102.1,马来西亚,马六甲州,亚罗牙也县,,
2.3755,102.1143,马来西亚,马六甲州,亚罗牙也县,,
4.58333,116.51667,马来西亚,沙巴州,纳巴湾,,
1.6883,103.5727,马来西亚,柔佛州,古来县,,
4.53333,116.38333,马来西亚,沙巴州,纳巴湾,,
4.56667,116.45,马来西亚,沙巴州,纳巴湾,,
5.73027,100.36457,马来西亚,吉打州,铅县,,
2.08333,112.21667,马来西亚,砂拉越州,加拿逸,,
5.43333,116.61667,马来西亚,沙巴州,根地咬,,
5.43333,116.63333,马来西亚,沙巴州,根地咬,,
4.46812,116.24035,马来西亚,沙巴州,纳巴湾,,
5.8,102.41667,马来西亚,吉兰丹州,巴西富地县,,
5.91389,100.42884,马来西亚,吉打州,铅县,,
5.11348,100.47522,马来西亚,霹雳州,吉辇县,,Taman Murni
5.03357,100.44041,马来西亚,霹雳州,吉辇县,,
4.93333,100.65,马来西亚,霹雳州,吉辇县,,
4.23333,101.21667,马来西亚,霹雳州,马登巴冷县,,Taman Sri Chenderiang
3.21667,101.35,马来西亚,雪兰莪州,瓜拉雪兰莪县,,
4.5,100.91667,马来西亚,霹雳州,中霹雳县,,Tanjung Belanja
3.3451,101.5927,马来西亚,雪兰莪州,乌鲁雪兰莪县,,
2.8,101.45,马来西亚,雪兰莪州,瓜拉冷岳县,,Taman Seri Muhibbah
4.5027,101.1343,马来西亚,霹雳州,近打县,,Kampung Kurnia
4.13333,102.0,马来西亚,彭亨州,立卑县,,
2.78333,101.45,马来西亚,雪兰莪州,瓜拉冷岳县,,
5.09248,100.48738,马来西亚,霹雳州,吉辇县,,Taman Zamrud
4.2373,100.6898,马来西亚,霹雳州,曼绒县,,Kampung Sitiawan
2.2927,102.4419,马来西亚,马六甲州,野新县,,
2.372,102.208,马来西亚,马六甲州,亚罗牙也县,,
4.8243,101.0941,马来西亚,霹雳州,江沙县,,
2.3311,102.3073,马来西亚,马六甲州,亚罗牙也县,,
5.85,100.43333,马来西亚,吉打州,铅县,,
5.8966,100.37868,马来西亚,吉打州,铅县,,
5.36573,100.4274,马来西亚,槟城州,威中县,武吉丁雅,
2.4364,102.1883,马来西亚,马六甲州,亚罗牙也县,,
4.2015,100.7301,马来西亚,霹雳州,曼绒县,,二条路新村
5.18333,115.96667,马来西亚,沙巴州,丹南,,
5.48306,100.42687,马来西亚,槟城州,威北县,,
4.56667,116.18333,马来西亚,沙巴州,纳巴湾,,
1.01667,111.73333,马来西亚,砂拉越州,鲁勃安都,,
4.58333,116.45,马来西亚,沙巴州,纳巴湾,,
1.12524,111.86654,马来西亚,砂拉越州,鲁勃安都,,
2.75,101.96667,马来西亚,森美兰州,芙蓉县,小甘密,
1.58333,110.43333,马来西亚,砂拉越州,古晋,,
4.55,116.45,马来西亚,沙巴州,纳巴湾,,
4.61667,116.23333,马来西亚,沙巴州,纳巴湾,,
4.48089,116.21261,马来西亚,沙巴州,纳巴湾,,
1.68333,110.21667,马来西亚,砂拉越州,古晋,柏特拉再也,
6.66667,116.78333,马来西亚,沙巴州,古达,,
1.15,111.86667,马来西亚,砂拉越州,鲁勃安都,,
1.41667,111.65,马来西亚,砂拉越州,木中,,
4.5,116.28333,马来西亚,沙巴州,纳巴湾,,
1.65,111.81667,马来西亚,砂拉越州,巴干,,
1.46667,110.31667,马来西亚,砂拉越州,古晋,,
2.8,101.91667,马来西亚,森美兰州,芙蓉县,,
1.15,111.63333,马来西亚,砂拉越州,鲁勃安都,,
1.31667,111.31667,马来西亚,砂拉越州,斯里阿曼,,
1.20288,111.67566,马来西亚,砂拉越州,鲁勃安都,,
1.43333,111.48333,马来西亚,砂拉越州,木中,,
1.43333,111.46667,马来西亚,砂拉越州,木中,,
4.56667,116.43333,马来西亚,沙巴州,纳巴湾,,
1.23042,111.75995,马来西亚,砂拉越州,鲁勃安都,,
1.46667,111.46667,马来西亚,砂拉越州,木中,,
2.1637,102.5861,马来西亚,柔佛州,东甲县,,
2.15,102.38333,马来西亚,马六甲州,野新县,,
1.994,103.2528,马来西亚,柔佛州,居銮县,,
3.05,102.96667,马来西亚,彭亨州,云冰县,,
4.75,103.16667,马来西亚,登嘉樓州,龙运县,,
1.23605,111.84482,马来西亚,砂拉越州,鲁勃安都,,
3.01667,101.71667,马来西亚,雪兰莪州,八打灵县,斯里沙登,
4.78333,103.35,马来西亚,登嘉樓州,龙运县,,
3.9693,103.3659,马来西亚,彭亨州,关丹县,,
1.21947,111.72177,马来西亚,砂拉越州,鲁勃安都,,
1.16667,111.51667,马来西亚,砂拉越州,斯里阿曼,,
2.8072,101.8021,马来西亚,森美兰州,芙蓉县,,
2.68333,101.75,马来西亚,雪兰莪州,雪邦县,,Taman Sri Sepang
1.2,111.6,马来西亚,砂拉越州,鲁勃安都,,
5.0132,118.2738,马来西亚,沙巴州,拿笃,,
5.73333,117.05,马来西亚,沙巴州,特鲁必,,
1.18333,111.95,马来西亚,砂拉越州,鲁勃安都,,
1.46667,111.65,马来西亚,砂拉越州,木中,,
1.23333,111.51667,马来西亚,砂拉越州,鲁勃安都,,
1.56667,111.53333,马来西亚,砂拉越州,木中,,
2.67291,101.84535,马来西亚,森美兰州,芙蓉县,,
1.9,103.4,马来西亚,柔佛州,居銮县,,
6.7127,117.0763,马来西亚,沙巴州,必达士,,
2.71,102.2496,马来西亚,森美兰州,瓜拉庇劳县,,
1.41667,111.51667,马来西亚,砂拉越州,木中,,
2.2116,102.383,马来西亚,马六甲州,马六甲中央县,,
2.4621,102.3418,马来西亚,马六甲州,亚罗牙也县,,
2.2425,102.3736,马来西亚,马六甲州,野新县,,
5.55,115.96667,马来西亚,沙巴州,,,
5.55,115.95,马来西亚,沙巴州,,,
5.70264,100.47189,马来西亚,吉打州,瓜拉姆达县,,
1.1256,111.67501,马来西亚,砂拉越州,鲁勃安都,,
5.18333,101.03333,马来西亚,霹雳州,上霹靂县,,
5.5,100.4,马来西亚,槟城州,威北县,日落斗哇,
1.16667,111.28333,马来西亚,砂拉越州,斯里阿曼,,
1.2,111.28333,马来西亚,砂拉越州,斯里阿曼,,
6.81667,116.83333,马来西亚,沙巴州,古达,,
5.41667,100.23333,马来西亚,槟城州,西南县,直落巴巷,
1.21667,111.65,马来西亚,砂拉越州,鲁勃安都,,Tebarong
1.55,111.81667,马来西亚,砂拉越州,鲁勃安都,,
1.43333,111.56667,马来西亚,砂拉越州,木中,,
1.46667,111.56667,马来西亚,砂拉越州,木中,,
2.88333,101.46667,马来西亚,雪兰莪州,瓜拉冷岳县,,
1.18333,111.63333,马来西亚,砂拉越州,鲁勃安都,,
4.51667,116.26667,马来西亚,沙巴州,纳巴湾,,
1.05,111.6,马来西亚,砂拉越州,斯里阿曼,,
1.21934,111.73142,马来西亚,砂拉越州,鲁勃安都,,
1.25,111.46667,马来西亚,砂拉越州,斯里阿曼,,Taman Alam Indah
1.15,111.8,马来西亚,砂拉越州,鲁勃安都,,
1.13333,111.8,马来西亚,砂拉越州,鲁勃安都,,
1.10792,111.73374,马来西亚,砂拉越州,鲁勃安都,,
4.46667,116.5,马来西亚,沙巴州,纳巴湾,,
6.56667,117.0,马来西亚,沙巴州,必达士,,
3.59424,101.73235,马来西亚,雪兰莪州,乌鲁雪兰莪县,,
1.48333,111.65,马来西亚,砂拉越州,木中,,
2.76667,112.96667,马来西亚,砂拉越州,达岛,,
1.13333,111.58333,马来西亚,砂拉越州,斯里阿曼,,
1.04106,111.79333,马来西亚,砂拉越州,鲁勃安都,,
1.55,111.53333,马来西亚,砂拉越州,木中,,
6.5348,116.9388,马来西亚,沙巴州,哥打马鲁都,,
6.83333,116.81667,马来西亚,沙巴州,古达,,
5.43333,100.4,马来西亚,槟城州,威北县,,峇眼拉浪花园
5.1156,118.0576,马来西亚,沙巴州,拿笃,,
1.43333,111.51667,马来西亚,砂拉越州,木中,,
1.96667,113.41667,马来西亚,砂拉越州,武吉玛邦,,
6.6459,116.9279,马来西亚,沙巴州,必达士,,
6.4786,116.8629,马来西亚,沙巴州,哥打马鲁都,,
4.4,116.45,马来西亚,沙巴州,纳巴湾,,
4.40444,116.22119,马来西亚,沙巴州,纳巴湾,,
4.46667,116.35,马来西亚,沙巴州,纳巴湾,,
4.53333,116.16667,马来西亚,沙巴州,纳巴湾,,
3.08333,101.7,马来西亚,吉隆坡,吉隆坡,沙叻秀,八打灵高原
3.106,101.705,马来西亚,吉隆坡,吉隆坡,蕉赖皇后镇,
4.55,116.38333,马来西亚,沙巴州,纳巴湾,,
4.38333,116.1,马来西亚,沙巴州,纳巴湾,,
4.23333,101.06667,马来西亚,霹雳州,中霹雳县,,
4.46667,101.18333,马来西亚,霹雳州,金宝县,,
3.8,101.38333,马来西亚,霹雳州,慕亚林县,,
1.38333,111.55,马来西亚,砂拉越州,木中,,
6.23333,116.53333,马来西亚,沙巴州,古打毛律,,
6.66667,117.01667,马来西亚,沙巴州,必达士,,
2.5796,101.93,马来西亚,森美兰州,芙蓉县,,
5.3848,116.2376,马来西亚,沙巴州,根地咬,,
1.2,111.46667,马来西亚,砂拉越州,斯里阿曼,,Kuarters Jururawat Sri Aman
4.48333,116.36667,马来西亚,沙巴州,纳巴湾,,
3.9653,100.7122,马来西亚,霹雳州,峇眼拿督县,,Kampung Sungai Betul
6.8,116.65,马来西亚,沙巴州,古达,,
5.88333,116.5,马来西亚,沙巴州,担布南,,
2.05,111.48333,马来西亚,砂拉越州,泗里街,,
3.01667,113.36667,马来西亚,砂拉越州,实包勿,,
3.9,113.76667,马来西亚,砂拉越州,苏必士,,
4.48534,114.84249,马来西亚,砂拉越州,林梦,,
1.88333,112.16667,马来西亚,砂拉越州,加拿逸,,
3.21667,113.36667,马来西亚,砂拉越州,实包勿,,
2.05,113.31667,马来西亚,砂拉越州,武吉玛邦,,
2.03333,112.26667,马来西亚,砂拉越州,加拿逸,,
1.71667,112.4,马来西亚,砂拉越州,桑坡,,
1.7,112.36667,马来西亚,砂拉越州,桑坡,,
2.11667,111.96667,马来西亚,砂拉越州,诗巫,,
2.1,113.45,马来西亚,砂拉越州,武吉玛邦,,
1.76667,111.71667,马来西亚,砂拉越州,巴干,,
2.23333,111.93333,马来西亚,砂拉越州,诗巫,,
2.1,113.36667,马来西亚,砂拉越州,武吉玛邦,,
2.03333,111.81667,马来西亚,砂拉越州,芦楼,,
1.98333,112.93333,马来西亚,砂拉越州,加帛,,
1.81667,113.31667,马来西亚,砂拉越州,武吉玛邦,,
2.05,113.23333,马来西亚,砂拉越州,武吉玛邦,,
1.83333,113.63333,马来西亚,砂拉越州,武吉玛邦,,
2.26667,111.56667,马来西亚,砂拉越州,马拉端,,
1.88333,111.61667,马来西亚,砂拉越州,巴干,,
2.1,112.33333,马来西亚,砂拉越州,加拿逸,,
1.9,111.85,马来西亚,砂拉越州,芦楼,,
2.13333,111.98333,马来西亚,砂拉越州,诗巫,,
4.2105,115.1218,马来西亚,砂拉越州,林梦,,
2.31667,111.58333,马来西亚,砂拉越州,诗巫,,
1.7,112.46667,马来西亚,砂拉越州,桑坡,,
2.45,111.98333,马来西亚,砂拉越州,诗巫,,
2.45,111.6,马来西亚,砂拉越州,玛都,,
1.76667,111.73333,马来西亚,砂拉越州,巴干,,
3.9,114.0,马来西亚,砂拉越州,苏必士,,
3.76667,113.76667,马来西亚,砂拉越州,苏必士,,
3.13333,113.2,马来西亚,砂拉越州,实包勿,,
1.9,112.36667,马来西亚,砂拉越州,加拿逸,,
2.01667,112.5,马来西亚,砂拉越州,桑坡,,
1.91667,112.76667,马来西亚,砂拉越州,桑坡,,
3.81667,113.78333,马来西亚,砂拉越州,苏必士,,
2.28333,111.56667,马来西亚,砂拉越州,马拉端,,
2.08333,111.43333,马来西亚,砂拉越州,泗里街,,
1.75,111.48333,马来西亚,砂拉越州,砂拉卓,,
2.0,112.26667,马来西亚,砂拉越州,加拿逸,,
2.28333,112.4,马来西亚,砂拉越州,实兰沟,,
1.85,111.5,马来西亚,砂拉越州,砂拉卓,,
1.85,111.61667,马来西亚,砂拉越州,巴干,,
2.46667,112.41667,马来西亚,砂拉越州,实兰沟,,
1.91667,113.13333,马来西亚,砂拉越州,加帛,,
4.1,113.91667,马来西亚,砂拉越州,苏必士,,
1.95,111.9,马来西亚,砂拉越州,芦楼,,
1.81667,111.7,马来西亚,砂拉越州,巴干,,
1.81667,112.26667,马来西亚,砂拉越州,加拿逸,,
1.75,111.43333,马来西亚,砂拉越州,砂拉卓,,
2.11667,112.45,马来西亚,砂拉越州,桑坡,,
2.06667,111.9,马来西亚,砂拉越州,芦楼,,
1.83333,113.4,马来西亚,砂拉越州,武吉玛邦,,
3.91667,113.93333,马来西亚,砂拉越州,苏必士,,
2.43333,111.86667,马来西亚,砂拉越州,诗巫,,
1.93333,111.71667,马来西亚,砂拉越州,巴干,,
2.11667,113.43333,马来西亚,砂拉越州,武吉玛邦,,
2.36667,111.65,马来西亚,砂拉越州,诗巫,,
2.26667,111.58333,马来西亚,砂拉越州,马拉端,,
1.9,113.66667,马来西亚,砂拉越州,武吉玛邦,,
1.28333,110.55,马来西亚,砂拉越州,西连,,
3.01667,113.58333,马来西亚,砂拉越州,实包勿,,
1.9,111.65,马来西亚,砂拉越州,巴干,,
2.35,111.88333,马来西亚,砂拉越州,诗巫,,
1.95,111.75,马来西亚,砂拉越州,芦楼,,
1.83333,111.91667,马来西亚,砂拉越州,芦楼,,
2.31667,111.96667,马来西亚,砂拉越州,诗巫,,
4.47056,114.90579,马来西亚,砂拉越州,林梦,,
1.68333,111.45,马来西亚,砂拉越州,砂拉卓,,
3.4,114.15,马来西亚,砂拉越州,柏鲁鲁,,
1.68333,111.43333,马来西亚,砂拉越州,砂拉卓,,
1.7,112.41667,马来西亚,砂拉越州,桑坡,,
4.31814,114.89583,马来西亚,砂拉越州,林梦,,
4.15,114.4,马来西亚,砂拉越州,马鲁帝,,
1.9,111.95,马来西亚,砂拉越州,芦楼,,
1.96667,111.63333,马来西亚,砂拉越州,巴干,,
1.15,113.1,印度尼西亚 / 印度尼西亞,西加里曼丹省,Kapuas Hulu,,
1.7,111.35,马来西亚,砂拉越州,砂拉卓,,
1.86667,112.48333,马来西亚,砂拉越州,桑坡,,
1.76667,113.35,马来西亚,砂拉越州,武吉玛邦,,
2.36667,111.96667,马来西亚,砂拉越州,诗巫,,
2.31667,111.45,马来西亚,砂拉越州,,,
1.9,111.93333,马来西亚,砂拉越州,芦楼,,
2.08333,111.96667,马来西亚,砂拉越州,诗巫,,
2.03333,112.4,马来西亚,砂拉越州,桑坡,,
4.0587,114.0281,马来西亚,砂拉越州,柏鲁鲁,,
1.86667,111.66667,马来西亚,砂拉越州,巴干,,
2.48333,112.31667,马来西亚,砂拉越州,实兰沟,,
2.25,111.41667,马来西亚,砂拉越州,,丹绒玛尼,
2.08333,111.45,马来西亚,砂拉越州,泗里街,,
1.95,113.31667,马来西亚,砂拉越州,武吉玛邦,,
1.85,113.6,马来西亚,砂拉越州,武吉玛邦,,
4.2,115.13333,马来西亚,砂拉越州,林梦,,
2.46667,111.96667,马来西亚,砂拉越州,诗巫,,
2.0,111.58333,马来西亚,砂拉越州,泗里街,,
2.01667,113.06667,马来西亚,砂拉越州,加帛,,
4.16667,114.4,马来西亚,砂拉越州,马鲁帝,,
1.8,111.93333,马来西亚,砂拉越州,芦楼,,
4.53569,114.85223,马来西亚,砂拉越州,林梦,,
2.01667,111.81667,马来西亚,砂拉越州,芦楼,,
1.91667,111.71667,马来西亚,砂拉越州,巴干,,
1.93333,111.63333,马来西亚,砂拉越州,巴干,,
2.4,111.93333,马来西亚,砂拉越州,诗巫,,
1.71667,111.46667,马来西亚,砂拉越州,砂拉卓,,
1.76667,111.78333,马来西亚,砂拉越州,芦楼,,
2.4,112.36667,马来西亚,砂拉越州,实兰沟,,
1.96667,112.91667,马来西亚,砂拉越州,加帛,,
2.11667,112.38333,马来西亚,砂拉越州,加拿逸,,
4.11667,114.38333,马来西亚,砂拉越州,马鲁帝,,
3.76667,114.13333,马来西亚,砂拉越州,柏鲁鲁,,
2.03333,111.8,马来西亚,砂拉越州,芦楼,,
2.06667,111.76667,马来西亚,砂拉越州,马拉端,,
1.9,112.16667,马来西亚,砂拉越州,加拿逸,,
2.06667,112.33333,马来西亚,砂拉越州,加拿逸,,
1.91667,112.36667,马来西亚,砂拉越州,加拿逸,,
2.08333,111.93333,马来西亚,砂拉越州,诗巫,,
2.0,112.15,马来西亚,砂拉越州,加拿逸,,
1.98333,112.25,马来西亚,砂拉越州,加拿逸,,
2.2,111.63333,马来西亚,砂拉越州,马拉端,,
2.36667,112.41667,马来西亚,砂拉越州,实兰沟,,
2.03333,112.5,马来西亚,砂拉越州,桑坡,,
2.0,113.1,马来西亚,砂拉越州,加帛,,
2.35,111.96667,马来西亚,砂拉越州,诗巫,,
2.31667,111.66667,马来西亚,砂拉越州,诗巫,,
2.3,111.46667,马来西亚,砂拉越州,马拉端,,
1.83333,111.6,马来西亚,砂拉越州,巴干,,
2.03333,112.38333,马来西亚,砂拉越州,加拿逸,,
2.0,112.4,马来西亚,砂拉越州,加拿逸,,
2.01667,111.46667,马来西亚,砂拉越州,泗里街,,
1.88333,111.88333,马来西亚,砂拉越州,芦楼,,
3.1,113.26667,马来西亚,砂拉越州,实包勿,,
1.51667,111.46667,马来西亚,砂拉越州,木中,,
1.96667,112.86667,马来西亚,砂拉越州,加帛,,
1.86667,111.6,马来西亚,砂拉越州,巴干,,
2.03333,113.28333,马来西亚,砂拉越州,武吉玛邦,,
2.01667,112.26667,马来西亚,砂拉越州,加拿逸,,
1.58333,111.43333,马来西亚,砂拉越州,木中,,
3.65,113.85,马来西亚,砂拉越州,苏必士,,
3.21667,113.35,马来西亚,砂拉越州,实包勿,,
2.08333,112.31667,马来西亚,砂拉越州,加拿逸,,
2.06667,111.4,马来西亚,砂拉越州,泗里街,,
1.9,111.81667,马来西亚,砂拉越州,芦楼,,
1.98333,112.0,马来西亚,砂拉越州,加拿逸,,
4.3,114.26667,马来西亚,砂拉越州,马鲁帝,,
1.95,112.21667,马来西亚,砂拉越州,加拿逸,,
3.66667,113.86667,马来西亚,砂拉越州,苏必士,,
2.1,112.43333,马来西亚,砂拉越州,桑坡,,
1.78333,112.25,马来西亚,砂拉越州,加拿逸,,
1.78333,111.93333,马来西亚,砂拉越州,芦楼,,
4.78333,114.13333,文莱 / 汶萊,,,,
3.78333,114.13333,马来西亚,砂拉越州,柏鲁鲁,,
2.43333,111.98333,马来西亚,砂拉越州,诗巫,,
2.1,111.41667,马来西亚,砂拉越州,泗里街,,
4.13333,114.4,马来西亚,砂拉越州,马鲁帝,,
3.743,114.1183,马来西亚,砂拉越州,柏鲁鲁,,
1.86667,112.3,马来西亚,砂拉越州,加拿逸,,
2.0,111.86667,马来西亚,砂拉越州,芦楼,,
1.98333,112.01667,马来西亚,砂拉越州,加拿逸,,
1.91667,112.21667,马来西亚,砂拉越州,加拿逸,,
2.21667,111.85,马来西亚,砂拉越州,诗巫,,
3.91667,114.35,马来西亚,砂拉越州,柏鲁鲁,,
4.45,114.96667,马来西亚,砂拉越州,林梦,,
6.03333,100.81667,马来西亚,吉打州,锡县,,
1.88333,112.31667,马来西亚,砂拉越州,加拿逸,,
3.06667,113.33333,马来西亚,砂拉越州,实包勿,,
1.71667,112.55,马来西亚,砂拉越州,桑坡,,
1.86667,111.63333,马来西亚,砂拉越州,巴干,,
2.05,111.38333,马来西亚,砂拉越州,泗里街,,
2.03333,112.43333,马来西亚,砂拉越州,桑坡,,
2.46667,112.28333,马来西亚,砂拉越州,实兰沟,,
1.81667,111.56667,马来西亚,砂拉越州,巴干,,
3.1,113.7,马来西亚,砂拉越州,实包勿,,
2.16667,113.06667,马来西亚,砂拉越州,加帛,,
4.0,114.48333,马来西亚,砂拉越州,马鲁帝,,
1.98333,112.23333,马来西亚,砂拉越州,加拿逸,,
3.96667,114.08333,马来西亚,砂拉越州,柏鲁鲁,,
1.96667,112.36667,马来西亚,砂拉越州,加拿逸,,
2.35,111.6,马来西亚,砂拉越州,,,
2.01667,113.08333,马来西亚,砂拉越州,加帛,,
3.0325,114.2285,马来西亚,砂拉越州,布拉甲,,
2.26667,112.43333,马来西亚,砂拉越州,实兰沟,,
3.83333,113.75,马来西亚,砂拉越州,苏必士,,
2.01667,113.43333,马来西亚,砂拉越州,武吉玛邦,,
3.01667,113.23333,马来西亚,砂拉越州,实包勿,,
2.35,111.81667,马来西亚,砂拉越州,诗巫,,
3.7486,114.1341,马来西亚,砂拉越州,柏鲁鲁,,
1.96667,111.8,马来西亚,砂拉越州,芦楼,,
2.36667,111.78333,马来西亚,砂拉越州,诗巫,,
1.95,111.78333,马来西亚,砂拉越州,芦楼,,
1.95,113.1,马来西亚,砂拉越州,加帛,,
2.08333,112.48333,马来西亚,砂拉越州,桑坡,,
2.21667,111.3,马来西亚,砂拉越州,,丹绒玛尼,
3.1,113.13333,马来西亚,砂拉越州,民都鲁,,
2.23333,111.98333,马来西亚,砂拉越州,诗巫,,
2.11667,113.3,马来西亚,砂拉越州,武吉玛邦,,
1.96667,111.21667,马来西亚,砂拉越州,甲望,,
1.9,112.78333,马来西亚,砂拉越州,桑坡,,
2.06667,112.31667,马来西亚,砂拉越州,加拿逸,,
2.01667,111.78333,马来西亚,砂拉越州,芦楼,,
2.0,111.8,马来西亚,砂拉越州,芦楼,,
2.5,112.36667,马来西亚,砂拉越州,实兰沟,,
2.25,111.86667,马来西亚,砂拉越州,诗巫,,
1.81667,111.63333,马来西亚,砂拉越州,巴干,,
2.48333,111.95,马来西亚,砂拉越州,诗巫,,
1.8,111.8,马来西亚,砂拉越州,芦楼,,
2.1,112.38333,马来西亚,砂拉越州,加拿逸,,
4.06667,114.35,马来西亚,砂拉越州,马鲁帝,,
2.18333,113.51667,马来西亚,砂拉越州,武吉玛邦,,
2.06667,111.38333,马来西亚,砂拉越州,泗里街,,
1.98333,111.51667,马来西亚,砂拉越州,泗里街,,
2.34829,111.82813,马来西亚,砂拉越州,诗巫,,
2.1,113.26667,马来西亚,砂拉越州,武吉玛邦,,
1.98333,113.13333,马来西亚,砂拉越州,加帛,,
1.91667,111.18333,马来西亚,砂拉越州,甲望,,
2.01667,111.98333,马来西亚,砂拉越州,加拿逸,,
1.3,112.06667,马来西亚,砂拉越州,鲁勃安都,,
2.18333,111.58333,马来西亚,砂拉越州,泗里街,,
2.36667,111.43333,马来西亚,砂拉越州,,丹绒玛尼,
2.05,111.76667,马来西亚,砂拉越州,马拉端,,
2.23333,111.25,马来西亚,砂拉越州,,,
2.41667,111.93333,马来西亚,砂拉越州,诗巫,,
3.26667,113.58333,马来西亚,砂拉越州,实包勿,,
1.76667,113.38333,马来西亚,砂拉越州,武吉玛邦,,
2.38333,111.95,马来西亚,砂拉越州,诗巫,,
4.45,114.93333,马来西亚,砂拉越州,林梦,,
1.66667,112.76667,马来西亚,砂拉越州,桑坡,,
1.86667,113.5,马来西亚,砂拉越州,武吉玛邦,,
2.01667,111.85,马来西亚,砂拉越州,芦楼,,
2.1,111.75,马来西亚,砂拉越州,马拉端,,
1.66667,112.75,马来西亚,砂拉越州,桑坡,,
2.31667,111.55,马来西亚,砂拉越州,马拉端,,
1.9,111.71667,马来西亚,砂拉越州,巴干,,
3.91667,114.11667,马来西亚,砂拉越州,柏鲁鲁,,
2.36667,111.81667,马来西亚,砂拉越州,诗巫,,
2.35492,111.64008,马来西亚,砂拉越州,诗巫,,
2.08333,111.95,马来西亚,砂拉越州,诗巫,,
2.03333,113.18333,马来西亚,砂拉越州,武吉玛邦,,
3.88333,114.15,马来西亚,砂拉越州,柏鲁鲁,,
1.85,113.41667,马来西亚,砂拉越州,武吉玛邦,,
2.03333,111.45,马来西亚,砂拉越州,泗里街,,
2.13333,113.3,马来西亚,砂拉越州,武吉玛邦,,
2.0,111.43333,马来西亚,砂拉越州,泗里街,,
1.81667,111.68333,马来西亚,砂拉越州,巴干,,
2.03333,111.91667,马来西亚,砂拉越州,芦楼,,
1.86667,111.11667,马来西亚,砂拉越州,甲望,,
2.4,112.25,马来西亚,砂拉越州,实兰沟,,
1.91667,112.96667,马来西亚,砂拉越州,加帛,,
2.11667,111.81667,马来西亚,砂拉越州,诗巫,,
1.91667,112.08333,马来西亚,砂拉越州,加拿逸,,
2.05,111.81667,马来西亚,砂拉越州,诗巫,,
1.71667,112.51667,马来西亚,砂拉越州,桑坡,,
1.93333,112.36667,马来西亚,砂拉越州,加拿逸,,
1.73333,111.35,马来西亚,砂拉越州,砂拉卓,,
1.71667,111.41667,马来西亚,砂拉越州,砂拉卓,,
3.06667,113.1,马来西亚,砂拉越州,民都鲁,,
3.75,113.78333,马来西亚,砂拉越州,苏必士,,
3.73333,113.78333,马来西亚,砂拉越州,苏必士,,
2.25,111.81667,马来西亚,砂拉越州,诗巫,,
3.15,113.35,马来西亚,砂拉越州,实包勿,,
1.85,113.55,马来西亚,砂拉越州,武吉玛邦,,
1.96667,113.13333,马来西亚,砂拉越州,加帛,,
1.86667,113.58333,马来西亚,砂拉越州,武吉玛邦,,
1.95,111.76667,马来西亚,砂拉越州,芦楼,,
1.9,111.73333,马来西亚,砂拉越州,巴干,,
1.95,112.23333,马来西亚,砂拉越州,加拿逸,,
2.13333,113.1,马来西亚,砂拉越州,加帛,,
1.68333,112.73333,马来西亚,砂拉越州,桑坡,,
3.88333,114.11667,马来西亚,砂拉越州,柏鲁鲁,,
3.55,113.61667,马来西亚,砂拉越州,苏必士,,
1.86667,113.41667,马来西亚,砂拉越州,武吉玛邦,,
1.75,111.16667,马来西亚,砂拉越州,甲望,,
3.16667,113.26667,马来西亚,砂拉越州,实包勿,,
1.9,111.55,马来西亚,砂拉越州,巴干,,
1.75,111.36667,马来西亚,砂拉越州,砂拉卓,,
1.58333,111.4,马来西亚,砂拉越州,木中,,
1.73333,111.5,马来西亚,砂拉越州,砂拉卓,,
2.2,113.13333,马来西亚,砂拉越州,加帛,,
4.48333,114.91667,马来西亚,砂拉越州,林梦,,
2.01667,112.45,马来西亚,砂拉越州,桑坡,,
1.93333,111.68333,马来西亚,砂拉越州,巴干,,
2.21667,113.15,马来西亚,砂拉越州,加帛,,
2.31667,111.81667,马来西亚,砂拉越州,诗巫,,
1.81667,111.16667,马来西亚,砂拉越州,甲望,,
4.06667,114.41667,马来西亚,砂拉越州,马鲁帝,,
1.96667,112.4,马来西亚,砂拉越州,加拿逸,,
2.38333,112.38333,马来西亚,砂拉越州,实兰沟,,
3.06667,113.31667,马来西亚,砂拉越州,实包勿,,
4.08333,114.48333,马来西亚,砂拉越州,马鲁帝,,
2.05,112.35,马来西亚,砂拉越州,加拿逸,,
2.31667,111.46667,马来西亚,砂拉越州,,,
4.08333,114.4,马来西亚,砂拉越州,马鲁帝,,
4.1,114.41667,马来西亚,砂拉越州,马鲁帝,,
3.85,114.15,马来西亚,砂拉越州,柏鲁鲁,,
2.0,112.25,马来西亚,砂拉越州,加拿逸,,
4.1552,114.0609,马来西亚,砂拉越州,柏鲁鲁,,
2.0,111.88333,马来西亚,砂拉越州,芦楼,,
2.23333,111.88333,马来西亚,砂拉越州,诗巫,,
1.91667,111.66667,马来西亚,砂拉越州,巴干,,
2.38333,112.4,马来西亚,砂拉越州,实兰沟,,
3.06667,113.21667,马来西亚,砂拉越州,实包勿,,
2.13333,112.33333,马来西亚,砂拉越州,加拿逸,,
4.01667,114.48333,马来西亚,砂拉越州,马鲁帝,,
3.0,113.51667,马来西亚,砂拉越州,实包勿,,
3.78333,113.81667,马来西亚,砂拉越州,苏必士,,
3.23333,113.36667,马来西亚,砂拉越州,实包勿,,
2.46667,111.95,马来西亚,砂拉越州,诗巫,,
1.93333,111.9,马来西亚,砂拉越州,芦楼,,
2.06667,113.23333,马来西亚,砂拉越州,武吉玛邦,,
2.0,112.83333,马来西亚,砂拉越州,加帛,,
1.91667,113.11667,马来西亚,砂拉越州,加帛,,
2.41667,111.81667,马来西亚,砂拉越州,诗巫,,
1.93333,111.2,马来西亚,砂拉越州,甲望,,
2.0,111.38333,马来西亚,砂拉越州,泗里街,,
1.96667,111.7,马来西亚,砂拉越州,巴干,,
1.81667,113.38333,马来西亚,砂拉越州,武吉玛邦,,
1.73333,112.55,马来西亚,砂拉越州,桑坡,,
1.96667,111.25,马来西亚,砂拉越州,甲望,,
1.93333,111.21667,马来西亚,砂拉越州,甲望,,
1.88333,111.13333,马来西亚,砂拉越州,甲望,,
3.23333,113.2,马来西亚,砂拉越州,民都鲁,,
1.9,111.7,马来西亚,砂拉越州,巴干,,
2.3,111.58333,马来西亚,砂拉越州,马拉端,,
1.7,112.71667,马来西亚,砂拉越州,桑坡,,
2.08333,112.3,马来西亚,砂拉越州,加拿逸,,
4.39059,114.90317,马来西亚,砂拉越州,林梦,,
4.38678,114.90985,马来西亚,砂拉越州,林梦,,
3.78333,113.66667,马来西亚,砂拉越州,苏必士,,
1.93333,112.33333,马来西亚,砂拉越州,加拿逸,,
3.75,113.66667,马来西亚,砂拉越州,苏必士,,
2.33333,111.66667,马来西亚,砂拉越州,诗巫,,
2.03333,113.03333,马来西亚,砂拉越州,加帛,,
2.01667,113.05,马来西亚,砂拉越州,加帛,,
2.5,112.35,马来西亚,砂拉越州,实兰沟,,
1.7,111.36667,马来西亚,砂拉越州,砂拉卓,,
1.78333,113.26667,马来西亚,砂拉越州,武吉玛邦,,
3.01667,112.91667,马来西亚,砂拉越州,达岛,,
1.98333,111.2,马来西亚,砂拉越州,甲望,,
4.36667,114.93333,马来西亚,砂拉越州,林梦,,
2.3,111.63333,马来西亚,砂拉越州,诗巫,,
1.95,112.36667,马来西亚,砂拉越州,加拿逸,,
3.23333,113.51667,马来西亚,砂拉越州,实包勿,,
2.01667,111.48333,马来西亚,砂拉越州,泗里街,,
1.98333,111.61667,马来西亚,砂拉越州,巴干,,
1.95,111.55,马来西亚,砂拉越州,泗里街,,
1.93333,111.58333,马来西亚,砂拉越州,巴干,,
2.43333,111.6,马来西亚,砂拉越州,诗巫,,
2.06667,111.98333,马来西亚,砂拉越州,加拿逸,,
1.73333,111.16667,马来西亚,砂拉越州,甲望,,
2.01667,112.0,马来西亚,砂拉越州,加拿逸,,
1.98333,111.93333,马来西亚,砂拉越州,芦楼,,
2.13333,113.43333,马来西亚,砂拉越州,武吉玛邦,,
1.73333,111.48333,马来西亚,砂拉越州,砂拉卓,,
2.11667,112.0,马来西亚,砂拉越州,诗巫,,
1.88333,111.25,马来西亚,砂拉越州,甲望,,
1.96667,111.53333,马来西亚,砂拉越州,泗里街,,
2.28333,112.43333,马来西亚,砂拉越州,实兰沟,,
1.78333,113.23333,马来西亚,砂拉越州,武吉玛邦,,
2.1,113.41667,马来西亚,砂拉越州,武吉玛邦,,
2.08333,113.05,马来西亚,砂拉越州,加帛,,
1.98333,111.83333,马来西亚,砂拉越州,芦楼,,
2.36667,111.5,马来西亚,砂拉越州,,,
2.01667,111.83333,马来西亚,砂拉越州,芦楼,,
2.21667,111.88333,马来西亚,砂拉越州,诗巫,,
1.76667,111.8,马来西亚,砂拉越州,芦楼,,
3.61667,113.56667,马来西亚,砂拉越州,苏必士,,
2.01667,111.38333,马来西亚,砂拉越州,泗里街,,
1.78333,111.6,马来西亚,砂拉越州,巴干,,
2.08333,111.81667,马来西亚,砂拉越州,诗巫,,
1.9,111.68333,马来西亚,砂拉越州,巴干,,
3.03333,113.5,马来西亚,砂拉越州,实包勿,,
3.03333,113.03333,马来西亚,砂拉越州,民都鲁,,
2.2,111.93333,马来西亚,砂拉越州,诗巫,,
1.98333,111.18333,马来西亚,砂拉越州,甲望,,
1.96667,112.05,马来西亚,砂拉越州,加拿逸,,
2.16667,111.68333,马来西亚,砂拉越州,马拉端,,
2.06667,112.41667,马来西亚,砂拉越州,桑坡,,
2.03333,112.46667,马来西亚,砂拉越州,桑坡,,
2.01667,111.45,马来西亚,砂拉越州,泗里街,,
2.15,111.98333,马来西亚,砂拉越州,诗巫,,
2.43333,111.85,马来西亚,砂拉越州,诗巫,,
1.86667,111.51667,马来西亚,砂拉越州,巴干,,
4.53333,114.86667,马来西亚,砂拉越州,林梦,,
3.81667,114.06667,马来西亚,砂拉越州,柏鲁鲁,,
1.91667,111.13333,马来西亚,砂拉越州,,,
2.01667,113.01667,马来西亚,砂拉越州,加帛,,
1.98333,111.53333,马来西亚,砂拉越州,泗里街,,
3.03333,113.31667,马来西亚,砂拉越州,实包勿,,
1.95,111.65,马来西亚,砂拉越州,巴干,,
3.9,114.43333,马来西亚,砂拉越州,德朗乌山,,
1.93333,111.8,马来西亚,砂拉越州,芦楼,,
2.08333,111.85,马来西亚,砂拉越州,诗巫,,
3.9,114.08333,马来西亚,砂拉越州,柏鲁鲁,,
2.1,113.43333,马来西亚,砂拉越州,武吉玛邦,,
4.11667,114.43333,马来西亚,砂拉越州,马鲁帝,,
2.23333,111.86667,马来西亚,砂拉越州,诗巫,,
1.98333,111.91667,马来西亚,砂拉越州,芦楼,,
4.4,114.96667,马来西亚,砂拉越州,林梦,,
4.45,114.26667,马来西亚,砂拉越州,马鲁帝,,
2.21667,111.98333,马来西亚,砂拉越州,诗巫,,
1.71667,112.66667,马来西亚,砂拉越州,桑坡,,
1.75,111.95,马来西亚,砂拉越州,芦楼,,
4.01667,114.01667,马来西亚,砂拉越州,柏鲁鲁,,
1.73333,111.38333,马来西亚,砂拉越州,砂拉卓,,
1.75,112.55,马来西亚,砂拉越州,桑坡,,
1.98333,112.85,马来西亚,砂拉越州,加帛,,
2.3,111.91667,马来西亚,砂拉越州,诗巫,,
1.85,112.95,马来西亚,砂拉越州,加帛,,
1.68333,112.68333,马来西亚,砂拉越州,桑坡,,
4.3,114.88333,马来西亚,砂拉越州,林梦,,
2.41667,111.6,马来西亚,砂拉越州,,,
1.9,112.18333,马来西亚,砂拉越州,加拿逸,,
2.25,111.65,马来西亚,砂拉越州,马拉端,,
1.73333,111.41667,马来西亚,砂拉越州,砂拉卓,,Temudok
4.08333,113.93333,马来西亚,砂拉越州,苏必士,,
3.16667,113.71667,马来西亚,砂拉越州,实包勿,,
1.9,111.8,马来西亚,砂拉越州,芦楼,,
1.65,111.41667,马来西亚,砂拉越州,砂拉卓,,
3.16667,113.16667,马来西亚,砂拉越州,民都鲁,,
2.01667,112.48333,马来西亚,砂拉越州,桑坡,,
1.98333,112.05,马来西亚,砂拉越州,加拿逸,,
2.2,113.15,马来西亚,砂拉越州,加帛,,
3.83333,114.2,马来西亚,砂拉越州,柏鲁鲁,,
2.03333,111.46667,马来西亚,砂拉越州,泗里街,,
3.1,113.16667,马来西亚,砂拉越州,民都鲁,,
2.1,111.46667,马来西亚,砂拉越州,泗里街,,
2.31667,111.68333,马来西亚,砂拉越州,诗巫,,
1.96667,111.68333,马来西亚,砂拉越州,巴干,,
2.18333,111.7,马来西亚,砂拉越州,马拉端,,
1.93333,111.61667,马来西亚,砂拉越州,巴干,,
1.76667,111.55,马来西亚,砂拉越州,砂拉卓,,
2.23333,111.33333,马来西亚,砂拉越州,,丹绒玛尼,
3.66667,113.9,马来西亚,砂拉越州,苏必士,,
1.56667,111.4,马来西亚,砂拉越州,木中,,
2.1,111.91667,马来西亚,砂拉越州,诗巫,,
2.08333,111.91667,马来西亚,砂拉越州,诗巫,,
2.08333,111.38333,马来西亚,砂拉越州,泗里街,,
1.56667,111.48333,马来西亚,砂拉越州,木中,,
3.96667,114.11667,马来西亚,砂拉越州,柏鲁鲁,,
4.5,114.88333,马来西亚,砂拉越州,林梦,,
4.35,114.98333,马来西亚,砂拉越州,林梦,,
1.7,112.55,马来西亚,砂拉越州,桑坡,,
1.53333,111.4,马来西亚,砂拉越州,木中,,
2.08333,112.43333,马来西亚,砂拉越州,桑坡,,
2.33333,111.9,马来西亚,砂拉越州,诗巫,Permai Jaya,
3.08333,113.23333,马来西亚,砂拉越州,实包勿,,
1.75,111.81667,马来西亚,砂拉越州,芦楼,,
1.81667,111.65,马来西亚,砂拉越州,巴干,,
1.76667,111.56667,马来西亚,砂拉越州,砂拉卓,,
1.86667,111.71667,马来西亚,砂拉越州,巴干,,
4.2,114.41667,马来西亚,砂拉越州,马鲁帝,,
2.31667,112.3,马来西亚,砂拉越州,实兰沟,,
1.58333,111.45,马来西亚,砂拉越州,木中,,
2.11667,112.28333,马来西亚,砂拉越州,加拿逸,,
1.7,111.38333,马来西亚,砂拉越州,砂拉卓,,
2.36667,111.55,马来西亚,砂拉越州,,,
3.6657,114.2719,马来西亚,砂拉越州,柏鲁鲁,,
2.38333,111.6,马来西亚,砂拉越州,诗巫,,
3.98333,113.91667,马来西亚,砂拉越州,苏必士,,
2.05,113.05,马来西亚,砂拉越州,加帛,,
1.61667,111.48333,马来西亚,砂拉越州,木中,,
2.28333,111.81667,马来西亚,砂拉越州,诗巫,,
1.91667,111.2,马来西亚,砂拉越州,甲望,,
2.05,112.26667,马来西亚,砂拉越州,加拿逸,,
2.33333,112.46667,马来西亚,砂拉越州,实兰沟,,
2.08333,112.35,马来西亚,砂拉越州,加拿逸,,
4.15,114.03333,马来西亚,砂拉越州,柏鲁鲁,,
4.06667,113.93333,马来西亚,砂拉越州,苏必士,,
2.01667,113.3,马来西亚,砂拉越州,武吉玛邦,,
4.1,114.36667,马来西亚,砂拉越州,马鲁帝,,
2.0,113.08333,马来西亚,砂拉越州,加帛,,
4.31667,114.06667,马来西亚,砂拉越州,美里,,
1.93333,113.08333,马来西亚,砂拉越州,加帛,,
3.88333,113.76667,马来西亚,砂拉越州,苏必士,,
2.35,111.98333,马来西亚,砂拉越州,诗巫,,
1.88333,111.65,马来西亚,砂拉越州,巴干,,
1.78333,111.63333,马来西亚,砂拉越州,巴干,,
2.11667,112.33333,马来西亚,砂拉越州,加拿逸,,
2.05,112.31667,马来西亚,砂拉越州,加拿逸,,
3.16667,113.28333,马来西亚,砂拉越州,实包勿,,
1.98333,113.23333,马来西亚,砂拉越州,武吉玛邦,,
2.15,112.26667,马来西亚,砂拉越州,加拿逸,,
4.33333,115.0,马来西亚,砂拉越州,林梦,,
3.11667,113.01667,马来西亚,砂拉越州,民都鲁,,
1.7,111.33333,马来西亚,砂拉越州,砂拉卓,,
1.81667,113.73333,马来西亚,砂拉越州,武吉玛邦,,
1.81667,113.7,马来西亚,砂拉越州,武吉玛邦,,
2.08333,112.46667,马来西亚,砂拉越州,桑坡,,
1.83333,112.33333,马来西亚,砂拉越州,加拿逸,,
1.96667,111.78333,马来西亚,砂拉越州,芦楼,,
4.18333,114.38333,马来西亚,砂拉越州,马鲁帝,,
3.4,113.51667,马来西亚,砂拉越州,实包勿,,
1.86667,111.91667,马来西亚,砂拉越州,芦楼,,
3.15,113.31667,马来西亚,砂拉越州,实包勿,,
1.8,113.31667,马来西亚,砂拉越州,武吉玛邦,,
2.16667,111.65,马来西亚,砂拉越州,马拉端,,
1.95,111.71667,马来西亚,砂拉越州,巴干,,
3.98333,114.05,马来西亚,砂拉越州,柏鲁鲁,,
1.91667,112.2,马来西亚,砂拉越州,加拿逸,,
2.2,111.53333,马来西亚,砂拉越州,马拉端,,
2.06667,111.85,马来西亚,砂拉越州,芦楼,,
2.16667,111.7,马来西亚,砂拉越州,马拉端,,
2.06667,112.25,马来西亚,砂拉越州,加拿逸,,
2.4,111.95,马来西亚,砂拉越州,诗巫,,
4.05,114.43333,马来西亚,砂拉越州,马鲁帝,,
2.1,111.43333,马来西亚,砂拉越州,泗里街,,
1.93333,113.36667,马来西亚,砂拉越州,武吉玛邦,,
2.26667,111.88333,马来西亚,砂拉越州,诗巫,,
1.88333,111.6,马来西亚,砂拉越州,巴干,,
3.26667,113.56667,马来西亚,砂拉越州,实包勿,,
2.16667,111.55,马来西亚,砂拉越州,泗里街,,
1.7,112.48333,马来西亚,砂拉越州,桑坡,,
2.43333,112.5,马来西亚,砂拉越州,实兰沟,,
1.96667,112.35,马来西亚,砂拉越州,加拿逸,,
3.23333,113.6,马来西亚,砂拉越州,实包勿,,
2.21667,111.9,马来西亚,砂拉越州,诗巫,,
2.28333,112.38333,马来西亚,砂拉越州,实兰沟,,
4.0258,114.0494,马来西亚,砂拉越州,柏鲁鲁,,
2.25,111.46667,马来西亚,砂拉越州,,丹绒玛尼,
3.05,113.08333,马来西亚,砂拉越州,民都鲁,,
1.81667,111.91667,马来西亚,砂拉越州,芦楼,,
1.91667,112.33333,马来西亚,砂拉越州,加拿逸,,
2.45,111.58333,马来西亚,砂拉越州,,,
2.21667,111.61667,马来西亚,砂拉越州,马拉端,,
3.13333,113.21667,马来西亚,砂拉越州,实包勿,,
3.93333,114.55,马来西亚,砂拉越州,马鲁帝,,
2.33333,111.46667,马来西亚,砂拉越州,,,
1.98333,111.56667,马来西亚,砂拉越州,泗里街,,
1.85,111.7,马来西亚,砂拉越州,巴干,,
2.03333,113.15,马来西亚,砂拉越州,武吉玛邦,,
1.95,113.68333,马来西亚,砂拉越州,武吉玛邦,,
4.1787,114.0968,马来西亚,砂拉越州,柏鲁鲁,,
1.98333,111.6,马来西亚,砂拉越州,巴干,,
4.18333,114.43333,马来西亚,砂拉越州,马鲁帝,,
4.08333,113.95,马来西亚,砂拉越州,苏必士,,
1.86667,112.76667,马来西亚,砂拉越州,桑坡,,
3.15,113.23333,马来西亚,砂拉越州,实包勿,,
4.38333,114.93333,马来西亚,砂拉越州,林梦,,
1.71667,111.31667,马来西亚,砂拉越州,砂拉卓,,
1.85,111.53333,马来西亚,砂拉越州,巴干,,
1.88333,111.56667,马来西亚,砂拉越州,巴干,,
1.68333,112.33333,马来西亚,砂拉越州,桑坡,,
3.86667,114.4,马来西亚,砂拉越州,柏鲁鲁,,
2.03333,111.4,马来西亚,砂拉越州,泗里街,,
1.93333,112.05,马来西亚,砂拉越州,加拿逸,,
1.8,111.85,马来西亚,砂拉越州,芦楼,,
1.88333,112.81667,马来西亚,砂拉越州,桑坡,,
1.85,111.75,马来西亚,砂拉越州,巴干,,
1.71667,111.4,马来西亚,砂拉越州,砂拉卓,,
2.33333,111.56667,马来西亚,砂拉越州,,,
1.78333,111.86667,马来西亚,砂拉越州,芦楼,,
1.96667,111.5,马来西亚,砂拉越州,泗里街,,
3.15,113.45,马来西亚,砂拉越州,实包勿,,
1.93333,111.78333,马来西亚,砂拉越州,芦楼,,
3.21667,113.23333,马来西亚,砂拉越州,民都鲁,,
2.03333,112.45,马来西亚,砂拉越州,桑坡,,
2.01667,111.5,马来西亚,砂拉越州,泗里街,,
2.01667,112.31667,马来西亚,砂拉越州,加拿逸,,
2.08333,111.76667,马来西亚,砂拉越州,马拉端,,
2.08333,111.86667,马来西亚,砂拉越州,诗巫,,
1.95,111.21667,马来西亚,砂拉越州,甲望,,
3.75,113.76667,马来西亚,砂拉越州,苏必士,,
2.41667,112.35,马来西亚,砂拉越州,实兰沟,,
2.03333,111.5,马来西亚,砂拉越州,泗里街,,
3.05,113.21667,马来西亚,砂拉越州,实包勿,,
1.71667,111.33333,马来西亚,砂拉越州,砂拉卓,,
2.23333,111.85,马来西亚,砂拉越州,诗巫,,
3.0,113.38333,马来西亚,砂拉越州,实包勿,,
1.95,113.26667,马来西亚,砂拉越州,武吉玛邦,,
1.7,112.38333,马来西亚,砂拉越州,桑坡,,
1.86667,111.21667,马来西亚,砂拉越州,甲望,,
1.9,112.8,马来西亚,砂拉越州,桑坡,,
2.2,111.3,马来西亚,砂拉越州,,丹绒玛尼,
1.91667,111.68333,马来西亚,砂拉越州,巴干,,
1.91667,111.63333,马来西亚,砂拉越州,巴干,,
1.81667,113.66667,马来西亚,砂拉越州,武吉玛邦,,
2.1,111.96667,马来西亚,砂拉越州,诗巫,,
3.86667,114.36667,马来西亚,砂拉越州,柏鲁鲁,,
2.01667,113.03333,马来西亚,砂拉越州,加帛,,
2.06667,113.06667,马来西亚,砂拉越州,加帛,,
3.03333,113.21667,马来西亚,砂拉越州,实包勿,,
2.01667,111.95,马来西亚,砂拉越州,芦楼,,
1.73333,111.36667,马来西亚,砂拉越州,砂拉卓,,
2.35,111.78333,马来西亚,砂拉越州,诗巫,,
2.26667,111.96667,马来西亚,砂拉越州,诗巫,,
2.21667,111.91667,马来西亚,砂拉越州,诗巫,,
2.06667,111.8,马来西亚,砂拉越州,诗巫,,
3.2,113.66667,马来西亚,砂拉越州,实包勿,,
3.65,113.81667,马来西亚,砂拉越州,苏必士,,
1.88333,113.48333,马来西亚,砂拉越州,武吉玛邦,,
2.0,112.93333,马来西亚,砂拉越州,加帛,,
1.76667,111.83333,马来西亚,砂拉越州,芦楼,,
2.0,112.38333,马来西亚,砂拉越州,加拿逸,,
2.1,112.28333,马来西亚,砂拉越州,加拿逸,,
1.98333,112.21667,马来西亚,砂拉越州,加拿逸,,
1.91667,111.96667,马来西亚,砂拉越州,芦楼,,
2.08333,112.26667,马来西亚,砂拉越州,加拿逸,,
2.45,112.46667,马来西亚,砂拉越州,实兰沟,,
2.08333,112.38333,马来西亚,砂拉越州,加拿逸,,
2.25,111.95,马来西亚,砂拉越州,诗巫,,
4.1964,114.1291,马来西亚,砂拉越州,柏鲁鲁,,
2.21667,111.93333,马来西亚,砂拉越州,诗巫,,
2.33333,111.36667,马来西亚,砂拉越州,,丹绒玛尼,
1.85,111.68333,马来西亚,砂拉越州,巴干,,
1.73333,111.46667,马来西亚,砂拉越州,砂拉卓,,
3.0,113.55,马来西亚,砂拉越州,实包勿,,
1.93333,111.7,马来西亚,砂拉越州,巴干,,
4.11667,113.93333,马来西亚,砂拉越州,苏必士,,
3.18333,113.73333,马来西亚,砂拉越州,实包勿,,
1.23333,111.1,马来西亚,砂拉越州,斯里阿曼,,
2.36667,111.51667,马来西亚,砂拉越州,,,
3.7,114.2,马来西亚,砂拉越州,柏鲁鲁,,
5.73333,116.45,马来西亚,沙巴州,担布南,,
5.0756,103.2746,马来西亚,登嘉樓州,马江县,,
3.7854,101.8602,马来西亚,彭亨州,劳勿县,,Taman Intan
5.5641,102.74899,马来西亚,登嘉樓州,士兆县,,
1.6682,103.6935,马来西亚,柔佛州,古来县,古来太子城,
1.45,111.56667,马来西亚,砂拉越州,木中,,
4.33333,114.0,马来西亚,砂拉越州,美里,,
4.18333,102.05,马来西亚,彭亨州,立卑县,,
4.78333,103.36667,马来西亚,登嘉樓州,龙运县,,
1.38333,111.58333,马来西亚,砂拉越州,木中,,
1.09375,111.7319,马来西亚,砂拉越州,鲁勃安都,,
6.4911,116.8359,马来西亚,沙巴州,哥打马鲁都,,
2.6945,101.9302,马来西亚,森美兰州,芙蓉县,,Taman Bukit Chedang
1.61667,111.41667,马来西亚,砂拉越州,木中,,
2.95,102.83333,马来西亚,彭亨州,云冰县,,
5.23692,100.72927,马来西亚,霹雳州,拉律峇登司南马县,,
5.15602,100.46985,马来西亚,槟城州,威南县,14300,
2.88333,101.48333,马来西亚,雪兰莪州,瓜拉冷岳县,,
4.80115,115.00115,马来西亚,砂拉越州,林梦,Ranggau,Kuarters Meteorologi Limbang
1.26667,111.51667,马来西亚,砂拉越州,斯里阿曼,,
1.4344,103.4153,马来西亚,柔佛州,笨珍县,,
5.88333,116.4,马来西亚,沙巴州,担布南,,
1.06073,111.85469,马来西亚,砂拉越州,鲁勃安都,,
2.7097,101.9553,马来西亚,森美兰州,芙蓉县,拉杭,
2.7186,101.9613,马来西亚,森美兰州,芙蓉县,安邦岸,Taman Sakura
1.03333,111.53333,马来西亚,砂拉越州,斯里阿曼,,
1.48333,111.5,马来西亚,砂拉越州,木中,,
5.75,117.2,马来西亚,沙巴州,特鲁必,,
1.18333,111.61667,马来西亚,砂拉越州,鲁勃安都,,
1.09758,111.23962,马来西亚,砂拉越州,斯里阿曼,,
2.20207,102.35395,马来西亚,马六甲州,马六甲中央县,,Kampung Surau Batu
3.96149,115.61631,马来西亚,砂拉越州,老越,,
3.55,102.56667,马来西亚,彭亨州,马兰县,,
2.81667,101.43333,马来西亚,雪兰莪州,瓜拉冷岳县,,
6.2,102.26667,马来西亚,吉兰丹州,哥打峇鲁县,,
6.40357,100.12843,马来西亚,玻璃市州,,,
2.8747,101.5967,马来西亚,雪兰莪州,瓜拉冷岳县,,
4.16667,101.38333,马来西亚,霹雳州,马登巴冷县,,
3.11667,101.73333,马来西亚,吉隆坡,吉隆坡,蕉赖,
5.6,116.66667,马来西亚,沙巴州,兰瑙,,
5.56667,116.68333,马来西亚,沙巴州,兰瑙,,
1.15,111.88333,马来西亚,砂拉越州,鲁勃安都,,
3.01667,101.61667,马来西亚,雪兰莪州,八打灵县,蒲种公主城,公主城第五区
4.37948,116.42377,马来西亚,沙巴州,纳巴湾,,
5.96667,100.51667,马来西亚,吉打州,本同县,,
5.48498,100.46429,马来西亚,槟城州,威北县,,
5.51868,100.40322,马来西亚,槟城州,威北县,,
5.37052,100.21827,马来西亚,槟城州,西南县,Batu Hitam,阿逸布爹新镇
5.48663,100.46814,马来西亚,槟城州,威北县,,
5.44283,100.39471,马来西亚,槟城州,威北县,麦曼珍,
5.53069,100.51662,马来西亚,槟城州,威北县,,
1.41667,111.5,马来西亚,砂拉越州,木中,,
1.05,111.45,马来西亚,砂拉越州,斯里阿曼,,
5.0138,118.8603,马来西亚,沙巴州,拿笃,,
6.8211,116.7662,马来西亚,沙巴州,古达,,
5.4886,115.7687,马来西亚,沙巴州,保佛,,
4.4,116.28333,马来西亚,沙巴州,纳巴湾,,
4.51667,100.85,马来西亚,霹雳州,曼绒县,,Kampung Dendang
5.19817,116.71105,马来西亚,沙巴州,东革,,
6.7819,116.826,马来西亚,沙巴州,古达,,
1.88698,104.03932,马来西亚,柔佛州,哥打丁宜县,,
4.43333,113.98333,马来西亚,砂拉越州,美里,,
1.31667,111.55,马来西亚,砂拉越州,木中,,
5.62948,102.24429,马来西亚,吉兰丹州,瓜拉吉赖县,,
5.48333,100.4,马来西亚,槟城州,威北县,日落斗哇,
5.45,100.4,马来西亚,槟城州,威北县,,
5.48861,100.40117,马来西亚,槟城州,威北县,日落斗哇,
5.47149,100.40768,马来西亚,槟城州,威北县,,
5.39611,100.41888,马来西亚,槟城州,威中县,,
5.30151,100.48448,马来西亚,槟城州,威中县,峇冬丁宜,盛绿园
5.35,100.23333,马来西亚,槟城州,乔治市,Kongsi,
5.55,100.43333,马来西亚,槟城州,威北县,,
5.44634,100.38836,马来西亚,槟城州,威北县,双溪浮油,
5.3946,100.46811,马来西亚,槟城州,威中县,,
5.4,100.41667,马来西亚,槟城州,威中县,,
5.11667,100.61667,马来西亚,霹雳州,吉辇县,,
5.46382,100.42851,马来西亚,槟城州,威北县,,
5.49176,100.42794,马来西亚,槟城州,威北县,,
5.55,100.5,马来西亚,槟城州,威北县,槟榔东海,
5.37223,100.44852,马来西亚,槟城州,威中县,,
5.41533,100.43521,马来西亚,槟城州,威中县,,
5.4101,100.41687,马来西亚,槟城州,威中县,,
2.8377,101.43279,马来西亚,雪兰莪州,瓜拉冷岳县,,
5.51415,100.39211,马来西亚,槟城州,威北县,,
5.53333,100.43333,马来西亚,槟城州,威北县,,柏淡英达花园
5.51385,100.41823,马来西亚,槟城州,威北县,,Taman Sepakat
5.42713,100.39042,马来西亚,槟城州,威北县,麦曼珍,
5.53333,100.4,马来西亚,槟城州,威北县,,
6.3,100.2,马来西亚,玻璃市州,,,
5.56667,100.36667,马来西亚,槟城州,威北县,,
5.41432,100.40664,马来西亚,槟城州,威中县,,
5.13283,100.47059,马来西亚,槟城州,威南县,,
5.35996,100.43759,马来西亚,槟城州,威中县,,
5.47871,100.38737,马来西亚,槟城州,威北县,日落斗哇,
5.40137,100.41767,马来西亚,槟城州,威中县,,
5.48638,100.43186,马来西亚,槟城州,威北县,,
5.45017,100.41774,马来西亚,槟城州,威北县,,
5.48333,100.43333,马来西亚,槟城州,威北县,,
5.19542,100.46835,马来西亚,槟城州,威南县,双溪爪夷,
5.50829,100.42308,马来西亚,槟城州,威北县,,
5.57889,100.37424,马来西亚,槟城州,威北县,,
5.27709,100.26509,马来西亚,槟城州,西南县,,
5.40896,100.44048,马来西亚,槟城州,威中县,,
3.5823,101.7228,马来西亚,雪兰莪州,乌鲁雪兰莪县,,
6.07317,100.39479,马来西亚,吉打州,哥打士打县,,Taman Sri Mengkudu
3.9575,103.303,马来西亚,登嘉樓州,甘马挽县,,
6.3413,116.431,马来西亚,沙巴州,古打毛律,,
5.8,116.01667,马来西亚,沙巴州,,,
1.55,111.61667,马来西亚,砂拉越州,木中,,
1.4,111.55,马来西亚,砂拉越州,木中,,Taman Emperan Engkabang
1.56667,111.45,马来西亚,砂拉越州,木中,,
1.28333,111.61667,马来西亚,砂拉越州,鲁勃安都,,Balui
2.95,112.21667,马来西亚,砂拉越州,沐胶,,
4.6003,115.9503,马来西亚,沙巴州,丹南,,
5.82179,102.55408,马来西亚,登嘉樓州,勿述县,,
5.4263,100.43669,马来西亚,槟城州,威中县,,
4.3,103.16667,马来西亚,登嘉樓州,甘马挽县,,
2.4535,102.0712,马来西亚,马六甲州,亚罗牙也县,,
5.80783,102.52112,马来西亚,登嘉樓州,勿述县,,
5.83333,102.56667,马来西亚,登嘉樓州,勿述县,,
2.4486,102.0169,马来西亚,森美兰州,波德申县,,
5.3,102.83333,马来西亚,登嘉樓州,士兆县,,
5.26235,100.42842,马来西亚,槟城州,威南县,,
3.0154,103.4307,马来西亚,彭亨州,北根县,,
1.46667,111.48333,马来西亚,砂拉越州,木中,,
1.3817,103.4413,马来西亚,柔佛州,笨珍县,,
1.63333,111.73333,马来西亚,砂拉越州,木中,,
1.51667,110.73333,马来西亚,砂拉越州,,,
6.5362,116.9507,马来西亚,沙巴州,哥打马鲁都,,
5.40658,100.47596,马来西亚,槟城州,威中县,,
5.9084,116.1098,马来西亚,沙巴州,兵南邦,,
4.53333,116.31667,马来西亚,沙巴州,纳巴湾,,
1.38333,111.61667,马来西亚,砂拉越州,木中,,
1.16667,112.08333,马来西亚,砂拉越州,鲁勃安都,,
1.43333,111.65,马来西亚,砂拉越州,木中,,
2.7714,102.2621,马来西亚,森美兰州,瓜拉庇劳县,,
5.35,100.48333,马来西亚,槟城州,威中县,,华丽园
1.51667,111.51667,马来西亚,砂拉越州,木中,,
1.33454,110.05589,马来西亚,砂拉越州,石隆门,,
1.46667,110.11667,马来西亚,砂拉越州,石隆门,,
1.46667,110.08333,马来西亚,砂拉越州,石隆门,,
1.8216,109.7137,马来西亚,砂拉越州,伦乐,,
1.48333,110.11667,马来西亚,砂拉越州,石隆门,,
1.48333,110.16667,马来西亚,砂拉越州,石隆门,短廊,
1.33333,110.21667,马来西亚,砂拉越州,石隆门,,
1.45,110.1,马来西亚,砂拉越州,石隆门,,
1.41667,110.23333,马来西亚,砂拉越州,石隆门,,
1.33333,110.2,马来西亚,砂拉越州,石隆门,,
1.33333,110.11667,马来西亚,砂拉越州,石隆门,,
1.46667,110.1,马来西亚,砂拉越州,石隆门,,
1.45,110.11667,马来西亚,砂拉越州,石隆门,,
0.96258,110.52821,马来西亚,砂拉越州,打必禄,,
1.21515,110.09422,马来西亚,砂拉越州,石隆门,,
1.35,110.1,马来西亚,砂拉越州,石隆门,,
1.35,110.15,马来西亚,砂拉越州,石隆门,,
1.20741,110.09625,马来西亚,砂拉越州,石隆门,,
6.0303,100.48231,马来西亚,吉打州,本同县,,
4.2224,100.7446,马来西亚,霹雳州,曼绒县,,二条路新村
4.18333,101.23333,马来西亚,霹雳州,马登巴冷县,,
5.47251,100.39628,马来西亚,槟城州,威北县,,
1.2,111.53333,马来西亚,砂拉越州,鲁勃安都,,
5.03333,100.95,马来西亚,霹雳州,上霹靂县,,
4.9509,103.16717,马来西亚,登嘉樓州,龙运县,,
3.35,102.51667,马来西亚,彭亨州,百乐县,,
5.46667,100.55,马来西亚,吉打州,居林县,,
3.73333,102.4,马来西亚,彭亨州,淡马鲁县,,
2.2973,102.2156,马来西亚,马六甲州,马六甲中央县,,
3.4946,102.2355,马来西亚,彭亨州,淡马鲁县,,
3.51667,102.21667,马来西亚,彭亨州,淡马鲁县,,
3.5,102.21667,马来西亚,彭亨州,淡马鲁县,,
2.35,102.0626,马来西亚,马六甲州,亚罗牙也县,,
3.46667,102.01667,马来西亚,彭亨州,文冬县,,
5.45,100.45,马来西亚,槟城州,威北县,,
5.3107,116.4001,马来西亚,沙巴州,根地咬,,
5.3361,116.1394,马来西亚,沙巴州,根地咬,,
4.05434,115.62402,马来西亚,砂拉越州,老越,,
6.06667,102.28333,马来西亚,吉兰丹州,哥打峇鲁县,巴西杜布,
2.2,113.08333,马来西亚,砂拉越州,加帛,,
5.65,102.5,马来西亚,登嘉樓州,勿述县,,
4.65,100.61667,马来西亚,,,,
4.2454,103.292,马来西亚,登嘉樓州,甘马挽县,,
2.61667,103.01667,马来西亚,彭亨州,云冰县,,
2.15,102.48333,马来西亚,马六甲州,野新县,,
2.0009,102.9712,马来西亚,柔佛州,峇株巴辖县,,
3.98333,100.76667,马来西亚,霹雳州,峇眼拿督县,,
1.45,111.53333,马来西亚,砂拉越州,木中,Bebuling,
5.15,100.46667,马来西亚,槟城州,威南县,,Taman Ipil Permai
5.11667,100.53333,马来西亚,吉打州,万拉峇鲁县,,
1.76667,103.11667,马来西亚,柔佛州,峇株巴辖县,,
2.06667,102.55,马来西亚,柔佛州,东甲县,,
2.0037,102.6042,马来西亚,柔佛州,麻坡县,巴力峇九,Taman Parit Bakar Indah
6.0737,116.814,马来西亚,沙巴州,兰瑙,,
7.0429,117.2704,马来西亚,沙巴州,古达,,
5.18753,103.10835,马来西亚,登嘉樓州,马江县,,
1.48333,111.68333,马来西亚,砂拉越州,木中,,
3.11667,101.66667,马来西亚,吉隆坡,吉隆坡,,
3.28333,103.43333,马来西亚,彭亨州,北根县,,
1.06667,111.81667,马来西亚,砂拉越州,鲁勃安都,,
1.03888,111.83411,马来西亚,砂拉越州,鲁勃安都,,
1.05,110.55,马来西亚,砂拉越州,西连,,
1.1489,111.11818,马来西亚,砂拉越州,斯里阿曼,,
4.9587,115.4714,马来西亚,砂拉越州,老越,,
1.08333,111.38333,马来西亚,砂拉越州,斯里阿曼,,
1.1,111.46667,马来西亚,砂拉越州,斯里阿曼,,
4.55,116.08333,马来西亚,沙巴州,纳巴湾,,
0.98476,110.43731,马来西亚,砂拉越州,打必禄,,
5.7,115.9,马来西亚,沙巴州,,,
4.63333,103.38333,马来西亚,登嘉樓州,龙运县,,
4.48333,116.25,马来西亚,沙巴州,纳巴湾,,
5.73333,116.63333,马来西亚,沙巴州,兰瑙,,
6.75,116.76667,马来西亚,沙巴州,古达,,
5.21667,117.83333,马来西亚,沙巴州,京那巴当岸,,
1.28333,110.48333,马来西亚,砂拉越州,西连,,
1.41667,110.18333,马来西亚,砂拉越州,石隆门,燕窝山,
1.03333,111.58333,马来西亚,砂拉越州,斯里阿曼,,
1.13333,111.48333,马来西亚,砂拉越州,斯里阿曼,,
6.06034,116.56637,马来西亚,沙巴州,兰瑙,,
2.8456,101.8488,马来西亚,森美兰州,芙蓉县,,Taman Anggerik
5.51667,100.43333,马来西亚,槟城州,威北县,柏淡,
5.46667,102.2,马来西亚,吉兰丹州,瓜拉吉赖县,,
5.35608,100.51928,马来西亚,槟城州,威中县,马章武莫,
6.46667,100.46667,马来西亚,吉打州,古邦巴素县,,
6.291,100.36095,马来西亚,吉打州,古邦巴素县,,
4.9856,102.9754,马来西亚,登嘉樓州,,,
6.31667,100.35,马来西亚,吉打州,古邦巴素县,,
6.42599,100.53747,马来西亚,吉打州,古邦巴素县,,
5.45397,100.4715,马来西亚,槟城州,威北县,,
5.87797,100.5542,马来西亚,吉打州,本同县,,
5.73677,102.47312,马来西亚,登嘉樓州,勿述县,,
5.85,100.55,马来西亚,吉打州,瓜拉姆达县,,
5.96667,102.2,马来西亚,吉兰丹州,巴西马县,,
6.29051,100.18423,马来西亚,玻璃市州,,,
2.4202,102.1487,马来西亚,马六甲州,亚罗牙也县,,
5.43333,100.46667,马来西亚,槟城州,威中县,,
6.13333,100.41667,马来西亚,吉打州,哥打士打县,,
5.85,102.45,马来西亚,吉兰丹州,巴西富地县,,
5.16667,101.01667,马来西亚,霹雳州,上霹靂县,,
6.0,102.23333,马来西亚,吉兰丹州,哥打峇鲁县,Kadok,
5.45685,100.49343,马来西亚,槟城州,威北县,,
5.4343,100.47035,马来西亚,槟城州,威中县,,
6.28333,100.36667,马来西亚,吉打州,古邦巴素县,,
5.49806,100.37788,马来西亚,槟城州,威北县,,
3.55,115.55,马来西亚,砂拉越州,美里,,
5.85,102.53333,马来西亚,吉兰丹州,巴西富地县,,
3.62005,115.56541,马来西亚,砂拉越州,美里,,
1.13333,111.91667,马来西亚,砂拉越州,鲁勃安都,,
5.18333,115.98333,马来西亚,沙巴州,丹南,,
6.75,117.1,马来西亚,沙巴州,必达士,,
6.5242,116.8175,马来西亚,沙巴州,哥打马鲁都,,
6.1086,117.1185,马来西亚,沙巴州,兰瑙,,
5.6842,116.0341,马来西亚,沙巴州,,,
1.36667,111.55,马来西亚,砂拉越州,木中,,
1.06667,111.4,马来西亚,砂拉越州,斯里阿曼,,
5.68333,116.38333,马来西亚,沙巴州,担布南,Pekan Tambunan,
2.0712,103.2592,马来西亚,柔佛州,居銮县,,
2.0504,103.2519,马来西亚,柔佛州,居銮县,,
1.2,111.78333,马来西亚,砂拉越州,鲁勃安都,,
1.33333,110.4,马来西亚,砂拉越州,古晋,,
5.688,116.6487,马来西亚,沙巴州,兰瑙,,
5.8596,116.6343,马来西亚,沙巴州,兰瑙,,
4.4652,101.1594,马来西亚,霹雳州,金宝县,,
6.03333,116.8,马来西亚,沙巴州,兰瑙,,
6.0,116.35,马来西亚,沙巴州,斗亚兰,,
1.63333,111.46667,马来西亚,砂拉越州,木中,,
1.6,111.7,马来西亚,砂拉越州,木中,,
1.21667,111.98333,马来西亚,砂拉越州,鲁勃安都,,
1.5,111.65,马来西亚,砂拉越州,木中,,
1.23333,111.91667,马来西亚,砂拉越州,鲁勃安都,,
1.21667,111.9,马来西亚,砂拉越州,鲁勃安都,,
1.78333,111.51667,马来西亚,砂拉越州,砂拉卓,,
1.21667,111.68333,马来西亚,砂拉越州,鲁勃安都,,
1.23333,111.8,马来西亚,砂拉越州,鲁勃安都,,
1.2,112.11667,马来西亚,砂拉越州,鲁勃安都,,
1.43333,111.73333,马来西亚,砂拉越州,鲁勃安都,,
1.43333,111.68333,马来西亚,砂拉越州,鲁勃安都,,
1.41667,111.56667,马来西亚,砂拉越州,木中,,
1.33333,111.66667,马来西亚,砂拉越州,鲁勃安都,,
1.33333,111.65,马来西亚,砂拉越州,鲁勃安都,,
1.15,111.66667,马来西亚,砂拉越州,鲁勃安都,,
1.16667,111.93333,马来西亚,砂拉越州,鲁勃安都,,
1.33333,111.7,马来西亚,砂拉越州,鲁勃安都,,
1.2,111.81667,马来西亚,砂拉越州,鲁勃安都,,
1.6,111.66667,马来西亚,砂拉越州,木中,,
1.16667,111.66667,马来西亚,砂拉越州,鲁勃安都,,
1.1,111.71667,马来西亚,砂拉越州,鲁勃安都,,
1.4,111.7,马来西亚,砂拉越州,鲁勃安都,,
1.45,111.63333,马来西亚,砂拉越州,木中,,
1.55,111.83333,马来西亚,砂拉越州,鲁勃安都,,
1.76667,111.58333,马来西亚,砂拉越州,砂拉卓,,
1.25,111.9,马来西亚,砂拉越州,鲁勃安都,,
1.41667,111.58333,马来西亚,砂拉越州,木中,,
1.18333,112.08333,马来西亚,砂拉越州,鲁勃安都,,
1.2,112.1,马来西亚,砂拉越州,鲁勃安都,,
1.23333,112.03333,马来西亚,砂拉越州,鲁勃安都,,
1.43333,111.61667,马来西亚,砂拉越州,木中,,
1.20681,112.13683,马来西亚,砂拉越州,鲁勃安都,,
1.01002,111.66965,印度尼西亚 / 印度尼西亞,西加里曼丹省,Kapuas Hulu,,
5.73333,116.46667,马来西亚,沙巴州,担布南,,
5.15,115.95,马来西亚,沙巴州,丹南,,
6.03333,116.38333,马来西亚,沙巴州,斗亚兰,,
5.61667,116.71667,马来西亚,沙巴州,兰瑙,,
3.9136,103.0559,马来西亚,彭亨州,关丹县,,
4.05,113.88333,马来西亚,砂拉越州,苏必士,,
1.21667,111.96667,马来西亚,砂拉越州,鲁勃安都,,
1.46667,110.18333,马来西亚,砂拉越州,石隆门,模西,
6.15,100.46667,马来西亚,吉打州,波各先那县,,
4.55,116.36667,马来西亚,沙巴州,纳巴湾,,
1.51667,111.61667,马来西亚,砂拉越州,木中,,
1.15,111.31667,马来西亚,砂拉越州,斯里阿曼,,
1.13333,111.55,马来西亚,砂拉越州,斯里阿曼,,
5.62313,102.24188,马来西亚,吉兰丹州,瓜拉吉赖县,,
5.48333,100.26667,马来西亚,槟城州,东北县,峇都丁宜,
4.55,116.05,马来西亚,沙巴州,纳巴湾,,
1.26667,111.03333,马来西亚,砂拉越州,实文然,,
6.2,116.41667,马来西亚,沙巴州,古打毛律,,
2.4063,102.4891,马来西亚,马六甲州,野新县,,
1.15,111.43333,马来西亚,砂拉越州,斯里阿曼,Temudok,
2.42605,103.84174,马来西亚,柔佛州,丰盛港县,,小丰盛新村
1.63333,111.6,马来西亚,砂拉越州,木中,,
1.46667,111.6,马来西亚,砂拉越州,木中,,
1.48333,111.58333,马来西亚,砂拉越州,木中,,
3.21667,101.51667,马来西亚,雪兰莪州,八打灵县,,
5.45593,100.44145,马来西亚,槟城州,威北县,双溪赖,美宝再也花园
6.8524,116.7397,马来西亚,沙巴州,古达,,
5.5367,102.95118,马来西亚,登嘉樓州,士兆县,,
5.83333,102.55,马来西亚,登嘉樓州,勿述县,,
1.1587,111.97059,马来西亚,砂拉越州,鲁勃安都,,
4.17458,117.69982,马来西亚,沙巴州,加拉巴干,,
5.01667,115.93333,马来西亚,沙巴州,丹南,,
5.73333,116.23333,马来西亚,沙巴州,,,
5.38981,100.49578,马来西亚,槟城州,威中县,,
5.41754,100.487,马来西亚,槟城州,威中县,,
5.40507,100.49494,马来西亚,槟城州,威中县,,
2.005,103.3018,马来西亚,柔佛州,居銮县,,Taman Kluang Barat
5.41667,116.16667,马来西亚,沙巴州,根地咬,,
6.7185,116.8027,马来西亚,沙巴州,古达,,
6.95,117.08333,马来西亚,沙巴州,必达士,,
2.8974,102.053,马来西亚,森美兰州,日叻务县,,
2.28617,102.65814,马来西亚,柔佛州,东甲县,,
2.36,102.23,马来西亚,马六甲州,亚罗牙也县,,
5.4537,115.778,马来西亚,沙巴州,保佛,,
3.39185,102.58613,马来西亚,彭亨州,百乐县,,
5.01667,116.8,马来西亚,沙巴州,东革,,
4.81667,100.66667,马来西亚,霹雳州,拉律峇登司南马县,,
4.65,118.35,马来西亚,沙巴州,仙本那,,
5.3423,116.1454,马来西亚,沙巴州,根地咬,,
1.35,111.71667,马来西亚,砂拉越州,鲁勃安都,,
5.21667,100.51667,马来西亚,槟城州,威南县,,Taman Wellesley
5.81667,100.4,马来西亚,吉打州,铅县,,
5.8525,116.0808,马来西亚,沙巴州,兵南邦,,
5.31667,115.6,马来西亚,沙巴州,保佛,,
5.1684,116.2592,马来西亚,沙巴州,根地咬,,
1.51667,110.33333,马来西亚,砂拉越州,古晋,,
6.5,116.56667,马来西亚,沙巴州,古打毛律,,
5.16667,115.95,马来西亚,沙巴州,丹南,,
5.6,116.3,马来西亚,沙巴州,担布南,,
4.6,100.88333,马来西亚,霹雳州,江沙县,,
7.34141,117.0484,马来西亚,沙巴州,古达,,
1.13333,111.43333,马来西亚,砂拉越州,斯里阿曼,,
5.4874,115.7764,马来西亚,沙巴州,保佛,,
5.7,116.11667,马来西亚,沙巴州,,,
4.9961,118.8481,马来西亚,沙巴州,拿笃,,
1.08333,111.56667,马来西亚,砂拉越州,斯里阿曼,,
4.56667,116.16667,马来西亚,沙巴州,纳巴湾,,
6.93908,117.11519,马来西亚,沙巴州,必达士,,
2.2408,102.222,马来西亚,马六甲州,马六甲中央县,玛琳再也,Taman Saga
5.48333,115.51667,马来西亚,沙巴州,瓜拉班尤,,
4.95,116.13333,马来西亚,沙巴州,根地咬,,
5.3,116.93333,马来西亚,沙巴州,东革,,
1.4,111.56667,马来西亚,砂拉越州,木中,,
2.8321,102.4086,马来西亚,森美兰州,仁保县,,
2.3645,102.2956,马来西亚,马六甲州,亚罗牙也县,,
2.36667,102.3,马来西亚,马六甲州,亚罗牙也县,,
2.3766,102.3268,马来西亚,马六甲州,亚罗牙也县,,
6.75,116.81667,马来西亚,沙巴州,古达,,
5.25,116.63333,马来西亚,沙巴州,东革,,
5.9,116.08333,马来西亚,沙巴州,兵南邦,,
4.88333,116.16667,马来西亚,沙巴州,根地咬,,
4.43333,101.38333,马来西亚,彭亨州,金马仑高原县,,
4.26667,100.95,马来西亚,霹雳州,中霹雳县,,
3.7281,101.069,马来西亚,雪兰莪州,沙白安南县,,
1.93333,103.91667,马来西亚,柔佛州,哥打丁宜县,,
5.95371,100.77767,马来西亚,吉打州,锡县,,
5.9,102.26667,马来西亚,吉兰丹州,哥打峇鲁县,,
5.43085,100.51002,马来西亚,槟城州,威中县,,
5.44158,100.49139,马来西亚,槟城州,威北县,,
1.48333,111.51667,马来西亚,砂拉越州,木中,Bebuling,
1.46667,111.5,马来西亚,砂拉越州,木中,,
4.96667,115.5,马来西亚,沙巴州,实必丹,,
6.97364,116.72739,马来西亚,沙巴州,古达,,
3.86667,114.68333,马来西亚,砂拉越州,马鲁帝,,
4.08679,115.61497,马来西亚,砂拉越州,老越,,
3.6906,114.2022,马来西亚,砂拉越州,柏鲁鲁,,
3.16235,115.18313,马来西亚,砂拉越州,德朗乌山,,
4.7309,115.2916,马来西亚,砂拉越州,老越,,
4.7117,115.3122,马来西亚,砂拉越州,老越,,
4.20606,115.58742,马来西亚,砂拉越州,老越,,
4.01752,115.62084,马来西亚,砂拉越州,老越,,
3.3263,114.2774,马来西亚,砂拉越州,柏鲁鲁,,
4.22646,115.59274,马来西亚,砂拉越州,老越,,
3.30448,115.18639,马来西亚,砂拉越州,美里,,
4.7701,115.4105,马来西亚,砂拉越州,老越,,
4.00468,115.62259,马来西亚,砂拉越州,老越,,
3.2614,115.4083,马来西亚,砂拉越州,美里,,
3.86667,114.6,马来西亚,砂拉越州,马鲁帝,,
3.21265,114.41345,马来西亚,砂拉越州,柏鲁鲁,,
4.01353,115.6212,马来西亚,砂拉越州,老越,,
3.97507,115.61657,马来西亚,砂拉越州,老越,,
3.18485,115.31006,马来西亚,砂拉越州,美里,,
3.46667,115.05,马来西亚,砂拉越州,德朗乌山,,
3.7397,114.1724,马来西亚,砂拉越州,柏鲁鲁,,
3.4481,114.1166,马来西亚,砂拉越州,柏鲁鲁,,
4.5611,115.4747,马来西亚,砂拉越州,老越,,
3.98333,115.61667,马来西亚,砂拉越州,老越,,
3.9909,115.61662,马来西亚,砂拉越州,老越,,
3.96906,115.54088,马来西亚,砂拉越州,老越,,
4.19308,115.55232,马来西亚,砂拉越州,老越,,
4.75,115.28333,马来西亚,砂拉越州,老越,,
3.10609,114.80868,马来西亚,砂拉越州,德朗乌山,,
3.5861,114.1164,马来西亚,砂拉越州,柏鲁鲁,,
3.45,115.16667,马来西亚,砂拉越州,美里,,
5.0106,118.4487,马来西亚,沙巴州,拿笃,,
4.4,115.5,马来西亚,砂拉越州,老越,,
4.5052,115.4852,马来西亚,砂拉越州,老越,,
3.78333,114.18333,马来西亚,砂拉越州,柏鲁鲁,,
6.476,116.8442,马来西亚,沙巴州,哥打马鲁都,,
4.53333,100.75,马来西亚,霹雳州,江沙县,,
5.46667,100.45,马来西亚,槟城州,威北县,,
6.91667,117.01667,马来西亚,沙巴州,必达士,,
1.63333,111.4,马来西亚,砂拉越州,木中,,
5.0608,116.4485,马来西亚,沙巴州,纳巴湾,,
1.15,111.51667,马来西亚,砂拉越州,成邦江,,
5.1313,118.1442,马来西亚,沙巴州,拿笃,,
5.061,118.8452,马来西亚,沙巴州,拿笃,,
5.0527,118.8534,马来西亚,沙巴州,拿笃,,
5.0665,118.8735,马来西亚,沙巴州,拿笃,,
5.73333,117.16667,马来西亚,沙巴州,特鲁必,,
6.1,100.41667,马来西亚,吉打州,哥打士打县,,
4.86667,116.26667,马来西亚,沙巴州,纳巴湾,,
2.98333,114.86667,马来西亚,砂拉越州,德朗乌山,,
5.68333,116.36667,马来西亚,沙巴州,担布南,Pekan Tambunan,
1.57583,110.40389,马来西亚,砂拉越州,古晋,,
5.2,116.83333,马来西亚,沙巴州,东革,,
4.68333,116.56667,马来西亚,沙巴州,纳巴湾,,
5.3269,116.1628,马来西亚,沙巴州,根地咬,,
5.05,116.86667,马来西亚,沙巴州,东革,,
6.01667,116.3,马来西亚,沙巴州,斗亚兰,,
2.2107,102.2152,马来西亚,马六甲州,马六甲中央县,,Taman Klebang Jaya
5.3239,116.1563,马来西亚,沙巴州,根地咬,,
6.26667,116.23333,马来西亚,沙巴州,斗亚兰,,
4.85,100.9,马来西亚,霹雳州,江沙县,,Perumahan Awam Liman Kati
1.5026,103.6169,马来西亚,柔佛州,新山县,,
5.3834,116.148,马来西亚,沙巴州,根地咬,,
5.427,116.2327,马来西亚,沙巴州,根地咬,,
3.2902,114.3238,马来西亚,砂拉越州,柏鲁鲁,,
1.13333,111.56667,马来西亚,砂拉越州,斯里阿曼,,
2.43236,102.65153,马来西亚,柔佛州,昔加末县,,
1.48333,103.58333,马来西亚,柔佛州,新山县,,
1.05,111.61667,马来西亚,砂拉越州,斯里阿曼,,
2.3606,102.1742,马来西亚,马六甲州,亚罗牙也县,,
4.65,100.9,马来西亚,霹雳州,江沙县,,
1.5,111.71667,马来西亚,砂拉越州,木中,,
2.96667,101.55,马来西亚,雪兰莪州,巴生县,,
2.68333,112.5,马来西亚,砂拉越州,实兰沟,,
4.13333,100.73333,马来西亚,霹雳州,曼绒县,,
1.96667,103.33333,马来西亚,柔佛州,居銮县,,
1.45,111.58333,马来西亚,砂拉越州,木中,,
4.45,101.15,马来西亚,霹雳州,金宝县,,
6.3,116.43333,马来西亚,沙巴州,古打毛律,,
6.05,116.3,马来西亚,沙巴州,斗亚兰,,
4.8,100.75,马来西亚,霹雳州,拉律峇登司南马县,,
5.7,115.96667,马来西亚,沙巴州,,,
5.18508,116.8397,马来西亚,沙巴州,东革,,
5.0083,118.8646,马来西亚,沙巴州,拿笃,,
6.2755,116.3436,马来西亚,沙巴州,斗亚兰,,
5.21962,116.81794,马来西亚,沙巴州,东革,,
4.91667,116.48333,马来西亚,沙巴州,纳巴湾,,
5.68333,115.93333,马来西亚,沙巴州,,,
1.21667,111.88333,马来西亚,砂拉越州,鲁勃安都,,
6.15,100.41667,马来西亚,吉打州,哥打士打县,,
5.65,115.9,马来西亚,沙巴州,,,
1.11667,111.6,马来西亚,砂拉越州,斯里阿曼,,
1.56667,111.56667,马来西亚,砂拉越州,木中,,
6.06397,100.37404,马来西亚,吉打州,哥打士打县,,Taman Gunung Emas
4.46667,116.4,马来西亚,沙巴州,纳巴湾,,
5.51399,100.38286,马来西亚,槟城州,威北县,,Penaga Ⅱ
5.53441,100.41191,马来西亚,槟城州,威北县,,
5.54538,100.57908,马来西亚,吉打州,瓜拉姆达县,,
5.54119,100.37953,马来西亚,槟城州,威北县,,
6.04201,100.3441,马来西亚,吉打州,哥打士打县,,
5.5,100.43333,马来西亚,槟城州,威北县,,Taman Seri Indah
5.2,115.95,马来西亚,沙巴州,丹南,,
4.8,101.76667,马来西亚,吉兰丹州,Lojing,,
4.68333,101.48333,马来西亚,吉兰丹州,Lojing,,
4.70573,101.57589,马来西亚,吉兰丹州,Lojing,,
4.6,101.61667,马来西亚,吉兰丹州,Lojing,,
2.793,101.7204,马来西亚,雪兰莪州,雪邦县,,
2.429,102.875,马来西亚,柔佛州,昔加末县,,
4.68333,115.75,马来西亚,沙巴州,实必丹,,
6.1,116.45,马来西亚,沙巴州,古打毛律,,
5.75555,102.14052,马来西亚,吉兰丹州,丹那美拉县,,
1.28447,110.39503,马来西亚,砂拉越州,古晋,,
2.236,102.7703,马来西亚,柔佛州,东甲县,,
1.05122,111.69019,马来西亚,砂拉越州,鲁勃安都,,
1.07081,111.70433,马来西亚,砂拉越州,鲁勃安都,,
4.8,103.31667,马来西亚,登嘉樓州,龙运县,,
6.8357,116.7414,马来西亚,沙巴州,古达,,
5.96667,100.55,马来西亚,吉打州,本同县,,
5.33598,100.28391,马来西亚,槟城州,东北县,垄尾,
7.12683,117.0654,马来西亚,沙巴州,古达,,
5.40939,100.47904,马来西亚,槟城州,威中县,,Orange Hartamas
6.18122,100.29363,马来西亚,吉打州,哥打士打县,,
5.8,102.16667,马来西亚,吉兰丹州,丹那美拉县,,
6.26667,100.41667,马来西亚,吉打州,古邦巴素县,,Taman Suria 5
6.09123,102.27938,马来西亚,吉兰丹州,哥打峇鲁县,,
6.23097,100.27307,马来西亚,吉打州,古邦巴素县,,
5.56667,102.2,马来西亚,吉兰丹州,瓜拉吉赖县,,
2.83333,101.63333,马来西亚,雪兰莪州,瓜拉冷岳县,,
4.22104,103.32173,马来西亚,登嘉樓州,甘马挽县,,
1.3,111.51667,马来西亚,砂拉越州,木中,,
3.76667,115.3,马来西亚,砂拉越州,美里,,
5.78333,117.2,马来西亚,沙巴州,特鲁必,,
4.45,116.43333,马来西亚,沙巴州,纳巴湾,,
2.4616,102.3384,马来西亚,马六甲州,亚罗牙也县,,
3.9523,101.84,马来西亚,彭亨州,劳勿县,,
2.6258,101.9499,马来西亚,森美兰州,芙蓉县,,
4.53333,116.41667,马来西亚,沙巴州,纳巴湾,,
4.48333,114.9,马来西亚,砂拉越州,林梦,,
5.43333,101.21667,马来西亚,霹雳州,上霹靂县,,
5.78333,102.03333,马来西亚,吉兰丹州,丹那美拉县,,
5.6325,100.7775,马来西亚,吉打州,华玲县,,
3.01667,114.35,马来西亚,砂拉越州,布拉甲,,
2.7586,102.3996,马来西亚,森美兰州,仁保县,,
5.35577,100.19921,马来西亚,槟城州,西南县,Permatang Pasir,
5.58138,102.77206,马来西亚,登嘉樓州,士兆县,,
2.6764,102.7479,马来西亚,柔佛州,昔加末县,,Kampung Orang Asli Putting
4.03333,101.25,马来西亚,霹雳州,马登巴冷县,,瓜拉美金
5.63333,100.8,马来西亚,吉打州,华玲县,,
4.27148,102.37414,马来西亚,彭亨州,而连突县,,
5.06667,100.95,马来西亚,霹雳州,上霹靂县,,
4.33333,100.65,马来西亚,霹雳州,曼绒县,,
4.33333,100.66667,马来西亚,霹雳州,曼绒县,,
1.7412,103.9064,马来西亚,柔佛州,哥打丁宜县,,
5.31015,100.26227,马来西亚,槟城州,西南县,,
3.95,103.28333,马来西亚,登嘉樓州,甘马挽县,,
3.9161,103.3052,马来西亚,彭亨州,关丹县,,
2.58124,102.8213,马来西亚,柔佛州,昔加末县,,
3.9054,103.1014,马来西亚,彭亨州,关丹县,,
5.38333,115.75,马来西亚,沙巴州,保佛,,
6.01667,116.16667,马来西亚,沙巴州,亚庇,,
6.8868,116.7388,马来西亚,沙巴州,古达,,
6.78333,116.66667,马来西亚,沙巴州,古达,,
5.3,116.38333,马来西亚,沙巴州,根地咬,,
4.56667,116.13333,马来西亚,沙巴州,纳巴湾,,
4.95,103.28333,马来西亚,登嘉樓州,马江县,,
5.35,115.36667,马来西亚,沙巴州,瓜拉班尤,,
6.02306,102.0862,马来西亚,吉兰丹州,巴西马县,Bandar Baru Pasir Mas,
4.77,115.7874,马来西亚,沙巴州,实必丹,,
2.3183,102.4001,马来西亚,马六甲州,野新县,,
2.31667,102.36667,马来西亚,马六甲州,野新县,,
2.1177,102.5078,马来西亚,柔佛州,东甲县,,
1.65,111.48333,马来西亚,砂拉越州,木中,,
4.1641,100.8922,马来西亚,霹雳州,中霹雳县,,
1.53333,111.68333,马来西亚,砂拉越州,木中,,
1.56667,111.8,马来西亚,砂拉越州,鲁勃安都,,
1.53333,111.53333,马来西亚,砂拉越州,木中,,
1.18333,111.91667,马来西亚,砂拉越州,鲁勃安都,,
4.55,101.16667,马来西亚,霹雳州,近打县,,
5.0808,116.2149,马来西亚,沙巴州,根地咬,,
5.25,100.6,马来西亚,吉打州,万拉峇鲁县,,
3.18333,101.58333,马来西亚,雪兰莪州,八打灵县,哥打白沙罗,
4.9338,103.04091,马来西亚,登嘉樓州,,,
1.23333,111.81667,马来西亚,砂拉越州,鲁勃安都,,
4.8,103.28333,马来西亚,登嘉樓州,龙运县,,
2.35,102.4,马来西亚,马六甲州,野新县,,
2.11667,111.68333,马来西亚,砂拉越州,马拉端,,
6.7439,117.0535,马来西亚,沙巴州,必达士,,
4.96667,103.26667,马来西亚,登嘉樓州,马江县,,
2.3168,102.4203,马来西亚,马六甲州,野新县,,
1.5057,104.1018,马来西亚,柔佛州,哥打丁宜县,,
6.4,100.58333,马来西亚,吉打州,巴东得腊县,,
3.4554,103.4184,马来西亚,彭亨州,北根县,,
5.43333,100.31667,马来西亚,槟城州,东北县,Central George Town,
1.11667,111.55,马来西亚,砂拉越州,斯里阿曼,,
4.0145,101.6762,马来西亚,彭亨州,劳勿县,,
5.93333,100.48333,马来西亚,吉打州,本同县,,
1.11667,111.7,马来西亚,砂拉越州,鲁勃安都,,
1.26667,111.55,马来西亚,砂拉越州,鲁勃安都,,
2.65,113.75,马来西亚,砂拉越州,布拉甲,,
5.65,116.68333,马来西亚,沙巴州,兰瑙,,
6.03649,102.23597,马来西亚,吉兰丹州,哥打峇鲁县,Kedai Mulong,
6.01667,102.33333,马来西亚,吉兰丹州,万捷县,,
5.35754,100.42897,马来西亚,槟城州,威中县,武吉丁雅,Taman Vila Indah
5.66667,102.2,马来西亚,吉兰丹州,瓜拉吉赖县,,
5.33893,100.27479,马来西亚,槟城州,东北县,湖内,
4.9812,115.5431,马来西亚,沙巴州,实必丹,,
5.31667,116.11667,马来西亚,沙巴州,根地咬,,
4.46667,116.6,马来西亚,沙巴州,纳巴湾,,
6.46667,116.78333,马来西亚,沙巴州,哥打马鲁都,,
4.8623,115.9663,马来西亚,沙巴州,丹南,,
1.16667,111.41667,马来西亚,砂拉越州,斯里阿曼,,
4.5309,101.1141,马来西亚,霹雳州,近打县,新邦波赖,
4.85,100.96667,马来西亚,霹雳州,江沙县,,
6.05,116.13333,马来西亚,沙巴州,亚庇,,
5.15767,100.62676,马来西亚,吉打州,万拉峇鲁县,,
5.81667,116.05,马来西亚,沙巴州,,,
1.06667,111.6,马来西亚,砂拉越州,斯里阿曼,,
4.7401,101.1205,马来西亚,霹雳州,近打县,,
6.7133,116.648,马来西亚,沙巴州,古达,,
1.6378,104.008,马来西亚,柔佛州,哥打丁宜县,,
1.4,103.61667,马来西亚,柔佛州,新山县,丽舍庄园,
1.5973,104.144,马来西亚,柔佛州,哥打丁宜县,,
2.26667,103.73333,马来西亚,柔佛州,丰盛港县,,
1.7975,103.5483,马来西亚,柔佛州,居銮县,,
1.8954,103.9031,马来西亚,柔佛州,哥打丁宜县,,
1.5751,104.1966,马来西亚,柔佛州,哥打丁宜县,,
1.3308,103.4418,马来西亚,柔佛州,笨珍县,,
1.1056,111.68472,马来西亚,砂拉越州,鲁勃安都,,
2.77638,101.47796,马来西亚,雪兰莪州,瓜拉冷岳县,,Taman Cempaka
3.28333,101.63333,马来西亚,雪兰莪州,鹅唛县,,
4.06667,100.76667,马来西亚,霹雳州,曼绒县,,
4.3217,100.6666,马来西亚,霹雳州,曼绒县,,
3.9838,100.7292,马来西亚,霹雳州,峇眼拿督县,,Kampung Sungai Betul
4.1082,100.7659,马来西亚,霹雳州,曼绒县,,
4.1644,100.699,马来西亚,霹雳州,曼绒县,,
4.1565,100.7091,马来西亚,霹雳州,曼绒县,,
4.08333,100.76667,马来西亚,霹雳州,曼绒县,,
4.1757,100.6628,马来西亚,霹雳州,曼绒县,,
4.1693,100.6877,马来西亚,霹雳州,曼绒县,,Kampung Pasir Panjang Laut
4.05,100.76667,马来西亚,霹雳州,曼绒县,,
4.1208,100.7505,马来西亚,霹雳州,曼绒县,,
4.171,100.637,马来西亚,霹雳州,曼绒县,,
3.9692,100.7164,马来西亚,霹雳州,峇眼拿督县,,
5.28333,115.18333,马来西亚,纳闽,纳闽市,,
4.3,100.66667,马来西亚,霹雳州,曼绒县,,
5.82247,100.37046,马来西亚,吉打州,铅县,,
4.76474,103.08996,马来西亚,登嘉樓州,龙运县,,
5.03333,100.78333,马来西亚,霹雳州,拉律峇登司南马县,,
4.3107,103.3718,马来西亚,登嘉樓州,甘马挽县,,
3.492,102.2108,马来西亚,彭亨州,淡马鲁县,,Kampung Baru
5.092,101.846,马来西亚,吉兰丹州,话望生县,,
6.05,100.6,马来西亚,吉打州,本同县,,
6.01776,100.61492,马来西亚,吉打州,本同县,,
5.96667,100.58333,马来西亚,吉打州,本同县,,
5.9,100.68333,马来西亚,吉打州,锡县,,
5.81667,102.23333,马来西亚,吉兰丹州,马樟县,,
5.8638,116.4668,马来西亚,沙巴州,担布南,,
5.78333,100.88333,马来西亚,吉打州,华玲县,,
5.1,115.6,马来西亚,沙巴州,实必丹,,
5.35,100.56667,马来西亚,吉打州,居林县,双溪乌沥,金丝园
6.36931,100.48612,马来西亚,吉打州,古邦巴素县,,
6.31667,100.33333,马来西亚,吉打州,古邦巴素县,,
6.60645,100.20764,马来西亚,玻璃市州,,,
6.21667,116.33333,马来西亚,沙巴州,斗亚兰,,
5.5,115.48333,马来西亚,沙巴州,,,
6.38457,100.35822,马来西亚,吉打州,古邦巴素县,,
5.9374,116.5764,马来西亚,沙巴州,兰瑙,,
5.27658,100.42688,马来西亚,槟城州,威南县,,
5.6844,116.7851,马来西亚,沙巴州,兰瑙,,
4.81667,103.23333,马来西亚,登嘉樓州,龙运县,,
6.0132,116.7977,马来西亚,沙巴州,兰瑙,,
4.2969,118.12175,马来西亚,沙巴州,斗湖,,
2.46667,103.83333,马来西亚,柔佛州,丰盛港县,,
6.3863,116.4207,马来西亚,沙巴州,古打毛律,,
4.21303,103.36476,马来西亚,登嘉樓州,朱盖,,
1.365,104.261,马来西亚,柔佛州,哥打丁宜县,,
5.8,102.38333,马来西亚,吉兰丹州,巴西富地县,,
5.3962,103.1024,马来西亚,登嘉樓州,瓜拉尼鲁斯县,,
5.4238,103.0638,马来西亚,登嘉樓州,瓜拉尼鲁斯县,,
6.1,102.3,马来西亚,吉兰丹州,哥打峇鲁县,,
6.08333,102.3,马来西亚,吉兰丹州,哥打峇鲁县,,
5.4153,103.0385,马来西亚,登嘉樓州,瓜拉尼鲁斯县,,
5.2427,103.1094,马来西亚,登嘉樓州,马江县,,
6.08333,102.23333,马来西亚,吉兰丹州,哥打峇鲁县,Wakaf Che Yeh,
5.1912,103.0921,马来西亚,登嘉樓州,马江县,,
5.91667,102.33333,马来西亚,吉兰丹州,巴西富地县,,
5.81667,102.41667,马来西亚,吉兰丹州,巴西富地县,,
5.83333,102.38333,马来西亚,吉兰丹州,巴西富地县,,
5.85,102.35,马来西亚,吉兰丹州,巴西富地县,,
4.81667,103.21667,马来西亚,登嘉樓州,龙运县,,
6.0577,116.145,马来西亚,沙巴州,亚庇,,Taman Kuala Menggatal Phase 1
5.2208,103.1275,马来西亚,登嘉樓州,瓜拉登嘉楼县,,
5.21667,103.11667,马来西亚,登嘉樓州,马江县,,
3.2866,103.1836,马来西亚,彭亨州,北根县,,
5.37941,100.4666,马来西亚,槟城州,威中县,,
4.73333,103.3,马来西亚,登嘉樓州,龙运县,,
2.5374,102.2774,马来西亚,森美兰州,淡边县,,
2.5899,102.2431,马来西亚,森美兰州,瓜拉庇劳县,,
3.45,101.25,马来西亚,雪兰莪州,瓜拉雪兰莪县,,
4.86667,100.9,马来西亚,霹雳州,江沙县,加地,
3.9953,101.7987,马来西亚,彭亨州,劳勿县,,
3.2126,103.4403,马来西亚,彭亨州,北根县,,
3.9725,101.9242,马来西亚,彭亨州,劳勿县,,
5.15,100.8,马来西亚,霹雳州,拉律峇登司南马县,,
3.9309,101.9344,马来西亚,彭亨州,劳勿县,,
6.0982,116.2187,马来西亚,沙巴州,斗亚兰,,
3.53317,102.18115,马来西亚,彭亨州,淡马鲁县,,
5.45665,100.73636,马来西亚,吉打州,华玲县,,
5.35,103.11667,马来西亚,登嘉樓州,瓜拉尼鲁斯县,,
5.28333,100.8,马来西亚,霹雳州,拉律峇登司南马县,,
1.56667,110.81667,马来西亚,砂拉越州,实文然,,Kampung Arus Melayu
5.92396,100.4021,马来西亚,吉打州,铅县,,
2.4381,102.1705,马来西亚,马六甲州,亚罗牙也县,,
4.0,101.73333,马来西亚,彭亨州,劳勿县,,
3.99,101.7351,马来西亚,彭亨州,劳勿县,,
4.7244,115.2801,马来西亚,砂拉越州,老越,,
2.6041,101.89209,马来西亚,森美兰州,波德申县,,
5.13333,100.88333,马来西亚,霹雳州,拉律峇登司南马县,,
2.9223,102.2731,马来西亚,森美兰州,仁保县,,
2.638,102.0855,马来西亚,森美兰州,林茂县,,
4.75,100.75,马来西亚,霹雳州,拉律峇登司南马县,,Kampung Changkat Ibol
4.91667,100.61667,马来西亚,霹雳州,吉辇县,,
5.4111,100.74581,马来西亚,吉打州,华玲县,,
5.86667,100.41667,马来西亚,吉打州,铅县,,
5.75,102.28333,马来西亚,吉兰丹州,马樟县,,
5.1826,102.9186,马来西亚,登嘉樓州,士兆县,,
4.85,100.91667,马来西亚,霹雳州,江沙县,,Kampung Ulu Ribu
5.78333,103.01667,马来西亚,登嘉樓州,瓜拉尼鲁斯县,,
5.9984,116.3392,马来西亚,沙巴州,斗亚兰,,
2.5033,102.3234,马来西亚,森美兰州,淡边县,,
4.56667,100.86667,马来西亚,霹雳州,江沙县,,
2.6835,102.1913,马来西亚,森美兰州,瓜拉庇劳县,,
2.4183,102.2142,马来西亚,马六甲州,亚罗牙也县,,
2.6479,102.0574,马来西亚,森美兰州,林茂县,,
2.3094,102.2087,马来西亚,马六甲州,马六甲中央县,,
3.4762,103.3897,马来西亚,彭亨州,北根县,Kampung Parit Tengah,
2.7217,102.1436,马来西亚,森美兰州,瓜拉庇劳县,,
5.9447,116.3856,马来西亚,沙巴州,斗亚兰,,
1.31667,110.48333,马来西亚,砂拉越州,西连,,
5.21667,100.76667,马来西亚,霹雳州,拉律峇登司南马县,,
4.48333,100.98333,马来西亚,霹雳州,近打县,,
2.7594,102.1334,马来西亚,森美兰州,瓜拉庇劳县,,
1.46667,110.45,马来西亚,砂拉越州,三马拉汉,,
2.3674,102.2373,马来西亚,马六甲州,亚罗牙也县,,
2.8074,101.8808,马来西亚,森美兰州,芙蓉县,,
2.7,101.93333,马来西亚,森美兰州,芙蓉县,,亚沙新村
5.4208,116.8842,马来西亚,沙巴州,东革,,
5.33871,100.75778,马来西亚,吉打州,居林县,,
4.75,103.25,马来西亚,登嘉樓州,龙运县,,
5.11667,100.96667,马来西亚,霹雳州,上霹靂县,,
3.59,101.9198,马来西亚,彭亨州,文冬县,,
4.83333,100.91667,马来西亚,霹雳州,江沙县,,Kampung Ulu Ribu
2.6132,101.9766,马来西亚,森美兰州,芙蓉县,,
5.73333,102.05,马来西亚,吉兰丹州,丹那美拉县,,
3.26114,101.58378,马来西亚,雪兰莪州,鹅唛县,,
5.56667,115.95,马来西亚,沙巴州,,,
5.9751,116.1844,马来西亚,沙巴州,亚庇,,Taman Maply
2.5024,102.2799,马来西亚,森美兰州,淡边县,,
5.32035,100.77495,马来西亚,吉打州,居林县,,
5.43333,101.11667,马来西亚,霹雳州,上霹靂县,,
4.68333,100.91667,马来西亚,霹雳州,江沙县,,
3.15976,101.99201,马来西亚,森美兰州,日叻务县,,
2.9135,102.0572,马来西亚,森美兰州,日叻务县,,
4.05,101.93333,马来西亚,彭亨州,劳勿县,,
3.21667,101.76667,马来西亚,雪兰莪州,鹅唛县,,Twin Palms
3.2,101.76667,马来西亚,雪兰莪州,鹅唛县,优景柏兰岭,Taman Ukay Bistari
3.9384,101.9703,马来西亚,彭亨州,立卑县,,
5.51667,117.05,马来西亚,沙巴州,东革,,
3.4235,101.674,马来西亚,雪兰莪州,乌鲁雪兰莪县,,
2.4283,102.4237,马来西亚,马六甲州,野新县,,
2.8167,102.2652,马来西亚,森美兰州,瓜拉庇劳县,,
5.13739,100.97243,马来西亚,霹雳州,上霹靂县,,
2.92,102.0825,马来西亚,森美兰州,日叻务县,,
2.2961,102.4401,马来西亚,马六甲州,野新县,,
2.78333,102.16667,马来西亚,森美兰州,瓜拉庇劳县,,
2.6938,102.1823,马来西亚,森美兰州,瓜拉庇劳县,,
3.8239,101.9335,马来西亚,彭亨州,劳勿县,,
2.6287,102.083,马来西亚,森美兰州,林茂县,,
2.2741,102.3703,马来西亚,马六甲州,野新县,,Taman Damai Bemban
2.5022,102.2925,马来西亚,森美兰州,淡边县,,
5.85,100.41667,马来西亚,吉打州,铅县,,
5.83842,100.40221,马来西亚,吉打州,铅县,,
4.08113,100.92468,马来西亚,霹雳州,中霹雳县,,
3.9398,102.0257,马来西亚,彭亨州,劳勿县,,
5.35748,100.76102,马来西亚,吉打州,居林县,,
2.6735,101.6847,马来西亚,雪兰莪州,雪邦县,,
2.6003,102.1056,马来西亚,森美兰州,林茂县,,
4.7,101.0868,马来西亚,霹雳州,近打县,,Kampung Ulu Chepor
5.08333,101.0,马来西亚,霹雳州,上霹靂县,,
3.9903,101.8614,马来西亚,彭亨州,劳勿县,,
2.5565,102.1306,马来西亚,森美兰州,林茂县,,
3.9014,102.193,马来西亚,彭亨州,而连突县,,
5.0,100.93333,马来西亚,霹雳州,上霹靂县,,
2.5983,102.1184,马来西亚,森美兰州,林茂县,,
4.51667,100.75,马来西亚,霹雳州,曼绒县,,
2.8912,101.9275,马来西亚,森美兰州,芙蓉县,,
1.8582,103.2989,马来西亚,柔佛州,居銮县,,
2.7316,102.0885,马来西亚,森美兰州,瓜拉庇劳县,,
2.659,101.9456,马来西亚,森美兰州,芙蓉县,,
2.8885,102.2724,马来西亚,森美兰州,仁保县,,
5.51667,100.75,马来西亚,吉打州,华玲县,,
4.06667,101.93333,马来西亚,彭亨州,劳勿县,,
6.3335,100.70352,马来西亚,吉打州,巴东得腊县,,
6.11344,100.30053,马来西亚,吉打州,哥打士打县,Taman Layar Fasa 3,
5.53333,115.86667,马来西亚,沙巴州,,,
5.24313,100.55393,马来西亚,吉打州,万拉峇鲁县,,
5.0,115.6,马来西亚,沙巴州,实必丹,,
4.15,101.95,马来西亚,彭亨州,立卑县,,
6.07979,100.32651,马来西亚,吉打州,哥打士打县,,Kampung Darussalam
2.2016,102.7348,马来西亚,柔佛州,东甲县,,
3.38333,101.25,马来西亚,雪兰莪州,瓜拉雪兰莪县,,
2.7414,101.9668,马来西亚,森美兰州,芙蓉县,小甘密,Taman Desa Permai
2.3717,102.0605,马来西亚,马六甲州,亚罗牙也县,,
2.1879,102.2944,马来西亚,马六甲州,马六甲中央县,,
5.78333,102.18333,马来西亚,吉兰丹州,马樟县,,
5.693,102.61579,马来西亚,登嘉樓州,勿述县,,
3.611,103.3335,马来西亚,彭亨州,关丹县,,
3.489,102.9795,马来西亚,彭亨州,北根县,,
2.78333,102.71667,马来西亚,柔佛州,昔加末县,,
4.11667,113.83333,马来西亚,砂拉越州,美里,,
5.77145,100.71045,马来西亚,吉打州,锡县,,
5.13333,100.76667,马来西亚,霹雳州,拉律峇登司南马县,,
5.45,100.71667,马来西亚,吉打州,华玲县,,
5.74946,100.71502,马来西亚,吉打州,锡县,,
5.7186,100.42799,马来西亚,吉打州,瓜拉姆达县,,
6.05,102.25,马来西亚,吉兰丹州,哥打峇鲁县,,
3.93333,101.25,马来西亚,霹雳州,马登巴冷县,,
2.5499,102.8811,马来西亚,柔佛州,昔加末县,,
1.8467,103.0597,马来西亚,柔佛州,峇株巴辖县,,
5.8973,116.3475,马来西亚,沙巴州,斗亚兰,,
5.1,115.58333,马来西亚,沙巴州,实必丹,,
6.5803,116.6863,马来西亚,沙巴州,哥打马鲁都,,
6.03333,116.3,马来西亚,沙巴州,斗亚兰,,
5.8685,116.5481,马来西亚,沙巴州,兰瑙,,
5.7598,116.4632,马来西亚,沙巴州,担布南,,
4.46558,118.71217,马来西亚,沙巴州,仙本那,,
6.5385,116.6994,马来西亚,沙巴州,哥打马鲁都,,
6.13333,116.45,马来西亚,沙巴州,古打毛律,,
5.1168,103.1603,马来西亚,登嘉樓州,马江县,,
2.6271,102.311,马来西亚,森美兰州,瓜拉庇劳县,,
3.9475,101.9705,马来西亚,彭亨州,立卑县,,
5.0841,103.1004,马来西亚,登嘉樓州,马江县,,
3.23333,102.41667,马来西亚,彭亨州,百乐县,,
6.0,102.13333,马来西亚,吉兰丹州,巴西马县,,
6.01667,102.25,马来西亚,吉兰丹州,哥打峇鲁县,,
6.21667,102.13333,马来西亚,吉兰丹州,道北县,,
3.4779,102.5528,马来西亚,彭亨州,马兰县,,
4.3642,102.3942,马来西亚,彭亨州,而连突县,,
2.3457,102.8496,马来西亚,柔佛州,麻坡县,,
5.8618,116.4798,马来西亚,沙巴州,担布南,,
6.23333,116.43333,马来西亚,沙巴州,古打毛律,,
4.4716,114.0604,马来西亚,砂拉越州,美里,,
5.88333,102.31667,马来西亚,吉兰丹州,巴西富地县,,
5.7147,116.6869,马来西亚,沙巴州,兰瑙,,
5.3468,103.09,马来西亚,登嘉樓州,瓜拉尼鲁斯县,Kampung Batu Enam,Kampung Tuan Mandak
2.55,103.01667,马来西亚,柔佛州,昔加末县,,
5.51667,115.9,马来西亚,沙巴州,,,
4.505,101.1167,马来西亚,霹雳州,近打县,,
5.91667,102.35,马来西亚,吉兰丹州,巴西富地县,,
3.9491,102.44,马来西亚,彭亨州,而连突县,,
3.83333,102.38333,马来西亚,彭亨州,而连突县,,
5.83333,102.25,马来西亚,吉兰丹州,马樟县,,
5.68333,102.23333,马来西亚,吉兰丹州,马樟县,,
6.21667,102.08333,马来西亚,吉兰丹州,道北县,,
6.1,100.48333,马来西亚,吉打州,波各先那县,,
6.08333,102.33333,马来西亚,吉兰丹州,万捷县,,
5.96141,100.41653,马来西亚,吉打州,铅县,,
5.51667,102.2,马来西亚,吉兰丹州,瓜拉吉赖县,,
5.3026,103.0696,马来西亚,登嘉樓州,瓜拉登嘉楼县,Kampung Manir,
4.5754,102.9804,马来西亚,登嘉樓州,龙运县,,
3.53333,101.65,马来西亚,雪兰莪州,乌鲁雪兰莪县,,Taman Damai Utama
2.2907,102.2626,马来西亚,马六甲州,亚罗牙也县,,
2.16667,102.63333,马来西亚,柔佛州,东甲县,,
5.85,100.76667,马来西亚,吉打州,锡县,,
5.76642,101.86009,马来西亚,吉兰丹州,日里县,,
4.98333,100.63333,马来西亚,霹雳州,吉辇县,,
4.2779,100.9013,马来西亚,霹雳州,中霹雳县,,
6.1442,116.1515,马来西亚,沙巴州,斗亚兰,,
6.2273,116.2279,马来西亚,沙巴州,斗亚兰,,
6.05,116.43333,马来西亚,沙巴州,斗亚兰,,
5.98333,102.15,马来西亚,吉兰丹州,巴西马县,,
5.943,116.417,马来西亚,沙巴州,斗亚兰,,
5.66667,100.88333,马来西亚,吉打州,华玲县,,
5.35407,100.42487,马来西亚,槟城州,威中县,武吉丁雅,Pegasus Residence
5.1035,101.9762,马来西亚,吉兰丹州,话望生县,,
6.48333,100.43333,马来西亚,吉打州,古邦巴素县,,
6.38589,100.80414,马来西亚,吉打州,巴东得腊县,,
6.22686,100.71374,马来西亚,吉打州,巴东得腊县,,
0.92329,110.68574,马来西亚,砂拉越州,西连,,
4.41509,118.65028,马来西亚,沙巴州,仙本那,,
1.53333,110.78333,马来西亚,砂拉越州,实文然,,
5.65027,100.50221,马来西亚,吉打州,瓜拉姆达县,佳乡岭,Taman Bandar Baru
5.33333,102.88333,马来西亚,登嘉樓州,士兆县,,
5.7895,116.282,马来西亚,沙巴州,兵南邦,,
5.8059,116.59,马来西亚,沙巴州,兰瑙,,
6.05,116.26667,马来西亚,沙巴州,斗亚兰,,
6.0003,116.24,马来西亚,沙巴州,亚庇,,
6.46667,100.43333,马来西亚,吉打州,古邦巴素县,,
2.31667,100.36667,印度尼西亚 / 印度尼西亞,廖内省,Rokan Hilir,,
5.98333,102.11667,马来西亚,吉兰丹州,巴西马县,,
5.13333,100.83333,马来西亚,霹雳州,拉律峇登司南马县,,
6.1,102.15,马来西亚,吉兰丹州,巴西马县,,
6.28333,100.35,马来西亚,吉打州,古邦巴素县,,
6.18333,102.18333,马来西亚,吉兰丹州,道北县,,
5.08333,100.36667,马来西亚,霹雳州,吉辇县,,
6.06556,100.42057,马来西亚,吉打州,哥打士打县,,
6.05,102.06667,马来西亚,吉兰丹州,巴西马县,,
6.16129,100.39834,马来西亚,吉打州,哥打士打县,,
5.82523,102.52113,马来西亚,登嘉樓州,勿述县,,
6.11667,102.1,马来西亚,吉兰丹州,巴西马县,,
5.38752,100.56264,马来西亚,吉打州,居林县,老火较,
5.0724,103.1018,马来西亚,登嘉樓州,,,
5.76525,102.50668,马来西亚,登嘉樓州,勿述县,,
4.8703,100.9954,马来西亚,霹雳州,江沙县,,
6.19429,100.30199,马来西亚,吉打州,哥打士打县,,
5.23333,103.11667,马来西亚,登嘉樓州,马江县,,
5.96667,102.28333,马来西亚,吉兰丹州,哥打峇鲁县,,
4.23333,103.41667,马来西亚,登嘉樓州,朱盖,,
6.05,100.45,马来西亚,吉打州,哥打士打县,,
5.78586,102.58866,马来西亚,登嘉樓州,勿述县,,
5.5537,100.38799,马来西亚,槟城州,威北县,,
6.43333,100.43333,马来西亚,吉打州,古邦巴素县,,Taman Meranti
6.4,100.31667,马来西亚,吉打州,古邦巴素县,,
5.3005,102.8197,马来西亚,登嘉樓州,士兆县,,
3.15,101.35,马来西亚,雪兰莪州,巴生县,,Taman Sungai Serdang Jaya
5.75,102.45,马来西亚,登嘉樓州,勿述县,,
5.8,102.23333,马来西亚,吉兰丹州,马樟县,,
6.08333,102.11667,马来西亚,吉兰丹州,巴西马县,,
6.26667,100.2,马来西亚,玻璃市州,,,
6.13333,102.33333,马来西亚,吉兰丹州,哥打峇鲁县,,
5.21667,100.75,马来西亚,霹雳州,拉律峇登司南马县,,
6.25,100.38333,马来西亚,吉打州,古邦巴素县,,Taman Jitra Jaya
5.96667,102.26667,马来西亚,吉兰丹州,哥打峇鲁县,,
5.2867,103.0379,马来西亚,登嘉樓州,瓜拉登嘉楼县,,
5.1182,103.1423,马来西亚,登嘉樓州,马江县,,
4.83333,103.21667,马来西亚,登嘉樓州,龙运县,,
5.83333,102.46667,马来西亚,吉兰丹州,巴西富地县,,
4.68333,103.36667,马来西亚,登嘉樓州,龙运县,,
5.95,102.16667,马来西亚,吉兰丹州,巴西马县,,
5.1642,102.9011,马来西亚,登嘉樓州,,Pekan Kuala Ping,
6.1,102.36667,马来西亚,吉兰丹州,万捷县,,
5.55,100.38333,马来西亚,槟城州,威北县,,
5.4228,103.0365,马来西亚,登嘉樓州,瓜拉尼鲁斯县,,
5.95,102.21667,马来西亚,吉兰丹州,哥打峇鲁县,,
6.17081,100.33862,马来西亚,吉打州,哥打士打县,,
5.83333,102.51667,马来西亚,吉兰丹州,巴西富地县,,
6.31667,100.28333,马来西亚,吉打州,古邦巴素县,,
6.15,102.35,马来西亚,吉兰丹州,万捷县,,
6.06667,100.41667,马来西亚,吉打州,哥打士打县,,
5.93333,102.46667,马来西亚,吉兰丹州,万捷县,,
5.4,103.03333,马来西亚,登嘉樓州,瓜拉尼鲁斯县,,
5.85,102.21667,马来西亚,吉兰丹州,马樟县,,
5.3076,103.1214,马来西亚,登嘉樓州,瓜拉登嘉楼县,Kampung Tok Kaya,
5.15,103.11667,马来西亚,登嘉樓州,马江县,,
6.15788,100.39775,马来西亚,吉打州,哥打士打县,,
5.78333,102.41667,马来西亚,吉兰丹州,巴西富地县,,
6.01667,102.28333,马来西亚,吉兰丹州,哥打峇鲁县,,
6.11667,102.33333,马来西亚,吉兰丹州,哥打峇鲁县,,
5.95,102.33333,马来西亚,吉兰丹州,万捷县,,
5.86667,102.5,马来西亚,吉兰丹州,巴西富地县,,
6.08085,100.57631,马来西亚,吉打州,本同县,,
5.2832,103.1166,马来西亚,登嘉樓州,瓜拉登嘉楼县,,
6.21471,100.40772,马来西亚,吉打州,古邦巴素县,,
5.2204,103.0224,马来西亚,登嘉樓州,,,
5.53333,100.55,马来西亚,吉打州,居林县,,
5.36667,103.03333,马来西亚,登嘉樓州,瓜拉尼鲁斯县,,
5.85,102.3,马来西亚,吉兰丹州,巴西富地县,,
5.2903,103.0676,马来西亚,登嘉樓州,瓜拉登嘉楼县,Kampung Manir,
5.4826,100.42368,马来西亚,槟城州,威北县,,
3.7262,101.079,马来西亚,雪兰莪州,沙白安南县,,
4.8087,102.3172,马来西亚,吉兰丹州,话望生县,,
5.2636,103.0913,马来西亚,登嘉樓州,瓜拉登嘉楼县,,
5.11322,100.5429,马来西亚,吉打州,万拉峇鲁县,,
5.9,102.36667,马来西亚,吉兰丹州,巴西富地县,,
5.0752,103.0817,马来西亚,登嘉樓州,,,
5.98333,102.38333,马来西亚,吉兰丹州,万捷县,,
5.2158,103.0856,马来西亚,登嘉樓州,马江县,,
5.61667,100.9,马来西亚,吉打州,华玲县,,
5.9,102.33333,马来西亚,吉兰丹州,巴西富地县,,
5.2402,103.1343,马来西亚,登嘉樓州,瓜拉登嘉楼县,Pekan Kedai Buluh,
6.0451,102.0141,马来西亚,吉兰丹州,巴西马县,,
6.03333,102.08333,马来西亚,吉兰丹州,巴西马县,,
5.86667,102.3,马来西亚,吉兰丹州,巴西富地县,,
5.71667,102.55,马来西亚,登嘉樓州,勿述县,,
6.1,102.38333,马来西亚,吉兰丹州,万捷县,,
6.01667,102.35,马来西亚,吉兰丹州,万捷县,,
5.83743,101.96144,马来西亚,吉兰丹州,丹那美拉县,,
5.98333,100.48333,马来西亚,吉打州,本同县,,
6.05,102.26667,马来西亚,吉兰丹州,哥打峇鲁县,巴西杜布,
5.73333,102.51667,马来西亚,登嘉樓州,勿述县,,
5.83333,102.23333,马来西亚,吉兰丹州,马樟县,,
5.68333,102.2,马来西亚,吉兰丹州,马樟县,,
6.16667,102.26667,马来西亚,吉兰丹州,哥打峇鲁县,,
6.08333,102.36667,马来西亚,吉兰丹州,万捷县,,
5.51347,100.48625,马来西亚,槟城州,威北县,,
5.76667,102.41667,马来西亚,吉兰丹州,巴西富地县,,
5.378,103.0306,马来西亚,登嘉樓州,瓜拉尼鲁斯县,,
5.9,100.66667,马来西亚,吉打州,锡县,,
6.4,100.33333,马来西亚,吉打州,古邦巴素县,,
5.32197,100.43434,马来西亚,槟城州,威中县,,Taman Seri Delima
5.76667,102.43333,马来西亚,吉兰丹州,巴西富地县,,
5.81667,102.13333,马来西亚,吉兰丹州,丹那美拉县,,
5.9,102.38333,马来西亚,吉兰丹州,巴西富地县,,
5.69447,100.92197,马来西亚,吉打州,华玲县,,
5.80693,100.38646,马来西亚,吉打州,铅县,,
4.4022,101.11793,马来西亚,霹雳州,金宝县,,
5.7634,117.2012,马来西亚,沙巴州,特鲁必,,
5.88796,116.09194,马来西亚,沙巴州,兵南邦,,
5.36659,100.40827,马来西亚,槟城州,威中县,诗不朗再也,
5.37509,100.42363,马来西亚,槟城州,威中县,武吉丁雅,Taman Pauh Indah
5.9406,116.4936,马来西亚,沙巴州,兰瑙,,
6.0504,116.1657,马来西亚,沙巴州,亚庇,,
5.9293,116.3302,马来西亚,沙巴州,斗亚兰,,
5.926,116.3393,马来西亚,沙巴州,斗亚兰,,
6.23333,116.4,马来西亚,沙巴州,古打毛律,,
5.358,100.22372,马来西亚,槟城州,西南县,,
5.95,100.55,马来西亚,吉打州,本同县,,
3.01667,102.11667,马来西亚,森美兰州,日叻务县,,
5.83015,100.39912,马来西亚,吉打州,铅县,,
5.35621,100.23857,马来西亚,槟城州,西南县,Batu Hitam,
5.80525,100.72429,马来西亚,吉打州,锡县,,
6.32642,100.42461,马来西亚,吉打州,古邦巴素县,,
6.44752,100.40668,马来西亚,吉打州,古邦巴素县,,
5.13333,100.7,马来西亚,霹雳州,拉律峇登司南马县,,
6.08333,100.46667,马来西亚,吉打州,波各先那县,,
2.9979,102.0815,马来西亚,森美兰州,日叻务县,,Titi Jaya
5.86667,100.46667,马来西亚,吉打州,瓜拉姆达县,,
4.18333,101.18333,马来西亚,霹雳州,马登巴冷县,,Kampung Tersusun Seri Dermawan
2.6901,101.4858,马来西亚,雪兰莪州,瓜拉冷岳县,,
6.43246,100.40386,马来西亚,吉打州,古邦巴素县,,
2.71667,102.26667,马来西亚,森美兰州,瓜拉庇劳县,,
5.203,103.107,马来西亚,登嘉樓州,马江县,,
2.4558,102.0967,马来西亚,森美兰州,林茂县,,
5.2494,103.1244,马来西亚,登嘉樓州,瓜拉登嘉楼县,Pekan Kedai Buluh,
2.4676,102.0917,马来西亚,森美兰州,林茂县,,
1.66132,109.80673,马来西亚,砂拉越州,伦乐,,
6.01667,100.61667,马来西亚,吉打州,本同县,,
5.75,102.08333,马来西亚,吉兰丹州,丹那美拉县,,
5.2271,103.0402,马来西亚,登嘉樓州,瓜拉登嘉楼县,,
1.3907,103.5832,马来西亚,柔佛州,新山县,,
1.382,103.5685,马来西亚,柔佛州,新山县,,
3.8127,103.2836,马来西亚,彭亨州,关丹县,,
1.08333,110.71667,马来西亚,砂拉越州,西连,,
5.9722,116.4774,马来西亚,沙巴州,斗亚兰,,
5.9781,116.4896,马来西亚,沙巴州,兰瑙,,
5.9843,116.493,马来西亚,沙巴州,兰瑙,,
5.9762,116.4812,马来西亚,沙巴州,斗亚兰,,
5.9661,116.4879,马来西亚,沙巴州,斗亚兰,,
5.9152,116.552,马来西亚,沙巴州,兰瑙,,
5.8579,116.5554,马来西亚,沙巴州,兰瑙,,
6.25,116.33333,马来西亚,沙巴州,斗亚兰,,
5.7163,116.7253,马来西亚,沙巴州,兰瑙,,
6.03333,102.1,马来西亚,吉兰丹州,巴西马县,,
6.11667,102.26667,马来西亚,吉兰丹州,哥打峇鲁县,,
5.9926,116.2889,马来西亚,沙巴州,斗亚兰,,
6.01667,116.31667,马来西亚,沙巴州,斗亚兰,,
4.75,103.11667,马来西亚,登嘉樓州,龙运县,,
4.61667,103.11667,马来西亚,登嘉樓州,龙运县,,
5.8554,116.0941,马来西亚,沙巴州,兵南邦,,
5.4,115.4,马来西亚,沙巴州,瓜拉班尤,,
5.9394,116.1401,马来西亚,沙巴州,兵南邦,,
5.95,116.5012,马来西亚,沙巴州,兰瑙,,
6.5451,116.5732,马来西亚,沙巴州,古打毛律,,
6.526,116.5563,马来西亚,沙巴州,古打毛律,,
6.0342,116.216,马来西亚,沙巴州,亚庇,,
6.4653,116.7185,马来西亚,沙巴州,哥打马鲁都,,
6.0808,116.2102,马来西亚,沙巴州,斗亚兰,,
4.44948,118.64038,马来西亚,沙巴州,仙本那,,
6.476,116.7363,马来西亚,沙巴州,哥打马鲁都,,
5.7,116.36667,马来西亚,沙巴州,担布南,,
6.1266,116.1267,马来西亚,沙巴州,亚庇,,
6.1151,116.1087,马来西亚,沙巴州,亚庇,,
6.4963,116.5468,马来西亚,沙巴州,古打毛律,,
6.6987,116.7182,马来西亚,沙巴州,古达,,
4.28333,101.05,马来西亚,霹雳州,近打县,,
6.18333,116.35,马来西亚,沙巴州,斗亚兰,,
5.82814,101.91896,马来西亚,吉兰丹州,丹那美拉县,,
5.8043,116.1679,马来西亚,沙巴州,兵南邦,,
5.7868,116.1648,马来西亚,沙巴州,兵南邦,,
2.21667,102.5,马来西亚,柔佛州,东甲县,,
5.7877,116.218,马来西亚,沙巴州,兵南邦,,
5.7755,116.2183,马来西亚,沙巴州,兵南邦,,
6.0425,100.40934,马来西亚,吉打州,哥打士打县,,
6.6495,116.7113,马来西亚,沙巴州,哥打马鲁都,,
6.65,116.7,马来西亚,沙巴州,哥打马鲁都,,
6.6269,116.739,马来西亚,沙巴州,哥打马鲁都,,
2.4897,102.102,马来西亚,森美兰州,林茂县,,
5.11667,115.63333,马来西亚,沙巴州,实必丹,,
5.58333,115.58333,马来西亚,沙巴州,瓜拉班尤,,
5.51667,115.91667,马来西亚,沙巴州,,,
5.382,116.8893,马来西亚,沙巴州,东革,,
5.61047,100.72378,马来西亚,吉打州,华玲县,,
3.95,101.26667,马来西亚,霹雳州,马登巴冷县,,
1.26667,110.48333,马来西亚,砂拉越州,西连,,
5.6,100.86667,马来西亚,吉打州,华玲县,,
5.58333,100.88333,马来西亚,吉打州,华玲县,,
6.3878,116.4025,马来西亚,沙巴州,古打毛律,,
5.3049,103.0452,马来西亚,登嘉樓州,瓜拉登嘉楼县,,
1.0011,110.42763,马来西亚,砂拉越州,打必禄,,
5.82731,100.77834,马来西亚,吉打州,锡县,,
4.44308,118.65818,马来西亚,沙巴州,仙本那,,
6.05,102.3,马来西亚,吉兰丹州,哥打峇鲁县,,
3.38333,101.3,马来西亚,雪兰莪州,瓜拉雪兰莪县,,
2.7898,102.3358,马来西亚,森美兰州,瓜拉庇劳县,,
1.46667,111.41667,马来西亚,砂拉越州,木中,,
6.08333,100.43333,马来西亚,吉打州,哥打士打县,,
2.163,102.7012,马来西亚,柔佛州,麻坡县,,
2.1142,102.5225,马来西亚,柔佛州,东甲县,,
3.1878,103.1714,马来西亚,彭亨州,北根县,,
4.58333,100.91667,马来西亚,霹雳州,江沙县,,
5.71667,102.48333,马来西亚,登嘉樓州,勿述县,,
4.9,100.96667,马来西亚,霹雳州,江沙县,,
4.41667,100.98333,马来西亚,霹雳州,近打县,,Taman Tronoh Mewah
4.9924,102.378,马来西亚,吉兰丹州,话望生县,,
4.71667,100.68333,马来西亚,霹雳州,拉律峇登司南马县,,
1.7,110.18333,马来西亚,砂拉越州,古晋,柏特拉再也,
3.422,102.0534,马来西亚,彭亨州,文冬县,,Kampung Teroh
3.43333,102.08333,马来西亚,彭亨州,文冬县,,
5.75,102.06667,马来西亚,吉兰丹州,丹那美拉县,,
5.78333,102.06667,马来西亚,吉兰丹州,丹那美拉县,,
5.76667,102.06667,马来西亚,吉兰丹州,丹那美拉县,,
5.9505,116.5091,马来西亚,沙巴州,兰瑙,,
5.2319,102.8755,马来西亚,登嘉樓州,,,
4.2,101.96667,马来西亚,彭亨州,立卑县,,
1.53333,111.0,马来西亚,砂拉越州,浮刹,,
4.03333,113.81667,马来西亚,砂拉越州,苏必士,,
3.1992,103.4441,马来西亚,彭亨州,北根县,,
2.2919,104.11,马来西亚,柔佛州,丰盛港县,,
4.9657,115.4876,马来西亚,沙巴州,实必丹,,
1.11667,110.63333,马来西亚,砂拉越州,西连,,
5.8396,116.1774,马来西亚,沙巴州,兵南邦,,
2.6397,103.6965,马来西亚,柔佛州,丰盛港县,,Taman Endau Makmur
2.6286,103.7207,马来西亚,柔佛州,丰盛港县,,
2.9468,102.0369,马来西亚,森美兰州,日叻务县,,
2.8541,102.2947,马来西亚,森美兰州,瓜拉庇劳县,,
2.5865,102.082,马来西亚,森美兰州,林茂县,,
2.2892,102.4613,马来西亚,马六甲州,野新县,,
4.98333,102.73333,马来西亚,登嘉樓州,,,
5.65,100.86667,马来西亚,吉打州,华玲县,,
6.4327,116.6714,马来西亚,沙巴州,哥打马鲁都,,
5.55,100.53333,马来西亚,吉打州,居林县,,
5.76667,102.35,马来西亚,吉兰丹州,巴西富地县,,
5.1729,103.1663,马来西亚,登嘉樓州,马江县,,
5.98333,102.3,马来西亚,吉兰丹州,哥打峇鲁县,,
6.13333,102.36667,马来西亚,吉兰丹州,万捷县,,
2.9206,101.7582,马来西亚,雪兰莪州,乌鲁冷岳县,,
5.76667,102.08333,马来西亚,吉兰丹州,丹那美拉县,,
1.46667,110.71667,马来西亚,砂拉越州,,,
5.13333,100.81667,马来西亚,霹雳州,拉律峇登司南马县,,
4.9686,102.3611,马来西亚,吉兰丹州,话望生县,,
6.06667,102.33333,马来西亚,吉兰丹州,哥打峇鲁县,,
5.45,103.01667,马来西亚,登嘉樓州,瓜拉尼鲁斯县,Kampung Wakaf Cagak,
5.4018,103.0168,马来西亚,登嘉樓州,瓜拉尼鲁斯县,,
5.2,100.68333,马来西亚,霹雳州,拉律峇登司南马县,,
2.6983,102.2361,马来西亚,森美兰州,瓜拉庇劳县,,
5.32504,100.21047,马来西亚,槟城州,西南县,Dataran Genting,
5.40493,100.75814,马来西亚,吉打州,华玲县,,
6.08333,102.06667,马来西亚,吉兰丹州,巴西马县,,
5.98333,102.13333,马来西亚,吉兰丹州,巴西马县,,
0.9277,110.49302,马来西亚,砂拉越州,打必禄,,
5.12623,100.53232,马来西亚,吉打州,万拉峇鲁县,,
6.0,102.35,马来西亚,吉兰丹州,万捷县,,
4.81667,103.15,马来西亚,登嘉樓州,龙运县,,
4.53333,100.93333,马来西亚,霹雳州,中霹雳县,,Kampung Tepus
4.23333,101.9,马来西亚,彭亨州,立卑县,,
3.03333,103.41667,马来西亚,彭亨州,北根县,,
5.36667,103.05,马来西亚,登嘉樓州,瓜拉尼鲁斯县,,
5.58025,100.34024,马来西亚,吉打州,瓜拉姆达县,,
6.09219,100.2901,马来西亚,吉打州,哥打士打县,Taman Layar Fasa 3,
5.03333,103.0,马来西亚,登嘉樓州,,,
5.8118,116.472,马来西亚,沙巴州,担布南,,
5.8632,116.5248,马来西亚,沙巴州,担布南,,
5.43333,115.43333,马来西亚,沙巴州,瓜拉班尤,,
2.4871,103.8162,马来西亚,柔佛州,丰盛港县,,
2.4871,103.8062,马来西亚,柔佛州,丰盛港县,,
2.4965,103.8013,马来西亚,柔佛州,丰盛港县,,
5.68333,100.65,马来西亚,吉打州,瓜拉姆达县,,
6.06667,102.38333,马来西亚,吉兰丹州,万捷县,,
5.16667,100.65,马来西亚,霹雳州,拉律峇登司南马县,,
2.4674,102.8022,马来西亚,柔佛州,昔加末县,,
2.8573,102.2029,马来西亚,森美兰州,瓜拉庇劳县,,
5.1608,102.9285,马来西亚,登嘉樓州,,,
3.75,102.4,马来西亚,彭亨州,淡马鲁县,,
3.4116,102.4151,马来西亚,彭亨州,淡马鲁县,,
1.4633,103.4281,马来西亚,柔佛州,笨珍县,,
1.95,104.08333,马来西亚,柔佛州,哥打丁宜县,,
5.28333,100.68333,马来西亚,吉打州,万拉峇鲁县,,
6.275,100.54746,马来西亚,吉打州,巴东得腊县,,
2.9563,102.9019,马来西亚,彭亨州,云冰县,,
2.51667,102.83333,马来西亚,柔佛州,昔加末县,,
2.6244,102.0858,马来西亚,森美兰州,林茂县,,
2.5187,102.1155,马来西亚,森美兰州,林茂县,,
2.1394,102.4237,马来西亚,马六甲州,野新县,,Taman Merlimau Gemilang
6.40419,100.3148,马来西亚,吉打州,古邦巴素县,,
6.33415,100.5901,马来西亚,吉打州,巴东得腊县,,
6.10936,100.29691,马来西亚,吉打州,哥打士打县,Taman Layar Fasa 3,
6.11547,100.47529,马来西亚,吉打州,波各先那县,,
6.07238,100.33807,马来西亚,吉打州,哥打士打县,,
5.88333,102.16667,马来西亚,吉兰丹州,丹那美拉县,,
5.76667,101.73333,马来西亚,吉兰丹州,日里县,,
5.71667,102.2,马来西亚,吉兰丹州,马樟县,,
5.71667,102.05,马来西亚,吉兰丹州,丹那美拉县,,
5.55,102.21667,马来西亚,吉兰丹州,瓜拉吉赖县,,
5.54812,100.56881,马来西亚,吉打州,瓜拉姆达县,,
5.45277,100.20612,马来西亚,槟城州,西南县,,
5.29907,100.2323,马来西亚,槟城州,西南县,公巴,
5.23333,100.73333,马来西亚,霹雳州,拉律峇登司南马县,,
5.21017,100.59971,马来西亚,吉打州,万拉峇鲁县,,Taman Serdang
5.1521,103.1911,马来西亚,登嘉樓州,马江县,,
5.15,100.43333,马来西亚,槟城州,威南县,,
5.11667,100.51667,马来西亚,吉打州,万拉峇鲁县,,
5.0839,103.2688,马来西亚,登嘉樓州,马江县,,
5.09302,100.38885,马来西亚,霹雳州,吉辇县,,
4.71667,103.05,马来西亚,登嘉樓州,龙运县,,
4.5116,103.4427,马来西亚,登嘉樓州,甘马挽县,,Kampung Telaga Papan
4.46667,100.91667,马来西亚,霹雳州,中霹雳县,,
4.45,100.78333,马来西亚,霹雳州,曼绒县,,Kampung Kedah
4.1888,100.9284,马来西亚,霹雳州,中霹雳县,,Pekan Kampong Gajah
4.05,113.81667,马来西亚,砂拉越州,苏必士,,
3.8074,103.3116,马来西亚,彭亨州,关丹县,Bukit Setongkol,
3.7692,100.958,马来西亚,雪兰莪州,沙白安南县,,
3.71792,101.57618,马来西亚,霹雳州,慕亚林县,,
3.6,103.38333,马来西亚,彭亨州,关丹县,,
3.4401,101.1592,马来西亚,雪兰莪州,瓜拉雪兰莪县,,
3.28333,101.3,马来西亚,雪兰莪州,瓜拉雪兰莪县,,
3.23333,101.71667,马来西亚,雪兰莪州,鹅唛县,,
3.23333,101.3,马来西亚,雪兰莪州,瓜拉雪兰莪县,,
2.8648,102.213,马来西亚,森美兰州,瓜拉庇劳县,,
2.7557,101.8586,马来西亚,森美兰州,芙蓉县,,
2.718,102.1851,马来西亚,森美兰州,瓜拉庇劳县,,
2.5677,102.2348,马来西亚,森美兰州,瓜拉庇劳县,,
2.5452,102.4125,马来西亚,森美兰州,淡边县,,Taman Kasturi
2.3134,102.268,马来西亚,马六甲州,亚罗牙也县,,
2.5,102.48333,马来西亚,森美兰州,淡边县,,
2.46891,102.41076,马来西亚,马六甲州,野新县,,Taman Batang Melaka Jaya
2.43333,102.13333,马来西亚,马六甲州,亚罗牙也县,,
2.4084,102.1774,马来西亚,马六甲州,亚罗牙也县,,
2.3776,102.3714,马来西亚,马六甲州,野新县,,
2.3604,102.812,马来西亚,柔佛州,东甲县,,
2.3618,102.0977,马来西亚,马六甲州,亚罗牙也县,,Taman Datuk Thamby Chik Karim
2.3684,102.0088,马来西亚,马六甲州,亚罗牙也县,,
2.3528,102.1129,马来西亚,马六甲州,亚罗牙也县,,
2.3528,102.2066,马来西亚,马六甲州,亚罗牙也县,,
2.28333,102.51667,马来西亚,柔佛州,东甲县,,
2.2416,102.3465,马来西亚,马六甲州,野新县,,
2.2576,102.197,马来西亚,马六甲州,马六甲中央县,,Taman Tanjung Minyak Jaya
2.25,102.13333,马来西亚,马六甲州,马六甲中央县,,
2.2439,102.2577,马来西亚,马六甲州,马六甲中央县,,Taman Ara
2.1391,102.625,马来西亚,柔佛州,东甲县,,
2.0713,103.3332,马来西亚,柔佛州,居銮县,,
2.0631,102.6152,马来西亚,柔佛州,麻坡县,,
1.843,103.4101,马来西亚,柔佛州,居銮县,,
1.6594,103.923,马来西亚,柔佛州,新山县,,
1.5013,103.7997,马来西亚,柔佛州,新山县,,
1.4779,103.398,马来西亚,柔佛州,笨珍县,小笨珍,
1.23333,111.46667,马来西亚,砂拉越州,斯里阿曼,,Taman King
1.11963,110.27554,马来西亚,砂拉越州,古晋,,
6.06667,102.21667,马来西亚,吉兰丹州,巴西马县,,
5.6,102.48333,马来西亚,登嘉樓州,勿述县,,
2.4743,103.0512,马来西亚,柔佛州,昔加末县,,
5.612,115.5865,马来西亚,沙巴州,瓜拉班尤,,
5.7619,116.033,马来西亚,沙巴州,,,
5.7516,116.0316,马来西亚,沙巴州,,,
2.5711,102.4704,马来西亚,森美兰州,淡边县,,
6.05,102.33333,马来西亚,吉兰丹州,哥打峇鲁县,,
3.9126,101.9754,马来西亚,彭亨州,劳勿县,,
1.03523,110.32273,马来西亚,砂拉越州,打必禄,,
1.03095,110.32658,马来西亚,砂拉越州,打必禄,,
5.5356,115.5487,马来西亚,沙巴州,瓜拉班尤,,
4.23333,103.4,马来西亚,登嘉樓州,朱盖,,
3.1848,102.2533,马来西亚,彭亨州,文冬县,,
6.21667,102.11667,马来西亚,吉兰丹州,道北县,,
6.1,102.31667,马来西亚,吉兰丹州,万捷县,,
6.0,102.26667,马来西亚,吉兰丹州,哥打峇鲁县,,
5.7,100.41667,马来西亚,吉打州,瓜拉姆达县,,
4.18333,101.9,马来西亚,彭亨州,立卑县,,
4.16667,102.03333,马来西亚,彭亨州,立卑县,,
6.23333,100.25,马来西亚,吉打州,古邦巴素县,,
6.3732,116.4578,马来西亚,沙巴州,古打毛律,,
6.23333,116.35,马来西亚,沙巴州,斗亚兰,,
4.86667,100.95,马来西亚,霹雳州,江沙县,,Kampung Tahan
5.0632,102.9611,马来西亚,登嘉樓州,,,
6.36667,100.43333,马来西亚,吉打州,古邦巴素县,,
4.8743,101.0411,马来西亚,霹雳州,江沙县,,
3.5034,102.5509,马来西亚,彭亨州,马兰县,,
2.2514,103.6023,马来西亚,柔佛州,居銮县,,
5.1454,103.143,马来西亚,登嘉樓州,马江县,,
5.13333,103.15,马来西亚,登嘉樓州,马江县,,
2.379,103.021,马来西亚,柔佛州,昔加末县,,
2.36268,103.00442,马来西亚,柔佛州,昔加末县,,
4.65169,100.6936,马来西亚,霹雳州,拉律峇登司南马县,,
3.05244,103.21822,马来西亚,彭亨州,北根县,,
1.8722,103.9551,马来西亚,柔佛州,哥打丁宜县,,
1.7921,103.8809,马来西亚,柔佛州,哥打丁宜县,,
6.16667,100.4,马来西亚,吉打州,哥打士打县,Taman Nabira Jaya,
5.1101,100.99796,马来西亚,霹雳州,上霹靂县,,
3.4936,102.8385,马来西亚,彭亨州,马兰县,,
1.65943,109.88665,马来西亚,砂拉越州,伦乐,,
1.65,109.88333,马来西亚,砂拉越州,伦乐,,
4.51667,102.6,马来西亚,彭亨州,而连突县,,
5.83333,102.43333,马来西亚,吉兰丹州,巴西富地县,,
5.75,102.6,马来西亚,登嘉樓州,勿述县,,
5.9381,116.6228,马来西亚,沙巴州,兰瑙,,
6.01667,102.3,马来西亚,吉兰丹州,哥打峇鲁县,,
5.4,115.38333,马来西亚,沙巴州,瓜拉班尤,,
1.0305,110.45567,马来西亚,砂拉越州,打必禄,,
1.28333,110.35,马来西亚,砂拉越州,古晋,,
1.63333,110.21667,马来西亚,砂拉越州,古晋,柏特拉再也,
5.68333,100.7,马来西亚,吉打州,华玲县,,
5.61667,100.66667,马来西亚,吉打州,华玲县,,
1.78253,109.74777,马来西亚,砂拉越州,伦乐,,
2.425,103.068,马来西亚,柔佛州,昔加末县,,
3.9318,101.891,马来西亚,彭亨州,劳勿县,,
1.46667,110.28333,马来西亚,砂拉越州,古晋,,
5.68333,102.13333,马来西亚,吉兰丹州,马樟县,,
5.51667,102.48333,马来西亚,登嘉樓州,勿述县,,
5.0937,103.1306,马来西亚,登嘉樓州,马江县,,
6.34721,100.37132,马来西亚,吉打州,古邦巴素县,,
5.0847,103.1319,马来西亚,登嘉樓州,马江县,,
3.5475,103.2159,马来西亚,彭亨州,北根县,,
1.48333,110.36667,马来西亚,砂拉越州,古晋,,
2.45,104.53333,马来西亚,柔佛州,丰盛港县,,
5.78333,102.36667,马来西亚,吉兰丹州,巴西富地县,,
5.61667,100.43333,马来西亚,吉打州,瓜拉姆达县,,
5.61667,100.45,马来西亚,吉打州,瓜拉姆达县,,
5.34373,100.54002,马来西亚,吉打州,居林县,,Taman Seroja
6.21072,100.25855,马来西亚,吉打州,古邦巴素县,,
4.0822,100.7718,马来西亚,霹雳州,曼绒县,,
5.36692,103.04814,马来西亚,登嘉樓州,瓜拉尼鲁斯县,,
6.35,100.36667,马来西亚,吉打州,古邦巴素县,,
5.27783,100.28832,马来西亚,槟城州,西南县,,
5.26671,100.28023,马来西亚,槟城州,西南县,,
3.8219,102.3953,马来西亚,彭亨州,而连突县,,
5.7492,100.91148,马来西亚,吉打州,华玲县,,
5.01667,100.93333,马来西亚,霹雳州,上霹靂县,,
5.90945,100.37866,马来西亚,吉打州,铅县,,
5.7116,100.92728,马来西亚,吉打州,华玲县,,
2.58333,104.31667,马来西亚,柔佛州,丰盛港县,,
3.8167,103.3635,马来西亚,彭亨州,关丹县,,
5.14905,100.57346,马来西亚,吉打州,万拉峇鲁县,,
1.71667,110.25,马来西亚,砂拉越州,,,
1.495,103.6861,马来西亚,柔佛州,新山县,柏玲花园,
1.5656,104.0349,马来西亚,柔佛州,哥打丁宜县,,
4.2996,100.5799,马来西亚,霹雳州,曼绒县,,七湾
3.9704,100.9407,马来西亚,霹雳州,峇眼拿督县,Teluk Bharu,Kampung Tapak Semenang
5.93333,102.1,马来西亚,吉兰丹州,巴西马县,,
2.2992,104.1003,马来西亚,柔佛州,丰盛港县,,
2.6064,103.7703,马来西亚,柔佛州,丰盛港县,,
4.2416,100.9108,马来西亚,霹雳州,中霹雳县,,
2.8777,104.1554,马来西亚,彭亨州,云冰县,,
3.66667,102.41667,马来西亚,彭亨州,淡马鲁县,,
3.8,100.86667,马来西亚,雪兰莪州,沙白安南县,,
3.7883,100.8594,马来西亚,雪兰莪州,沙白安南县,,
6.2,102.21667,马来西亚,吉兰丹州,道北县,,
3.9763,100.9527,马来西亚,霹雳州,下霹雳县,,
6.16667,102.3,马来西亚,吉兰丹州,哥打峇鲁县,彭加兰芝柏,Perumahan Taman Seri
2.44274,103.987,马来西亚,柔佛州,丰盛港县,,
3.71667,101.46667,马来西亚,霹雳州,慕亚林县,,
3.03333,101.41667,马来西亚,雪兰莪州,巴生县,,
5.0,100.53333,马来西亚,霹雳州,吉辇县,,
5.0,100.5,马来西亚,霹雳州,吉辇县,,Taman Serai Permai
3.05,101.43333,马来西亚,雪兰莪州,巴生县,直落玻璃,
3.41667,102.55,马来西亚,彭亨州,百乐县,,
2.2898,104.1348,马来西亚,柔佛州,丰盛港县,,
5.61667,100.36667,马来西亚,吉打州,瓜拉姆达县,,
3.32878,101.26251,马来西亚,雪兰莪州,瓜拉雪兰莪县,,Taman Seri Piai
2.3879,101.9808,马来西亚,马六甲州,亚罗牙也县,,
5.66667,100.35,马来西亚,吉打州,瓜拉姆达县,,
4.23333,100.6,马来西亚,霹雳州,曼绒县,,
4.55,100.9,马来西亚,霹雳州,中霹雳县,,
5.62401,100.80608,马来西亚,吉打州,华玲县,,
3.35,101.28333,马来西亚,雪兰莪州,瓜拉雪兰莪县,,
2.2418,102.8069,马来西亚,柔佛州,麻坡县,Batu 28,
4.1726,100.6756,马来西亚,霹雳州,曼绒县,,
5.0704,102.9924,马来西亚,登嘉樓州,,Kampung Gaung,Kampung Teluk Pecung
5.3251,103.0938,马来西亚,登嘉樓州,瓜拉登嘉楼县,,
4.21098,103.38723,马来西亚,登嘉樓州,朱盖,,
4.2326,100.5473,马来西亚,霹雳州,曼绒县,,
1.71963,110.35171,马来西亚,砂拉越州,古晋,,
4.21443,100.61214,马来西亚,霹雳州,曼绒县,,Kampung Teluk Muroh
2.43333,104.51667,马来西亚,柔佛州,,,
2.5838,101.7978,马来西亚,森美兰州,波德申县,,
4.25,103.45,马来西亚,登嘉樓州,朱盖,,
3.4614,102.4406,马来西亚,彭亨州,淡马鲁县,,
2.91667,101.41667,马来西亚,雪兰莪州,瓜拉冷岳县,,
3.03333,101.48333,马来西亚,雪兰莪州,巴生县,,
4.11667,101.01667,马来西亚,霹雳州,中霹雳县,,
3.4749,102.5966,马来西亚,彭亨州,马兰县,,
2.00663,109.64571,马来西亚,砂拉越州,伦乐,,
5.15,100.98333,马来西亚,霹雳州,上霹靂县,,
6.21695,100.30026,马来西亚,吉打州,哥打士打县,,
4.98333,100.58333,马来西亚,霹雳州,吉辇县,,
5.0741,102.9992,马来西亚,登嘉樓州,,Kampung Gaung,Kampung Teluk Masjid
4.41667,100.88333,马来西亚,霹雳州,中霹雳县,,
6.2474,100.38016,马来西亚,吉打州,古邦巴素县,,
5.85,102.46667,马来西亚,吉兰丹州,巴西富地县,,
5.81667,102.58333,马来西亚,登嘉樓州,勿述县,,
2.42648,101.90795,马来西亚,森美兰州,波德申县,,
6.1006,100.28572,马来西亚,吉打州,哥打士打县,,Taman Sri Putra
6.16667,102.31667,马来西亚,吉兰丹州,哥打峇鲁县,,
3.9778,100.8769,马来西亚,霹雳州,中霹雳县,,Kampung Sungai Besar
1.418,103.4226,马来西亚,柔佛州,笨珍县,,
4.3194,100.8809,马来西亚,霹雳州,中霹雳县,,
6.1,102.35,马来西亚,吉兰丹州,万捷县,,
5.62701,100.79792,马来西亚,吉打州,华玲县,,Kampung Keledang
2.1,102.58333,马来西亚,柔佛州,东甲县,,
2.5393,102.7824,马来西亚,柔佛州,昔加末县,,
6.28333,100.38333,马来西亚,吉打州,古邦巴素县,,
4.2058,100.5764,马来西亚,霹雳州,曼绒县,,
6.09043,100.31923,马来西亚,吉打州,哥打士打县,,
6.2,102.25,马来西亚,吉兰丹州,哥打峇鲁县,,
5.7,100.91667,马来西亚,吉打州,华玲县,,
6.08333,100.41667,马来西亚,吉打州,哥打士打县,,
4.28333,103.48333,马来西亚,登嘉樓州,甘马挽县,,Taman Sri Kalongan
2.43283,103.99153,马来西亚,柔佛州,丰盛港县,,
6.21765,100.3135,马来西亚,吉打州,哥打士打县,,
4.09548,100.93163,马来西亚,霹雳州,中霹雳县,,
2.45,104.5,马来西亚,柔佛州,,,
6.15,102.11667,马来西亚,吉兰丹州,道北县,,
3.7,102.38333,马来西亚,彭亨州,淡马鲁县,,
1.9315,104.1018,马来西亚,柔佛州,哥打丁宜县,,
6.21852,100.32329,马来西亚,吉打州,哥打士打县,,
1.4795,103.8463,马来西亚,柔佛州,新山县,,
6.13333,100.46667,马来西亚,吉打州,波各先那县,,
4.98333,100.45,马来西亚,霹雳州,吉辇县,,
2.3468,102.0596,马来西亚,马六甲州,亚罗牙也县,,
2.1392,102.533,马来西亚,马六甲州,野新县,,
6.22168,100.40364,马来西亚,吉打州,古邦巴素县,,
4.2,100.58333,马来西亚,霹雳州,曼绒县,,Taman Pangkor Indah
3.03333,101.4,马来西亚,雪兰莪州,巴生县,,Kampung Delek
2.66315,103.61525,马来西亚,彭亨州,云冰县,丹绒哥莫,Taman Wawasan 1
5.6268,100.85338,马来西亚,吉打州,华玲县,,
5.78552,103.00328,马来西亚,登嘉樓州,瓜拉尼鲁斯县,,
4.2482,100.5545,马来西亚,霹雳州,曼绒县,,邦咯
6.03333,102.2,马来西亚,吉兰丹州,哥打峇鲁县,,
6.09605,100.3366,马来西亚,吉打州,哥打士打县,Taman Ria,Taman Indah
4.25,100.56667,马来西亚,霹雳州,曼绒县,,邦咯
6.2,102.23333,马来西亚,吉兰丹州,哥打峇鲁县,,
3.81667,100.98333,马来西亚,霹雳州,峇眼拿督县,,Kampung Teluk Buloh
4.01111,100.9078,马来西亚,霹雳州,下霹雳县,,Kampung Sarang Tiong
3.812,100.9826,马来西亚,霹雳州,峇眼拿督县,,Kampung Teluk Buloh
1.7888,102.9053,马来西亚,柔佛州,峇株巴辖县,,
6.03723,100.34472,马来西亚,吉打州,哥打士打县,,
2.2118,102.7798,马来西亚,柔佛州,麻坡县,,
5.83901,102.54063,马来西亚,登嘉樓州,勿述县,,
6.20462,100.32664,马来西亚,吉打州,哥打士打县,,
5.65,100.35,马来西亚,吉打州,瓜拉姆达县,,
2.4474,102.0667,马来西亚,马六甲州,亚罗牙也县,,
6.28333,100.4,马来西亚,吉打州,古邦巴素县,,
4.25,100.55,马来西亚,霹雳州,曼绒县,,
3.81667,100.83333,马来西亚,雪兰莪州,沙白安南县,,
2.35,102.0435,马来西亚,马六甲州,亚罗牙也县,,
4.7854,103.4335,马来西亚,登嘉樓州,龙运县,,
3.65,102.43333,马来西亚,彭亨州,淡马鲁县,,
4.93333,100.78333,马来西亚,霹雳州,拉律峇登司南马县,,
4.1889,100.6066,马来西亚,霹雳州,曼绒县,,直落峇迪
4.2965,100.9045,马来西亚,霹雳州,中霹雳县,,
2.1312,102.6189,马来西亚,柔佛州,东甲县,,
5.76865,103.02456,马来西亚,登嘉樓州,瓜拉尼鲁斯县,,
6.1,102.28333,马来西亚,吉兰丹州,哥打峇鲁县,,
3.9678,100.9299,马来西亚,霹雳州,峇眼拿督县,Teluk Bharu,
1.9233,104.0503,马来西亚,柔佛州,哥打丁宜县,,
6.06997,100.35552,马来西亚,吉打州,哥打士打县,,Taman Bagan Permai
5.63333,100.41667,马来西亚,吉打州,瓜拉姆达县,,
1.3489,104.1574,马来西亚,柔佛州,哥打丁宜县,,
6.35,100.35,马来西亚,吉打州,古邦巴素县,,
6.33333,100.45,马来西亚,吉打州,古邦巴素县,,
6.18333,100.41667,马来西亚,吉打州,哥打士打县,,
6.13333,102.28333,马来西亚,吉兰丹州,哥打峇鲁县,,
6.1,100.36667,马来西亚,吉打州,哥打士打县,新邦瓜拉,
5.65,100.48333,马来西亚,吉打州,瓜拉姆达县,Sungai Layar,Taman Melati Layar
5.44434,100.41891,马来西亚,槟城州,威北县,,
5.38333,100.4,马来西亚,槟城州,威中县,诗不朗再也,西鸽花园
5.15018,100.50439,马来西亚,槟城州,威南县,,
4.3094,100.683,马来西亚,霹雳州,曼绒县,,
4.21572,102.37799,马来西亚,彭亨州,而连突县,,
4.1772,100.9545,马来西亚,霹雳州,中霹雳县,,Kampung Teluk
3.8624,100.9508,马来西亚,霹雳州,峇眼拿督县,,
3.8199,102.4205,马来西亚,彭亨州,而连突县,,
3.4861,102.1482,马来西亚,彭亨州,淡马鲁县,,Kampung Baru
3.4511,102.6273,马来西亚,彭亨州,马兰县,,
2.58855,101.77792,马来西亚,森美兰州,波德申县,,Taman Kasawari
2.4221,101.9402,马来西亚,森美兰州,波德申县,,
2.234,102.2868,马来西亚,马六甲州,马六甲中央县,,Kampung Telok
2.1477,102.429,马来西亚,马六甲州,野新县,,
1.9318,104.0661,马来西亚,柔佛州,哥打丁宜县,,
5.11638,102.01301,马来西亚,吉兰丹州,话望生县,,
3.96667,101.98333,马来西亚,彭亨州,立卑县,,
6.1406,116.2478,马来西亚,沙巴州,斗亚兰,,
6.11667,102.16667,马来西亚,吉兰丹州,道北县,,
6.1,102.18333,马来西亚,吉兰丹州,巴西马县,,Kampung Padang Terang
5.65,102.21667,马来西亚,吉兰丹州,瓜拉吉赖县,,
3.0873,102.0991,马来西亚,森美兰州,日叻务县,,
3.53333,101.95,马来西亚,彭亨州,文冬县,,
3.9712,101.9776,马来西亚,彭亨州,立卑县,,
4.7,100.95,马来西亚,霹雳州,江沙县,,
4.23333,101.96667,马来西亚,彭亨州,立卑县,,
2.754,102.1774,马来西亚,森美兰州,瓜拉庇劳县,,
4.77497,114.87394,马来西亚,砂拉越州,林梦,,
1.05,110.85,马来西亚,砂拉越州,西连,,
5.8,102.26667,马来西亚,吉兰丹州,马樟县,,
6.07587,100.32892,马来西亚,吉打州,哥打士打县,,
6.0606,100.33968,马来西亚,吉打州,哥打士打县,,
6.21693,100.33709,马来西亚,吉打州,哥打士打县,,
4.25,103.46667,马来西亚,登嘉樓州,朱盖,,
5.54792,102.89478,马来西亚,登嘉樓州,士兆县,,
5.53495,102.90557,马来西亚,登嘉樓州,士兆县,,
4.5098,103.4454,马来西亚,登嘉樓州,甘马挽县,,Kampung Telaga Papan
5.64818,102.76852,马来西亚,登嘉樓州,士兆县,,
5.68333,102.51667,马来西亚,登嘉樓州,勿述县,,
5.2478,103.095,马来西亚,登嘉樓州,马江县,,
5.9729,101.9586,马来西亚,吉兰丹州,巴西马县,,
6.15767,100.47795,马来西亚,吉打州,波各先那县,,
6.24261,100.35061,马来西亚,吉打州,古邦巴素县,,
5.9115,100.75975,马来西亚,吉打州,锡县,,
5.378,103.1051,马来西亚,登嘉樓州,瓜拉尼鲁斯县,,
6.18333,102.13333,马来西亚,吉兰丹州,道北县,,
6.14117,100.40786,马来西亚,吉打州,哥打士打县,,
5.96667,102.38333,马来西亚,吉兰丹州,万捷县,,
5.0898,103.0002,马来西亚,登嘉樓州,,,Kampung Telaga
4.2689,103.2025,马来西亚,登嘉樓州,甘马挽县,,
3.5,102.53333,马来西亚,彭亨州,马兰县,,
5.4,102.08333,马来西亚,吉兰丹州,瓜拉吉赖县,,
4.73333,103.28333,马来西亚,登嘉樓州,龙运县,,
4.86667,100.71667,马来西亚,霹雳州,拉律峇登司南马县,Asam Kumbang,Taman Saujana Jaya
2.7645,101.8408,马来西亚,森美兰州,芙蓉县,,
2.7525,101.8291,马来西亚,森美兰州,芙蓉县,,
2.7624,101.8485,马来西亚,森美兰州,芙蓉县,,
2.398,102.8145,马来西亚,柔佛州,昔加末县,,
4.4352,102.0632,马来西亚,彭亨州,立卑县,,
5.91667,102.46667,马来西亚,吉兰丹州,万捷县,,
1.4473,103.4095,马来西亚,柔佛州,笨珍县,,
2.2516,102.3509,马来西亚,马六甲州,野新县,,
5.2576,101.06267,马来西亚,霹雳州,上霹靂县,,
5.9499,116.5507,马来西亚,沙巴州,兰瑙,,
2.90495,101.93554,马来西亚,森美兰州,芙蓉县,,
6.0761,116.7935,马来西亚,沙巴州,兰瑙,,
1.35,110.68333,马来西亚,砂拉越州,实文然,,
5.98333,102.31667,马来西亚,吉兰丹州,哥打峇鲁县,,
5.844,116.691,马来西亚,沙巴州,兰瑙,,
3.71667,113.61667,马来西亚,砂拉越州,苏必士,,
3.529,102.1927,马来西亚,彭亨州,淡马鲁县,,
2.1461,102.3963,马来西亚,马六甲州,野新县,,
1.56667,110.63333,马来西亚,砂拉越州,,,
1.26667,110.88333,马来西亚,砂拉越州,实文然,,
5.41368,100.73457,马来西亚,吉打州,居林县,,
2.4998,102.3455,马来西亚,森美兰州,淡边县,,
5.43112,100.63139,马来西亚,吉打州,居林县,,
3.8093,100.8314,马来西亚,雪兰莪州,沙白安南县,,
4.2676,100.6878,马来西亚,霹雳州,曼绒县,,
3.7276,100.9755,马来西亚,雪兰莪州,沙白安南县,,
5.02035,100.63411,马来西亚,霹雳州,吉辇县,,
3.7874,100.8807,马来西亚,雪兰莪州,沙白安南县,,
5.12002,100.56784,马来西亚,吉打州,万拉峇鲁县,,
4.98333,100.95,马来西亚,霹雳州,上霹靂县,,
3.7817,100.912,马来西亚,雪兰莪州,沙白安南县,,
4.25,100.73333,马来西亚,霹雳州,曼绒县,,Kampung Sungai Wangi
3.7763,100.9313,马来西亚,雪兰莪州,沙白安南县,,
4.83333,100.65,马来西亚,霹雳州,拉律峇登司南马县,,
5.83333,102.45,马来西亚,吉兰丹州,巴西富地县,,
5.3,100.46667,马来西亚,槟城州,威中县,峇冬丁宜,
5.15,100.65,马来西亚,霹雳州,拉律峇登司南马县,,
5.06683,101.9175,马来西亚,吉兰丹州,话望生县,,
4.83333,100.66667,马来西亚,霹雳州,拉律峇登司南马县,,
3.8308,102.4125,马来西亚,彭亨州,而连突县,,
3.6475,103.3525,马来西亚,彭亨州,关丹县,,
3.5164,102.4287,马来西亚,彭亨州,淡马鲁县,,
3.2683,102.5485,马来西亚,彭亨州,百乐县,,
3.3907,102.4305,马来西亚,彭亨州,淡马鲁县,,
2.7322,102.1585,马来西亚,森美兰州,瓜拉庇劳县,,
2.5945,102.0811,马来西亚,森美兰州,林茂县,,Taman Rembau Jaya
2.4587,102.7732,马来西亚,柔佛州,昔加末县,,
2.3331,102.2553,马来西亚,马六甲州,亚罗牙也县,,
5.49938,101.89506,马来西亚,吉兰丹州,日里县,,
4.6609,103.4331,马来西亚,登嘉樓州,龙运县,,
4.2156,103.3446,马来西亚,登嘉樓州,朱盖,,Alam Perdana
1.4284,103.6669,马来西亚,柔佛州,新山县,公主港,
6.03333,102.38333,马来西亚,吉兰丹州,万捷县,,
4.2081,100.6389,马来西亚,霹雳州,曼绒县,,Bukit Permata
3.952,100.9012,马来西亚,霹雳州,峇眼拿督县,Teluk Bharu,Kampung Ladang Baru
4.81667,103.3,马来西亚,登嘉樓州,龙运县,,
6.35,100.43333,马来西亚,吉打州,古邦巴素县,,
5.46667,100.43333,马来西亚,槟城州,威北县,,
1.19853,110.21547,马来西亚,砂拉越州,古晋,,
1.68243,109.79164,马来西亚,砂拉越州,伦乐,,
1.5,103.78333,马来西亚,柔佛州,新山县,,
2.55,102.36667,马来西亚,森美兰州,淡边县,,
1.64875,109.78499,马来西亚,砂拉越州,伦乐,,
3.49332,103.11331,马来西亚,彭亨州,北根县,,
5.8348,100.77923,马来西亚,吉打州,锡县,,
5.2244,103.0779,马来西亚,登嘉樓州,马江县,,
1.1,110.51667,马来西亚,砂拉越州,西连,,
4.2871,103.2461,马来西亚,登嘉樓州,甘马挽县,,
1.21667,110.21667,马来西亚,砂拉越州,古晋,,
4.6491,101.0993,马来西亚,霹雳州,近打县,,
5.2922,116.7761,马来西亚,沙巴州,东革,,
5.44048,100.72271,马来西亚,吉打州,居林县,,
4.3361,117.8402,马来西亚,沙巴州,斗湖,,
5.3332,115.5286,马来西亚,沙巴州,保佛,,
6.3739,116.4289,马来西亚,沙巴州,古打毛律,,
5.9859,116.1498,马来西亚,沙巴州,亚庇,,
5.52519,100.5004,马来西亚,槟城州,威北县,,
6.0,102.01667,马来西亚,吉兰丹州,巴西马县,,
5.9,102.35,马来西亚,吉兰丹州,巴西富地县,,
5.7,102.6,马来西亚,登嘉樓州,勿述县,,
5.71667,102.56667,马来西亚,登嘉樓州,勿述县,,
5.29276,100.53004,马来西亚,槟城州,威中县,,
5.95,102.01667,马来西亚,吉兰丹州,巴西马县,,
6.0153,102.0012,马来西亚,吉兰丹州,巴西马县,,
5.96667,102.05,马来西亚,吉兰丹州,巴西马县,,
6.06667,102.35,马来西亚,吉兰丹州,万捷县,,
6.0201,101.9941,马来西亚,吉兰丹州,巴西马县,,
5.5437,102.75475,马来西亚,登嘉樓州,士兆县,,
5.27924,100.72015,马来西亚,吉打州,万拉峇鲁县,,
5.27981,100.52307,马来西亚,槟城州,威南县,,
5.2379,103.086,马来西亚,登嘉樓州,马江县,,
5.0907,103.1963,马来西亚,登嘉樓州,马江县,,
4.6379,101.1123,马来西亚,霹雳州,近打县,打昔,
3.41224,102.6916,马来西亚,彭亨州,马兰县,,
2.1831,102.3496,马来西亚,马六甲州,野新县,,
2.1366,102.5337,马来西亚,马六甲州,野新县,,
5.70139,100.78825,马来西亚,吉打州,华玲县,,
5.8938,116.5371,马来西亚,沙巴州,兰瑙,,
6.1907,116.7738,马来西亚,沙巴州,兰瑙,,
5.55,115.85,马来西亚,沙巴州,,,
6.26667,116.48333,马来西亚,沙巴州,古打毛律,,
4.7,114.83333,马来西亚,砂拉越州,林梦,,
1.2,110.51667,马来西亚,砂拉越州,西连,,
1.2,110.5,马来西亚,砂拉越州,西连,,
3.56667,102.38333,马来西亚,彭亨州,淡马鲁县,,
5.506,115.5772,马来西亚,沙巴州,瓜拉班尤,,
0.93741,110.58268,马来西亚,砂拉越州,打必禄,,
5.1603,103.0417,马来西亚,登嘉樓州,,,
5.71667,101.75,马来西亚,吉兰丹州,日里县,,
6.06667,116.33333,马来西亚,沙巴州,斗亚兰,,
1.08333,110.83333,马来西亚,砂拉越州,实文然,,
1.71667,109.75,马来西亚,砂拉越州,伦乐,,
3.9538,100.9486,马来西亚,霹雳州,峇眼拿督县,Teluk Bharu,Kampung Tapak Semenang
5.1585,103.0822,马来西亚,登嘉樓州,马江县,,
2.8732,102.2422,马来西亚,森美兰州,瓜拉庇劳县,,
5.0972,102.9113,马来西亚,登嘉樓州,,,
0.92272,110.48747,马来西亚,砂拉越州,打必禄,,
4.86634,114.99479,马来西亚,砂拉越州,林梦,,
1.58333,110.48333,马来西亚,砂拉越州,古晋,,
5.11667,115.58333,马来西亚,沙巴州,实必丹,,
1.44952,110.49234,马来西亚,砂拉越州,哥打三马拉汉,,
2.4902,103.63804,马来西亚,柔佛州,丰盛港县,,
3.73333,102.36667,马来西亚,彭亨州,淡马鲁县,,
4.88333,101.01667,马来西亚,霹雳州,江沙县,,Kampung Trosor
4.3,103.4,马来西亚,登嘉樓州,甘马挽县,,
2.6246,102.0802,马来西亚,森美兰州,林茂县,,
2.0995,102.5751,马来西亚,柔佛州,麻坡县,,
3.468,102.4091,马来西亚,彭亨州,淡马鲁县,,
3.36667,101.3,马来西亚,雪兰莪州,瓜拉雪兰莪县,,
3.36667,101.31667,马来西亚,雪兰莪州,瓜拉雪兰莪县,,
5.91033,100.47789,马来西亚,吉打州,本同县,,
5.82635,100.7687,马来西亚,吉打州,锡县,,Pekan Baru Sik
1.5182,104.1017,马来西亚,柔佛州,哥打丁宜县,,
2.3731,101.9815,马来西亚,马六甲州,亚罗牙也县,,
2.6777,101.5598,马来西亚,雪兰莪州,瓜拉冷岳县,,
3.55,102.43333,马来西亚,彭亨州,淡马鲁县,,
6.3,100.36667,马来西亚,吉打州,古邦巴素县,,
2.5905,102.0875,马来西亚,森美兰州,林茂县,,
1.8714,103.0663,马来西亚,柔佛州,峇株巴辖县,,
2.1453,102.6031,马来西亚,柔佛州,麻坡县,,
6.28285,100.65372,马来西亚,吉打州,巴东得腊县,,
3.9683,100.8987,马来西亚,霹雳州,峇眼拿督县,,Kampung Tanjung Sari
2.4313,102.2506,马来西亚,马六甲州,亚罗牙也县,,
2.5748,103.805,马来西亚,柔佛州,丰盛港县,,
5.28893,100.78839,马来西亚,霹雳州,拉律峇登司南马县,,
3.9323,102.4319,马来西亚,彭亨州,而连突县,,
6.03333,102.13333,马来西亚,吉兰丹州,巴西马县,,
4.27911,103.23887,马来西亚,登嘉樓州,甘马挽县,,
5.56667,100.43333,马来西亚,吉打州,瓜拉姆达县,,
4.06667,101.01667,马来西亚,霹雳州,下霹雳县,,
6.01667,100.48333,马来西亚,吉打州,本同县,,
2.927,101.5385,马来西亚,雪兰莪州,瓜拉冷岳县,林峇尤,
6.45,100.43333,马来西亚,吉打州,古邦巴素县,,
6.2571,100.54059,马来西亚,吉打州,巴东得腊县,,
5.43333,100.41667,马来西亚,槟城州,威中县,,
4.71442,103.08025,马来西亚,登嘉樓州,龙运县,,
3.8907,101.9247,马来西亚,彭亨州,劳勿县,,
2.68729,103.59877,马来西亚,彭亨州,云冰县,,
5.0623,103.0142,马来西亚,登嘉樓州,,,
2.4896,102.2371,马来西亚,森美兰州,淡边县,,Taman Gunung Mas
2.137,102.4088,马来西亚,马六甲州,野新县,,
5.95,102.15,马来西亚,吉兰丹州,巴西马县,,
4.2577,100.9132,马来西亚,霹雳州,中霹雳县,,
5.73333,100.9,马来西亚,吉打州,华玲县,,
6.23333,100.41667,马来西亚,吉打州,古邦巴素县,,
6.06667,102.36667,马来西亚,吉兰丹州,万捷县,,
5.71667,102.03333,马来西亚,吉兰丹州,丹那美拉县,,
3.5375,103.2516,马来西亚,彭亨州,北根县,,
3.1693,101.8784,马来西亚,雪兰莪州,乌鲁冷岳县,,呀吃十八哩
3.66667,102.43333,马来西亚,彭亨州,淡马鲁县,,
3.3324,102.5127,马来西亚,彭亨州,百乐县,,
2.66788,103.63043,马来西亚,彭亨州,云冰县,丹绒哥莫,
2.1494,102.65,马来西亚,柔佛州,麻坡县,,
5.01667,100.46667,马来西亚,霹雳州,吉辇县,,
2.94655,101.33413,马来西亚,雪兰莪州,巴生县,,
5.53333,100.9,马来西亚,吉打州,华玲县,,
6.15,100.45,马来西亚,吉打州,哥打士打县,,
2.58333,111.38333,马来西亚,砂拉越州,,,
5.2085,103.0287,马来西亚,登嘉樓州,,,
5.61667,100.85,马来西亚,吉打州,华玲县,,
6.05,102.35,马来西亚,吉兰丹州,万捷县,,
2.55,102.4,马来西亚,森美兰州,淡边县,,Taman Kasturi
3.5385,103.3314,马来西亚,彭亨州,北根县,,
3.53333,103.33333,马来西亚,彭亨州,北根县,,
4.43333,100.9,马来西亚,霹雳州,中霹雳县,,
6.13333,102.26667,马来西亚,吉兰丹州,哥打峇鲁县,,
3.9496,101.8578,马来西亚,彭亨州,劳勿县,,
4.2,103.4,马来西亚,登嘉樓州,甘马挽县,,
5.73047,101.02151,马来西亚,霹雳州,上霹靂县,,
2.742,102.1192,马来西亚,森美兰州,瓜拉庇劳县,,
2.73333,102.11667,马来西亚,森美兰州,瓜拉庇劳县,,
1.9284,104.1079,马来西亚,柔佛州,哥打丁宜县,,
2.6847,101.4937,马来西亚,雪兰莪州,瓜拉冷岳县,,
4.61667,100.88333,马来西亚,霹雳州,江沙县,,
3.5456,103.346,马来西亚,彭亨州,北根县,,
5.82291,102.56996,马来西亚,登嘉樓州,勿述县,,
2.2725,102.5206,马来西亚,柔佛州,东甲县,,Taman Sri Tangkak
2.2392,102.3387,马来西亚,马六甲州,野新县,,
3.3219,102.4627,马来西亚,彭亨州,百乐县,,
1.3521,103.6003,马来西亚,柔佛州,新山县,,
3.9665,100.8912,马来西亚,霹雳州,峇眼拿督县,,
5.88333,102.4,马来西亚,吉兰丹州,巴西富地县,,
4.1181,100.7294,马来西亚,霹雳州,曼绒县,,
2.95,101.53333,马来西亚,雪兰莪州,瓜拉冷岳县,丽阳丰逸城,
3.58333,102.41667,马来西亚,彭亨州,淡马鲁县,,
3.0,101.38333,马来西亚,雪兰莪州,巴生县,,
5.35195,101.03743,马来西亚,霹雳州,上霹靂县,,
6.23472,100.39444,马来西亚,吉打州,古邦巴素县,,
5.43333,101.1,马来西亚,霹雳州,上霹靂县,,
3.75,102.36667,马来西亚,彭亨州,淡马鲁县,,
2.7356,102.1917,马来西亚,森美兰州,瓜拉庇劳县,,
6.05,102.36667,马来西亚,吉兰丹州,万捷县,,
2.473,103.8233,马来西亚,柔佛州,丰盛港县,,
2.67177,103.62056,马来西亚,彭亨州,云冰县,丹绒哥莫,
5.3997,103.0964,马来西亚,登嘉樓州,瓜拉尼鲁斯县,,
3.9679,102.3735,马来西亚,彭亨州,而连突县,,
4.26667,101.85,马来西亚,彭亨州,立卑县,,
2.0981,102.5248,马来西亚,柔佛州,东甲县,,
5.96239,101.94643,马来西亚,吉兰丹州,巴西马县,,
1.45,110.23333,马来西亚,砂拉越州,石隆门,,
4.45,100.9,马来西亚,霹雳州,中霹雳县,,
5.81667,102.6,马来西亚,登嘉樓州,勿述县,,
6.18333,102.26667,马来西亚,吉兰丹州,哥打峇鲁县,,
2.3724,101.9949,马来西亚,马六甲州,亚罗牙也县,,Taman Kuala Permai
1.3642,104.2574,马来西亚,柔佛州,哥打丁宜县,,
4.0824,102.3027,马来西亚,彭亨州,立卑县,,
5.84857,100.88652,马来西亚,吉打州,华玲县,,
1.46667,110.5,马来西亚,砂拉越州,哥打三马拉汉,,
1.4981,104.043,马来西亚,柔佛州,哥打丁宜县,,
3.9788,102.3531,马来西亚,彭亨州,而连突县,,
5.7,102.48333,马来西亚,登嘉樓州,勿述县,,
5.79118,100.70759,马来西亚,吉打州,锡县,,
4.17,102.1886,马来西亚,彭亨州,立卑县,,
4.1,101.85,马来西亚,彭亨州,立卑县,,
6.04045,100.59862,马来西亚,吉打州,本同县,,
2.7025,102.166,马来西亚,森美兰州,瓜拉庇劳县,,
2.6335,102.0896,马来西亚,森美兰州,林茂县,,
2.503,102.1213,马来西亚,森美兰州,林茂县,,
6.10586,100.37676,马来西亚,吉打州,哥打士打县,,Taman Mesra
3.3751,102.4322,马来西亚,彭亨州,淡马鲁县,,
4.51667,100.93333,马来西亚,霹雳州,中霹雳县,,
3.78333,102.41667,马来西亚,彭亨州,而连突县,,
2.3016,102.08,马来西亚,马六甲州,亚罗牙也县,,
3.8788,100.9084,马来西亚,霹雳州,峇眼拿督县,,
6.06196,100.40301,马来西亚,吉打州,哥打士打县,,
4.2571,100.614,马来西亚,霹雳州,曼绒县,,Kampung Tanjung Batu
4.1835,102.1474,马来西亚,彭亨州,立卑县,,
3.5361,103.3138,马来西亚,彭亨州,北根县,,
3.4367,102.4388,马来西亚,彭亨州,淡马鲁县,,
2.5454,102.7467,马来西亚,柔佛州,昔加末县,,
2.2596,102.5314,马来西亚,柔佛州,东甲县,,Taman Tangkak
1.68333,110.3,马来西亚,砂拉越州,古晋,柏特拉再也,
2.2842,104.1203,马来西亚,柔佛州,丰盛港县,,
2.4133,102.1869,马来西亚,马六甲州,亚罗牙也县,,
3.8247,100.9791,马来西亚,霹雳州,峇眼拿督县,,
1.58333,110.41667,马来西亚,砂拉越州,古晋,,
5.0832,102.9573,马来西亚,登嘉樓州,,,
5.1893,103.0449,马来西亚,登嘉樓州,,,
4.38333,100.9,马来西亚,霹雳州,中霹雳县,,
1.46667,111.4,马来西亚,砂拉越州,木中,,
5.35,115.25,马来西亚,纳闽,纳闽市,,
5.33333,115.18333,马来西亚,纳闽,纳闽市,,
1.53333,110.48333,马来西亚,砂拉越州,,,
4.28333,114.26667,马来西亚,砂拉越州,马鲁帝,,
2.4869,102.2968,马来西亚,森美兰州,淡边县,,
3.5114,103.4698,马来西亚,彭亨州,北根县,,
2.4005,101.9771,马来西亚,森美兰州,波德申县,,Kampung Tanjung Agas
1.3558,103.5617,马来西亚,柔佛州,新山县,,
3.54482,103.27861,马来西亚,彭亨州,北根县,,
6.33474,100.44632,马来西亚,吉打州,古邦巴素县,,
6.23144,100.69342,马来西亚,吉打州,巴东得腊县,,
5.88333,100.65,马来西亚,吉打州,锡县,,
5.82422,100.73768,马来西亚,吉打州,锡县,,
5.6,100.85,马来西亚,吉打州,华玲县,,
5.3466,103.1368,马来西亚,登嘉樓州,瓜拉尼鲁斯县,,Taman Permint Perdana
4.61667,114.86667,马来西亚,砂拉越州,林梦,,
5.2342,103.1211,马来西亚,登嘉樓州,马江县,,
4.2808,100.8894,马来西亚,霹雳州,中霹雳县,,
3.9116,103.3591,马来西亚,彭亨州,关丹县,Kampung Chengal Lempong,
3.91667,102.43333,马来西亚,彭亨州,而连突县,,
3.45,102.61667,马来西亚,彭亨州,马兰县,,
2.9191,102.0593,马来西亚,森美兰州,日叻务县,,
2.953,101.849,马来西亚,雪兰莪州,乌鲁冷岳县,,
2.8863,101.7279,马来西亚,雪兰莪州,雪邦县,,仁德榄和谐花园
2.7935,101.7783,马来西亚,森美兰州,芙蓉县,,
2.7925,101.9915,马来西亚,森美兰州,芙蓉县,,
2.597,101.975,马来西亚,森美兰州,芙蓉县,,
2.5768,102.1026,马来西亚,森美兰州,林茂县,,
2.5121,102.139,马来西亚,森美兰州,林茂县,,
2.3,102.5,马来西亚,马六甲州,野新县,,
1.5,110.18333,马来西亚,砂拉越州,石隆门,,
1.65192,109.77957,马来西亚,砂拉越州,伦乐,,
6.3104,116.528,马来西亚,沙巴州,古打毛律,,
2.5552,102.2695,马来西亚,森美兰州,瓜拉庇劳县,,
2.91667,101.76667,马来西亚,雪兰莪州,乌鲁冷岳县,,
5.9044,116.0715,马来西亚,沙巴州,兵南邦,,
2.1701,102.7558,马来西亚,柔佛州,麻坡县,,
5.1343,103.0445,马来西亚,登嘉樓州,,,
6.5578,116.6391,马来西亚,沙巴州,哥打马鲁都,,
4.3131,103.249,马来西亚,登嘉樓州,甘马挽县,,
2.5526,102.2373,马来西亚,森美兰州,瓜拉庇劳县,,
2.5291,102.8031,马来西亚,柔佛州,昔加末县,,
6.162,116.7971,马来西亚,沙巴州,兰瑙,,
4.49078,118.65628,马来西亚,沙巴州,仙本那,,
2.5515,102.7678,马来西亚,柔佛州,昔加末县,,
6.2,100.65,马来西亚,吉打州,巴东得腊县,,
6.07705,100.36449,马来西亚,吉打州,哥打士打县,,
5.73333,102.5,马来西亚,登嘉樓州,勿述县,,
5.73124,100.89768,马来西亚,吉打州,华玲县,,
5.91667,102.03333,马来西亚,吉兰丹州,巴西马县,,
5.9,102.16667,马来西亚,吉兰丹州,巴西马县,,
5.85,102.15,马来西亚,吉兰丹州,丹那美拉县,,
2.86438,103.27309,马来西亚,彭亨州,云冰县,,
2.2926,104.107,马来西亚,柔佛州,丰盛港县,,
3.19686,103.0495,马来西亚,彭亨州,云冰县,,
2.85,101.45,马来西亚,雪兰莪州,瓜拉冷岳县,,
3.5834,103.3755,马来西亚,彭亨州,北根县,,
1.9244,104.0916,马来西亚,柔佛州,哥打丁宜县,,
5.63333,100.83333,马来西亚,吉打州,华玲县,,
5.78333,102.16667,马来西亚,吉兰丹州,马樟县,,
5.8367,118.0937,马来西亚,沙巴州,山打根,,白沙湾市
5.73333,102.55,马来西亚,登嘉樓州,勿述县,,
5.72099,100.39244,马来西亚,吉打州,铅县,,
4.81667,100.91667,马来西亚,霹雳州,江沙县,,
2.4325,101.8642,马来西亚,森美兰州,波德申县,,Taman Orkid
2.6977,102.232,马来西亚,森美兰州,瓜拉庇劳县,,
1.01667,110.73333,马来西亚,砂拉越州,西连,,
5.57324,100.60226,马来西亚,吉打州,瓜拉姆达县,,
5.75326,100.7292,马来西亚,吉打州,锡县,,
2.9739,101.581,马来西亚,雪兰莪州,雪邦县,,
4.73333,100.95,马来西亚,霹雳州,江沙县,美诺拉,Kampung Buaya
3.9598,100.8566,马来西亚,霹雳州,峇眼拿督县,,
5.08363,100.48155,马来西亚,霹雳州,吉辇县,,Taman Zamrud
3.16667,101.63333,马来西亚,吉隆坡,吉隆坡,,
4.733,103.0817,马来西亚,登嘉樓州,龙运县,,
5.86314,100.77051,马来西亚,吉打州,锡县,,
3.2202,103.2255,马来西亚,彭亨州,北根县,,
2.5588,102.1171,马来西亚,森美兰州,林茂县,,
2.6907,102.1619,马来西亚,森美兰州,瓜拉庇劳县,,
2.5415,102.1226,马来西亚,森美兰州,林茂县,,
6.45,100.46667,马来西亚,吉打州,古邦巴素县,,
2.46616,103.63075,马来西亚,柔佛州,丰盛港县,,
6.16667,116.41667,马来西亚,沙巴州,斗亚兰,,
6.2654,116.4554,马来西亚,沙巴州,古打毛律,,
6.0591,116.213,马来西亚,沙巴州,斗亚兰,,
2.2798,102.2335,马来西亚,马六甲州,马六甲中央县,,
2.5176,101.9977,马来西亚,森美兰州,波德申县,,
2.5082,102.0031,马来西亚,森美兰州,波德申县,,
2.5169,102.0107,马来西亚,森美兰州,波德申县,,
5.51667,115.88333,马来西亚,沙巴州,,,
3.63333,102.41667,马来西亚,彭亨州,淡马鲁县,,
3.96667,102.33333,马来西亚,彭亨州,而连突县,,
4.0378,102.0353,马来西亚,彭亨州,立卑县,,
2.4777,102.2231,马来西亚,森美兰州,淡边县,,Taman Woon
4.42521,103.40516,马来西亚,登嘉樓州,甘马挽县,,
5.9372,116.1924,马来西亚,沙巴州,兵南邦,,
5.8538,116.1011,马来西亚,沙巴州,兵南邦,,
5.8105,116.0642,马来西亚,沙巴州,,,
6.13333,116.25,马来西亚,沙巴州,斗亚兰,,
6.2263,116.2161,马来西亚,沙巴州,斗亚兰,,
5.9953,116.4828,马来西亚,沙巴州,斗亚兰,,
6.12848,100.3284,马来西亚,吉打州,哥打士打县,,
2.9253,102.0575,马来西亚,森美兰州,日叻务县,,
6.3451,116.4727,马来西亚,沙巴州,古打毛律,,
6.3444,116.4616,马来西亚,沙巴州,古打毛律,,
4.6235,101.0808,马来西亚,霹雳州,近打县,Manjoi,
6.0951,116.2317,马来西亚,沙巴州,斗亚兰,,
6.1012,116.8362,马来西亚,沙巴州,兰瑙,,
6.08333,116.26667,马来西亚,沙巴州,斗亚兰,,
5.5747,115.5698,马来西亚,沙巴州,瓜拉班尤,,
6.4899,116.5312,马来西亚,沙巴州,古打毛律,,
5.8649,116.0632,马来西亚,沙巴州,必打丹,,
5.6,100.41667,马来西亚,吉打州,瓜拉姆达县,,
2.3513,102.5032,马来西亚,马六甲州,野新县,,
2.636,102.7433,马来西亚,柔佛州,昔加末县,,
2.63333,102.7,马来西亚,柔佛州,昔加末县,,
5.5433,100.48642,马来西亚,槟城州,威北县,槟榔东海,
4.76667,100.95,马来西亚,霹雳州,江沙县,武吉章当,
2.66944,103.59462,马来西亚,彭亨州,云冰县,,
6.1446,116.2314,马来西亚,沙巴州,斗亚兰,,
6.1823,116.1978,马来西亚,沙巴州,斗亚兰,,
3.18333,101.31667,马来西亚,雪兰莪州,瓜拉雪兰莪县,,
3.16667,101.33333,马来西亚,雪兰莪州,巴生县,,
5.71281,100.76467,马来西亚,吉打州,华玲县,,
2.7531,102.7388,马来西亚,柔佛州,昔加末县,,
2.2218,102.2307,马来西亚,马六甲州,马六甲中央县,,Taman Pandan Jaya
3.48333,101.91667,马来西亚,彭亨州,文冬县,,
1.5,110.5,马来西亚,砂拉越州,三马拉汉,,
6.01667,102.0,马来西亚,吉兰丹州,巴西马县,,
6.23333,116.45,马来西亚,沙巴州,古打毛律,,
6.3007,116.3304,马来西亚,沙巴州,古打毛律,,
4.0937,102.2583,马来西亚,彭亨州,立卑县,,
5.9798,116.3561,马来西亚,沙巴州,斗亚兰,,
6.0244,116.2473,马来西亚,沙巴州,亚庇,,
4.776,103.0861,马来西亚,登嘉樓州,龙运县,,
3.5,102.55,马来西亚,彭亨州,马兰县,,
3.48824,102.57116,马来西亚,彭亨州,马兰县,,
5.9139,116.5552,马来西亚,沙巴州,兰瑙,,
4.76667,100.91667,马来西亚,霹雳州,江沙县,打浪,
5.98333,102.23333,马来西亚,吉兰丹州,哥打峇鲁县,Kadok,
5.04008,100.98953,马来西亚,霹雳州,上霹靂县,,
4.4174,101.0484,马来西亚,霹雳州,近打县,,
4.2731,100.9047,马来西亚,霹雳州,中霹雳县,,
4.28333,101.16667,马来西亚,霹雳州,金宝县,,Taman Timur
6.15,102.15,马来西亚,吉兰丹州,道北县,,
5.88333,100.63333,马来西亚,吉打州,锡县,,
6.0936,116.7629,马来西亚,沙巴州,兰瑙,,
6.11667,116.71667,马来西亚,沙巴州,兰瑙,,
5.36667,116.83333,马来西亚,沙巴州,东革,,
5.73333,115.91667,马来西亚,沙巴州,,,Taman Perumahan Papar
5.8,102.25,马来西亚,吉兰丹州,马樟县,,
2.5981,101.9639,马来西亚,森美兰州,芙蓉县,,
1.25,110.66667,马来西亚,砂拉越州,实文然,,
5.105,103.001,马来西亚,登嘉樓州,,,Kampung Telaga
6.2159,116.2396,马来西亚,沙巴州,斗亚兰,,
4.62129,103.01387,马来西亚,登嘉樓州,龙运县,,
1.20811,110.46685,马来西亚,砂拉越州,西连,,
1.03333,116.48333,印度尼西亚 / 印度尼西亞,东加里曼丹省,Kutai Timur,,
6.03333,116.48333,马来西亚,沙巴州,古打毛律,,
6.349,116.6872,马来西亚,沙巴州,哥打马鲁都,,
5.61667,100.35,马来西亚,吉打州,瓜拉姆达县,,
4.9,100.95,马来西亚,霹雳州,江沙县,,Kampung Jarau
2.52,102.802,马来西亚,柔佛州,昔加末县,,
5.38333,115.38333,马来西亚,沙巴州,瓜拉班尤,,
5.3283,115.5192,马来西亚,沙巴州,保佛,,
5.9252,116.2591,马来西亚,沙巴州,斗亚兰,,
5.901,116.0508,马来西亚,沙巴州,必打丹,,
5.8479,116.3017,马来西亚,沙巴州,兵南邦,,
6.25,116.45,马来西亚,沙巴州,古打毛律,,
6.03333,116.45,马来西亚,沙巴州,古打毛律,,
5.2933,116.9233,马来西亚,沙巴州,东革,,
5.98333,117.4,马来西亚,沙巴州,比鲁兰,,
6.1581,116.2223,马来西亚,沙巴州,斗亚兰,,
6.4924,116.7093,马来西亚,沙巴州,哥打马鲁都,,
4.7588,115.5407,马来西亚,砂拉越州,老越,,
4.9235,115.437,马来西亚,砂拉越州,老越,,
5.66667,100.9,马来西亚,吉打州,华玲县,,Pekan Baling
2.5844,102.8184,马来西亚,柔佛州,昔加末县,,
5.75436,101.74731,马来西亚,吉兰丹州,日里县,,
6.6046,116.593,马来西亚,沙巴州,古打毛律,,
6.6182,116.595,马来西亚,沙巴州,古打毛律,,
6.23333,116.41667,马来西亚,沙巴州,古打毛律,,
5.3382,103.1003,马来西亚,登嘉樓州,瓜拉尼鲁斯县,Taman Perumahan Bukit Tunggal,Kampung Tebauk
4.2981,103.3861,马来西亚,登嘉樓州,甘马挽县,,
1.69904,109.85957,马来西亚,砂拉越州,伦乐,,
1.53333,110.38333,马来西亚,砂拉越州,古晋,,
1.51667,110.35,马来西亚,砂拉越州,古晋,,
1.5,110.15,马来西亚,砂拉越州,石隆门,短廊,
4.43618,118.68058,马来西亚,沙巴州,仙本那,,
2.4481,102.1804,马来西亚,马六甲州,亚罗牙也县,,
1.65567,110.40461,马来西亚,砂拉越州,古晋,,
6.5257,116.68,马来西亚,沙巴州,哥打马鲁都,,
6.0195,118.0397,马来西亚,沙巴州,山打根县,,
4.23333,101.95,马来西亚,彭亨州,立卑县,,
4.43598,118.71307,马来西亚,沙巴州,仙本那,,
1.19636,110.1941,马来西亚,砂拉越州,古晋,,
1.18582,110.21661,马来西亚,砂拉越州,古晋,,
2.48333,111.51667,马来西亚,砂拉越州,,,
3.9776,101.9623,马来西亚,彭亨州,立卑县,,
4.65,103.4,马来西亚,登嘉樓州,龙运县,,
5.9753,116.3399,马来西亚,沙巴州,斗亚兰,,
3.9415,101.8915,马来西亚,彭亨州,劳勿县,,
3.1705,103.411,马来西亚,彭亨州,北根县,,
6.3996,116.55,马来西亚,沙巴州,古打毛律,,
5.2505,103.1321,马来西亚,登嘉樓州,瓜拉登嘉楼县,Pekan Kedai Buluh,
5.86667,102.21667,马来西亚,吉兰丹州,马樟县,,
5.23333,103.13333,马来西亚,登嘉樓州,瓜拉登嘉楼县,Pekan Kedai Buluh,
5.2473,103.1433,马来西亚,登嘉樓州,瓜拉登嘉楼县,Kampung Bukit,
6.0,102.36667,马来西亚,吉兰丹州,万捷县,,
6.06667,102.31667,马来西亚,吉兰丹州,哥打峇鲁县,,
6.25,100.81667,马来西亚,吉打州,巴东得腊县,,
6.05,102.4,马来西亚,吉兰丹州,万捷县,,
6.01667,102.18333,马来西亚,吉兰丹州,哥打峇鲁县,,
5.528,100.73735,马来西亚,吉打州,华玲县,,
5.13333,100.43333,马来西亚,槟城州,威南县,,
4.7302,103.0882,马来西亚,登嘉樓州,龙运县,,
4.71667,103.18333,马来西亚,登嘉樓州,龙运县,,
4.7376,103.4262,马来西亚,登嘉樓州,龙运县,Kampung Sura Tengah,
4.8621,115.4367,马来西亚,砂拉越州,老越,,
4.2,101.3,马来西亚,霹雳州,马登巴冷县,,
6.3658,116.4021,马来西亚,沙巴州,古打毛律,,
2.7546,102.2874,马来西亚,森美兰州,瓜拉庇劳县,,
4.8347,101.7835,马来西亚,吉兰丹州,Lojing,,
1.0816,110.37466,马来西亚,砂拉越州,打必禄,,
5.64018,100.34393,马来西亚,吉打州,瓜拉姆达县,,
4.21667,100.75,马来西亚,霹雳州,曼绒县,,格尼市新村
4.2634,100.7252,马来西亚,霹雳州,曼绒县,,Taman Seri Wangi
5.37623,100.58508,马来西亚,吉打州,居林县,,Taman Bayan
5.1402,103.0438,马来西亚,登嘉樓州,,,
3.9362,102.3051,马来西亚,彭亨州,而连突县,,
5.15563,100.42514,马来西亚,槟城州,威南县,,
4.2145,100.5514,马来西亚,霹雳州,曼绒县,,邦咯后
3.05,101.41667,马来西亚,雪兰莪州,巴生县,,
2.2727,102.1428,马来西亚,马六甲州,马六甲中央县,,
4.5011,100.6438,马来西亚,霹雳州,曼绒县,,
2.332,102.0649,马来西亚,马六甲州,亚罗牙也县,,
3.25,101.68333,马来西亚,雪兰莪州,鹅唛县,,Kampung Nakhoda
4.5,100.65,马来西亚,霹雳州,曼绒县,,
5.89018,100.36014,马来西亚,吉打州,铅县,,
5.13119,100.41991,马来西亚,槟城州,威南县,,
5.75543,100.506,马来西亚,吉打州,瓜拉姆达县,,
3.9571,100.9411,马来西亚,霹雳州,峇眼拿督县,Teluk Bharu,Kampung Tapak Semenang
4.01667,113.85,马来西亚,砂拉越州,苏必士,,
5.30455,100.27207,马来西亚,槟城州,西南县,,
1.5858,103.8796,马来西亚,柔佛州,新山县,,
4.3585,103.2469,马来西亚,登嘉樓州,甘马挽县,,
4.0648,101.9354,马来西亚,彭亨州,劳勿县,,
3.918,100.7492,马来西亚,霹雳州,峇眼拿督县,,双怡仗
5.11667,115.61667,马来西亚,沙巴州,实必丹,,
3.9067,100.7184,马来西亚,霹雳州,峇眼拿督县,,双怡仗
3.3888,101.2255,马来西亚,雪兰莪州,瓜拉雪兰莪县,,Taman Intan
5.12257,100.53606,马来西亚,吉打州,万拉峇鲁县,,
1.5149,103.8135,马来西亚,柔佛州,新山县,,
3.434,101.16596,马来西亚,雪兰莪州,瓜拉雪兰莪县,,Taman Padi Sutera
3.4406,101.1979,马来西亚,雪兰莪州,瓜拉雪兰莪县,,
5.27404,100.69215,马来西亚,吉打州,万拉峇鲁县,,
3.8102,100.8603,马来西亚,雪兰莪州,沙白安南县,,
1.55,110.23333,马来西亚,砂拉越州,古晋,,
1.53333,110.26667,马来西亚,砂拉越州,古晋,,
3.47417,101.65148,马来西亚,雪兰莪州,乌鲁雪兰莪县,,
5.36667,103.0,马来西亚,登嘉樓州,瓜拉尼鲁斯县,,
5.54883,100.37472,马来西亚,槟城州,威北县,,
3.1105,101.8491,马来西亚,雪兰莪州,乌鲁冷岳县,,
2.7793,102.2657,马来西亚,森美兰州,瓜拉庇劳县,,
5.78333,102.46667,马来西亚,吉兰丹州,巴西富地县,,
1.51667,110.23333,马来西亚,砂拉越州,古晋,,
4.63333,100.68333,马来西亚,霹雳州,拉律峇登司南马县,,
3.4585,101.7032,马来西亚,雪兰莪州,乌鲁雪兰莪县,,
2.81667,101.45,马来西亚,雪兰莪州,瓜拉冷岳县,,Taman Banting Baru (Jalan Merbau)
2.8103,102.3334,马来西亚,森美兰州,仁保县,,
2.8452,102.2883,马来西亚,森美兰州,瓜拉庇劳县,,
5.28142,100.72284,马来西亚,吉打州,万拉峇鲁县,,
1.7791,102.9519,马来西亚,柔佛州,峇株巴辖县,,
4.2535,100.6817,马来西亚,霹雳州,曼绒县,,Kampung Sitiawan
3.4504,101.1479,马来西亚,雪兰莪州,瓜拉雪兰莪县,,
4.67724,100.97729,马来西亚,霹雳州,江沙县,,Kampung Rambai Tujuh
3.95,100.9,马来西亚,霹雳州,峇眼拿督县,,
3.4707,101.174,马来西亚,雪兰莪州,瓜拉雪兰莪县,,
5.104,103.086,马来西亚,登嘉樓州,,,
4.75,100.95,马来西亚,霹雳州,江沙县,武吉章当,
2.6047,102.1006,马来西亚,森美兰州,林茂县,,
2.4676,102.7034,马来西亚,柔佛州,昔加末县,,
2.4415,102.11,马来西亚,马六甲州,亚罗牙也县,,
4.0625,101.012,马来西亚,霹雳州,下霹雳县,,
2.35,111.8,马来西亚,砂拉越州,诗巫,,
2.85,101.4,马来西亚,雪兰莪州,瓜拉冷岳县,,
5.04456,100.46415,马来西亚,霹雳州,吉辇县,,
5.28333,100.78333,马来西亚,霹雳州,拉律峇登司南马县,,
5.14858,100.43584,马来西亚,槟城州,威南县,,
3.15,101.31667,马来西亚,雪兰莪州,巴生县,,
5.1834,103.1211,马来西亚,登嘉樓州,马江县,,
3.0936,101.792,马来西亚,雪兰莪州,乌鲁冷岳县,,
2.4731,102.1304,马来西亚,森美兰州,林茂县,,
4.5,114.86667,马来西亚,砂拉越州,林梦,,
5.2896,100.73871,马来西亚,霹雳州,拉律峇登司南马县,,
3.911,101.8941,马来西亚,彭亨州,劳勿县,,
2.2061,102.7163,马来西亚,柔佛州,东甲县,,
2.1059,102.5671,马来西亚,柔佛州,东甲县,,伍洲花园
5.20472,100.68323,马来西亚,霹雳州,拉律峇登司南马县,,Taman Terap Indah
4.2732,100.6214,马来西亚,霹雳州,曼绒县,,
5.31667,100.41667,马来西亚,槟城州,威中县,,
5.39417,100.46255,马来西亚,槟城州,威中县,,
5.03859,100.56556,马来西亚,霹雳州,吉辇县,,
2.4259,101.9205,马来西亚,森美兰州,波德申县,,
3.01667,101.78333,马来西亚,雪兰莪州,乌鲁冷岳县,,Taman Desa Muhibbah
5.13333,100.75,马来西亚,霹雳州,拉律峇登司南马县,,
1.06667,110.68333,马来西亚,砂拉越州,西连,,
5.21261,100.63112,马来西亚,吉打州,万拉峇鲁县,,
3.9988,100.9148,马来西亚,霹雳州,下霹雳县,,Kampung Sarang Tiong
3.9925,100.9126,马来西亚,霹雳州,下霹雳县,,Kampung Sungai Rubana
4.55,100.73333,马来西亚,霹雳州,拉律峇登司南马县,,
3.91667,102.45,马来西亚,彭亨州,而连突县,,
1.4874,103.8737,马来西亚,柔佛州,新山县,,
2.9167,101.8509,马来西亚,雪兰莪州,乌鲁冷岳县,,
3.9023,103.0302,马来西亚,彭亨州,关丹县,,
1.6153,103.9532,马来西亚,柔佛州,新山县,,
2.4237,102.0092,马来西亚,森美兰州,波德申县,,
3.06667,101.76667,马来西亚,雪兰莪州,乌鲁冷岳县,蕉赖,Taman Kota Cheras
2.7616,101.9056,马来西亚,森美兰州,芙蓉县,,
2.428,101.9571,马来西亚,森美兰州,波德申县,,Kampung Sungai Raya
2.667,101.6734,马来西亚,雪兰莪州,雪邦县,,
3.05,101.46667,马来西亚,雪兰莪州,巴生县,,
4.5742,101.1086,马来西亚,霹雳州,近打县,,
2.1717,102.6724,马来西亚,柔佛州,麻坡县,,
5.26667,100.76667,马来西亚,霹雳州,拉律峇登司南马县,,
5.35903,100.45372,马来西亚,槟城州,威中县,,Orange Park
5.20633,100.54639,马来西亚,吉打州,万拉峇鲁县,,
2.83333,101.38333,马来西亚,雪兰莪州,瓜拉冷岳县,,
2.11667,102.5,马来西亚,柔佛州,东甲县,,
2.9796,101.7598,马来西亚,雪兰莪州,乌鲁冷岳县,,
2.9679,101.7579,马来西亚,雪兰莪州,乌鲁冷岳县,,
5.43333,102.85,马来西亚,登嘉樓州,士兆县,,
4.1,113.86667,马来西亚,砂拉越州,苏必士,,
2.3986,102.1856,马来西亚,马六甲州,亚罗牙也县,,
5.79102,100.37027,马来西亚,吉打州,铅县,,
5.6,100.4,马来西亚,吉打州,瓜拉姆达县,,
2.81533,101.4537,马来西亚,雪兰莪州,瓜拉冷岳县,,Taman Banting Baru
2.2513,102.2548,马来西亚,马六甲州,马六甲中央县,,Taman Pertama
3.25,101.75,马来西亚,雪兰莪州,鹅唛县,,
2.92976,101.83052,马来西亚,雪兰莪州,乌鲁冷岳县,,
5.23916,100.60707,马来西亚,吉打州,万拉峇鲁县,,
1.4071,103.4842,马来西亚,柔佛州,笨珍县,,
3.8676,100.8858,马来西亚,霹雳州,峇眼拿督县,,
4.2267,100.5745,马来西亚,霹雳州,曼绒县,,邦咯
2.9522,101.34384,马来西亚,雪兰莪州,巴生县,,
4.2212,100.572,马来西亚,霹雳州,曼绒县,,
6.18333,102.23333,马来西亚,吉兰丹州,道北县,,
4.93333,100.6,马来西亚,霹雳州,吉辇县,,
4.2169,103.319,马来西亚,登嘉樓州,朱盖,,
3.06667,101.43333,马来西亚,雪兰莪州,巴生县,,
2.95,101.33333,马来西亚,雪兰莪州,巴生县,,
1.6,110.48333,马来西亚,砂拉越州,古晋,,
1.48333,110.2,马来西亚,砂拉越州,石隆门,,
1.08253,110.86985,马来西亚,砂拉越州,实文然,,
5.71409,100.35984,马来西亚,吉打州,瓜拉姆达县,,
5.71667,100.36667,马来西亚,吉打州,铅县,,
3.9362,101.8936,马来西亚,彭亨州,劳勿县,,
5.81667,102.45,马来西亚,吉兰丹州,巴西富地县,,
4.76667,100.75,马来西亚,霹雳州,拉律峇登司南马县,,
2.85,101.95,马来西亚,森美兰州,芙蓉县,,
2.3563,102.213,马来西亚,马六甲州,亚罗牙也县,,
3.70926,101.57016,马来西亚,雪兰莪州,乌鲁雪兰莪县,,
4.28333,114.28333,马来西亚,砂拉越州,马鲁帝,,
3.0124,101.8592,马来西亚,雪兰莪州,乌鲁冷岳县,,
3.8887,101.8198,马来西亚,彭亨州,劳勿县,,
4.23333,117.76667,马来西亚,沙巴州,加拉巴干,,
2.5599,102.3503,马来西亚,森美兰州,淡边县,,
3.21667,101.53333,马来西亚,雪兰莪州,八打灵县,,
5.69891,100.38083,马来西亚,吉打州,瓜拉姆达县,,
3.8776,101.8907,马来西亚,彭亨州,劳勿县,,
5.63082,100.53102,马来西亚,吉打州,瓜拉姆达县,,Taman Songket
5.61526,100.46804,马来西亚,吉打州,瓜拉姆达县,,
5.31671,100.70455,马来西亚,吉打州,万拉峇鲁县,,
5.9,102.3,马来西亚,吉兰丹州,巴西富地县,,
4.16667,100.7,马来西亚,霹雳州,曼绒县,,
6.03817,100.33316,马来西亚,吉打州,哥打士打县,,
1.26667,110.66667,马来西亚,砂拉越州,实文然,,
5.80668,100.39626,马来西亚,吉打州,铅县,,
2.64484,103.62023,马来西亚,柔佛州,丰盛港县,,Taman Khadri Sabran
2.91667,101.3,马来西亚,雪兰莪州,巴生县,,
4.6,100.68333,马来西亚,霹雳州,拉律峇登司南马县,,
6.02527,100.33771,马来西亚,吉打州,哥打士打县,,
3.9436,100.7401,马来西亚,霹雳州,峇眼拿督县,,Simpang Tiga
3.9831,100.7454,马来西亚,霹雳州,峇眼拿督县,,
2.60984,101.72986,马来西亚,森美兰州,波德申县,,
3.6062,101.0641,马来西亚,雪兰莪州,沙白安南县,,
3.53333,102.15,马来西亚,彭亨州,淡马鲁县,,
5.6,102.16667,马来西亚,吉兰丹州,瓜拉吉赖县,,
3.21667,101.71667,马来西亚,吉隆坡,鹅唛县,,鹅唛斯迪亚
1.5,110.23333,马来西亚,砂拉越州,古晋,,
3.08333,101.75,马来西亚,雪兰莪州,乌鲁冷岳县,蕉赖,
3.1144,101.8054,马来西亚,雪兰莪州,乌鲁冷岳县,,
1.71667,110.26667,马来西亚,砂拉越州,,,
5.62327,100.34507,马来西亚,吉打州,瓜拉姆达县,,
1.58333,111.0,马来西亚,砂拉越州,,,
3.2,101.7,马来西亚,吉隆坡,吉隆坡,,
2.921,101.7324,马来西亚,雪兰莪州,雪邦县,,
2.9379,101.7476,马来西亚,雪兰莪州,雪邦县,,
2.4415,101.8816,马来西亚,森美兰州,波德申县,直落不兰律,
1.4525,103.6923,马来西亚,柔佛州,新山县,,
5.1,100.4,马来西亚,霹雳州,吉辇县,,
1.43333,110.53333,马来西亚,砂拉越州,哥打三马拉汉,,
3.4645,101.6606,马来西亚,雪兰莪州,乌鲁雪兰莪县,,Taman Genting Permai
5.75,102.26667,马来西亚,吉兰丹州,马樟县,,
5.59256,100.37398,马来西亚,吉打州,瓜拉姆达县,,
3.65,102.41667,马来西亚,彭亨州,淡马鲁县,,
1.7,110.28333,马来西亚,砂拉越州,古晋,柏特拉再也,
5.13719,100.66884,马来西亚,霹雳州,拉律峇登司南马县,,
4.0481,101.0273,马来西亚,霹雳州,下霹雳县,,
5.27434,100.61432,马来西亚,吉打州,居林县,,
5.83333,100.43333,马来西亚,吉打州,铅县,,
2.8723,101.9324,马来西亚,森美兰州,芙蓉县,,
2.8623,101.9064,马来西亚,森美兰州,芙蓉县,,
1.70608,110.35603,马来西亚,砂拉越州,古晋,,
3.16063,101.88929,马来西亚,雪兰莪州,乌鲁冷岳县,,
4.1147,100.7387,马来西亚,霹雳州,曼绒县,,
5.88333,100.38333,马来西亚,吉打州,铅县,,
5.68333,100.48333,马来西亚,吉打州,瓜拉姆达县,斑鸠湾城镇,
5.4112,100.53784,马来西亚,吉打州,居林县,,
3.63333,101.58333,马来西亚,雪兰莪州,乌鲁雪兰莪县,,
4.23333,101.13333,马来西亚,霹雳州,马登巴冷县,,
2.555,102.3548,马来西亚,森美兰州,淡边县,,
2.837,101.5726,马来西亚,雪兰莪州,瓜拉冷岳县,,
3.5306,101.0883,马来西亚,雪兰莪州,沙白安南县,,
2.9499,102.0296,马来西亚,森美兰州,日叻务县,,
2.209,102.6671,马来西亚,柔佛州,东甲县,,
2.5813,102.126,马来西亚,森美兰州,林茂县,,
3.9039,101.8946,马来西亚,彭亨州,劳勿县,,
1.48333,110.38333,马来西亚,砂拉越州,古晋,,
4.8,100.68333,马来西亚,霹雳州,拉律峇登司南马县,,
3.83333,100.85,马来西亚,雪兰莪州,沙白安南县,,
2.79,101.5228,马来西亚,雪兰莪州,瓜拉冷岳县,,
3.9388,100.7148,马来西亚,霹雳州,峇眼拿督县,,Kampung Sungai Lanchang
3.0011,101.8772,马来西亚,雪兰莪州,乌鲁冷岳县,,
2.61667,102.05,马来西亚,森美兰州,林茂县,,
5.3,115.18333,马来西亚,纳闽,纳闽市,,
5.85,100.5,马来西亚,吉打州,瓜拉姆达县,,
5.43494,100.49015,马来西亚,槟城州,威中县,,
1.3206,103.4883,马来西亚,柔佛州,笨珍县,,
5.11409,100.41063,马来西亚,霹雳州,吉辇县,,
6.23333,100.31667,马来西亚,吉打州,古邦巴素县,,
5.3858,115.7339,马来西亚,沙巴州,保佛,,
5.78333,100.48333,马来西亚,吉打州,瓜拉姆达县,,
2.329,102.067,马来西亚,马六甲州,亚罗牙也县,,
5.88306,100.3599,马来西亚,吉打州,铅县,,
4.0245,101.0652,马来西亚,霹雳州,下霹雳县,,Kampung Sungai Kerawai
4.5965,100.6815,马来西亚,霹雳州,拉律峇登司南马县,,
2.5501,102.3588,马来西亚,森美兰州,淡边县,,
3.46845,101.67244,马来西亚,雪兰莪州,乌鲁雪兰莪县,,
2.8908,101.828,马来西亚,雪兰莪州,乌鲁冷岳县,,
2.8895,101.8077,马来西亚,雪兰莪州,乌鲁冷岳县,,
2.91667,101.31667,马来西亚,雪兰莪州,巴生县,,
5.67401,100.42348,马来西亚,吉打州,瓜拉姆达县,,
5.31019,100.29363,马来西亚,槟城州,西南县,,
5.28333,115.21667,马来西亚,纳闽,纳闽市,,
3.7859,100.9726,马来西亚,霹雳州,峇眼拿督县,,Kampung Teluk Buloh
3.7918,100.976,马来西亚,霹雳州,峇眼拿督县,,Kampung Teluk Buloh
3.9441,101.8948,马来西亚,彭亨州,劳勿县,,
2.794,101.5462,马来西亚,雪兰莪州,瓜拉冷岳县,,
2.1405,102.5907,马来西亚,柔佛州,东甲县,,
5.78229,100.62375,马来西亚,吉打州,瓜拉姆达县,,
5.56985,100.37371,马来西亚,槟城州,威北县,,
2.357,103.039,马来西亚,柔佛州,昔加末县,,
1.3528,104.1797,马来西亚,柔佛州,哥打丁宜县,,
3.0001,101.7939,马来西亚,雪兰莪州,乌鲁冷岳县,,Taman Sri Antan
4.0576,101.935,马来西亚,彭亨州,劳勿县,,
2.85,101.35,马来西亚,雪兰莪州,瓜拉冷岳县,,
1.36667,110.75,马来西亚,砂拉越州,实文然,,
3.9647,103.0301,马来西亚,彭亨州,关丹县,,
2.7594,102.2855,马来西亚,森美兰州,瓜拉庇劳县,,
2.5538,102.3552,马来西亚,森美兰州,淡边县,,
2.4369,102.0924,马来西亚,马六甲州,亚罗牙也县,,
2.8946,101.5344,马来西亚,雪兰莪州,瓜拉冷岳县,,
3.9918,101.0058,马来西亚,霹雳州,下霹雳县,峇达拉必,
3.01667,101.45,马来西亚,雪兰莪州,巴生县,,
2.9035,101.5092,马来西亚,雪兰莪州,瓜拉冷岳县,,
1.71932,110.3425,马来西亚,砂拉越州,古晋,,
3.16667,101.31667,马来西亚,雪兰莪州,巴生县,,
5.18963,100.68266,马来西亚,霹雳州,拉律峇登司南马县,,
2.8695,101.8884,马来西亚,森美兰州,芙蓉县,,
5.93159,100.53186,马来西亚,吉打州,本同县,,
4.4612,101.1894,马来西亚,霹雳州,金宝县,,
2.2209,102.6712,马来西亚,柔佛州,东甲县,,
5.3427,103.0029,马来西亚,登嘉樓州,瓜拉尼鲁斯县,,
5.81667,100.48333,马来西亚,吉打州,瓜拉姆达县,,Taman Jerai Maju
2.58333,102.05,马来西亚,森美兰州,林茂县,,
4.5465,100.6627,马来西亚,霹雳州,拉律峇登司南马县,,
4.71667,100.7,马来西亚,霹雳州,拉律峇登司南马县,,
2.8,101.43333,马来西亚,雪兰莪州,瓜拉冷岳县,,
5.75,102.23333,马来西亚,吉兰丹州,马樟县,,
3.905,100.7776,马来西亚,霹雳州,峇眼拿督县,,Taman Bagan Pasir
3.4077,101.2016,马来西亚,雪兰莪州,瓜拉雪兰莪县,,
5.66375,100.42961,马来西亚,吉打州,瓜拉姆达县,,
4.98333,100.6,马来西亚,霹雳州,吉辇县,,
3.7143,100.9423,马来西亚,雪兰莪州,沙白安南县,,
2.69616,102.74425,马来西亚,柔佛州,昔加末县,,Kampung Orang Asli Putting
3.70762,101.5657,马来西亚,霹雳州,慕亚林县,,
5.78333,102.43333,马来西亚,吉兰丹州,巴西富地县,,
5.69037,100.63963,马来西亚,吉打州,瓜拉姆达县,,
3.1279,101.8129,马来西亚,雪兰莪州,乌鲁冷岳县,,
3.70474,101.56379,马来西亚,霹雳州,慕亚林县,,
3.9214,100.9434,马来西亚,霹雳州,峇眼拿督县,,
3.4995,101.6413,马来西亚,雪兰莪州,乌鲁雪兰莪县,,Taman Seri Rasa
5.93256,100.46952,马来西亚,吉打州,本同县,,
4.95,101.1,马来西亚,霹雳州,江沙县,,
4.0046,100.9655,马来西亚,霹雳州,下霹雳县,Sungai Durian,Kampung Sungai Durian
1.3236,103.4657,马来西亚,柔佛州,笨珍县,,
5.20838,100.5315,马来西亚,槟城州,威南县,,
3.491,102.9018,马来西亚,彭亨州,北根县,,
5.88333,102.18333,马来西亚,吉兰丹州,马樟县,,
3.95,100.86667,马来西亚,霹雳州,峇眼拿督县,,
3.9543,100.8674,马来西亚,霹雳州,峇眼拿督县,,Sungai Dulang
5.3451,100.30647,马来西亚,槟城州,东北县,垄尾,
2.7552,102.2691,马来西亚,森美兰州,瓜拉庇劳县,,
2.76667,102.28333,马来西亚,森美兰州,瓜拉庇劳县,,
2.7467,102.2812,马来西亚,森美兰州,瓜拉庇劳县,,
6.15459,100.27644,马来西亚,吉打州,哥打士打县,,
6.0,102.43333,马来西亚,吉兰丹州,万捷县,,
3.15,102.25,马来西亚,彭亨州,文冬县,,
2.56667,102.06667,马来西亚,森美兰州,林茂县,,
5.33327,100.72341,马来西亚,吉打州,居林县,,
4.08333,101.26667,马来西亚,霹雳州,马登巴冷县,,Kampung Rahmat
5.70542,100.37121,马来西亚,吉打州,瓜拉姆达县,,
5.2782,103.1329,马来西亚,登嘉樓州,瓜拉登嘉楼,,
5.92662,100.35755,马来西亚,吉打州,铅县,,
5.92391,100.38278,马来西亚,吉打州,铅县,,
2.8885,102.0319,马来西亚,森美兰州,日叻务县,,
3.38333,101.43333,马来西亚,雪兰莪州,瓜拉雪兰莪县,,
5.51667,115.98333,马来西亚,沙巴州,,,
3.5529,101.6629,马来西亚,雪兰莪州,乌鲁雪兰莪县,,
3.25,101.71667,马来西亚,雪兰莪州,鹅唛县,,
1.7,110.08333,马来西亚,砂拉越州,伦乐,,
3.70793,101.83043,马来西亚,彭亨州,劳勿县,,
3.6866,100.9821,马来西亚,雪兰莪州,沙白安南县,,
5.3,115.2,马来西亚,纳闽,纳闽市,,
3.4971,101.1676,马来西亚,雪兰莪州,瓜拉雪兰莪县,,
3.4437,101.1576,马来西亚,雪兰莪州,瓜拉雪兰莪县,,
5.34367,100.20732,马来西亚,槟城州,西南县,,
3.4615,101.1378,马来西亚,雪兰莪州,瓜拉雪兰莪县,,
1.47615,103.42221,马来西亚,柔佛州,笨珍县,,
1.3404,104.1998,马来西亚,柔佛州,哥打丁宜县,,
2.8541,101.9563,马来西亚,森美兰州,芙蓉县,,
2.85,101.41667,马来西亚,雪兰莪州,瓜拉冷岳县,,
3.9392,100.9603,马来西亚,霹雳州,峇眼拿督县,,直落峇鲁（8碑）
3.925,100.95204,马来西亚,霹雳州,峇眼拿督县,,
6.41667,100.4,马来西亚,吉打州,古邦巴素县,,
5.42697,100.72803,马来西亚,吉打州,华玲县,,
5.28561,100.69258,马来西亚,吉打州,万拉峇鲁县,,
5.2552,100.51654,马来西亚,槟城州,威南县,,
3.9385,100.9365,马来西亚,霹雳州,峇眼拿督县,,
3.9205,101.8416,马来西亚,彭亨州,劳勿县,,
2.4254,102.1569,马来西亚,马六甲州,亚罗牙也县,,
5.88625,100.38953,马来西亚,吉打州,铅县,,
3.749,101.1159,马来西亚,霹雳州,峇眼拿督县,,
4.7787,103.419,马来西亚,登嘉樓州,龙运县,,
2.85,101.46667,马来西亚,雪兰莪州,瓜拉冷岳县,,
2.88,101.7641,马来西亚,雪兰莪州,芙蓉县,,
1.3503,103.5137,马来西亚,柔佛州,笨珍县,,
5.05784,100.50695,马来西亚,霹雳州,吉辇县,,
2.862,101.8913,马来西亚,森美兰州,芙蓉县,,
3.13333,101.43333,马来西亚,雪兰莪州,巴生县,,Taman Seri Puteri
3.05,101.45,马来西亚,雪兰莪州,巴生县,,
3.9812,100.7183,马来西亚,霹雳州,峇眼拿督县,,Kampung Sungai Betul
3.985,100.876,马来西亚,霹雳州,中霹雳县,,Kampung Sungai Besar
3.05,102.43333,马来西亚,森美兰州,仁保县,,
3.48467,101.65763,马来西亚,雪兰莪州,乌鲁雪兰莪县,,
1.08333,110.6,马来西亚,砂拉越州,西连,,
2.2691,102.8077,马来西亚,柔佛州,麻坡县,,
5.61667,100.68333,马来西亚,吉打州,华玲县,,
3.76667,100.9,马来西亚,雪兰莪州,沙白安南县,,
1.46667,110.36667,马来西亚,砂拉越州,三马拉汉,,
5.63333,102.16667,马来西亚,吉兰丹州,瓜拉吉赖县,,
1.48333,110.43333,马来西亚,砂拉越州,三马拉汉,,
6.4854,116.7415,马来西亚,沙巴州,哥打马鲁都,,
6.4944,116.7382,马来西亚,沙巴州,哥打马鲁都,,
5.13333,115.63333,马来西亚,沙巴州,实必丹,,
5.65,100.43333,马来西亚,吉打州,瓜拉姆达县,,
5.9,102.18333,马来西亚,吉兰丹州,巴西马县,,
5.68333,100.91667,马来西亚,吉打州,华玲县,,Rumah Murah Baling
5.28315,100.24268,马来西亚,槟城州,西南县,公巴,双溪峇都
3.8838,103.128,马来西亚,彭亨州,关丹县,,
3.8841,102.4783,马来西亚,彭亨州,而连突县,,
3.61667,102.83333,马来西亚,彭亨州,马兰县,,
2.6,102.05,马来西亚,森美兰州,林茂县,,
1.5,110.45,马来西亚,砂拉越州,三马拉汉,,
3.8971,100.7906,马来西亚,霹雳州,峇眼拿督县,,
2.35,102.1,马来西亚,马六甲州,亚罗牙也县,,
6.17845,100.34459,马来西亚,吉打州,哥打士打县,,
5.88333,100.46667,马来西亚,吉打州,本同县,,
5.68699,100.40172,马来西亚,吉打州,瓜拉姆达县,,
5.4066,102.856,马来西亚,登嘉樓州,士兆县,,
5.21536,100.52737,马来西亚,槟城州,威南县,,
5.33333,115.21667,马来西亚,纳闽,纳闽市,,
3.01667,101.76667,马来西亚,雪兰莪州,乌鲁冷岳县,蕉赖,
3.9562,100.7326,马来西亚,霹雳州,峇眼拿督县,,
3.9823,100.7364,马来西亚,霹雳州,峇眼拿督县,,Kampung Sungai Betul
5.80552,100.37394,马来西亚,吉打州,铅县,,
3.95,100.9575,马来西亚,霹雳州,峇眼拿督县,Teluk Bharu,Kampung Tapak Semenang
6.1785,100.34691,马来西亚,吉打州,哥打士打县,,
3.95,100.88333,马来西亚,霹雳州,峇眼拿督县,,
2.2992,102.2542,马来西亚,马六甲州,马六甲中央县,,
5.83333,100.46667,马来西亚,吉打州,瓜拉姆达县,,
5.39655,100.55775,马来西亚,吉打州,居林县,老火较,
3.4216,103.4246,马来西亚,彭亨州,北根县,,
2.1379,102.4514,马来西亚,马六甲州,野新县,,
5.90491,100.35937,马来西亚,吉打州,铅县,,
5.23333,100.68333,马来西亚,吉打州,万拉峇鲁县,,
5.76667,102.3,马来西亚,吉兰丹州,马樟县,,
1.7872,102.9359,马来西亚,柔佛州,峇株巴辖县,,
1.36667,110.05,马来西亚,砂拉越州,石隆门,,
6.4486,100.38473,马来西亚,吉打州,古邦巴素县,,
5.06667,100.81667,马来西亚,霹雳州,拉律峇登司南马县,,
3.801,100.8229,马来西亚,雪兰莪州,沙白安南县,,
1.4788,104.0658,马来西亚,柔佛州,哥打丁宜县,,
2.1724,102.6893,马来西亚,柔佛州,麻坡县,,
4.98333,100.78333,马来西亚,霹雳州,拉律峇登司南马县,,
4.6873,100.98696,马来西亚,霹雳州,江沙县,,
6.5051,116.6897,马来西亚,沙巴州,哥打马鲁都,,
6.4947,116.6669,马来西亚,沙巴州,哥打马鲁都,,
5.8,102.55,马来西亚,登嘉樓州,勿述县,,
5.8185,116.0546,马来西亚,沙巴州,,,
4.43538,118.64058,马来西亚,沙巴州,仙本那,,
3.33333,101.85,马来西亚,彭亨州,文冬县,,
5.806,117.2042,马来西亚,沙巴州,特鲁必,,
5.16657,100.99124,马来西亚,霹雳州,上霹靂县,,
1.7,110.05,马来西亚,砂拉越州,伦乐,,
5.78657,100.38695,马来西亚,吉打州,铅县,,
4.873,115.3569,马来西亚,砂拉越州,老越,,
5.8766,116.2499,马来西亚,沙巴州,兵南邦,,
6.0994,116.1921,马来西亚,沙巴州,斗亚兰,,
5.957,116.1272,马来西亚,沙巴州,亚庇,,
5.08333,115.55,马来西亚,沙巴州,实必丹,,
6.16383,100.36584,马来西亚,吉打州,哥打士打县,安南武吉,Pantai Johor
5.4323,116.9878,马来西亚,沙巴州,东革,,
5.3769,116.9536,马来西亚,沙巴州,东革,,
1.44407,110.50298,马来西亚,砂拉越州,哥打三马拉汉,,
6.2176,116.2084,马来西亚,沙巴州,斗亚兰,,
3.5727,102.8072,马来西亚,彭亨州,马兰县,,
1.17685,110.38063,马来西亚,砂拉越州,古晋,,
4.08333,113.91667,马来西亚,砂拉越州,苏必士,,
1.4,110.1,马来西亚,砂拉越州,石隆门,,
1.41667,110.13333,马来西亚,砂拉越州,石隆门,大段,
5.36667,115.36667,马来西亚,沙巴州,瓜拉班尤,,
5.2829,115.5868,马来西亚,沙巴州,保佛,,
6.3671,116.3722,马来西亚,沙巴州,古打毛律,,
5.29333,115.26,马来西亚,纳闽,纳闽市,,
2.46667,102.01667,马来西亚,森美兰州,波德申县,,
5.88333,117.38333,马来西亚,沙巴州,比鲁兰,,
4.8688,101.0551,马来西亚,霹雳州,江沙县,,
4.9,101.0,马来西亚,霹雳州,江沙县,,Kampung Bekut
4.85,100.95,马来西亚,霹雳州,江沙县,,Kampung Temong Hilir
4.3238,100.9299,马来西亚,霹雳州,中霹雳县,,Kampung Orang Asli Gedung Batu
4.78333,100.9,马来西亚,霹雳州,江沙县,,Taman Seroja
4.95,115.46667,马来西亚,砂拉越州,老越,,
1.8745,103.2708,马来西亚,柔佛州,居銮县,,
6.485,116.7487,马来西亚,沙巴州,哥打马鲁都,,
1.11667,110.55,马来西亚,砂拉越州,西连,,
6.3526,116.3771,马来西亚,沙巴州,古打毛律,,
3.818,103.2719,马来西亚,彭亨州,关丹县,英迪拉马哥打,
3.4775,102.3987,马来西亚,彭亨州,淡马鲁县,,
2.85,101.9469,马来西亚,森美兰州,芙蓉县,,
6.24988,116.30298,马来西亚,沙巴州,斗亚兰,,
2.4166,102.1286,马来西亚,马六甲州,亚罗牙也县,,
2.6378,102.092,马来西亚,森美兰州,林茂县,,
2.7377,102.1229,马来西亚,森美兰州,瓜拉庇劳县,,
2.46667,102.35,马来西亚,马六甲州,亚罗牙也县,,
2.3385,102.0892,马来西亚,马六甲州,亚罗牙也县,,
2.3083,102.4466,马来西亚,马六甲州,野新县,,
2.3137,102.2077,马来西亚,马六甲州,马六甲中央县,,
2.372,102.141,马来西亚,马六甲州,亚罗牙也县,,
2.4835,102.3501,马来西亚,马六甲州,亚罗牙也县,,
2.3566,102.1423,马来西亚,马六甲州,亚罗牙也县,,
2.569,102.0929,马来西亚,森美兰州,林茂县,,
2.5463,102.128,马来西亚,森美兰州,林茂县,,
2.55,102.05,马来西亚,森美兰州,林茂县,,
2.359,102.1148,马来西亚,马六甲州,亚罗牙也县,,
2.5496,102.0365,马来西亚,森美兰州,林茂县,,
2.3498,102.1,马来西亚,马六甲州,亚罗牙也县,,
2.8926,101.9231,马来西亚,森美兰州,芙蓉县,,
2.6971,102.3255,马来西亚,森美兰州,瓜拉庇劳县,,
2.601,101.9695,马来西亚,森美兰州,芙蓉县,,
2.3018,102.2102,马来西亚,马六甲州,马六甲中央县,,
2.2586,102.5448,马来西亚,柔佛州,东甲县,,
3.8549,102.4394,马来西亚,彭亨州,而连突县,,
5.63333,102.1,马来西亚,吉兰丹州,丹那美拉县,,
6.08333,116.4,马来西亚,沙巴州,斗亚兰,,
3.7311,103.2938,马来西亚,彭亨州,关丹县,,
1.33333,110.48333,马来西亚,砂拉越州,西连,,
5.68333,115.96667,马来西亚,沙巴州,,,
1.4,110.2,马来西亚,砂拉越州,石隆门,,
5.41667,115.45,马来西亚,沙巴州,瓜拉班尤,,
1.06867,110.49723,马来西亚,砂拉越州,西连,,
4.8459,115.4226,马来西亚,砂拉越州,老越,,
4.48878,118.67628,马来西亚,沙巴州,仙本那,,
5.2818,115.6817,马来西亚,沙巴州,保佛,,
2.5883,103.7938,马来西亚,柔佛州,丰盛港县,,
6.2,100.66667,马来西亚,吉打州,巴东得腊县,,
1.69864,109.9509,马来西亚,砂拉越州,伦乐,,
5.39356,101.11217,马来西亚,霹雳州,上霹靂县,,
5.68333,100.85,马来西亚,吉打州,华玲县,,
5.10489,100.65977,马来西亚,霹雳州,吉辇县,,
6.4117,100.41697,马来西亚,吉打州,古邦巴素县,,
5.88333,100.75,马来西亚,吉打州,锡县,,
5.62843,100.89917,马来西亚,吉打州,华玲县,,
5.38534,100.58838,马来西亚,吉打州,居林县,双溪乌沥,
5.28789,100.54819,马来西亚,吉打州,居林县,,
5.11647,100.96777,马来西亚,霹雳州,上霹靂县,,
1.1949,110.40547,马来西亚,砂拉越州,古晋,,
6.36667,100.33333,马来西亚,吉打州,古邦巴素县,,
5.28333,100.55,马来西亚,吉打州,居林县,,
6.1,102.08333,马来西亚,吉兰丹州,巴西马县,,
6.05,100.81667,马来西亚,吉打州,锡县,,
5.766,100.88979,马来西亚,吉打州,华玲县,,
5.5,102.46667,马来西亚,登嘉樓州,勿述县,,
4.37179,118.59749,马来西亚,沙巴州,,,
1.58333,110.35,马来西亚,砂拉越州,古晋,柏特拉再也,
5.7677,116.481,马来西亚,沙巴州,担布南,,
1.66232,109.85403,马来西亚,砂拉越州,伦乐,,
5.9814,116.4557,马来西亚,沙巴州,斗亚兰,,
5.9913,116.1484,马来西亚,沙巴州,亚庇,,
5.3456,116.8879,马来西亚,沙巴州,东革,,
5.9043,116.4908,马来西亚,沙巴州,兰瑙,,
5.51667,116.6,马来西亚,沙巴州,根地咬,,
6.2641,116.3123,马来西亚,沙巴州,斗亚兰,,
4.76667,114.96667,马来西亚,砂拉越州,林梦,,Kampung Lupak Rangas
1.35,110.55,马来西亚,砂拉越州,西连,,
5.43333,115.58333,马来西亚,沙巴州,保佛,,
5.73856,100.38085,马来西亚,吉打州,铅县,,
1.25,110.88333,马来西亚,砂拉越州,实文然,,
3.023,103.4241,马来西亚,彭亨州,北根县,,
6.01667,116.46667,马来西亚,沙巴州,古打毛律,,
6.13333,102.08333,马来西亚,吉兰丹州,巴西马县,,
4.89675,115.19337,马来西亚,砂拉越州,老越,,
5.9626,116.6798,马来西亚,沙巴州,兰瑙,,
5.26667,117.01667,马来西亚,沙巴州,东革,,
5.4,115.43333,马来西亚,沙巴州,瓜拉班尤,,
6.03333,116.33333,马来西亚,沙巴州,斗亚兰,,
3.49003,102.95599,马来西亚,彭亨州,北根县,,
1.31667,110.8,马来西亚,砂拉越州,实文然,,
5.58333,100.4,马来西亚,吉打州,瓜拉姆达县,,
5.73333,102.21667,马来西亚,吉兰丹州,马樟县,,
5.96667,102.31667,马来西亚,吉兰丹州,万捷县,,
5.38662,100.54451,马来西亚,吉打州,居林县,加拉里,
5.42804,100.65912,马来西亚,吉打州,居林县,,
3.21667,101.33333,马来西亚,雪兰莪州,瓜拉雪兰莪县,,
1.65,110.1,马来西亚,砂拉越州,伦乐,,
5.71667,101.05,马来西亚,霹雳州,上霹靂县,,
2.2339,102.6183,马来西亚,柔佛州,东甲县,,
2.1976,102.6344,马来西亚,柔佛州,东甲县,,
1.8525,102.8833,马来西亚,柔佛州,峇株巴辖县,,
3.85,101.83333,马来西亚,彭亨州,劳勿县,,
2.2997,102.4442,马来西亚,马六甲州,野新县,,
2.5441,102.0791,马来西亚,森美兰州,林茂县,,
6.18836,100.28335,马来西亚,吉打州,哥打士打县,,
3.6875,101.5361,马来西亚,霹雳州,慕亚林县,,
2.9002,101.718,马来西亚,雪兰莪州,雪邦县,,
3.01397,101.76664,马来西亚,雪兰莪州,乌鲁冷岳县,蕉赖,
1.65,110.08333,马来西亚,砂拉越州,伦乐,,
6.2118,116.2164,马来西亚,沙巴州,斗亚兰,,
6.2087,116.2029,马来西亚,沙巴州,斗亚兰,,
3.7837,100.8872,马来西亚,雪兰莪州,沙白安南县,,
5.68333,100.93333,马来西亚,吉打州,华玲县,,
6.26667,100.21667,马来西亚,吉打州,古邦巴素县,,
4.35,100.93333,马来西亚,霹雳州,中霹雳县,,
2.5668,102.258,马来西亚,森美兰州,瓜拉庇劳县,,
2.3153,102.4399,马来西亚,马六甲州,野新县,,
2.2841,102.49,马来西亚,马六甲州,野新县,,
1.9418,104.072,马来西亚,柔佛州,哥打丁宜县,,
2.6572,102.1496,马来西亚,森美兰州,瓜拉庇劳县,,
5.41318,100.37938,马来西亚,槟城州,威北县,,
4.6223,101.1109,马来西亚,霹雳州,近打县,新都,Taman Wah Keong
1.35,110.35,马来西亚,砂拉越州,古晋,,
1.25,110.68333,马来西亚,砂拉越州,实文然,,
2.5454,101.9432,马来西亚,森美兰州,芙蓉县,,
2.5631,101.9415,马来西亚,森美兰州,芙蓉县,,
6.0057,116.7806,马来西亚,沙巴州,兰瑙,,
6.0106,116.7349,马来西亚,沙巴州,兰瑙,,
1.46667,111.38333,马来西亚,砂拉越州,木中,,
5.9149,116.3072,马来西亚,沙巴州,斗亚兰,,
1.35,110.33333,马来西亚,砂拉越州,古晋,,
2.2268,103.4933,马来西亚,柔佛州,居銮县,,
2.7459,101.9676,马来西亚,森美兰州,芙蓉县,小甘密,
2.6672,102.1639,马来西亚,森美兰州,瓜拉庇劳县,,
5.81667,100.75,马来西亚,吉打州,锡县,,
1.46667,110.38333,马来西亚,砂拉越州,三马拉汉,,
1.58333,110.45,马来西亚,砂拉越州,古晋,,
1.53333,110.28333,马来西亚,砂拉越州,古晋,,
1.06559,110.34574,马来西亚,砂拉越州,打必禄,,
4.0468,100.858,马来西亚,霹雳州,中霹雳县,,
3.5866,101.6101,马来西亚,雪兰莪州,乌鲁雪兰莪县,,Kampung Pasir
2.4193,101.8693,马来西亚,森美兰州,波德申县,,Batu 10
1.46667,110.41667,马来西亚,砂拉越州,三马拉汉,,
1.35,110.4,马来西亚,砂拉越州,古晋,,
5.91261,100.66807,马来西亚,吉打州,锡县,,
1.38333,110.35,马来西亚,砂拉越州,古晋,,
5.53243,100.55088,马来西亚,吉打州,居林县,,
1.45,110.13333,马来西亚,砂拉越州,石隆门,,
1.35,110.36667,马来西亚,砂拉越州,古晋,,
1.65602,109.81295,马来西亚,砂拉越州,伦乐,,
1.21667,110.9,马来西亚,砂拉越州,实文然,,
1.74622,109.87453,马来西亚,砂拉越州,伦乐,,
5.4287,115.6307,马来西亚,沙巴州,保佛,,
5.35,115.38333,马来西亚,沙巴州,瓜拉班尤,,
6.48333,100.38333,马来西亚,吉打州,古邦巴素县,,
6.11667,102.36667,马来西亚,吉兰丹州,万捷县,,
5.88333,102.46667,马来西亚,吉兰丹州,巴西富地县,,
5.86667,100.51667,马来西亚,吉打州,瓜拉姆达县,,
5.83333,102.3,马来西亚,吉兰丹州,巴西富地县,,
5.79726,100.71176,马来西亚,吉打州,锡县,,
5.78358,101.96908,马来西亚,吉兰丹州,丹那美拉县,,
5.72958,100.50977,马来西亚,吉打州,瓜拉姆达县,,
5.54635,100.50221,马来西亚,槟城州,威北县,,
5.47462,100.62099,马来西亚,吉打州,居林县,,
5.36198,100.43625,马来西亚,槟城州,威中县,,
5.13531,100.85708,马来西亚,霹雳州,拉律峇登司南马县,,
4.97965,100.78816,马来西亚,霹雳州,拉律峇登司南马县,,Taman Kurau Mutiara
4.98333,100.8,马来西亚,霹雳州,拉律峇登司南马县,峇都古劳,Taman Kurau Permai
2.2774,102.5244,马来西亚,柔佛州,东甲县,,
2.3857,102.541,马来西亚,柔佛州,东甲县,,
2.2791,102.5055,马来西亚,柔佛州,东甲县,,
2.2822,102.5199,马来西亚,柔佛州,东甲县,,
4.5899,102.9956,马来西亚,登嘉樓州,龙运县,,
5.33149,100.22799,马来西亚,槟城州,西南县,浮罗文丁,Taman Pondok Upeh
1.5,110.36667,马来西亚,砂拉越州,古晋,,
1.65489,109.86033,马来西亚,砂拉越州,伦乐,,
1.64541,109.86335,马来西亚,砂拉越州,伦乐,,
5.7,102.21667,马来西亚,吉兰丹州,马樟县,,
5.55586,100.50744,马来西亚,槟城州,威北县,,
5.33557,100.23057,马来西亚,槟城州,西南县,浮罗文丁,
5.21446,100.59085,马来西亚,吉打州,万拉峇鲁县,,
4.78333,100.86667,马来西亚,霹雳州,江沙县,,Kampung Batu Bantal
3.8588,102.3613,马来西亚,彭亨州,而连突县,,
5.78333,102.4,马来西亚,吉兰丹州,巴西富地县,,
6.23333,100.46667,马来西亚,吉打州,古邦巴素县,,
5.47388,100.4272,马来西亚,槟城州,威北县,,
5.47506,100.38712,马来西亚,槟城州,威北县,日落斗哇,Taman Nakhota
5.38333,100.41667,马来西亚,槟城州,威中县,,
1.7,110.1,马来西亚,砂拉越州,伦乐,,
1.33333,111.33333,马来西亚,砂拉越州,斯里阿曼,,
1.46667,110.8,马来西亚,砂拉越州,实文然,,
1.45,110.36667,马来西亚,砂拉越州,三马拉汉,,
4.8353,100.9816,马来西亚,霹雳州,江沙县,,
3.25,101.53333,马来西亚,雪兰莪州,鹅唛县,,
4.93333,100.93333,马来西亚,霹雳州,江沙县,新寿活新村,
6.03333,102.3,马来西亚,吉兰丹州,哥打峇鲁县,,
1.4,110.68333,马来西亚,砂拉越州,实文然,,
3.01237,103.36968,马来西亚,彭亨州,北根县,,
5.91667,102.26667,马来西亚,吉兰丹州,哥打峇鲁县,,
1.23111,110.39299,马来西亚,砂拉越州,古晋,,
5.81667,100.41667,马来西亚,吉打州,铅县,,
5.0865,101.9708,马来西亚,吉兰丹州,话望生县,,
4.13333,114.43333,马来西亚,砂拉越州,马鲁帝,,
5.51667,101.88333,马来西亚,吉兰丹州,日里县,,
6.81667,116.85,马来西亚,沙巴州,古达,,
5.0612,102.9881,马来西亚,登嘉樓州,,,
6.0,102.21667,马来西亚,吉兰丹州,哥打峇鲁县,,
2.65492,103.58393,马来西亚,彭亨州,云冰县,,
1.4401,104.2906,马来西亚,柔佛州,哥打丁宜县,,
1.31667,110.33333,马来西亚,砂拉越州,古晋,,
5.11667,101.98333,马来西亚,吉兰丹州,话望生县,,
2.8789,101.8657,马来西亚,雪兰莪州,乌鲁冷岳县,,
2.8888,101.8841,马来西亚,雪兰莪州,乌鲁冷岳县,,
2.8853,101.8821,马来西亚,雪兰莪州,乌鲁冷岳县,,
2.8927,101.8807,马来西亚,雪兰莪州,乌鲁冷岳县,,
6.01667,102.06667,马来西亚,吉兰丹州,巴西马县,,
1.83033,109.73024,马来西亚,砂拉越州,伦乐,,
5.59991,100.51362,马来西亚,吉打州,瓜拉姆达县,泰安园,
2.8242,102.3369,马来西亚,森美兰州,仁保县,,
2.8195,102.3553,马来西亚,森美兰州,仁保县,,
3.1498,102.1618,马来西亚,森美兰州,日叻务县,,
2.122,102.6407,马来西亚,柔佛州,麻坡县,,
5.28955,100.25483,马来西亚,槟城州,西南县,公巴,
1.3005,103.498,马来西亚,柔佛州,笨珍县,,
2.2506,102.3435,马来西亚,马六甲州,野新县,,
1.36667,110.18333,马来西亚,砂拉越州,石隆门,,
2.5461,102.8146,马来西亚,柔佛州,昔加末县,,
6.21667,102.1,马来西亚,吉兰丹州,道北县,,
1.3022,103.4926,马来西亚,柔佛州,笨珍县,,
2.1376,102.3784,马来西亚,马六甲州,野新县,,
3.753,103.2043,马来西亚,彭亨州,关丹县,,
2.2875,102.6915,马来西亚,柔佛州,东甲县,,
2.68814,103.59204,马来西亚,彭亨州,云冰县,,
5.96667,102.35,马来西亚,吉兰丹州,万捷县,,
1.9107,102.6942,马来西亚,柔佛州,麻坡县,,
2.5069,102.1218,马来西亚,森美兰州,林茂县,,
3.1,101.73333,马来西亚,吉隆坡,吉隆坡,蕉赖,美达花园
2.2541,102.5042,马来西亚,柔佛州,东甲县,,
2.45165,103.83093,马来西亚,柔佛州,丰盛港县,,
1.7244,103.9004,马来西亚,柔佛州,哥打丁宜县,,
2.2897,102.6888,马来西亚,柔佛州,东甲县,,
1.4595,104.0507,马来西亚,柔佛州,哥打丁宜县,,
1.9191,104.103,马来西亚,柔佛州,哥打丁宜县,,
1.8688,103.0305,马来西亚,柔佛州,峇株巴辖县,,
1.81667,103.13333,马来西亚,柔佛州,峇株巴辖县,,
2.297,102.6858,马来西亚,柔佛州,东甲县,,
5.25503,100.66187,马来西亚,吉打州,万拉峇鲁县,,
6.06667,102.26667,马来西亚,吉兰丹州,哥打峇鲁县,,
2.2772,102.6892,马来西亚,柔佛州,东甲县,,
6.40953,100.1792,马来西亚,玻璃市州,加央,诗里越,
1.15,110.56667,马来西亚,砂拉越州,西连,,
1.56667,110.58333,马来西亚,砂拉越州,,,
3.4909,102.8211,马来西亚,彭亨州,马兰县,,
1.65196,109.99317,马来西亚,砂拉越州,伦乐,,
5.2832,103.0973,马来西亚,登嘉樓州,瓜拉登嘉楼县,,Kampung Sungai Rengas
5.96667,102.21667,马来西亚,吉兰丹州,哥打峇鲁县,,
2.8955,102.0248,马来西亚,森美兰州,日叻务县,,
4.76667,103.2,马来西亚,登嘉樓州,龙运县,,
2.33333,111.45,马来西亚,砂拉越州,,丹绒玛尼,
2.82421,101.50166,马来西亚,雪兰莪州,瓜拉冷岳县,,
6.06667,102.18333,马来西亚,吉兰丹州,巴西马县,,
4.8,103.33333,马来西亚,登嘉樓州,龙运县,,
4.8,100.91667,马来西亚,霹雳州,江沙县,Kota Lama Kiri,Taman Kuala Kangsar
4.35275,101.93242,马来西亚,彭亨州,立卑县,,
4.2268,100.7026,马来西亚,霹雳州,曼绒县,,
4.0807,102.2865,马来西亚,彭亨州,立卑县,,
3.5311,102.7732,马来西亚,彭亨州,马兰县,,
2.56667,102.05,马来西亚,森美兰州,林茂县,,
3.103,102.2049,马来西亚,森美兰州,日叻务县,,
1.73059,109.77303,马来西亚,砂拉越州,伦乐,,
6.41806,100.69191,马来西亚,吉打州,巴东得腊县,,
4.49078,118.57009,马来西亚,沙巴州,仙本那,,
5.18333,102.08333,马来西亚,吉兰丹州,瓜拉吉赖县,,
5.9175,116.6384,马来西亚,沙巴州,兰瑙,,
3.5763,103.4158,马来西亚,彭亨州,北根县,,
4.81667,115.25,马来西亚,砂拉越州,老越,,
2.6262,102.7835,马来西亚,柔佛州,昔加末县,,
6.0516,116.1273,马来西亚,沙巴州,亚庇,,
5.2633,103.0414,马来西亚,登嘉樓州,瓜拉登嘉楼县,,
3.5229,102.7956,马来西亚,彭亨州,马兰县,,
1.33333,110.01494,马来西亚,砂拉越州,石隆门,,
4.95,100.7,马来西亚,霹雳州,吉辇县,,
5.53333,100.76667,马来西亚,吉打州,华玲县,,
5.09357,100.84852,马来西亚,霹雳州,拉律峇登司南马县,,
4.08333,113.88333,马来西亚,砂拉越州,苏必士,,
5.30982,100.26838,马来西亚,槟城州,西南县,,
5.86667,102.46667,马来西亚,吉兰丹州,巴西富地县,,
5.83333,101.6,马来西亚,霹雳州,上霹靂县,,
1.7,111.4,马来西亚,砂拉越州,砂拉卓,,
3.7806,101.0285,马来西亚,雪兰莪州,沙白安南县,,
2.5604,102.8077,马来西亚,柔佛州,昔加末县,,
4.0627,102.2967,马来西亚,彭亨州,而连突县,,
2.98333,102.05,马来西亚,森美兰州,日叻务县,,
4.76667,103.38333,马来西亚,登嘉樓州,龙运县,,
1.45184,110.51083,马来西亚,砂拉越州,哥打三马拉汉,,
1.18333,110.91667,马来西亚,砂拉越州,实文然,,
2.65,102.76667,马来西亚,柔佛州,昔加末县,,Kampung Spang Loi
5.9181,116.2805,马来西亚,沙巴州,斗亚兰,,
1.06667,110.73333,马来西亚,砂拉越州,西连,,
1.7842,103.8869,马来西亚,柔佛州,哥打丁宜县,,
3.4719,102.993,马来西亚,彭亨州,北根县,,
5.58162,100.38881,马来西亚,吉打州,瓜拉姆达县,,
2.2575,102.8304,马来西亚,柔佛州,麻坡县,Batu 28,
4.51667,102.68333,马来西亚,彭亨州,而连突县,,
5.1765,103.1966,马来西亚,登嘉樓州,马江县,,
3.4724,103.0759,马来西亚,彭亨州,北根县,,
4.53333,102.6,马来西亚,彭亨州,而连突县,,
4.3774,102.0565,马来西亚,彭亨州,立卑县,,
3.4447,102.6004,马来西亚,彭亨州,马兰县,,
6.1,102.1,马来西亚,吉兰丹州,巴西马县,,
5.43333,100.65,马来西亚,吉打州,居林县,Taman Mutiara,
6.56667,117.01667,马来西亚,沙巴州,必达士,,
6.0,102.38333,马来西亚,吉兰丹州,万捷县,,
1.4883,103.8172,马来西亚,柔佛州,新山县,百万镇,
2.6258,102.2665,马来西亚,森美兰州,瓜拉庇劳县,,
3.8,102.41667,马来西亚,彭亨州,而连突县,,
3.9593,101.8658,马来西亚,彭亨州,劳勿县,,
2.2731,102.6969,马来西亚,柔佛州,东甲县,,
2.2468,102.6757,马来西亚,柔佛州,东甲县,,
5.68333,101.71667,马来西亚,吉兰丹州,日里县,,
6.00119,100.40618,马来西亚,吉打州,本同县,,
4.66667,100.93333,马来西亚,霹雳州,江沙县,星江,Kampung Kubang Pekan
4.5415,101.1242,马来西亚,霹雳州,近打县,新邦波赖,成达花园
1.06667,110.56667,马来西亚,砂拉越州,西连,,
4.76667,100.71667,马来西亚,霹雳州,拉律峇登司南马县,,
6.29786,116.31549,马来西亚,沙巴州,古打毛律,,
3.5196,102.1619,马来西亚,彭亨州,淡马鲁县,,
2.65,102.53333,马来西亚,森美兰州,淡边县,,
4.42408,118.58879,马来西亚,沙巴州,仙本那,,
2.86667,111.85,马来西亚,砂拉越州,拉叻,,
2.65,102.7,马来西亚,柔佛州,昔加末县,,
1.62083,110.44806,马来西亚,砂拉越州,古晋,,
5.73333,102.08333,马来西亚,吉兰丹州,丹那美拉县,,
2.5886,102.1031,马来西亚,森美兰州,林茂县,,
2.5778,102.0979,马来西亚,森美兰州,林茂县,,
2.5807,102.1041,马来西亚,森美兰州,林茂县,,
4.41529,118.60289,马来西亚,沙巴州,仙本那,,
2.7072,102.2471,马来西亚,森美兰州,瓜拉庇劳县,,
1.0975,110.27999,马来西亚,砂拉越州,古晋,,
5.05357,100.96451,马来西亚,霹雳州,上霹靂县,,
6.41005,100.30114,马来西亚,玻璃市州,,,
6.05,100.5,马来西亚,吉打州,本同县,,
5.81931,100.73634,马来西亚,吉打州,锡县,,
6.2,102.28333,马来西亚,吉兰丹州,哥打峇鲁县,,
2.41667,111.4,马来西亚,砂拉越州,,,
2.53333,111.36667,马来西亚,砂拉越州,,,
3.7118,103.0054,马来西亚,彭亨州,关丹县,,
5.98333,102.2,马来西亚,吉兰丹州,哥打峇鲁县,,
5.7,115.98333,马来西亚,沙巴州,,,
4.93333,100.83333,马来西亚,霹雳州,拉律峇登司南马县,,
2.3601,102.5095,马来西亚,马六甲州,野新县,,Taman Sempang Bekoh Indah
2.1449,102.4133,马来西亚,马六甲州,野新县,,
3.8346,101.8342,马来西亚,彭亨州,劳勿县,,Taman Amalina Perdana
3.7786,101.8703,马来西亚,彭亨州,劳勿县,,
3.7935,101.8688,马来西亚,彭亨州,劳勿县,,
3.8107,101.8914,马来西亚,彭亨州,劳勿县,,
3.4208,102.0661,马来西亚,彭亨州,文冬县,,
2.4657,102.0679,马来西亚,森美兰州,林茂县,,
1.6,110.5,马来西亚,砂拉越州,古晋,,
3.1719,102.1871,马来西亚,彭亨州,文冬县,,
2.4896,102.1199,马来西亚,森美兰州,林茂县,,
3.4871,102.1926,马来西亚,彭亨州,淡马鲁县,,Kampung Baru
4.68333,100.93333,马来西亚,霹雳州,江沙县,星江,
3.08333,101.38333,马来西亚,雪兰莪州,巴生县,,
3.76667,102.38333,马来西亚,彭亨州,淡马鲁县,,
2.28333,104.13333,马来西亚,柔佛州,丰盛港县,,
6.2703,100.59987,马来西亚,吉打州,巴东得腊县,,
3.9007,103.0323,马来西亚,彭亨州,关丹县,,
2.96667,102.08333,马来西亚,森美兰州,日叻务县,,
1.48333,110.28333,马来西亚,砂拉越州,古晋,,
5.966,116.0653,马来西亚,沙巴州,亚庇,,
2.0585,103.3592,马来西亚,柔佛州,居銮县,,
1.9482,104.1037,马来西亚,柔佛州,哥打丁宜县,,
1.63747,109.8491,马来西亚,砂拉越州,伦乐,,
5.91162,100.36722,马来西亚,吉打州,铅县,,
2.88031,101.84107,马来西亚,雪兰莪州,乌鲁冷岳县,,
4.58333,100.9,马来西亚,霹雳州,江沙县,,
3.083,102.1028,马来西亚,森美兰州,日叻务县,,
2.2002,102.7025,马来西亚,柔佛州,麻坡县,,
4.66361,103.03263,马来西亚,登嘉樓州,龙运县,,
1.6,110.33333,马来西亚,砂拉越州,古晋,柏特拉再也,
1.6,110.31667,马来西亚,砂拉越州,古晋,柏特拉再也,"Taman Sri Depo, Kampung Semerah Padi, Petra Jaya"
2.65827,103.64036,马来西亚,柔佛州,丰盛港县,,
2.64707,103.64093,马来西亚,柔佛州,丰盛港县,,Taman Endau Makmur
2.8619,101.9458,马来西亚,森美兰州,芙蓉县,,
5.7891,118.1494,马来西亚,沙巴州,山打根,,
3.49138,102.90805,马来西亚,彭亨州,北根县,,
1.7515,103.7842,马来西亚,柔佛州,哥打丁宜县,,
2.2044,102.6958,马来西亚,柔佛州,东甲县,,
4.83333,103.18333,马来西亚,登嘉樓州,龙运县,,
3.4362,103.1372,马来西亚,彭亨州,北根县,,
2.95,102.85,马来西亚,彭亨州,云冰县,,
2.62557,103.62928,马来西亚,柔佛州,丰盛港县,,
1.1,110.8,马来西亚,砂拉越州,西连,,
3.78333,102.4,马来西亚,彭亨州,而连突县,,
2.6282,102.8045,马来西亚,柔佛州,昔加末县,,
3.73333,101.45,马来西亚,雪兰莪州,乌鲁雪兰莪县,,Kampung Sekolah
2.81667,101.7,马来西亚,雪兰莪州,雪邦县,哥打华丽山,华丽山公主城
5.90413,100.40966,马来西亚,吉打州,铅县,,
5.88333,100.41667,马来西亚,吉打州,铅县,,
1.6749,109.86104,马来西亚,砂拉越州,伦乐,,
5.75,102.3,马来西亚,吉兰丹州,马樟县,,
4.21667,101.96667,马来西亚,彭亨州,立卑县,,
5.881,116.6397,马来西亚,沙巴州,兰瑙,,
5.85,102.31667,马来西亚,吉兰丹州,巴西富地县,,
4.98333,100.68333,马来西亚,霹雳州,吉辇县,,
2.5674,102.1201,马来西亚,森美兰州,林茂县,,
3.23333,101.66667,马来西亚,吉隆坡,吉隆坡,,
3.95,102.43333,马来西亚,彭亨州,而连突县,,
3.95,103.05,马来西亚,彭亨州,关丹县,,
5.2754,103.086,马来西亚,登嘉樓州,瓜拉登嘉楼县,,
3.976,100.9471,马来西亚,霹雳州,峇眼拿督县,Teluk Bharu,
6.01916,100.37042,马来西亚,吉打州,哥打士打县,,
6.00922,100.38801,马来西亚,吉打州,哥打士打县,,
6.07225,100.31004,马来西亚,吉打州,哥打士打县,,
6.21154,100.35665,马来西亚,吉打州,哥打士打县,,
6.06667,100.36667,马来西亚,吉打州,哥打士打县,,Taman Gunung Emas
5.68333,100.98333,马来西亚,霹雳州,上霹靂县,,
5.61667,100.7,马来西亚,吉打州,华玲县,,
5.53333,100.7,马来西亚,吉打州,华玲县,,
5.47542,100.57752,马来西亚,吉打州,居林县,,
1.73874,109.78097,马来西亚,砂拉越州,伦乐,,
4.1,113.85,马来西亚,砂拉越州,苏必士,,
4.2478,100.6281,马来西亚,霹雳州,曼绒县,,Damar Laut
1.65,110.2,马来西亚,砂拉越州,古晋,柏特拉再也,
2.3828,102.3748,马来西亚,马六甲州,野新县,,
2.66968,103.61322,马来西亚,彭亨州,云冰县,丹绒哥莫,
2.15,102.76667,马来西亚,柔佛州,麻坡县,,
1.5447,109.84827,马来西亚,砂拉越州,伦乐,,
5.49621,100.51861,马来西亚,槟城州,威北县,,
4.2111,100.7059,马来西亚,霹雳州,曼绒县,,
3.9713,103.4097,马来西亚,彭亨州,关丹县,,
3.8131,103.3456,马来西亚,彭亨州,关丹县,Kampung Kubang Buaya,
2.23333,111.8,马来西亚,砂拉越州,诗巫,,
6.13333,102.16667,马来西亚,吉兰丹州,道北县,,
5.63333,102.25,马来西亚,吉兰丹州,瓜拉吉赖县,,
5.5,102.68333,马来西亚,登嘉樓州,士兆县,,
1.13333,110.55,马来西亚,砂拉越州,西连,,
1.67908,110.48038,马来西亚,砂拉越州,古晋,,
3.9834,101.0494,马来西亚,霹雳州,下霹雳县,,
3.4892,102.7855,马来西亚,彭亨州,马兰县,,
3.5281,103.318,马来西亚,彭亨州,北根县,,
5.31767,100.42288,马来西亚,槟城州,威中县,,
3.5052,103.4584,马来西亚,彭亨州,北根县,,
3.71667,102.38333,马来西亚,彭亨州,淡马鲁县,,FELCRA Rumpun Makmur
1.53333,110.8,马来西亚,砂拉越州,实文然,,
1.38333,110.21667,马来西亚,砂拉越州,石隆门,,
2.5489,102.9283,马来西亚,柔佛州,昔加末县,,
1.41667,110.16667,马来西亚,砂拉越州,石隆门,,
1.38333,110.36667,马来西亚,砂拉越州,古晋,,
1.26667,110.43333,马来西亚,砂拉越州,古晋,,
1.43333,110.01667,马来西亚,砂拉越州,石隆门,,
1.39488,110.02829,马来西亚,砂拉越州,石隆门,,
4.9646,102.9677,马来西亚,登嘉樓州,,,
1.67162,109.8427,马来西亚,砂拉越州,伦乐,,
1.70456,109.86154,马来西亚,砂拉越州,伦乐,,
2.65,111.51667,马来西亚,砂拉越州,玛都,,
2.66667,111.53333,马来西亚,砂拉越州,玛都,,
4.2,101.98333,马来西亚,彭亨州,立卑县,,
1.36667,110.76667,马来西亚,砂拉越州,实文然,,
1.924,104.0852,马来西亚,柔佛州,哥打丁宜县,,
1.51667,110.15,马来西亚,砂拉越州,石隆门,,
1.4,110.23333,马来西亚,砂拉越州,石隆门,,
1.3,110.5,马来西亚,砂拉越州,西连,,
2.6171,101.9197,马来西亚,森美兰州,芙蓉县,,
2.6032,101.9367,马来西亚,森美兰州,芙蓉县,,
2.30618,104.13339,马来西亚,柔佛州,丰盛港县,,
4.3544,100.6399,马来西亚,霹雳州,曼绒县,,
5.66667,100.41667,马来西亚,吉打州,瓜拉姆达县,,
1.26667,110.3,马来西亚,砂拉越州,古晋,,
1.23365,110.30517,马来西亚,砂拉越州,古晋,,
3.16667,101.65,马来西亚,吉隆坡,吉隆坡,满家乐,
3.18333,101.66667,马来西亚,吉隆坡,吉隆坡,泗岩沫,
2.5943,101.9386,马来西亚,森美兰州,芙蓉县,,
5.71667,102.21667,马来西亚,吉兰丹州,马樟县,,
3.9988,101.8973,马来西亚,彭亨州,劳勿县,,
2.6115,101.9344,马来西亚,森美兰州,芙蓉县,,
2.36667,111.45,马来西亚,砂拉越州,,丹绒玛尼,
4.31764,100.8908,马来西亚,霹雳州,中霹雳县,Bota Kanan,
5.0252,102.3862,马来西亚,吉兰丹州,话望生县,,
5.42488,100.73302,马来西亚,吉打州,华玲县,,
5.41146,100.73334,马来西亚,吉打州,居林县,,
1.8415,104.1437,马来西亚,柔佛州,哥打丁宜县,,
5.56667,102.21667,马来西亚,吉兰丹州,瓜拉吉赖县,,
2.491,102.8366,马来西亚,柔佛州,昔加末县,,彩虹花园
1.6724,109.80182,马来西亚,砂拉越州,伦乐,,
5.86473,100.37757,马来西亚,吉打州,铅县,,
1.68888,109.85046,马来西亚,砂拉越州,伦乐,,
1.37274,110.01104,马来西亚,砂拉越州,石隆门,,
1.3611,104.1207,马来西亚,柔佛州,哥打丁宜县,,
1.69529,109.78683,马来西亚,砂拉越州,伦乐,,
2.3038,104.0963,马来西亚,柔佛州,丰盛港县,,
2.3107,104.0955,马来西亚,柔佛州,丰盛港县,,
2.73333,101.88333,马来西亚,森美兰州,芙蓉县,安斯黛儿镇,
5.56339,100.51015,马来西亚,吉打州,瓜拉姆达县,,
4.2626,103.2695,马来西亚,登嘉樓州,甘马挽县,,
6.15474,100.36747,马来西亚,吉打州,哥打士打县,,
3.53333,103.2,马来西亚,彭亨州,北根县,,
2.3537,102.2158,马来西亚,马六甲州,亚罗牙也县,,
6.0,100.48333,马来西亚,吉打州,本同县,,
5.68534,100.9165,马来西亚,吉打州,华玲县,,Taman Seri Baling
5.49983,100.44459,马来西亚,槟城州,威北县,,
5.33855,100.28707,马来西亚,槟城州,东北县,垄尾,
2.5254,102.1729,马来西亚,森美兰州,林茂县,,
3.8256,103.3391,马来西亚,彭亨州,关丹县,Kampung Kubang Buaya,
5.1958,103.219,马来西亚,登嘉樓州,马江县,,
5.75,102.48333,马来西亚,登嘉樓州,勿述县,,
3.35708,102.44925,马来西亚,彭亨州,百乐县,,
3.333,102.486,马来西亚,彭亨州,百乐县,,
2.2592,102.5076,马来西亚,柔佛州,东甲县,,
4.78333,103.43333,马来西亚,登嘉樓州,龙运县,,
3.865,103.3668,马来西亚,彭亨州,关丹县,,
6.18333,100.36667,马来西亚,吉打州,哥打士打县,安南武吉,Taman Aman
2.584,102.0832,马来西亚,森美兰州,林茂县,,
6.31667,100.36667,马来西亚,吉打州,古邦巴素县,,
6.16783,100.39209,马来西亚,吉打州,哥打士打县,Taman Nabira Jaya,
6.0,100.5,马来西亚,吉打州,本同县,,
5.28866,100.5215,马来西亚,槟城州,威南县,,
4.4191,103.4024,马来西亚,登嘉樓州,甘马挽县,,
4.4131,103.452,马来西亚,登嘉樓州,甘马挽县,,
4.0309,101.0314,马来西亚,霹雳州,下霹雳县,,Kampung Bahagia
0.99441,110.52009,马来西亚,砂拉越州,西连,,
1.18333,110.6,马来西亚,砂拉越州,西连,,
1.45,111.43333,马来西亚,砂拉越州,木中,,
1.24258,110.64051,马来西亚,砂拉越州,西连,,
4.88615,115.20303,马来西亚,砂拉越州,老越,,
2.1235,102.4668,马来西亚,马六甲州,野新县,,
1.79913,109.73726,马来西亚,砂拉越州,伦乐,,
2.1534,102.7991,马来西亚,柔佛州,麻坡县,,
5.56694,100.62871,马来西亚,吉打州,华玲县,,
1.11667,110.85,马来西亚,砂拉越州,实文然,,
1.60382,109.85401,马来西亚,砂拉越州,伦乐,,
1.58333,110.55,马来西亚,砂拉越州,,,
1.60659,109.84533,马来西亚,砂拉越州,伦乐,,
1.73638,109.73728,马来西亚,砂拉越州,伦乐,,
2.46667,111.3,马来西亚,砂拉越州,,,
4.7724,100.9618,马来西亚,霹雳州,江沙县,武吉章当,
5.63977,100.72951,马来西亚,吉打州,华玲县,,
5.6253,115.6075,马来西亚,沙巴州,瓜拉班尤,,
5.95,100.53333,马来西亚,吉打州,本同县,,
2.8188,103.3006,马来西亚,彭亨州,云冰县,,
3.55,113.68333,马来西亚,砂拉越州,苏必士,,
3.6009,103.3695,马来西亚,彭亨州,北根县,,
3.4596,101.2197,马来西亚,雪兰莪州,瓜拉雪兰莪县,,
2.2239,102.6794,马来西亚,柔佛州,东甲县,,
2.4831,102.1054,马来西亚,森美兰州,林茂县,,
2.7405,102.1111,马来西亚,森美兰州,瓜拉庇劳县,,
2.751,102.2639,马来西亚,森美兰州,瓜拉庇劳县,,Kampung Dioh Tengah
3.6033,103.3752,马来西亚,彭亨州,北根县,,
2.4667,103.8187,马来西亚,柔佛州,丰盛港县,,
2.4717,103.0169,马来西亚,柔佛州,昔加末县,,
1.93333,103.16667,马来西亚,柔佛州,峇株巴辖县,,
3.4912,102.6013,马来西亚,彭亨州,马兰县,,
2.6285,101.7595,马来西亚,森美兰州,波德申县,,
1.4262,103.4345,马来西亚,柔佛州,笨珍县,,
2.886,102.3209,马来西亚,森美兰州,仁保县,,
4.95,100.91667,马来西亚,霹雳州,江沙县,,
2.2628,102.8298,马来西亚,柔佛州,麻坡县,Batu 28,
6.11667,100.45,马来西亚,吉打州,哥打士打县,,
4.08333,113.86667,马来西亚,砂拉越州,苏必士,,
5.78744,101.85613,马来西亚,吉兰丹州,日里县,,
4.1,113.83333,马来西亚,砂拉越州,苏必士,,
5.01807,102.38417,马来西亚,吉兰丹州,话望生县,,
5.4538,115.6447,马来西亚,沙巴州,保佛,,
1.15,110.58333,马来西亚,砂拉越州,西连,,
4.0012,101.9397,马来西亚,彭亨州,劳勿县,,
5.81667,102.38333,马来西亚,吉兰丹州,巴西富地县,,
2.9384,102.0826,马来西亚,森美兰州,日叻务县,,
2.1305,102.7613,马来西亚,柔佛州,麻坡县,,
5.01667,100.96667,马来西亚,霹雳州,上霹靂县,,
5.5211,115.7503,马来西亚,沙巴州,保佛,,
5.5141,115.5195,马来西亚,沙巴州,瓜拉班尤,,
4.0033,100.927,马来西亚,霹雳州,下霹雳县,,Kampung Sarang Tiong
2.6683,103.5976,马来西亚,彭亨州,云冰县,,
2.2314,102.2516,马来西亚,马六甲州,马六甲中央县,,
5.6262,115.5942,马来西亚,沙巴州,瓜拉班尤,,
6.272,116.3168,马来西亚,沙巴州,斗亚兰,,
1.177,110.19778,马来西亚,砂拉越州,古晋,,
6.1205,116.1307,马来西亚,沙巴州,斗亚兰,,
1.7,110.21667,马来西亚,砂拉越州,古晋,柏特拉再也,
6.16667,116.36667,马来西亚,沙巴州,斗亚兰,,
1.41667,104.11667,马来西亚,柔佛州,哥打丁宜县,,
6.28617,100.2217,马来西亚,吉打州,古邦巴素县,,
5.13333,100.85,马来西亚,霹雳州,拉律峇登司南马县,,
4.57442,114.8573,马来西亚,砂拉越州,林梦,,
3.23059,103.29106,马来西亚,彭亨州,北根县,,
3.5229,102.4332,马来西亚,彭亨州,淡马鲁县,,
1.21936,110.06932,马来西亚,砂拉越州,石隆门,,
5.3409,116.9348,马来西亚,沙巴州,东革,,
1.5,110.28333,马来西亚,砂拉越州,古晋,,
5.9367,116.5078,马来西亚,沙巴州,兰瑙,,
1.55,110.63333,马来西亚,砂拉越州,,,
5.95,116.6,马来西亚,沙巴州,兰瑙,,
5.01667,115.58333,马来西亚,沙巴州,实必丹,,
6.0787,116.1591,马来西亚,沙巴州,亚庇,,
6.3608,116.4104,马来西亚,沙巴州,古打毛律,,
1.56667,110.53333,马来西亚,砂拉越州,古晋,,
6.3138,116.3621,马来西亚,沙巴州,古打毛律,,
5.8172,116.0384,马来西亚,沙巴州,,,
6.23333,116.3,马来西亚,沙巴州,斗亚兰,,
6.23333,116.28333,马来西亚,沙巴州,斗亚兰,,
1.46667,110.46667,马来西亚,砂拉越州,三马拉汉,,
6.13333,102.21667,马来西亚,吉兰丹州,道北县,,Kampung Paloh
4.5098,102.5261,马来西亚,彭亨州,而连突县,,
4.46218,118.63838,马来西亚,沙巴州,仙本那,,
4.0553,102.2321,马来西亚,彭亨州,立卑县,,
3.0259,102.9323,马来西亚,彭亨州,云冰县,,
4.91667,100.63333,马来西亚,霹雳州,吉辇县,,
5.42358,100.40858,马来西亚,槟城州,威中县,,甘榜沙玛牙牙
3.54145,103.07582,马来西亚,彭亨州,北根县,,
2.2859,104.1242,马来西亚,柔佛州,丰盛港县,,
6.04081,102.19932,马来西亚,吉兰丹州,哥打峇鲁县,,
5.7,101.76667,马来西亚,吉兰丹州,日里县,,
3.4882,102.9311,马来西亚,彭亨州,北根县,,
6.31667,100.4,马来西亚,吉打州,古邦巴素县,,
5.05,100.45,马来西亚,霹雳州,吉辇县,,
1.6304,103.6329,马来西亚,柔佛州,古来县,沙令,沙令新村
5.8978,116.5572,马来西亚,沙巴州,兰瑙,,
6.1145,116.1825,马来西亚,沙巴州,斗亚兰,,
2.23333,111.65,马来西亚,砂拉越州,马拉端,,
2.68333,111.3,马来西亚,砂拉越州,,,
5.8929,116.689,马来西亚,沙巴州,兰瑙,,
2.7968,101.7468,马来西亚,雪兰莪州,雪邦县,沙叻,
5.86667,102.16667,马来西亚,吉兰丹州,丹那美拉县,,
4.7,100.71667,马来西亚,霹雳州,拉律峇登司南马县,,
2.56667,102.35,马来西亚,森美兰州,淡边县,,
1.66667,110.3,马来西亚,砂拉越州,古晋,柏特拉再也,
6.1,100.45,马来西亚,吉打州,哥打士打县,,
4.53333,102.66667,马来西亚,彭亨州,而连突县,,
6.11667,100.4,马来西亚,吉打州,哥打士打县,,Taman Derga Jaya
6.2498,116.3466,马来西亚,沙巴州,斗亚兰,,
3.41667,102.91667,马来西亚,彭亨州,北根县,,
5.81667,101.58333,马来西亚,霹雳州,上霹靂县,,
4.3689,101.2275,马来西亚,霹雳州,金宝县,,
5.86667,102.4,马来西亚,吉兰丹州,巴西富地县,,
1.824,103.3273,马来西亚,柔佛州,居銮县,,
5.2792,116.867,马来西亚,沙巴州,东革,,
5.28472,115.23667,马来西亚,纳闽,纳闽市,,
2.2903,102.6147,马来西亚,柔佛州,东甲县,,
1.53333,110.2,马来西亚,砂拉越州,古晋,,
3.01667,102.96667,马来西亚,彭亨州,云冰县,,
1.11019,110.2762,马来西亚,砂拉越州,古晋,,
5.8715,116.3767,马来西亚,沙巴州,斗亚兰,,
4.61667,100.85,马来西亚,霹雳州,江沙县,,
4.48333,100.9,马来西亚,霹雳州,中霹雳县,,
4.2296,103.2957,马来西亚,登嘉樓州,甘马挽县,,
1.41667,110.7,马来西亚,砂拉越州,实文然,,
1.86667,103.13333,马来西亚,柔佛州,峇株巴辖县,,
2.86667,103.43333,马来西亚,彭亨州,云冰县,,
3.6,101.55,马来西亚,雪兰莪州,乌鲁雪兰莪县,,Taman Tempua Bestari
5.46667,103.03333,马来西亚,登嘉樓州,瓜拉尼鲁斯县,,
4.9793,103.3289,马来西亚,登嘉樓州,马江县,,
5.2447,103.1868,马来西亚,登嘉樓州,马江县,Chendering,Kampung Rhu Dua
5.58974,102.82592,马来西亚,登嘉樓州,士兆县,,
6.01667,102.38333,马来西亚,吉兰丹州,万捷县,,
5.2211,103.1981,马来西亚,登嘉樓州,马江县,,
6.18333,116.36667,马来西亚,沙巴州,斗亚兰,,
5.9325,116.5541,马来西亚,沙巴州,兰瑙,,
5.1919,103.2198,马来西亚,登嘉樓州,马江县,,
6.08333,102.25,马来西亚,吉兰丹州,哥打峇鲁县,Wakaf Che Yeh,
5.9407,116.274,马来西亚,沙巴州,斗亚兰,,
3.8574,103.366,马来西亚,彭亨州,关丹县,,
2.75,102.18333,马来西亚,森美兰州,瓜拉庇劳县,,
5.1785,103.2265,马来西亚,登嘉樓州,马江县,,
1.65543,109.78901,马来西亚,砂拉越州,伦乐,,
5.45,101.16667,马来西亚,霹雳州,上霹靂县,,
6.0567,116.241,马来西亚,沙巴州,斗亚兰,,
5.9042,116.2069,马来西亚,沙巴州,兵南邦,,
5.236,103.192,马来西亚,登嘉樓州,马江县,Chendering,Kampung Rhu Dua
5.76703,100.37343,马来西亚,吉打州,铅县,,
6.21667,102.21667,马来西亚,吉兰丹州,道北县,,
1.2,110.86667,马来西亚,砂拉越州,实文然,,
1.18333,110.88333,马来西亚,砂拉越州,实文然,,
5.8254,101.96688,马来西亚,吉兰丹州,丹那美拉县,,
3.44699,102.5605,马来西亚,彭亨州,百乐县,,
6.4203,116.5482,马来西亚,沙巴州,古打毛律,,
6.05,116.4,马来西亚,沙巴州,斗亚兰,,
5.93333,102.13333,马来西亚,吉兰丹州,巴西马县,,
5.3609,115.675,马来西亚,沙巴州,保佛,,
3.9543,101.8957,马来西亚,彭亨州,劳勿县,,
2.68333,102.75,马来西亚,柔佛州,昔加末县,,Kampung Orang Asli Putting
3.522,103.1981,马来西亚,彭亨州,北根县,,
6.7133,116.6722,马来西亚,沙巴州,古达,,
2.92173,101.8615,马来西亚,雪兰莪州,乌鲁冷岳县,,
2.9016,101.8128,马来西亚,雪兰莪州,乌鲁冷岳县,,
1.4634,103.4009,马来西亚,柔佛州,笨珍县,小笨珍,Taman Suraya Indah
5.28333,100.71667,马来西亚,吉打州,万拉峇鲁县,,
4.8,100.66667,马来西亚,霹雳州,拉律峇登司南马县,,
4.7972,101.1009,马来西亚,霹雳州,江沙县,,
6.26667,100.4,马来西亚,吉打州,古邦巴素县,,Taman Sinaran Jaya
4.83333,100.95,马来西亚,霹雳州,江沙县,,Kampung Ulu Ribu
1.15,110.51667,马来西亚,砂拉越州,西连,,
5.1223,101.978,马来西亚,吉兰丹州,话望生县,,
4.83333,100.93333,马来西亚,霹雳州,江沙县,,Kampung Ulu Ribu
4.85,103.4,马来西亚,登嘉樓州,龙运县,,
2.8843,102.2396,马来西亚,森美兰州,瓜拉庇劳县,,
3.48333,102.2,马来西亚,彭亨州,淡马鲁县,,
1.06958,110.4549,马来西亚,砂拉越州,打必禄,,
6.0,102.33333,马来西亚,吉兰丹州,哥打峇鲁县,,
2.58333,103.45,马来西亚,彭亨州,云冰县,,
6.06667,102.2,马来西亚,吉兰丹州,巴西马县,,
5.79216,101.98177,马来西亚,吉兰丹州,丹那美拉县,,
4.95,100.81667,马来西亚,霹雳州,拉律峇登司南马县,,
6.01667,102.41667,马来西亚,吉兰丹州,万捷县,Melawi,
2.5171,102.2437,马来西亚,森美兰州,淡边县,,
4.56667,114.08333,马来西亚,砂拉越州,美里,,
3.50679,101.61939,马来西亚,雪兰莪州,乌鲁雪兰莪县,,
4.66667,103.43333,马来西亚,登嘉樓州,龙运县,,
6.21667,116.3,马来西亚,沙巴州,斗亚兰,,
5.66941,102.59795,马来西亚,登嘉樓州,勿述县,,
2.6031,102.0857,马来西亚,森美兰州,林茂县,,
2.2042,102.7812,马来西亚,柔佛州,麻坡县,,
1.15,110.65,马来西亚,砂拉越州,西连,,
1.48333,110.48333,马来西亚,砂拉越州,三马拉汉,,
1.45,110.26667,马来西亚,砂拉越州,石隆门,,
6.315,116.3293,马来西亚,沙巴州,古打毛律,,
4.5689,102.9772,马来西亚,登嘉樓州,龙运县,,
3.0512,103.011,马来西亚,彭亨州,云冰县,,
2.7616,102.3112,马来西亚,森美兰州,瓜拉庇劳县,,
2.5362,102.1145,马来西亚,森美兰州,林茂县,,
4.5923,102.9952,马来西亚,登嘉樓州,龙运县,,
2.3953,102.5562,马来西亚,马六甲州,野新县,,
5.03333,100.81667,马来西亚,霹雳州,拉律峇登司南马县,,
2.9613,102.1099,马来西亚,森美兰州,日叻务县,,
1.4716,103.8586,马来西亚,柔佛州,新山县,,
6.0,102.41667,马来西亚,吉兰丹州,万捷县,,
2.3929,102.4182,马来西亚,马六甲州,野新县,,
2.475,103.0645,马来西亚,柔佛州,昔加末县,,
4.0625,102.2587,马来西亚,彭亨州,立卑县,,
4.4743,103.4051,马来西亚,登嘉樓州,甘马挽县,,
1.58333,110.58333,马来西亚,砂拉越州,,,
1.65,110.15,马来西亚,砂拉越州,伦乐,柏特拉再也,
1.2,110.55,马来西亚,砂拉越州,西连,,
1.12986,110.30842,马来西亚,砂拉越州,打必禄,,
5.448,100.30665,马来西亚,槟城州,东北县,丹绒道光,
4.2,101.25,马来西亚,霹雳州,马登巴冷县,,Kampung Ampang
1.22568,110.08631,马来西亚,砂拉越州,石隆门,,
3.01667,102.1,马来西亚,森美兰州,日叻务县,,
5.0937,103.0734,马来西亚,登嘉樓州,,,
5.2081,103.0791,马来西亚,登嘉樓州,马江县,,
6.44249,100.45357,马来西亚,吉打州,古邦巴素县,,
5.8,102.1,马来西亚,吉兰丹州,丹那美拉县,,
5.76667,102.05,马来西亚,吉兰丹州,丹那美拉县,,
2.8503,101.9271,马来西亚,森美兰州,芙蓉县,,
2.7669,102.7352,马来西亚,柔佛州,昔加末县,,
6.1944,116.2434,马来西亚,沙巴州,斗亚兰,,
6.0578,116.1703,马来西亚,沙巴州,亚庇,,
6.1198,116.1891,马来西亚,沙巴州,斗亚兰,,
5.8681,116.3635,马来西亚,沙巴州,斗亚兰,,
6.1102,116.1896,马来西亚,沙巴州,斗亚兰,,
6.01667,116.33333,马来西亚,沙巴州,斗亚兰,,
5.9383,116.4008,马来西亚,沙巴州,斗亚兰,,
3.48333,101.9,马来西亚,彭亨州,文冬县,,Taman Mawar Sari
2.5464,102.7979,马来西亚,柔佛州,昔加末县,,
1.13333,110.61667,马来西亚,砂拉越州,西连,,
1.5749,109.84322,马来西亚,砂拉越州,伦乐,,
5.3,100.75,马来西亚,霹雳州,拉律峇登司南马县,,Kampung Lubok Long
4.2755,103.2532,马来西亚,登嘉樓州,甘马挽县,,
4.281,103.2659,马来西亚,登嘉樓州,甘马挽县,,
6.016,101.9745,马来西亚,吉兰丹州,巴西马县,,
5.3,100.73333,马来西亚,霹雳州,拉律峇登司南马县,,
4.7592,103.1064,马来西亚,登嘉樓州,龙运县,,
4.2721,103.266,马来西亚,登嘉樓州,甘马挽县,,
4.1446,102.1972,马来西亚,彭亨州,立卑县,,
4.1,101.0,马来西亚,霹雳州,中霹雳县,,Kampung Pasir Salak
3.5796,103.3476,马来西亚,彭亨州,北根县,,
3.53333,102.55,马来西亚,彭亨州,马兰县,,
3.4963,102.209,马来西亚,彭亨州,淡马鲁县,,
3.43333,102.01667,马来西亚,彭亨州,文冬县,,
3.4,101.45,马来西亚,雪兰莪州,瓜拉雪兰莪县,,
3.1215,101.8216,马来西亚,雪兰莪州,乌鲁冷岳县,,
3.06667,101.41667,马来西亚,雪兰莪州,巴生县,,Kampung Rantau Panjang
2.86667,103.45,马来西亚,彭亨州,云冰县,,
2.398,102.1283,马来西亚,马六甲州,亚罗牙也县,,
1.782,103.7392,马来西亚,柔佛州,哥打丁宜县,,
1.5,110.26667,马来西亚,砂拉越州,古晋,,
4.8648,103.3936,马来西亚,登嘉樓州,龙运县,,
6.48333,116.71667,马来西亚,沙巴州,哥打马鲁都,,
6.05,116.45,马来西亚,沙巴州,古打毛律,,
5.9472,116.3381,马来西亚,沙巴州,斗亚兰,,
2.7661,102.2367,马来西亚,森美兰州,瓜拉庇劳县,,
6.2675,116.3539,马来西亚,沙巴州,斗亚兰,,
5.9572,116.3411,马来西亚,沙巴州,斗亚兰,,
3.155,102.2015,马来西亚,森美兰州,日叻务县,,
1.48333,110.73333,马来西亚,砂拉越州,,,
5.45,116.76667,马来西亚,沙巴州,东革,,
4.5534,103.4059,马来西亚,登嘉樓州,甘马挽县,,
5.8,102.21667,马来西亚,吉兰丹州,马樟县,,
6.2992,116.4467,马来西亚,沙巴州,古打毛律,,
6.2782,116.3471,马来西亚,沙巴州,斗亚兰,,
5.8759,116.5806,马来西亚,沙巴州,兰瑙,,
4.05,113.8,马来西亚,砂拉越州,苏必士,,
6.5019,116.7413,马来西亚,沙巴州,哥打马鲁都,,
6.48306,116.72223,马来西亚,沙巴州,哥打马鲁都,,
6.46667,116.51667,马来西亚,沙巴州,古打毛律,,
2.4051,102.0718,马来西亚,马六甲州,亚罗牙也县,,
4.2,102.45,马来西亚,彭亨州,而连突县,,
6.5232,116.514,马来西亚,沙巴州,古打毛律,,
6.0348,116.144,马来西亚,沙巴州,亚庇,,
1.65046,110.33688,马来西亚,砂拉越州,古晋,柏特拉再也,
6.50736,100.36423,马来西亚,玻璃市州,,,
6.26739,100.57691,马来西亚,吉打州,巴东得腊县,,
1.7,110.11667,马来西亚,砂拉越州,,,
5.70629,100.94607,马来西亚,吉打州,华玲县,,
5.61667,100.88333,马来西亚,吉打州,华玲县,,
4.81667,100.88333,马来西亚,霹雳州,江沙县,,
4.18135,100.91818,马来西亚,霹雳州,中霹雳县,,
2.73333,102.31667,马来西亚,森美兰州,瓜拉庇劳县,,
6.16667,116.26667,马来西亚,沙巴州,斗亚兰,,
4.6875,100.9727,马来西亚,霹雳州,江沙县,,Kampung Rambai Tujuh
2.8858,102.0212,马来西亚,森美兰州,日叻务县,,
6.03333,100.45,马来西亚,吉打州,本同县,,
5.84921,100.80291,马来西亚,吉打州,锡县,,
5.76667,102.03333,马来西亚,吉兰丹州,丹那美拉县,,
5.71667,102.11667,马来西亚,吉兰丹州,丹那美拉县,,
5.11667,102.88333,马来西亚,登嘉樓州,,,
4.75883,103.0869,马来西亚,登嘉樓州,龙运县,,
4.61667,103.25,马来西亚,登嘉樓州,龙运县,,
4.3081,100.7249,马来西亚,霹雳州,曼绒县,,Kampung Sungai Ramai
1.4401,103.4394,马来西亚,柔佛州,笨珍县,,
1.438,103.4096,马来西亚,柔佛州,笨珍县,,
5.8847,116.1037,马来西亚,沙巴州,兵南邦,,
2.96132,103.03128,马来西亚,彭亨州,云冰县,,
4.7843,103.4101,马来西亚,登嘉樓州,龙运县,,
5.71667,101.01667,马来西亚,霹雳州,上霹靂县,,
2.1627,102.758,马来西亚,柔佛州,麻坡县,,
3.41667,101.31667,马来西亚,雪兰莪州,瓜拉雪兰莪县,,
4.33333,100.75,马来西亚,霹雳州,曼绒县,,
3.23333,101.31667,马来西亚,雪兰莪州,瓜拉雪兰莪县,,
6.28333,100.65,马来西亚,吉打州,巴东得腊县,,
6.25696,100.36203,马来西亚,吉打州,古邦巴素县,,
5.81667,102.4,马来西亚,吉兰丹州,巴西富地县,,
5.6388,100.5131,马来西亚,吉打州,瓜拉姆达县,,
5.09473,100.54596,马来西亚,吉打州,万拉峇鲁县,,
4.385,117.8486,马来西亚,沙巴州,斗湖,,
3.4884,102.5916,马来西亚,彭亨州,马兰县,,
2.336,102.867,马来西亚,柔佛州,麻坡县,,
6.1497,116.2061,马来西亚,沙巴州,斗亚兰,,
5.78445,100.37907,马来西亚,吉打州,铅县,,
6.6159,116.7431,马来西亚,沙巴州,哥打马鲁都,,
4.76667,115.0,马来西亚,砂拉越州,林梦,,
5.43333,102.15,马来西亚,吉兰丹州,瓜拉吉赖县,,
5.83333,102.48333,马来西亚,吉兰丹州,巴西富地县,,
3.4047,102.5229,马来西亚,彭亨州,百乐县,,
3.08333,102.21667,马来西亚,森美兰州,日叻务县,,
3.4,101.26667,马来西亚,雪兰莪州,瓜拉雪兰莪县,,
6.11667,102.23333,马来西亚,吉兰丹州,哥打峇鲁县,,
6.03333,102.26667,马来西亚,吉兰丹州,哥打峇鲁县,,
5.9824,102.0322,马来西亚,吉兰丹州,巴西马县,,
6.33333,100.36667,马来西亚,吉打州,古邦巴素县,,
5.0771,101.8814,马来西亚,吉兰丹州,话望生县,,
2.538,102.7479,马来西亚,柔佛州,昔加末县,,
6.0,102.1,马来西亚,吉兰丹州,巴西马县,Bandar Baru Pasir Mas,
5.5568,115.6115,马来西亚,沙巴州,瓜拉班尤,,
4.78257,103.03623,马来西亚,登嘉樓州,龙运县,,
3.03333,102.1,马来西亚,森美兰州,日叻务县,,
2.9776,102.1138,马来西亚,森美兰州,日叻务县,,
3.56667,102.41667,马来西亚,彭亨州,淡马鲁县,,
4.7681,115.5337,马来西亚,砂拉越州,老越,,
1.28333,110.26667,马来西亚,砂拉越州,古晋,,
1.3,110.26667,马来西亚,砂拉越州,古晋,,
1.28333,110.3,马来西亚,砂拉越州,古晋,,
2.76667,102.18333,马来西亚,森美兰州,瓜拉庇劳县,,
5.91667,102.28333,马来西亚,吉兰丹州,巴西富地县,,
4.81667,100.95,马来西亚,霹雳州,江沙县,,
5.805,116.0542,马来西亚,沙巴州,,,
3.5026,102.1754,马来西亚,彭亨州,淡马鲁县,,Kampung Baru
4.66381,103.03815,马来西亚,登嘉樓州,龙运县,,
4.68333,100.71667,马来西亚,霹雳州,拉律峇登司南马县,,
2.4772,102.426,马来西亚,森美兰州,淡边县,,
2.1725,102.3112,马来西亚,马六甲州,马六甲中央县,,
4.2049,100.6434,马来西亚,霹雳州,曼绒县,,Desa Manjung Raya
1.35,110.3,马来西亚,砂拉越州,古晋,,
4.04736,102.23193,马来西亚,彭亨州,立卑县,,
6.14917,100.36757,马来西亚,吉打州,哥打士打县,,
5.98333,100.41667,马来西亚,吉打州,本同县,,
6.22417,102.08619,马来西亚,吉兰丹州,道北县,,
6.2,102.2,马来西亚,吉兰丹州,道北县,,
6.26667,100.36667,马来西亚,吉打州,古邦巴素县,,
4.2201,100.9273,马来西亚,霹雳州,中霹雳县,,
4.2,101.23333,马来西亚,霹雳州,马登巴冷县,,Kampung Ampang
5.61409,100.65208,马来西亚,吉打州,瓜拉姆达县,,
5.32611,100.2831,马来西亚,槟城州,西南县,,
4.95,100.95,马来西亚,霹雳州,江沙县,,
4.2332,103.3915,马来西亚,登嘉樓州,朱盖,,
5.91271,100.40175,马来西亚,吉打州,铅县,,
6.06667,102.25,马来西亚,吉兰丹州,哥打峇鲁县,,
5.9629,116.5511,马来西亚,沙巴州,兰瑙,,
5.75,115.95,马来西亚,沙巴州,,,
6.0106,116.1646,马来西亚,沙巴州,亚庇,,
3.5086,103.4216,马来西亚,彭亨州,北根县,,
2.4784,103.8466,马来西亚,柔佛州,丰盛港县,,
4.7886,103.3989,马来西亚,登嘉樓州,龙运县,,
5.58333,100.45,马来西亚,吉打州,瓜拉姆达县,,
1.36667,111.28333,马来西亚,砂拉越州,斯里阿曼,,
2.4501,102.2279,马来西亚,马六甲州,亚罗牙也县,,
2.9565,101.6241,马来西亚,雪兰莪州,雪邦县,,
5.65611,100.33783,马来西亚,吉打州,瓜拉姆达县,,
2.2623,102.2544,马来西亚,马六甲州,马六甲中央县,,Taman Seri Songket
5.80701,102.54731,马来西亚,登嘉樓州,勿述县,,
5.0446,103.2898,马来西亚,登嘉樓州,马江县,,
3.5571,103.324,马来西亚,彭亨州,北根县,,
5.3092,103.0921,马来西亚,登嘉樓州,瓜拉登嘉楼县,Kampung Manir,Kampung Pulau Rusa Hulu
3.5086,103.161,马来西亚,彭亨州,北根县,,
5.83333,102.18333,马来西亚,吉兰丹州,马樟县,,
3.75,102.38333,马来西亚,彭亨州,淡马鲁县,,
6.27404,100.38647,马来西亚,吉打州,古邦巴素县,,
4.36667,100.88333,马来西亚,霹雳州,中霹雳县,,
3.411,103.1502,马来西亚,彭亨州,北根县,,
6.18333,102.3,马来西亚,吉兰丹州,哥打峇鲁县,,
2.762,102.2675,马来西亚,森美兰州,瓜拉庇劳县,,
6.18333,102.31667,马来西亚,吉兰丹州,哥打峇鲁县,,
4.36667,100.9,马来西亚,霹雳州,中霹雳县,,
5.2965,103.0941,马来西亚,登嘉樓州,瓜拉登嘉楼县,,
5.57294,100.36285,马来西亚,槟城州,威北县,,
4.48333,100.76667,马来西亚,霹雳州,曼绒县,,Kampung Pulau Kabong
2.9483,101.6291,马来西亚,雪兰莪州,雪邦县,,
4.9,101.03333,马来西亚,霹雳州,江沙县,,Kampung Besi Api
6.11667,102.3,马来西亚,吉兰丹州,哥打峇鲁县,,
3.5013,103.4028,马来西亚,彭亨州,北根县,Taman Sri Maulana,
5.248,103.0325,马来西亚,登嘉樓州,瓜拉登嘉楼县,,
3.5321,103.1895,马来西亚,彭亨州,北根县,,
2.542,102.1076,马来西亚,森美兰州,林茂县,,
3.45,102.6,马来西亚,彭亨州,马兰县,,
5.96667,100.48333,马来西亚,吉打州,本同县,,
2.8998,103.3216,马来西亚,彭亨州,云冰县,,
3.4242,102.4122,马来西亚,彭亨州,淡马鲁县,,
2.8963,103.3007,马来西亚,彭亨州,云冰县,,
5.1162,103.0162,马来西亚,登嘉樓州,,,
4.3027,100.8937,马来西亚,霹雳州,中霹雳县,,
4.6077,103.0019,马来西亚,登嘉樓州,龙运县,,
6.16667,102.25,马来西亚,吉兰丹州,哥打峇鲁县,,
6.10702,100.52269,马来西亚,吉打州,波各先那县,,
3.5,101.93333,马来西亚,彭亨州,文冬县,,
3.43333,102.58333,马来西亚,彭亨州,百乐县,,
3.5219,103.3751,马来西亚,彭亨州,北根县,,
6.35,100.33333,马来西亚,吉打州,古邦巴素县,,
5.321,103.1313,马来西亚,登嘉樓州,瓜拉登嘉楼,,
6.26667,100.38333,马来西亚,吉打州,古邦巴素县,,
4.48333,100.78333,马来西亚,霹雳州,曼绒县,,Kampung Kota
3.98333,101.98333,马来西亚,彭亨州,立卑县,,
3.5087,103.405,马来西亚,彭亨州,北根县,Taman Sri Maulana,
6.16667,102.33333,马来西亚,吉兰丹州,哥打峇鲁县,,
5.93333,100.43333,马来西亚,吉打州,铅县,,
6.2569,100.4067,马来西亚,吉打州,古邦巴素县,,
5.06667,100.83333,马来西亚,霹雳州,拉律峇登司南马县,,
5.05,100.83333,马来西亚,霹雳州,拉律峇登司南马县,,
6.26667,100.33333,马来西亚,吉打州,古邦巴素县,,
5.07042,100.98189,马来西亚,霹雳州,上霹靂县,,
5.3,115.23333,马来西亚,纳闽,纳闽市,,
2.5864,102.1253,马来西亚,森美兰州,林茂县,,
4.13333,100.98333,马来西亚,霹雳州,中霹雳县,,
2.5478,102.1088,马来西亚,森美兰州,林茂县,,
2.94747,103.31684,马来西亚,彭亨州,云冰县,,
5.73333,102.53333,马来西亚,登嘉樓州,勿述县,,
2.763,101.8077,马来西亚,森美兰州,芙蓉县,,
6.11667,102.31667,马来西亚,吉兰丹州,哥打峇鲁县,,
3.0553,103.2168,马来西亚,彭亨州,北根县,,
5.2702,103.0551,马来西亚,登嘉樓州,瓜拉登嘉楼县,,
5.26868,100.39019,马来西亚,槟城州,威南县,,
6.16667,100.45,马来西亚,吉打州,哥打士打县,,
5.56667,100.38333,马来西亚,槟城州,威北县,,
5.32213,100.28356,马来西亚,槟城州,西南县,,
4.78333,100.85,马来西亚,霹雳州,江沙县,,
2.6721,102.1494,马来西亚,森美兰州,瓜拉庇劳县,,
2.5936,102.0877,马来西亚,森美兰州,林茂县,,
2.58333,102.13333,马来西亚,森美兰州,林茂县,,
2.5399,102.3786,马来西亚,森美兰州,淡边县,,
2.3604,102.061,马来西亚,马六甲州,亚罗牙也县,,
2.2861,102.2267,马来西亚,马六甲州,马六甲中央县,,
2.2,102.23333,马来西亚,马六甲州,马六甲中央县,,Taman Kota Laksamana Jaya
2.98333,101.58333,马来西亚,雪兰莪州,八打灵县,,
1.5699,103.3496,马来西亚,柔佛州,笨珍县,,
5.93333,102.16667,马来西亚,吉兰丹州,巴西马县,,
6.01174,100.40623,马来西亚,吉打州,本同县,,
4.63333,100.91667,马来西亚,霹雳州,江沙县,星江,
4.0287,101.9155,马来西亚,彭亨州,劳勿县,,
3.9778,101.8141,马来西亚,彭亨州,劳勿县,,
2.1423,102.3636,马来西亚,马六甲州,野新县,,
1.4765,103.5663,马来西亚,柔佛州,新山县,,
5.7699,116.4434,马来西亚,沙巴州,担布南,,
6.2029,116.2265,马来西亚,沙巴州,斗亚兰,,
4.18333,117.85,马来西亚,沙巴州,加拉巴干,,
4.41667,114.01667,马来西亚,砂拉越州,美里,卑尔骚,
6.15,116.35,马来西亚,沙巴州,斗亚兰,,
5.6801,116.6921,马来西亚,沙巴州,兰瑙,,
3.4169,102.5601,马来西亚,彭亨州,百乐县,,
5.43333,101.95,马来西亚,吉兰丹州,日里县,,
3.7682,103.3094,马来西亚,彭亨州,关丹县,,
6.08333,100.55,马来西亚,吉打州,本同县,,
6.53069,100.3664,马来西亚,玻璃市州,,,
4.84688,100.9797,马来西亚,霹雳州,江沙县,宁罗,Kampung Karai
4.84964,100.98935,马来西亚,霹雳州,江沙县,,
4.55,100.66667,马来西亚,霹雳州,拉律峇登司南马县,,
5.9687,116.2504,马来西亚,沙巴州,斗亚兰,,
5.9623,116.2347,马来西亚,沙巴州,亚庇,,
5.9494,116.2604,马来西亚,沙巴州,斗亚兰,,
5.8938,116.358,马来西亚,沙巴州,斗亚兰,,
3.00905,103.41961,马来西亚,彭亨州,北根县,,
3.0757,102.1059,马来西亚,森美兰州,日叻务县,,
6.20599,100.61789,马来西亚,吉打州,巴东得腊县,,
6.1831,100.62149,马来西亚,吉打州,巴东得腊县,,
5.52638,100.99747,马来西亚,霹雳州,上霹靂县,,
5.03333,100.7,马来西亚,霹雳州,吉辇县,,
4.3327,103.3889,马来西亚,登嘉樓州,甘马挽县,,
2.3599,102.3701,马来西亚,马六甲州,野新县,,
5.8,100.63333,马来西亚,吉打州,锡县,,
2.3863,102.5094,马来西亚,马六甲州,野新县,,
6.1,100.56667,马来西亚,吉打州,本同县,,
6.2582,116.3582,马来西亚,沙巴州,斗亚兰,,
6.3351,116.6156,马来西亚,沙巴州,古打毛律,,
6.3255,116.3472,马来西亚,沙巴州,古打毛律,,
5.473,100.48799,马来西亚,槟城州,威北县,,
5.87221,100.50523,马来西亚,吉打州,本同县,,
5.66667,100.91667,马来西亚,吉打州,华玲县,,
6.46667,100.41667,马来西亚,吉打州,古邦巴素县,,
5.66667,100.65,马来西亚,吉打州,瓜拉姆达县,,
5.56667,100.45,马来西亚,吉打州,瓜拉姆达县,,
5.83333,100.41667,马来西亚,吉打州,铅县,,
5.86667,100.5,马来西亚,吉打州,瓜拉姆达县,,
6.05,100.58333,马来西亚,吉打州,本同县,,
5.57853,100.47073,马来西亚,吉打州,瓜拉姆达县,,
1.3575,103.5809,马来西亚,柔佛州,新山县,,
1.3611,103.586,马来西亚,柔佛州,新山县,,
4.35,117.31667,马来西亚,沙巴州,加拉巴干,,
6.06667,102.08333,马来西亚,吉兰丹州,巴西马县,,
3.7098,103.0339,马来西亚,彭亨州,关丹县,,
4.08333,101.33333,马来西亚,霹雳州,马登巴冷县,,
3.48333,102.08333,马来西亚,彭亨州,文冬县,,
2.4728,102.8034,马来西亚,柔佛州,昔加末县,,
6.3,100.66667,马来西亚,吉打州,巴东得腊县,,
6.33333,116.61667,马来西亚,沙巴州,古打毛律,,
6.3247,116.6216,马来西亚,沙巴州,古打毛律,,
1.41667,110.2,马来西亚,砂拉越州,石隆门,砂南坡,
1.35,110.16667,马来西亚,砂拉越州,石隆门,,
5.8,102.13333,马来西亚,吉兰丹州,丹那美拉县,,
6.29177,100.64544,马来西亚,吉打州,巴东得腊县,,
6.29611,100.22406,马来西亚,吉打州,古邦巴素县,,
6.14325,100.35088,马来西亚,吉打州,哥打士打县,,Taman Mergong Indah
5.98956,100.3694,马来西亚,吉打州,哥打士打县,,
5.92798,100.36653,马来西亚,吉打州,铅县,,
5.60473,100.85446,马来西亚,吉打州,华玲县,,
5.33951,100.49316,马来西亚,槟城州,威中县,,
4.4666,101.0469,马来西亚,霹雳州,近打县,,
4.3979,101.1572,马来西亚,霹雳州,金宝县,,也南新村
3.48333,102.55,马来西亚,彭亨州,马兰县,,
1.78753,103.49852,马来西亚,柔佛州,古来县,,
3.86667,101.5,马来西亚,霹雳州,慕亚林县,,
5.8983,117.246,马来西亚,沙巴州,特鲁必,,
5.976,116.289,马来西亚,沙巴州,斗亚兰,,
3.824,101.904,马来西亚,彭亨州,劳勿县,,
6.1,102.23333,马来西亚,吉兰丹州,哥打峇鲁县,,Taman Guru
5.78937,102.53681,马来西亚,登嘉樓州,勿述县,,
4.7891,103.4305,马来西亚,登嘉樓州,龙运县,,
5.3802,115.7068,马来西亚,沙巴州,保佛,,
5.36667,115.7,马来西亚,沙巴州,保佛,,
4.81667,103.08333,马来西亚,登嘉樓州,龙运县,,
4.06667,102.03333,马来西亚,彭亨州,立卑县,,
4.5575,101.084,马来西亚,霹雳州,近打县,,文墨园
6.1246,116.1788,马来西亚,沙巴州,斗亚兰,,
6.33333,116.56667,马来西亚,沙巴州,古打毛律,,
6.5,116.68333,马来西亚,沙巴州,哥打马鲁都,,
6.4955,116.6877,马来西亚,沙巴州,哥打马鲁都,,
6.48333,116.66667,马来西亚,沙巴州,哥打马鲁都,,
6.46667,116.66667,马来西亚,沙巴州,哥打马鲁都,,
6.26667,116.4,马来西亚,沙巴州,古打毛律,,
5.8676,116.0973,马来西亚,沙巴州,兵南邦,,
4.6525,103.4123,马来西亚,登嘉樓州,龙运县,,
2.95,101.35,马来西亚,雪兰莪州,巴生县,,
4.8,103.25,马来西亚,登嘉樓州,龙运县,,
3.23333,101.65,马来西亚,吉隆坡,,,依登花园
6.22594,100.73088,马来西亚,吉打州,巴东得腊县,,
5.78951,102.541,马来西亚,登嘉樓州,勿述县,,
5.74375,102.99725,马来西亚,,,,
5.69474,100.49859,马来西亚,吉打州,瓜拉姆达县,斑鸠湾城镇,
4.88333,103.03333,马来西亚,登嘉樓州,,,
4.88333,100.71667,马来西亚,霹雳州,拉律峇登司南马县,,Taman Pinang Seberang
4.4,117.8426,马来西亚,沙巴州,斗湖,,
3.05927,103.26464,马来西亚,彭亨州,北根县,,
2.8874,103.3579,马来西亚,彭亨州,云冰县,,
2.3574,102.1136,马来西亚,马六甲州,亚罗牙也县,,
2.1165,102.5016,马来西亚,柔佛州,东甲县,,
1.536,104.1284,马来西亚,柔佛州,哥打丁宜县,,
1.41667,110.45,马来西亚,砂拉越州,三马拉汉,,
5.9599,116.408,马来西亚,沙巴州,斗亚兰,,
5.9456,116.3532,马来西亚,沙巴州,斗亚兰,,
6.5196,116.551,马来西亚,沙巴州,古打毛律,,
6.3,100.45,马来西亚,吉打州,古邦巴素县,,
2.51667,102.05,马来西亚,森美兰州,林茂县,,
2.526,102.0601,马来西亚,森美兰州,林茂县,,
2.6905,102.1928,马来西亚,森美兰州,瓜拉庇劳县,,
6.3316,116.4385,马来西亚,沙巴州,古打毛律,,
2.945,102.0689,马来西亚,森美兰州,日叻务县,,Taman Dato' Undang Abu Bakar
4.4593,100.9728,马来西亚,霹雳州,近打县,,
4.46667,102.65,马来西亚,彭亨州,而连突县,,
4.1389,102.2119,马来西亚,彭亨州,立卑县,,
4.4121,102.0656,马来西亚,彭亨州,立卑县,,
4.4923,101.0134,马来西亚,霹雳州,近打县,,布先
4.79178,115.00075,马来西亚,砂拉越州,林梦,Ranggau,Taman Lik Hin
4.79291,103.1177,马来西亚,登嘉樓州,龙运县,,
2.9757,102.1754,马来西亚,森美兰州,日叻务县,,
3.0152,102.1803,马来西亚,森美兰州,日叻务县,,
3.0215,102.1782,马来西亚,森美兰州,日叻务县,,
6.13333,102.31667,马来西亚,吉兰丹州,哥打峇鲁县,,
5.40822,100.4545,马来西亚,槟城州,威中县,,
4.4175,101.0823,马来西亚,霹雳州,金宝县,,
2.7815,101.9931,马来西亚,森美兰州,芙蓉县,,
1.33333,110.33333,马来西亚,砂拉越州,古晋,,
2.53936,103.41359,马来西亚,柔佛州,丰盛港县,,
2.9845,102.1749,马来西亚,森美兰州,日叻务县,,
1.15541,110.47685,马来西亚,砂拉越州,西连,,
1.13333,110.5,马来西亚,砂拉越州,西连,,
5.96667,102.18333,马来西亚,吉兰丹州,巴西马县,,
3.5385,101.6542,马来西亚,雪兰莪州,乌鲁雪兰莪县,,Taman Damai Utama
1.65081,109.81929,马来西亚,砂拉越州,伦乐,,
3.96667,101.96667,马来西亚,彭亨州,立卑县,,
3.6622,103.3466,马来西亚,彭亨州,关丹县,,
5.7,102.18333,马来西亚,吉兰丹州,马樟县,,
4.5564,102.9644,马来西亚,登嘉樓州,龙运县,,
3.21667,102.15,马来西亚,彭亨州,文冬县,,
5.39042,100.41834,马来西亚,槟城州,威中县,,
4.3375,117.8328,马来西亚,沙巴州,斗湖,,
3.01667,102.05,马来西亚,森美兰州,日叻务县,,
2.76667,103.46667,马来西亚,彭亨州,云冰县,,
5.8952,116.5977,马来西亚,沙巴州,兰瑙,,
6.1,102.11667,马来西亚,吉兰丹州,巴西马县,,
5.0007,103.1349,马来西亚,登嘉樓州,,,
2.1601,102.3331,马来西亚,马六甲州,马六甲中央县,,
2.1254,102.4282,马来西亚,马六甲州,野新县,,
5.13253,100.47629,马来西亚,槟城州,威南县,,Taman Harapan Lama
5.49355,100.54397,马来西亚,吉打州,居林县,,
5.28588,100.53652,马来西亚,吉打州,居林县,,
5.54755,100.44071,马来西亚,槟城州,威北县,,
5.34536,100.23536,马来西亚,槟城州,西南县,,
5.81313,100.39559,马来西亚,吉打州,铅县,,
5.28309,100.27457,马来西亚,槟城州,西南县,,
5.72136,100.37139,马来西亚,吉打州,铅县,,
5.63333,100.36667,马来西亚,吉打州,瓜拉姆达县,,
5.34138,100.21683,马来西亚,槟城州,西南县,Kampung Paya,
5.85,102.33333,马来西亚,吉兰丹州,巴西富地县,,
3.6055,103.3893,马来西亚,彭亨州,关丹县,,
5.81572,100.37284,马来西亚,吉打州,铅县,,
5.31793,100.29259,马来西亚,槟城州,西南县,,
5.61231,100.35829,马来西亚,吉打州,瓜拉姆达县,,
5.91667,102.4,马来西亚,吉兰丹州,万捷县,,
5.56468,100.36325,马来西亚,槟城州,威北县,,
5.53054,100.39496,马来西亚,槟城州,威北县,,
5.98333,102.33333,马来西亚,吉兰丹州,万捷县,,
6.2123,100.32962,马来西亚,吉打州,哥打士打县,,
5.93333,102.31667,马来西亚,吉兰丹州,巴西富地县,,
5.68333,100.41667,马来西亚,吉打州,瓜拉姆达县,,
3.4829,103.3697,马来西亚,彭亨州,北根县,,
5.98333,102.36667,马来西亚,吉兰丹州,万捷县,,
5.14248,100.51084,马来西亚,吉打州,万拉峇鲁县,,
3.5124,103.4122,马来西亚,彭亨州,北根县,,
2.4711,102.017,马来西亚,森美兰州,波德申县,,
2.2042,102.3134,马来西亚,马六甲州,马六甲中央县,,
2.13333,102.41667,马来西亚,马六甲州,野新县,,
2.4349,102.6758,马来西亚,柔佛州,昔加末县,,
6.26251,100.27362,马来西亚,吉打州,古邦巴素县,,
5.50727,100.40067,马来西亚,槟城州,威北县,,
5.28333,100.26667,马来西亚,槟城州,西南县,,
5.58696,100.36944,马来西亚,吉打州,瓜拉姆达县,,
3.602,103.3819,马来西亚,彭亨州,关丹县,,
5.28059,100.26593,马来西亚,槟城州,西南县,,
6.26667,100.25,马来西亚,吉打州,古邦巴素县,,
6.21667,100.28333,马来西亚,吉打州,古邦巴素县,,
3.9574,100.7647,马来西亚,霹雳州,峇眼拿督县,,
6.26667,100.31667,马来西亚,吉打州,古邦巴素县,,
6.28333,100.23333,马来西亚,吉打州,古邦巴素县,,
6.26667,100.23333,马来西亚,吉打州,古邦巴素县,,
5.94751,100.36446,马来西亚,吉打州,铅县,,
5.6,100.36667,马来西亚,吉打州,瓜拉姆达县,,
5.99545,100.34601,马来西亚,吉打州,哥打士打县,,
6.15919,100.2866,马来西亚,吉打州,哥打士打县,,
5.56127,100.39863,马来西亚,槟城州,威北县,,
5.55624,100.38867,马来西亚,槟城州,威北县,,
5.48333,100.46667,马来西亚,槟城州,威北县,,Scientex Sungai Dua
6.01213,100.35043,马来西亚,吉打州,哥打士打县,,
6.25,100.25,马来西亚,吉打州,古邦巴素县,,
6.26138,100.21012,马来西亚,吉打州,古邦巴素县,,
4.0263,100.9192,马来西亚,霹雳州,下霹雳县,,
6.18399,100.31361,马来西亚,吉打州,哥打士打县,,
5.86667,102.33333,马来西亚,吉兰丹州,巴西富地县,,
5.58333,100.41667,马来西亚,吉打州,瓜拉姆达县,,
5.5445,100.47568,马来西亚,槟城州,威北县,,
5.48836,100.54196,马来西亚,吉打州,居林县,,
3.38333,101.28333,马来西亚,雪兰莪州,瓜拉雪兰莪县,,
5.2823,100.25891,马来西亚,槟城州,西南县,,
4.18917,100.90811,马来西亚,霹雳州,中霹雳县,,
5.95607,100.36311,马来西亚,吉打州,铅县,,
5.98059,100.35735,马来西亚,吉打州,哥打士打县,,
6.25,100.26667,马来西亚,吉打州,古邦巴素县,,
6.25,100.28333,马来西亚,吉打州,古邦巴素县,,
6.13004,100.2853,马来西亚,吉打州,哥打士打县,,
5.5,100.41667,马来西亚,槟城州,威北县,,
5.67985,100.41462,马来西亚,吉打州,瓜拉姆达县,,
5.48333,100.48333,马来西亚,槟城州,威北县,,
5.61667,100.4,马来西亚,吉打州,瓜拉姆达县,,
5.36797,100.43196,马来西亚,槟城州,威中县,柏达镇,
3.8,103.26667,马来西亚,彭亨州,关丹县,,Bukit Rangin
3.5255,103.4313,马来西亚,彭亨州,北根县,,
5.22082,100.50378,马来西亚,槟城州,威南县,,Taman Kesumba
3.48333,103.4,马来西亚,彭亨州,北根县,Kampung Parit Tengah,
5.28333,100.25,马来西亚,槟城州,西南县,公巴,双溪峇都
4.18333,100.65,马来西亚,霹雳州,曼绒县,,Kampung Dato' Seri Kamaruddin
3.7001,101.0509,马来西亚,雪兰莪州,沙白安南县,,
3.36667,101.25,马来西亚,雪兰莪州,瓜拉雪兰莪县,,Taman Tan Sri Dato' Manickavasagam
2.3628,102.0369,马来西亚,马六甲州,亚罗牙也县,,Taman Kuala Indah Fasa 2
2.1715,102.3311,马来西亚,马六甲州,马六甲中央县,,
2.1708,102.3339,马来西亚,马六甲州,马六甲中央县,,
1.3753,103.4773,马来西亚,柔佛州,笨珍县,,
1.3545,103.479,马来西亚,柔佛州,笨珍县,,
1.34184,103.46361,马来西亚,柔佛州,笨珍县,,Taman Laksamana
5.57254,102.76855,马来西亚,登嘉樓州,士兆县,,
4.01667,101.35,马来西亚,霹雳州,马登巴冷县,,
5.61667,100.41667,马来西亚,吉打州,瓜拉姆达县,,
6.02277,100.347,马来西亚,吉打州,哥打士打县,,
5.31908,100.20526,马来西亚,槟城州,西南县,Pulau Betong,
5.30259,100.26194,马来西亚,槟城州,西南县,,
6.15,102.18333,马来西亚,吉兰丹州,道北县,,
1.43333,110.66667,马来西亚,砂拉越州,实文然,,
3.0616,101.7759,马来西亚,雪兰莪州,乌鲁冷岳县,蕉赖,
2.93333,101.31667,马来西亚,雪兰莪州,巴生县,,
2.5677,102.1025,马来西亚,森美兰州,林茂县,,
2.5203,102.1174,马来西亚,森美兰州,林茂县,,
2.53333,102.11667,马来西亚,森美兰州,林茂县,,
1.4383,103.9901,马来西亚,柔佛州,新山县,,
1.03333,110.58333,马来西亚,砂拉越州,西连,,
3.9,102.41667,马来西亚,彭亨州,而连突县,,
4.09926,102.28963,马来西亚,彭亨州,立卑县,,
3.9015,102.4315,马来西亚,彭亨州,而连突县,,
1.57269,109.86371,马来西亚,砂拉越州,伦乐,,
6.05098,100.34066,马来西亚,吉打州,哥打士打县,,Kampung Hujung Sungai
2.11667,102.58333,马来西亚,柔佛州,东甲县,,
3.11667,101.36667,马来西亚,雪兰莪州,巴生县,,
1.9556,104.0713,马来西亚,柔佛州,哥打丁宜县,,
2.4324,102.1862,马来西亚,马六甲州,亚罗牙也县,,
4.948,103.0322,马来西亚,登嘉樓州,,,
4.08333,101.01667,马来西亚,霹雳州,中霹雳县,,
1.22096,110.37602,马来西亚,砂拉越州,古晋,,
6.02854,100.81186,马来西亚,吉打州,锡县,,
1.03333,110.55,马来西亚,砂拉越州,西连,,
5.97077,100.79929,马来西亚,吉打州,锡县,,
3.7842,103.3248,马来西亚,彭亨州,关丹县,,
2.6089,102.8037,马来西亚,柔佛州,昔加末县,,
2.6994,102.2416,马来西亚,森美兰州,瓜拉庇劳县,,
5.1117,101.9735,马来西亚,吉兰丹州,话望生县,,
4.93333,100.81667,马来西亚,霹雳州,拉律峇登司南马县,,
4.78333,100.7,马来西亚,霹雳州,拉律峇登司南马县,,
1.8633,103.2754,马来西亚,柔佛州,居銮县,,
5.43333,101.16667,马来西亚,霹雳州,上霹靂县,,
4.53333,100.96667,马来西亚,霹雳州,中霹雳县,,
2.5134,102.1601,马来西亚,森美兰州,林茂县,,
5.86667,117.01667,马来西亚,沙巴州,特鲁必,,
5.86667,102.23333,马来西亚,吉兰丹州,马樟县,,
5.2704,103.048,马来西亚,登嘉樓州,瓜拉登嘉楼县,,
4.48333,102.65,马来西亚,彭亨州,而连突县,,
3.05281,103.32959,马来西亚,彭亨州,北根县,,
5.95,102.38333,马来西亚,吉兰丹州,万捷县,,
6.4053,116.7392,马来西亚,沙巴州,哥打马鲁都,,
4.1687,102.0446,马来西亚,彭亨州,立卑县,,
3.46667,103.01667,马来西亚,彭亨州,北根县,,
3.615,103.3687,马来西亚,彭亨州,关丹县,,
4.1871,102.1298,马来西亚,彭亨州,立卑县,,
4.31667,103.48333,马来西亚,登嘉樓州,甘马挽县,,Taman Sri Kalongan
2.8513,104.1547,马来西亚,彭亨州,云冰县,,
5.8444,116.5162,马来西亚,沙巴州,担布南,,
6.4006,116.7149,马来西亚,沙巴州,哥打马鲁都,,
4.13333,102.01667,马来西亚,彭亨州,立卑县,,
1.43333,110.23333,马来西亚,砂拉越州,石隆门,,
1.43333,110.21667,马来西亚,砂拉越州,石隆门,,
5.26566,116.52812,马来西亚,沙巴州,东革,,
4.08725,102.31712,马来西亚,彭亨州,而连突县,,
2.61667,111.3,马来西亚,砂拉越州,,,
6.3629,100.81288,马来西亚,吉打州,巴东得腊县,,
6.28333,100.45,马来西亚,吉打州,古邦巴素县,,
4.5377,101.0712,马来西亚,霹雳州,近打县,,
4.21667,103.41667,马来西亚,登嘉樓州,朱盖,,Taman Jakar
5.82162,101.95784,马来西亚,吉兰丹州,丹那美拉县,,
5.783,102.60421,马来西亚,登嘉樓州,勿述县,,
3.4151,102.5754,马来西亚,彭亨州,百乐县,,
5.73333,102.48333,马来西亚,登嘉樓州,勿述县,,
5.75,102.5,马来西亚,登嘉樓州,勿述县,,
5.1575,103.191,马来西亚,登嘉樓州,马江县,,
5.2738,103.127,马来西亚,登嘉樓州,瓜拉登嘉楼,,Kampung Pengkalan Setar
3.63333,102.4,马来西亚,彭亨州,淡马鲁县,,
2.1914,102.3036,马来西亚,马六甲州,马六甲中央县,,
6.01667,102.16667,马来西亚,吉兰丹州,巴西马县,,
5.13772,100.75487,马来西亚,霹雳州,拉律峇登司南马县,,
2.2145,102.2516,马来西亚,马六甲州,马六甲中央县,,Taman Peringgit Jaya
1.51667,103.46667,马来西亚,柔佛州,笨珍县,,
6.10047,100.38796,马来西亚,吉打州,哥打士打县,,
5.98333,116.38333,马来西亚,沙巴州,斗亚兰,,
2.2293,102.1522,马来西亚,马六甲州,马六甲中央县,,
3.1852,103.18,马来西亚,彭亨州,北根县,,
4.48333,103.43333,马来西亚,登嘉樓州,甘马挽县,Kampung Baru,
5.80843,102.57239,马来西亚,登嘉樓州,勿述县,,
6.2,102.15,马来西亚,吉兰丹州,道北县,,
6.15,102.28333,马来西亚,吉兰丹州,哥打峇鲁县,,
2.2163,102.3191,马来西亚,马六甲州,马六甲中央县,,
5.2554,102.9275,马来西亚,登嘉樓州,士兆县,,
5.3463,102.8799,马来西亚,登嘉樓州,士兆县,,
5.41667,103.06667,马来西亚,登嘉樓州,瓜拉尼鲁斯县,,
5.9703,101.9508,马来西亚,吉兰丹州,巴西马县,,
5.44155,100.42774,马来西亚,槟城州,威北县,,
5.3446,102.8682,马来西亚,登嘉樓州,士兆县,,
5.2419,103.0978,马来西亚,登嘉樓州,马江县,,
2.11667,102.48333,马来西亚,马六甲州,野新县,,
2.2288,102.1779,马来西亚,马六甲州,马六甲中央县,,
3.36667,101.28333,马来西亚,雪兰莪州,瓜拉雪兰莪县,,
2.48333,102.01667,马来西亚,森美兰州,波德申县,,
3.2078,103.1657,马来西亚,彭亨州,北根县,,
5.70787,100.391,马来西亚,吉打州,瓜拉姆达县,,
2.6024,101.8126,马来西亚,森美兰州,波德申县,,Ladang Tanah Merah Linesite A3 A4 Division
5.3293,103.047,马来西亚,登嘉樓州,瓜拉尼鲁斯县,,
2.4828,102.0201,马来西亚,森美兰州,波德申县,,甘榜彭加兰榴梿
6.15,102.26667,马来西亚,吉兰丹州,哥打峇鲁县,,
4.51667,100.71667,马来西亚,霹雳州,曼绒县,,Kampung Changkat
6.13333,102.1,马来西亚,吉兰丹州,巴西马县,,
5.63672,100.41676,马来西亚,吉打州,瓜拉姆达县,,
2.1346,102.652,马来西亚,柔佛州,麻坡县,,
5.68333,100.43333,马来西亚,吉打州,瓜拉姆达县,,
5.98333,102.25,马来西亚,吉兰丹州,哥打峇鲁县,Kadok,
2.2254,102.4989,马来西亚,柔佛州,东甲县,,
5.1066,103.1394,马来西亚,登嘉樓州,马江县,,
5.63333,100.4,马来西亚,吉打州,瓜拉姆达县,,
2.4229,103.8289,马来西亚,柔佛州,丰盛港县,,
2.235,102.2659,马来西亚,马六甲州,马六甲中央县,,
5.78708,102.61832,马来西亚,登嘉樓州,勿述县,,
2.2321,102.3167,马来西亚,马六甲州,野新县,,
6.43122,100.19529,马来西亚,玻璃市州,加央,,
1.53333,104.15,马来西亚,柔佛州,哥打丁宜县,,
4.9927,103.0661,马来西亚,登嘉樓州,,,
6.3364,116.3918,马来西亚,沙巴州,古打毛律,,
5.31331,100.29808,马来西亚,槟城州,西南县,,
4.4913,101.1175,马来西亚,霹雳州,近打县,,
2.3778,102.2194,马来西亚,马六甲州,亚罗牙也县,,Pengkalan
4.4103,103.4145,马来西亚,登嘉樓州,甘马挽县,,
2.8563,102.2831,马来西亚,森美兰州,瓜拉庇劳县,,
3.18333,102.13333,马来西亚,森美兰州,日叻务县,,
2.9028,102.0315,马来西亚,森美兰州,日叻务县,,
6.24576,100.63626,马来西亚,吉打州,巴东得腊县,,
6.0,100.85,马来西亚,吉打州,锡县,,
2.7,111.48333,马来西亚,砂拉越州,玛都,,
5.2754,103.104,马来西亚,登嘉樓州,瓜拉登嘉楼县,,Kampung Kepong
1.376,103.4382,马来西亚,柔佛州,笨珍县,,
4.8813,103.0301,马来西亚,登嘉樓州,,,
5.76667,102.16667,马来西亚,吉兰丹州,马樟县,,
5.68333,101.7,马来西亚,吉兰丹州,日里县,,
3.85,101.46667,马来西亚,霹雳州,慕亚林县,,
6.05,102.21667,马来西亚,吉兰丹州,哥打峇鲁县,,
1.38188,103.64233,马来西亚,柔佛州,新山县,双威依斯干达,
2.98454,101.419,马来西亚,雪兰莪州,巴生县,,Taman Pendamar Indah
1.51667,110.71667,马来西亚,砂拉越州,,,
2.2589,102.7905,马来西亚,柔佛州,东甲县,,
4.5166,103.4504,马来西亚,登嘉樓州,甘马挽县,,Kampung Gelugor
4.9713,103.3333,马来西亚,登嘉樓州,马江县,,
5.8997,116.2216,马来西亚,沙巴州,兵南邦,,
1.65964,110.38951,马来西亚,砂拉越州,古晋,,
3.4661,102.3634,马来西亚,彭亨州,淡马鲁县,,Taman Bukit Cermin
2.5267,102.1169,马来西亚,森美兰州,林茂县,,
2.96667,102.21667,马来西亚,森美兰州,日叻务县,,
3.06667,101.6,马来西亚,雪兰莪州,八打灵县,双威镇,
2.44996,103.97439,马来西亚,柔佛州,丰盛港县,,
2.2853,104.1171,马来西亚,柔佛州,丰盛港县,,
5.7,102.2,马来西亚,吉兰丹州,马樟县,,
1.43333,110.28333,马来西亚,砂拉越州,古晋,,
6.21667,100.45,马来西亚,吉打州,古邦巴素县,,
3.05,102.13333,马来西亚,森美兰州,日叻务县,,
6.11667,100.41667,马来西亚,吉打州,哥打士打县,,
5.7,101.73333,马来西亚,吉兰丹州,日里县,,
5.41382,100.46261,马来西亚,槟城州,威中县,,
2.81667,101.73333,马来西亚,雪兰莪州,雪邦县,,
2.7518,101.8686,马来西亚,森美兰州,芙蓉县,,
2.7515,101.863,马来西亚,森美兰州,芙蓉县,,
4.06667,101.18333,马来西亚,霹雳州,下霹雳县,,巴拉湾新村
5.08333,101.86667,马来西亚,吉兰丹州,话望生县,,
4.3303,103.2466,马来西亚,登嘉樓州,甘马挽县,,
1.3953,104.1556,马来西亚,柔佛州,哥打丁宜县,,
4.68215,103.10439,马来西亚,登嘉樓州,龙运县,,
2.7665,102.2568,马来西亚,森美兰州,瓜拉庇劳县,,
3.1853,102.2472,马来西亚,彭亨州,文冬县,,
5.57467,101.09517,马来西亚,霹雳州,上霹靂县,,
6.15,100.53333,马来西亚,吉打州,波各先那县,,
4.9939,102.9962,马来西亚,登嘉樓州,,,
2.15,102.55,马来西亚,柔佛州,东甲县,,
4.7082,103.0811,马来西亚,登嘉樓州,龙运县,,
1.20827,110.2704,马来西亚,砂拉越州,古晋,,
1.31667,110.38333,马来西亚,砂拉越州,古晋,,
1.29836,110.38354,马来西亚,砂拉越州,古晋,,
1.20737,110.44018,马来西亚,砂拉越州,西连,,
1.14051,110.34383,马来西亚,砂拉越州,打必禄,,
1.17733,110.46804,马来西亚,砂拉越州,西连,,
5.2131,103.0124,马来西亚,登嘉樓州,,,
5.80581,101.9789,马来西亚,吉兰丹州,丹那美拉县,,
1.48333,110.45,马来西亚,砂拉越州,三马拉汉,,
6.4089,116.4056,马来西亚,沙巴州,古打毛律,,
5.0117,103.1327,马来西亚,登嘉樓州,,,
3.5076,103.3981,马来西亚,彭亨州,北根县,Taman Sri Maulana,
5.0884,103.0878,马来西亚,登嘉樓州,,,
3.98333,101.31667,马来西亚,霹雳州,马登巴冷县,,
2.8771,101.8742,马来西亚,雪兰莪州,乌鲁冷岳县,,
5.75,102.55,马来西亚,登嘉樓州,勿述县,,
1.3628,103.5602,马来西亚,柔佛州,新山县,,
1.3701,103.5577,马来西亚,柔佛州,新山县,,
3.5169,102.6967,马来西亚,彭亨州,马兰县,,
2.90903,102.07718,马来西亚,森美兰州,日叻务县,,
1.55171,109.76622,马来西亚,砂拉越州,伦乐,,
6.10499,100.36761,马来西亚,吉打州,哥打士打县,新邦瓜拉,Taman Manggis
6.22061,100.71878,马来西亚,吉打州,巴东得腊县,,
1.31667,110.1,马来西亚,砂拉越州,石隆门,,
1.3,110.11667,马来西亚,砂拉越州,石隆门,,
2.6051,102.0489,马来西亚,森美兰州,林茂县,,
2.5954,102.0483,马来西亚,森美兰州,林茂县,,
6.23333,116.48333,马来西亚,沙巴州,古打毛律,,
3.9327,102.4274,马来西亚,彭亨州,而连突县,,
5.22009,100.63675,马来西亚,吉打州,万拉峇鲁县,,
5.56667,102.23333,马来西亚,吉兰丹州,瓜拉吉赖县,,
5.364,102.777,马来西亚,登嘉樓州,士兆县,,
1.00524,110.49939,马来西亚,砂拉越州,打必禄,,
4.76667,100.76667,马来西亚,霹雳州,拉律峇登司南马县,,Kampung Changkat Ibol
5.87554,100.7504,马来西亚,吉打州,锡县,,
5.7,100.81667,马来西亚,吉打州,华玲县,,
3.9607,102.4358,马来西亚,彭亨州,而连突县,,Desa Seri Puding
5.13228,100.56108,马来西亚,吉打州,万拉峇鲁县,,
5.96079,100.45859,马来西亚,吉打州,本同县,,
5.23172,100.56137,马来西亚,吉打州,万拉峇鲁县,,
6.0,100.55,马来西亚,吉打州,本同县,,
3.55,102.35,马来西亚,彭亨州,淡马鲁县,,
3.71279,102.93281,马来西亚,彭亨州,关丹县,,
5.96667,100.46667,马来西亚,吉打州,本同县,,
2.3705,102.097,马来西亚,马六甲州,亚罗牙也县,,
2.2771,102.1469,马来西亚,马六甲州,马六甲中央县,,
5.2601,103.1114,马来西亚,登嘉樓州,瓜拉登嘉楼县,Kampung Titian Baru,
4.50094,101.10865,马来西亚,霹雳州,近打县,,
2.1605,102.7841,马来西亚,柔佛州,麻坡县,,
6.03333,100.55,马来西亚,吉打州,本同县,,
3.715,102.9074,马来西亚,彭亨州,关丹县,,
4.48333,100.8,马来西亚,霹雳州,曼绒县,,
3.4612,102.4625,马来西亚,彭亨州,淡马鲁县,,Taman Jaya 7
2.4931,102.8227,马来西亚,柔佛州,昔加末县,,
3.5351,102.6383,马来西亚,彭亨州,马兰县,,
3.3386,102.4962,马来西亚,彭亨州,百乐县,,
2.1088,102.6634,马来西亚,柔佛州,麻坡县,,
5.91667,100.51667,马来西亚,吉打州,本同县,,
4.3224,100.8022,马来西亚,霹雳州,曼绒县,,
5.96667,100.5,马来西亚,吉打州,本同县,,
2.1932,102.3598,马来西亚,马六甲州,马六甲中央县,,
2.5571,102.8251,马来西亚,柔佛州,昔加末县,,
5.1339,102.8749,马来西亚,登嘉樓州,,,
5.65997,102.74538,马来西亚,登嘉樓州,士兆县,,
1.24593,110.43127,马来西亚,砂拉越州,古晋,,
2.05,103.33333,马来西亚,柔佛州,居銮县,,
5.95,102.18333,马来西亚,吉兰丹州,巴西马县,,
5.86667,100.55,马来西亚,吉打州,本同县,,
3.60371,102.64994,马来西亚,彭亨州,马兰县,,
2.28697,102.55915,马来西亚,柔佛州,东甲县,,
5.91667,100.53333,马来西亚,吉打州,本同县,,
2.56667,102.73333,马来西亚,柔佛州,昔加末县,,
3.71667,102.33333,马来西亚,彭亨州,淡马鲁县,,
6.01991,100.56182,马来西亚,吉打州,本同县,,
4.81667,100.85,马来西亚,霹雳州,江沙县,,Kampung Sungai Ati
3.48333,102.81667,马来西亚,彭亨州,马兰县,,
2.181,102.7804,马来西亚,柔佛州,麻坡县,,
2.5087,102.0586,马来西亚,森美兰州,林茂县,,
2.46667,102.1,马来西亚,森美兰州,林茂县,,
2.4116,102.0645,马来西亚,马六甲州,亚罗牙也县,,
2.5845,102.7206,马来西亚,柔佛州,昔加末县,,
3.39571,102.38385,马来西亚,彭亨州,淡马鲁县,,
2.5106,102.1374,马来西亚,森美兰州,林茂县,,
3.53333,102.43333,马来西亚,彭亨州,淡马鲁县,,
5.34951,100.22321,马来西亚,槟城州,西南县,,
3.30003,102.44253,马来西亚,彭亨州,百乐县,,
3.45,102.45,马来西亚,彭亨州,淡马鲁县,,Taman Jaya 7
5.95,100.5,马来西亚,吉打州,本同县,,
5.93333,100.5,马来西亚,吉打州,本同县,,
3.4879,102.557,马来西亚,彭亨州,马兰县,,
2.2177,102.4993,马来西亚,柔佛州,东甲县,,
6.23931,100.52891,马来西亚,吉打州,巴东得腊县,,
5.54046,100.45318,马来西亚,槟城州,威北县,,
4.71667,100.95,马来西亚,霹雳州,江沙县,美诺拉,Kampung Menora
3.4665,102.3942,马来西亚,彭亨州,淡马鲁县,Songsang,
3.2613,102.3566,马来西亚,彭亨州,百乐县,,
3.18333,101.55,马来西亚,雪兰莪州,八打灵县,梳邦柏斯达丽,
3.2,101.55,马来西亚,雪兰莪州,八打灵县,,Paya Jaras Hulu
3.344,102.5201,马来西亚,彭亨州,百乐县,,
2.5609,102.8258,马来西亚,柔佛州,昔加末县,,
2.2316,102.7984,马来西亚,柔佛州,麻坡县,Batu 28,
5.25,100.68333,马来西亚,吉打州,万拉峇鲁县,,
2.4061,102.1984,马来西亚,马六甲州,亚罗牙也县,,
3.5684,101.6302,马来西亚,雪兰莪州,乌鲁雪兰莪县,,
2.4123,102.1661,马来西亚,马六甲州,亚罗牙也县,,
2.1939,102.3509,马来西亚,马六甲州,马六甲中央县,,
4.28333,101.86667,马来西亚,彭亨州,立卑县,,
6.1,100.53333,马来西亚,吉打州,波各先那县,,
5.62582,100.70849,马来西亚,吉打州,华玲县,,
3.51667,102.76667,马来西亚,彭亨州,马兰县,,
3.5062,102.236,马来西亚,彭亨州,淡马鲁县,,
2.5883,102.0538,马来西亚,森美兰州,林茂县,,
2.2,102.35,马来西亚,马六甲州,马六甲中央县,,Kampung Surau Batu
3.4992,102.4297,马来西亚,彭亨州,淡马鲁县,,
5.9,100.53333,马来西亚,吉打州,本同县,,
3.5507,102.7714,马来西亚,彭亨州,马兰县,,
3.55,102.38333,马来西亚,彭亨州,淡马鲁县,,
6.01667,102.2,马来西亚,吉兰丹州,哥打峇鲁县,,
5.82861,100.76069,马来西亚,吉打州,锡县,,
5.76635,100.89483,马来西亚,吉打州,华玲县,,
5.72995,100.37434,马来西亚,吉打州,铅县,,
5.42035,100.37717,马来西亚,槟城州,威北县,峇眼惹玛,
5.37013,100.45832,马来西亚,槟城州,威中县,,Sunway Wellesley Garden Villas
5.3375,100.22185,马来西亚,槟城州,西南县,浮罗文丁,Taman Sri Genting
2.9998,101.7836,马来西亚,雪兰莪州,乌鲁冷岳县,,
2.7856,104.121,马来西亚,彭亨州,云冰县,,
2.63333,102.63333,马来西亚,柔佛州,昔加末县,,
2.54413,101.80571,马来西亚,森美兰州,波德申县,Kampung Gelam,Kampung Arab
6.08333,102.35,马来西亚,吉兰丹州,万捷县,,
5.85,102.23333,马来西亚,吉兰丹州,马樟县,,
6.06667,102.3,马来西亚,吉兰丹州,哥打峇鲁县,,
3.03035,103.36758,马来西亚,彭亨州,北根县,,
6.05,102.13333,马来西亚,吉兰丹州,巴西马县,,
5.96667,102.23333,马来西亚,吉兰丹州,哥打峇鲁县,,
5.93333,102.21667,马来西亚,吉兰丹州,哥打峇鲁县,,
5.80287,100.39085,马来西亚,吉打州,铅县,,
5.68333,102.16667,马来西亚,吉兰丹州,马樟县,,
5.074,102.9673,马来西亚,登嘉樓州,,,
4.7771,100.9611,马来西亚,霹雳州,江沙县,武吉章当,
4.78333,100.78333,马来西亚,霹雳州,拉律峇登司南马县,,
2.7448,102.1384,马来西亚,森美兰州,瓜拉庇劳县,,
2.5709,102.8149,马来西亚,柔佛州,昔加末县,,
2.5009,102.2398,马来西亚,森美兰州,淡边县,,
6.1433,116.7743,马来西亚,沙巴州,兰瑙,,
2.84915,111.89298,马来西亚,砂拉越州,拉叻,,
3.22993,103.33243,马来西亚,彭亨州,北根县,,
5.27767,100.45648,马来西亚,槟城州,威南县,武吉淡汶,御花园
5.27639,115.23333,马来西亚,纳闽,纳闽市,,
5.28278,115.2325,马来西亚,纳闽,纳闽市,,
6.36667,117.36667,马来西亚,沙巴州,比鲁兰,,
5.9098,116.0602,马来西亚,沙巴州,必打丹,,
5.35506,100.55624,马来西亚,吉打州,居林县,,
4.78333,100.95,马来西亚,霹雳州,江沙县,Kota Lama Kiri,
1.63856,109.69765,马来西亚,砂拉越州,伦乐,,
4.2189,103.3853,马来西亚,登嘉樓州,朱盖,,
5.2143,103.0321,马来西亚,登嘉樓州,,,
1.61401,109.72412,马来西亚,砂拉越州,伦乐,,
5.2876,103.0863,马来西亚,登嘉樓州,瓜拉登嘉楼县,,
5.38333,102.05,马来西亚,吉兰丹州,瓜拉吉赖县,,
4.91667,100.98333,马来西亚,霹雳州,江沙县,,Kampung Dato Sagor
5.86667,102.51667,马来西亚,吉兰丹州,巴西富地县,,
5.1722,102.9,马来西亚,登嘉樓州,,Pekan Kuala Ping,
4.1358,102.3441,马来西亚,彭亨州,而连突县,,
5.68333,102.11667,马来西亚,吉兰丹州,马樟县,,
5.73333,102.15,马来西亚,吉兰丹州,马樟县,,
4.2201,103.3313,马来西亚,登嘉樓州,朱盖,,
3.187,101.667,马来西亚,吉隆坡,吉隆坡,泗岩沫,
2.72172,104.15151,马来西亚,彭亨州,云冰县,,
4.13333,101.01667,马来西亚,霹雳州,中霹雳县,,
4.5659,102.9763,马来西亚,登嘉樓州,龙运县,,
6.16667,102.15,马来西亚,吉兰丹州,道北县,,
5.3865,103.0442,马来西亚,登嘉樓州,瓜拉尼鲁斯县,,
4.9869,103.3236,马来西亚,登嘉樓州,马江县,,
4.5639,101.0775,马来西亚,霹雳州,近打县,,仙花园
4.19855,100.89781,马来西亚,霹雳州,中霹雳县,,
2.7481,101.8596,马来西亚,森美兰州,芙蓉县,,
2.2388,102.2375,马来西亚,马六甲州,马六甲中央县,玛琳再也,
1.66363,110.47739,马来西亚,砂拉越州,古晋,,
1.4381,103.9302,马来西亚,柔佛州,新山县,,
5.76667,102.15,马来西亚,吉兰丹州,马樟县,,
5.89744,102.71802,马来西亚,登嘉樓州,勿述县,,
4.2755,103.271,马来西亚,登嘉樓州,甘马挽县,,
6.11667,102.21667,马来西亚,吉兰丹州,道北县,Pasir Pekan,Kampung Dalam Kota
5.91667,102.2,马来西亚,吉兰丹州,哥打峇鲁县,,
5.0678,101.8936,马来西亚,吉兰丹州,话望生县,,
5.91814,102.71907,马来西亚,登嘉樓州,勿述县,,
5.3011,103.1402,马来西亚,登嘉樓州,瓜拉登嘉楼县,,
4.11227,103.19488,马来西亚,登嘉樓州,甘马挽县,,
3.5003,103.4383,马来西亚,彭亨州,北根县,,
2.2952,104.1002,马来西亚,柔佛州,丰盛港县,,
4.1523,100.7141,马来西亚,霹雳州,曼绒县,,
1.7,110.31667,马来西亚,砂拉越州,古晋,柏特拉再也,
4.9797,102.9735,马来西亚,登嘉樓州,,,
5.0555,102.966,马来西亚,登嘉樓州,,,
4.2223,103.383,马来西亚,登嘉樓州,朱盖,,
5.79115,102.52986,马来西亚,登嘉樓州,勿述县,,
4.2174,103.2933,马来西亚,登嘉樓州,甘马挽县,,
6.03333,102.15,马来西亚,吉兰丹州,哥打峇鲁县,,
5.37825,102.02132,马来西亚,吉兰丹州,瓜拉吉赖县,,
4.16667,103.28333,马来西亚,登嘉樓州,甘马挽县,,
5.61667,102.15,马来西亚,吉兰丹州,瓜拉吉赖县,,
4.88333,100.98333,马来西亚,霹雳州,江沙县,,
4.15,100.96667,马来西亚,霹雳州,中霹雳县,,Kampung Pasir Salak
5.61667,102.13333,马来西亚,吉兰丹州,瓜拉吉赖县,,
1.6013,109.79583,马来西亚,砂拉越州,伦乐,,
1.6,109.78333,马来西亚,砂拉越州,伦乐,,
5.89696,102.72686,马来西亚,登嘉樓州,勿述县,,
5.11909,100.53903,马来西亚,吉打州,万拉峇鲁县,,
4.21115,103.32302,马来西亚,登嘉樓州,朱盖,,
6.1,102.26667,马来西亚,吉兰丹州,哥打峇鲁县,,
5.55784,100.37036,马来西亚,槟城州,威北县,,
4.2303,100.8994,马来西亚,霹雳州,中霹雳县,,
4.2441,103.2829,马来西亚,登嘉樓州,甘马挽县,,
4.1736,103.28732,马来西亚,登嘉樓州,朱盖,,
5.63333,101.88333,马来西亚,吉兰丹州,日里县,,
4.0952,102.3252,马来西亚,彭亨州,而连突县,,
5.1886,102.8483,马来西亚,登嘉樓州,,,
4.2122,100.5627,马来西亚,霹雳州,曼绒县,,
4.9937,102.3783,马来西亚,吉兰丹州,话望生县,,
4.66667,103.26667,马来西亚,登嘉樓州,龙运县,,
2.6518,102.5346,马来西亚,森美兰州,淡边县,,
4.0349,101.0072,马来西亚,霹雳州,下霹雳县,Bandar Lama,芭尾
4.8,100.96667,马来西亚,霹雳州,江沙县,Kota Lama Kanan,Kampung Batang Kulim
5.9,102.2,马来西亚,吉兰丹州,马樟县,,
5.55,102.48333,马来西亚,登嘉樓州,勿述县,,
4.199,102.39007,马来西亚,彭亨州,而连突县,,
2.8328,102.2496,马来西亚,森美兰州,瓜拉庇劳县,,
6.2236,100.38088,马来西亚,吉打州,古邦巴素县,,
5.85,100.45,马来西亚,吉打州,铅县,,
5.71659,100.3933,马来西亚,吉打州,瓜拉姆达县,,
3.2,101.75,马来西亚,吉隆坡,吉隆坡,旺沙玛珠,
2.9982,101.8737,马来西亚,雪兰莪州,乌鲁冷岳县,,
2.185,102.2822,马来西亚,马六甲州,马六甲中央县,,
2.16667,102.3,马来西亚,马六甲州,马六甲中央县,,
2.1491,102.4671,马来西亚,马六甲州,野新县,,
1.4971,103.6972,马来西亚,柔佛州,新山县,淡杯,Kampung Pasir
4.24758,100.88804,马来西亚,霹雳州,中霹雳县,,
3.9874,100.7658,马来西亚,霹雳州,峇眼拿督县,,
5.2651,116.9166,马来西亚,沙巴州,东革,,
2.7215,101.9947,马来西亚,森美兰州,芙蓉县,芭蕾,Taman Cengal Utama
1.55,110.28333,马来西亚,砂拉越州,古晋,,
1.9537,103.0239,马来西亚,柔佛州,峇株巴辖县,,Taman Indah
2.05738,102.6394,马来西亚,柔佛州,麻坡县,,
5.1,100.43333,马来西亚,霹雳州,吉辇县,,
3.7216,101.09,马来西亚,雪兰莪州,沙白安南县,,
2.2485,102.7676,马来西亚,柔佛州,东甲县,,
3.4839,103.3865,马来西亚,彭亨州,北根县,Kampung Parit Tengah,
2.7337,102.1465,马来西亚,森美兰州,瓜拉庇劳县,,
1.9482,102.6519,马来西亚,柔佛州,麻坡县,,
1.642,103.2867,马来西亚,柔佛州,笨珍县,,
3.7342,101.035,马来西亚,雪兰莪州,沙白安南县,,
3.8093,100.8762,马来西亚,雪兰莪州,沙白安南县,,
2.16667,102.33333,马来西亚,马六甲州,马六甲中央县,,
2.0639,102.6282,马来西亚,柔佛州,麻坡县,,
2.1406,102.4968,马来西亚,马六甲州,野新县,,
3.41667,101.23333,马来西亚,雪兰莪州,瓜拉雪兰莪县,,
2.7527,102.2298,马来西亚,森美兰州,瓜拉庇劳县,,
2.2005,102.6509,马来西亚,柔佛州,东甲县,,
2.75,103.51667,马来西亚,彭亨州,云冰县,,
2.2195,102.735,马来西亚,柔佛州,东甲县,,
2.2061,102.6344,马来西亚,柔佛州,东甲县,,
2.1414,102.4912,马来西亚,马六甲州,野新县,,
2.1896,102.6219,马来西亚,柔佛州,东甲县,,
2.1396,102.5114,马来西亚,马六甲州,野新县,,
2.1415,102.5026,马来西亚,马六甲州,野新县,,
2.2479,102.34,马来西亚,马六甲州,野新县,,
1.5059,103.4179,马来西亚,柔佛州,笨珍县,,
3.26667,101.35,马来西亚,雪兰莪州,瓜拉雪兰莪县,,
2.75,102.21667,马来西亚,森美兰州,瓜拉庇劳县,Ampang Tinggi,
2.1875,102.673,马来西亚,柔佛州,东甲县,,
2.1321,102.4411,马来西亚,马六甲州,野新县,,
2.35,102.26667,马来西亚,马六甲州,亚罗牙也县,,
2.233,102.7527,马来西亚,柔佛州,东甲县,,
6.25,100.4,马来西亚,吉打州,古邦巴素县,,
2.09,102.6179,马来西亚,柔佛州,麻坡县,,
1.517,103.4172,马来西亚,柔佛州,笨珍县,大笨珍,
2.2,102.31667,马来西亚,马六甲州,马六甲中央县,,
2.3621,102.5013,马来西亚,马六甲州,野新县,,Taman Sempang Bekoh Indah
2.2349,102.627,马来西亚,柔佛州,东甲县,,
2.1585,102.5638,马来西亚,柔佛州,东甲县,,
1.8519,103.088,马来西亚,柔佛州,峇株巴辖县,,
1.5203,103.4196,马来西亚,柔佛州,笨珍县,,
2.1895,102.656,马来西亚,柔佛州,东甲县,,
2.18333,102.7,马来西亚,柔佛州,麻坡县,,
1.7328,103.2964,马来西亚,柔佛州,笨珍县,,
2.1521,102.5112,马来西亚,马六甲州,野新县,,
3.6381,101.0824,马来西亚,雪兰莪州,沙白安南县,,
3.7138,101.1006,马来西亚,雪兰莪州,沙白安南县,,
3.48318,101.11924,马来西亚,雪兰莪州,瓜拉雪兰莪县,,
2.13333,102.45,马来西亚,马六甲州,野新县,,
3.9119,100.7448,马来西亚,霹雳州,峇眼拿督县,,
2.1007,102.5515,马来西亚,柔佛州,东甲县,,
2.2008,102.662,马来西亚,柔佛州,东甲县,,
5.77405,101.86755,马来西亚,吉兰丹州,日里县,,
2.1935,102.33,马来西亚,马六甲州,马六甲中央县,,
3.8162,100.8435,马来西亚,雪兰莪州,沙白安南县,,
2.1981,102.674,马来西亚,柔佛州,东甲县,,
2.0026,103.057,马来西亚,柔佛州,峇株巴辖县,,Taman Seri Rahmat
6.18333,102.1,马来西亚,吉兰丹州,道北县,,
5.79319,102.53928,马来西亚,登嘉樓州,勿述县,,
5.4852,115.5379,马来西亚,沙巴州,瓜拉班尤,,
5.28333,115.23333,马来西亚,纳闽,纳闽市,,
4.51344,102.9363,马来西亚,登嘉樓州,龙运县,,
4.2478,118.03967,马来西亚,沙巴州,斗湖,,
2.7368,102.1473,马来西亚,森美兰州,瓜拉庇劳县,,
5.9732,116.23,马来西亚,沙巴州,亚庇,,
3.5492,101.996,马来西亚,彭亨州,文冬县,,
6.13333,116.41667,马来西亚,沙巴州,斗亚兰,,
6.01667,116.45,马来西亚,沙巴州,斗亚兰,,
6.5479,116.6573,马来西亚,沙巴州,哥打马鲁都,,
5.8826,116.0608,马来西亚,沙巴州,必打丹,,
5.3407,115.7078,马来西亚,沙巴州,保佛,,
5.8056,116.1368,马来西亚,沙巴州,,,
3.4938,102.7713,马来西亚,彭亨州,马兰县,,
0.94678,110.65596,马来西亚,砂拉越州,西连,,
1.75,109.75,马来西亚,砂拉越州,伦乐,,
1.5,110.41667,马来西亚,砂拉越州,哥打三马拉汉,,
1.06667,111.7,马来西亚,砂拉越州,鲁勃安都,,
5.75,102.2,马来西亚,吉兰丹州,马樟县,,
1.7421,103.8778,马来西亚,柔佛州,哥打丁宜县,,
5.3402,103.0755,马来西亚,登嘉樓州,瓜拉登嘉楼,,
2.26667,102.11667,马来西亚,马六甲州,马六甲中央县,,
3.8945,103.364,马来西亚,彭亨州,关丹县,,
5.56129,100.53215,马来西亚,吉打州,瓜拉姆达县,,
6.21667,102.25,马来西亚,吉兰丹州,哥打峇鲁县,,
2.1194,102.5739,马来西亚,柔佛州,东甲县,,Taman Sayang
2.2484,102.1388,马来西亚,马六甲州,马六甲中央县,,
5.68333,100.66667,马来西亚,吉打州,华玲县,,
6.16667,100.36667,马来西亚,吉打州,哥打士打县,安南武吉,Taman Seri Pantai
6.24721,100.42253,马来西亚,吉打州,古邦巴素县,,Taman Desa Murni
5.6,100.61667,马来西亚,吉打州,华玲县,,
5.08333,100.85,马来西亚,霹雳州,拉律峇登司南马县,,
2.83333,103.48333,马来西亚,彭亨州,云冰县,,
3.8837,103.3641,马来西亚,彭亨州,关丹县,,
6.03333,102.41667,马来西亚,吉兰丹州,万捷县,Melawi,
2.3061,102.0847,马来西亚,马六甲州,亚罗牙也县,,
5.2106,103.0345,马来西亚,登嘉樓州,,,
5.8789,116.3394,马来西亚,沙巴州,斗亚兰,,
5.31667,115.23333,马来西亚,纳闽,纳闽市,,
5.0,115.53333,马来西亚,沙巴州,实必丹,,
3.1,101.66667,马来西亚,吉隆坡,吉隆坡,班底达南,柏翠林
5.4294,115.6658,马来西亚,沙巴州,保佛,,
6.153,116.2262,马来西亚,沙巴州,斗亚兰,,
2.67146,102.50974,马来西亚,森美兰州,淡边县,,
6.13333,102.3,马来西亚,吉兰丹州,哥打峇鲁县,,
2.1145,102.7566,马来西亚,柔佛州,麻坡县,,
6.13333,102.35,马来西亚,吉兰丹州,万捷县,,
2.35,102.85,马来西亚,柔佛州,麻坡县,,
6.4886,116.729,马来西亚,沙巴州,哥打马鲁都,,
5.86667,117.38333,马来西亚,沙巴州,比鲁兰,,
3.4223,102.4247,马来西亚,彭亨州,淡马鲁县,,
4.7712,103.4174,马来西亚,登嘉樓州,龙运县,Kampung Teluk Lipat,
2.7192,102.1762,马来西亚,森美兰州,瓜拉庇劳县,,
3.8948,100.7621,马来西亚,霹雳州,峇眼拿督县,,
5.9,102.21667,马来西亚,吉兰丹州,马樟县,,
5.73333,102.18333,马来西亚,吉兰丹州,马樟县,,
6.0,102.28333,马来西亚,吉兰丹州,哥打峇鲁县,,
5.9,102.23333,马来西亚,吉兰丹州,哥打峇鲁县,柯拉娜,
5.88333,102.21667,马来西亚,吉兰丹州,马樟县,,
5.75,102.16667,马来西亚,吉兰丹州,马樟县,,
5.73333,102.2,马来西亚,吉兰丹州,马樟县,,
5.86667,102.2,马来西亚,吉兰丹州,马樟县,,
5.68333,102.21667,马来西亚,吉兰丹州,马樟县,,
5.95,102.25,马来西亚,吉兰丹州,哥打峇鲁县,,
5.81667,102.25,马来西亚,吉兰丹州,马樟县,,
5.71667,102.18333,马来西亚,吉兰丹州,马樟县,,
1.43333,110.36667,马来西亚,砂拉越州,三马拉汉,,
1.18649,110.25606,马来西亚,砂拉越州,古晋,,
4.6607,118.2865,马来西亚,沙巴州,古纳,,
5.83333,102.35,马来西亚,吉兰丹州,巴西富地县,,
5.0837,103.1183,马来西亚,登嘉樓州,马江县,,
5.9698,116.1359,马来西亚,沙巴州,亚庇,,
4.8225,115.4466,马来西亚,砂拉越州,老越,,
6.3164,116.3481,马来西亚,沙巴州,古打毛律,,
5.38947,100.53645,马来西亚,吉打州,居林县,,Taman Saga
3.4539,102.2022,马来西亚,彭亨州,淡马鲁县,,
3.4,102.53333,马来西亚,彭亨州,百乐县,,
6.3007,116.6039,马来西亚,沙巴州,古打毛律,,
3.15,101.73333,马来西亚,吉隆坡,吉隆坡,甘榜班登,宇丹园
3.03333,101.46667,马来西亚,雪兰莪州,巴生县,,Karya Residensi
1.76667,109.86667,马来西亚,砂拉越州,伦乐,,
5.71667,100.9,马来西亚,吉打州,华玲县,,
5.4,102.01667,马来西亚,吉兰丹州,瓜拉吉赖县,,
6.23632,100.4465,马来西亚,吉打州,古邦巴素县,,
6.21035,100.51215,马来西亚,吉打州,波各先那县,,
5.98333,102.35,马来西亚,吉兰丹州,万捷县,Gunong,
5.53333,102.48333,马来西亚,登嘉樓州,勿述县,,
5.02713,100.63424,马来西亚,霹雳州,吉辇县,,
4.9896,103.0803,马来西亚,登嘉樓州,,,
4.5231,100.6538,马来西亚,霹雳州,曼绒县,,
3.05397,102.94194,马来西亚,彭亨州,云冰县,,
1.25,110.45,马来西亚,砂拉越州,西连,,
3.899,103.1474,马来西亚,彭亨州,关丹县,,
1.53946,109.76374,马来西亚,砂拉越州,伦乐,,
3.7072,100.9822,马来西亚,雪兰莪州,沙白安南县,,
5.33333,115.36667,马来西亚,沙巴州,瓜拉班尤,,
6.2327,116.2373,马来西亚,沙巴州,斗亚兰,,
1.4,110.65,马来西亚,砂拉越州,实文然,,
6.40787,116.6625,马来西亚,沙巴州,哥打马鲁都,,
5.26235,100.4651,马来西亚,槟城州,威南县,武吉淡汶,Eco Meadows
5.51667,115.86667,马来西亚,沙巴州,,,
4.26667,103.35,马来西亚,登嘉樓州,朱盖,,
4.2509,103.3229,马来西亚,登嘉樓州,朱盖,,
4.21667,103.35,马来西亚,登嘉樓州,朱盖,,
1.5324,103.7651,马来西亚,柔佛州,新山县,班兰,Taman Istimewa
5.9851,116.1603,马来西亚,沙巴州,亚庇,,
5.93333,118.3,马来西亚,沙巴州,山打根县,,
3.9395,102.4267,马来西亚,彭亨州,而连突县,,
3.4901,102.5497,马来西亚,彭亨州,马兰县,,
5.5587,115.6044,马来西亚,沙巴州,瓜拉班尤,,
5.1696,103.0085,马来西亚,登嘉樓州,,,
3.4866,103.1047,马来西亚,彭亨州,北根县,,
3.59254,103.05692,马来西亚,彭亨州,北根县,,
1.88333,104.03333,马来西亚,柔佛州,哥打丁宜县,,
6.08333,102.21667,马来西亚,吉兰丹州,巴西马县,,
6.0,102.11667,马来西亚,吉兰丹州,巴西马县,,
5.3124,103.1009,马来西亚,登嘉樓州,瓜拉登嘉楼县,Kampung Losong Haji Mat Shafie,Kampung Bukit Kubang Jambu
3.4899,102.1425,马来西亚,彭亨州,淡马鲁县,,
6.42488,100.40881,马来西亚,吉打州,古邦巴素县,,
6.31667,100.7,马来西亚,吉打州,巴东得腊县,,
6.0436,100.50871,马来西亚,吉打州,本同县,,
3.0508,103.4321,马来西亚,彭亨州,北根县,,
2.43333,104.53333,马来西亚,柔佛州,丰盛港县,,
4.47718,118.63068,马来西亚,沙巴州,仙本那,,
2.93333,102.21667,马来西亚,森美兰州,日叻务县,,
5.4194,115.6553,马来西亚,沙巴州,保佛,,
5.93333,102.23333,马来西亚,吉兰丹州,哥打峇鲁县,柯拉娜,
6.06667,102.05,马来西亚,吉兰丹州,巴西马县,,
5.73333,102.06667,马来西亚,吉兰丹州,丹那美拉县,,
2.3727,102.1905,马来西亚,马六甲州,亚罗牙也县,,
4.16667,103.4,马来西亚,彭亨州,关丹县,,
4.7534,103.4072,马来西亚,登嘉樓州,龙运县,Taman Maidam,
5.88333,102.33333,马来西亚,吉兰丹州,巴西富地县,,
4.78108,102.29579,马来西亚,吉兰丹州,话望生县,,
4.24063,100.65168,马来西亚,霹雳州,曼绒县,,
5.2125,103.0782,马来西亚,登嘉樓州,马江县,,
5.83333,102.2,马来西亚,吉兰丹州,马樟县,,
6.02639,102.1595,马来西亚,吉兰丹州,哥打峇鲁县,,
5.78627,102.60917,马来西亚,登嘉樓州,勿述县,,
5.91667,102.13333,马来西亚,吉兰丹州,巴西马县,,
6.15,102.31667,马来西亚,吉兰丹州,哥打峇鲁县,,
5.98932,100.38389,马来西亚,吉打州,哥打士打县,,
6.16667,102.16667,马来西亚,吉兰丹州,道北县,,
5.96667,102.41667,马来西亚,吉兰丹州,万捷县,,
6.36667,100.35,马来西亚,吉打州,古邦巴素县,,
5.1299,103.1288,马来西亚,登嘉樓州,马江县,,
5.91667,102.38333,马来西亚,吉兰丹州,万捷县,,
5.80794,102.55531,马来西亚,登嘉樓州,勿述县,,
5.11673,103.05735,马来西亚,登嘉樓州,,,
5.95,102.31667,马来西亚,吉兰丹州,万捷县,,
6.3317,116.4017,马来西亚,沙巴州,古打毛律,,
2.56667,104.33333,马来西亚,柔佛州,丰盛港县,,
5.78333,102.48333,马来西亚,登嘉樓州,勿述县,,
6.2367,100.69572,马来西亚,吉打州,巴东得腊县,,
2.5,103.48333,马来西亚,柔佛州,丰盛港县,,
5.9639,116.3731,马来西亚,沙巴州,斗亚兰,,
6.3076,116.3595,马来西亚,沙巴州,古打毛律,,
5.96941,116.5499,马来西亚,沙巴州,兰瑙,,
5.8571,116.4901,马来西亚,沙巴州,担布南,,
4.77141,115.00238,马来西亚,砂拉越州,林梦,,Taman Damai B
6.3,100.43333,马来西亚,吉打州,古邦巴素县,,
5.58464,101.05997,马来西亚,霹雳州,上霹靂县,,
3.5746,103.3491,马来西亚,彭亨州,北根县,,
4.21667,101.28333,马来西亚,霹雳州,马登巴冷县,,Taman Ixora
3.7127,103.2948,马来西亚,彭亨州,关丹县,,
5.13333,102.03333,马来西亚,吉兰丹州,话望生县,,
5.9371,116.1457,马来西亚,沙巴州,兵南邦,,
5.9127,116.1462,马来西亚,沙巴州,兵南邦,,
4.459,102.4824,马来西亚,彭亨州,而连突县,,
5.46988,100.62653,马来西亚,吉打州,居林县,,
5.36667,117.7,马来西亚,沙巴州,京那巴当岸,,
5.3255,115.7013,马来西亚,沙巴州,保佛,,
6.16667,100.43333,马来西亚,吉打州,哥打士打县,,
5.48611,100.69564,马来西亚,吉打州,居林县,,
5.71066,100.39106,马来西亚,吉打州,瓜拉姆达县,,
6.1,100.43333,马来西亚,吉打州,哥打士打县,,
5.1436,103.1499,马来西亚,登嘉樓州,马江县,,
4.5,102.93333,马来西亚,登嘉樓州,龙运县,,
4.5624,102.9693,马来西亚,登嘉樓州,龙运县,,
3.8805,103.3551,马来西亚,彭亨州,关丹县,,
6.06667,100.35,马来西亚,吉打州,哥打士打县,,Taman Gunung Emas
5.70807,100.91702,马来西亚,吉打州,华玲县,,
5.60593,100.46697,马来西亚,吉打州,瓜拉姆达县,,
5.53901,100.38948,马来西亚,槟城州,威北县,,
5.42522,100.46415,马来西亚,槟城州,威中县,,
5.36667,100.56667,马来西亚,吉打州,居林县,双溪乌沥,Taman Kenari Zon 1
3.9898,101.0292,马来西亚,霹雳州,下霹雳县,,
5.88333,102.2,马来西亚,吉兰丹州,马樟县,,
5.2508,103.0991,马来西亚,登嘉樓州,马江县,,
6.26747,100.60993,马来西亚,吉打州,巴东得腊县,,
5.46164,100.46349,马来西亚,槟城州,威北县,,
2.2894,102.2474,马来西亚,马六甲州,马六甲中央县,,
5.83333,102.15,马来西亚,吉兰丹州,丹那美拉县,,
5.61667,100.65,马来西亚,吉打州,瓜拉姆达县,,
5.1924,102.8522,马来西亚,登嘉樓州,,,
5.52624,101.13503,马来西亚,霹雳州,上霹靂县,,
5.1729,102.916,马来西亚,登嘉樓州,士兆县,,
4.5178,100.6814,马来西亚,霹雳州,曼绒县,,
5.76667,102.23333,马来西亚,吉兰丹州,马樟县,,
2.4273,102.251,马来西亚,马六甲州,亚罗牙也县,,
6.34404,100.69032,马来西亚,吉打州,巴东得腊县,,
6.01667,102.31667,马来西亚,吉兰丹州,哥打峇鲁县,,
5.01667,102.63333,马来西亚,登嘉樓州,,,
3.48452,102.57282,马来西亚,彭亨州,马兰县,,
6.08333,100.33333,马来西亚,吉打州,哥打士打县,,Kampung Darussalam
5.2156,103.0783,马来西亚,登嘉樓州,马江县,,
5.92556,100.67555,马来西亚,吉打州,锡县,,
4.7819,100.9654,马来西亚,霹雳州,江沙县,,
6.1381,100.34677,马来西亚,吉打州,哥打士打县,,Taman Mergong Indah
5.30504,100.53998,马来西亚,吉打州,居林县,,
6.225,100.38847,马来西亚,吉打州,古邦巴素县,,
5.0269,103.2946,马来西亚,登嘉樓州,马江县,,
5.49141,100.70301,马来西亚,吉打州,居林县,,
6.11667,100.43333,马来西亚,吉打州,哥打士打县,,
5.95,102.2,马来西亚,吉兰丹州,巴西马县,,
6.3,100.48333,马来西亚,吉打州,古邦巴素县,,
6.30088,100.46819,马来西亚,吉打州,古邦巴素县,,
5.93333,100.53333,马来西亚,吉打州,本同县,,
5.2085,103.111,马来西亚,登嘉樓州,马江县,,
5.85,102.36667,马来西亚,吉兰丹州,巴西富地县,,
6.3,100.35,马来西亚,吉打州,古邦巴素县,,
5.989,101.9672,马来西亚,吉兰丹州,巴西马县,,
6.36667,100.45,马来西亚,吉打州,古邦巴素县,,
5.2592,103.0957,马来西亚,登嘉樓州,瓜拉登嘉楼县,,
5.2103,103.1074,马来西亚,登嘉樓州,马江县,,
5.55,100.56667,马来西亚,吉打州,瓜拉姆达县,,
5.49589,100.61318,马来西亚,吉打州,居林县,,
6.13333,102.15,马来西亚,吉兰丹州,道北县,,
5.2792,103.0683,马来西亚,登嘉樓州,瓜拉登嘉楼县,,
6.1,102.2,马来西亚,吉兰丹州,道北县,,
2.2633,102.5234,马来西亚,柔佛州,东甲县,,
5.7,102.5,马来西亚,登嘉樓州,勿述县,,
5.67297,102.62026,马来西亚,登嘉樓州,勿述县,,
5.95,102.26667,马来西亚,吉兰丹州,哥打峇鲁县,,
2.7431,102.1394,马来西亚,森美兰州,瓜拉庇劳县,,
2.5717,102.1048,马来西亚,森美兰州,林茂县,,
2.3663,102.5173,马来西亚,马六甲州,野新县,,Taman Kasturi
5.98333,102.28333,马来西亚,吉兰丹州,哥打峇鲁县,,
5.2364,103.0988,马来西亚,登嘉樓州,马江县,,
6.26261,100.60841,马来西亚,吉打州,巴东得腊县,,
6.03333,102.4,马来西亚,吉兰丹州,万捷县,,Taman Desa Irama
5.28749,100.50923,马来西亚,槟城州,威南县,,
5.0162,100.61654,马来西亚,霹雳州,吉辇县,,
4.93333,100.8,马来西亚,霹雳州,拉律峇登司南马县,,
3.8094,103.332,马来西亚,彭亨州,关丹县,,
2.796,102.3462,马来西亚,森美兰州,仁保县,,Taman Pelangi Juasseh
2.5137,102.8373,马来西亚,柔佛州,昔加末县,,
2.3863,102.1627,马来西亚,马六甲州,亚罗牙也县,,
6.45,100.41667,马来西亚,吉打州,古邦巴素县,,
5.4,101.11667,马来西亚,霹雳州,上霹靂县,,
6.18333,100.45,马来西亚,吉打州,哥打士打县,,
5.61838,100.6667,马来西亚,吉打州,华玲县,,
5.38477,100.57149,马来西亚,吉打州,居林县,,
2.3953,102.2463,马来西亚,马六甲州,亚罗牙也县,,
2.1924,102.289,马来西亚,马六甲州,马六甲中央县,,
4.61667,103.0,马来西亚,登嘉樓州,龙运县,,
5.88333,102.08333,马来西亚,吉兰丹州,丹那美拉县,,
6.45,100.4,马来西亚,吉打州,古邦巴素县,,
6.0,100.58333,马来西亚,吉打州,本同县,,
3.4766,102.3916,马来西亚,彭亨州,淡马鲁县,Songsang,Kampung Megat Segama
3.23333,101.53333,马来西亚,雪兰莪州,鹅唛县,,
2.3245,102.2891,马来西亚,马六甲州,亚罗牙也县,,
5.48333,100.45,马来西亚,槟城州,威北县,,
5.4086,103.044,马来西亚,登嘉樓州,瓜拉尼鲁斯县,,
2.31667,102.06667,马来西亚,马六甲州,亚罗牙也县,,
2.3143,102.2873,马来西亚,马六甲州,亚罗牙也县,榴梿洞葛,Taman Murai Jaya
3.8126,103.3211,马来西亚,彭亨州,关丹县,,
6.5,100.45,马来西亚,吉打州,古邦巴素县,,
5.2387,103.0765,马来西亚,登嘉樓州,马江县,,
3.05,102.16667,马来西亚,森美兰州,日叻务县,,
3.05,101.48333,马来西亚,雪兰莪州,巴生县,,
5.29397,100.53579,马来西亚,吉打州,居林县,,
6.00215,100.36016,马来西亚,吉打州,哥打士打县,,
2.228,102.2714,马来西亚,马六甲州,马六甲中央县,,
5.1191,103.2131,马来西亚,登嘉樓州,马江县,,
3.6077,103.381,马来西亚,彭亨州,关丹县,,
6.42309,100.42934,马来西亚,吉打州,古邦巴素县,,
6.19959,100.31978,马来西亚,吉打州,哥打士打县,,
6.29056,100.65814,马来西亚,吉打州,巴东得腊县,,
6.22311,100.36822,马来西亚,吉打州,古邦巴素县,,
6.50233,100.44472,马来西亚,吉打州,古邦巴素县,,
5.7,100.65,马来西亚,吉打州,瓜拉姆达县,,
5.03333,100.8,马来西亚,霹雳州,拉律峇登司南马县,,
5.57216,100.88233,马来西亚,吉打州,华玲县,,
5.65,100.83333,马来西亚,吉打州,华玲县,,
5.93333,100.68333,马来西亚,吉打州,锡县,,
6.03333,102.16667,马来西亚,吉兰丹州,哥打峇鲁县,,
5.68333,100.88333,马来西亚,吉打州,华玲县,,
4.75,100.96667,马来西亚,霹雳州,江沙县,武吉章当,
4.3247,100.908,马来西亚,霹雳州,中霹雳县,,Kampung Padang Marhum
5.81667,100.51667,马来西亚,吉打州,瓜拉姆达县,,
5.61667,100.73333,马来西亚,吉打州,华玲县,,
5.55,100.55,马来西亚,吉打州,居林县,,
3.4924,103.3766,马来西亚,彭亨州,北根县,Kampung Mengkasar,
5.95199,101.95681,马来西亚,吉兰丹州,巴西马县,,
5.65,102.48333,马来西亚,登嘉樓州,勿述县,,
2.6807,102.1547,马来西亚,森美兰州,瓜拉庇劳县,,
5.94268,100.43494,马来西亚,吉打州,铅县,,
4.8,100.71667,马来西亚,霹雳州,拉律峇登司南马县,,Taman Changkat Permai
2.4151,102.1567,马来西亚,马六甲州,亚罗牙也县,,
5.68199,100.97974,马来西亚,霹雳州,上霹靂县,,
5.53333,102.5,马来西亚,登嘉樓州,勿述县,,
3.21667,101.7,马来西亚,吉隆坡,,,Kampung Lembah Melewar
6.28293,100.55439,马来西亚,吉打州,巴东得腊县,,
5.3459,103.0747,马来西亚,登嘉樓州,瓜拉尼鲁斯县,,
5.51106,100.68783,马来西亚,吉打州,居林县,,
6.43094,100.42081,马来西亚,吉打州,古邦巴素县,,
6.38333,100.33333,马来西亚,吉打州,古邦巴素县,,
6.17453,100.32713,马来西亚,吉打州,哥打士打县,,
6.11667,102.11667,马来西亚,吉兰丹州,巴西马县,,
6.06667,100.45,马来西亚,吉打州,哥打士打县,,
5.71667,102.16667,马来西亚,吉兰丹州,马樟县,,
5.61667,100.46667,马来西亚,吉打州,瓜拉姆达县,,
5.43333,100.43333,马来西亚,槟城州,威北县,双溪赖,蒂莎慕尼花园
5.23709,100.55644,马来西亚,吉打州,万拉峇鲁县,,
5.18174,100.55316,马来西亚,吉打州,万拉峇鲁县,,
4.3493,102.3944,马来西亚,彭亨州,而连突县,,
4.08333,113.85,马来西亚,砂拉越州,苏必士,,
3.1952,101.8566,马来西亚,雪兰莪州,乌鲁冷岳县,,
3.0621,103.0084,马来西亚,彭亨州,云冰县,,
3.05,103.36667,马来西亚,彭亨州,北根县,,
2.499,102.1167,马来西亚,森美兰州,林茂县,,
2.4191,102.1854,马来西亚,马六甲州,亚罗牙也县,,
2.222,102.2211,马来西亚,马六甲州,马六甲中央县,,
1.9274,104.0765,马来西亚,柔佛州,哥打丁宜县,,
4.35327,102.1012,马来西亚,彭亨州,立卑县,,
5.03333,103.13333,马来西亚,登嘉樓州,,,
4.65,100.91667,马来西亚,霹雳州,江沙县,,
5.84386,102.53606,马来西亚,登嘉樓州,勿述县,,
5.26683,100.45776,马来西亚,槟城州,威南县,武吉淡汶,
2.603,102.1661,马来西亚,森美兰州,林茂县,,
4.78372,114.99614,马来西亚,砂拉越州,林梦,,Taman Desa Pabahanan
1.76667,103.78333,马来西亚,柔佛州,哥打丁宜县,,
1.45,110.06667,马来西亚,砂拉越州,石隆门,,
4.11667,113.86667,马来西亚,砂拉越州,苏必士,,
1.65028,109.77592,马来西亚,砂拉越州,伦乐,,
1.65441,109.78076,马来西亚,砂拉越州,伦乐,,
4.2338,103.3602,马来西亚,登嘉樓州,朱盖,,
5.0067,102.3838,马来西亚,吉兰丹州,话望生县,,
2.1826,102.7458,马来西亚,柔佛州,麻坡县,,
2.63028,103.60254,马来西亚,彭亨州,云冰县,,
4.78284,114.90289,马来西亚,砂拉越州,林梦,,
5.66667,102.53333,马来西亚,登嘉樓州,勿述县,,
5.2034,103.0474,马来西亚,登嘉樓州,马江县,,
5.26667,103.18333,马来西亚,登嘉樓州,瓜拉登嘉楼,,Kampung Pandak
4.6597,103.4169,马来西亚,登嘉樓州,龙运县,,
4.0331,100.8889,马来西亚,霹雳州,中霹雳县,,
3.56667,101.55,马来西亚,雪兰莪州,乌鲁雪兰莪县,,
5.4671,100.45378,马来西亚,槟城州,威北县,,
5.75,102.51667,马来西亚,登嘉樓州,勿述县,,
4.21667,103.43333,马来西亚,登嘉樓州,朱盖,,
4.21667,103.4,马来西亚,登嘉樓州,甘马挽县,,
3.9161,102.4303,马来西亚,彭亨州,而连突县,,
5.58963,102.80066,马来西亚,登嘉樓州,士兆县,,
2.6401,101.9523,马来西亚,森美兰州,芙蓉县,,
1.11667,110.93333,马来西亚,砂拉越州,实文然,,
1.18333,111.48333,马来西亚,砂拉越州,斯里阿曼,,
3.4379,102.6095,马来西亚,彭亨州,马兰县,,
1.21667,110.68333,马来西亚,砂拉越州,西连,,
4.48458,118.68367,马来西亚,沙巴州,仙本那,,
5.039,102.389,马来西亚,吉兰丹州,话望生县,,
2.5643,102.2324,马来西亚,森美兰州,瓜拉庇劳县,,
5.8749,116.3623,马来西亚,沙巴州,斗亚兰,,
5.2,115.6,马来西亚,沙巴州,保佛,,
5.9794,116.3993,马来西亚,沙巴州,斗亚兰,,
5.967,116.3875,马来西亚,沙巴州,斗亚兰,,
5.4598,115.588,马来西亚,沙巴州,保佛,,
5.9,116.45,马来西亚,沙巴州,担布南,,
5.8977,116.4576,马来西亚,沙巴州,担布南,,
5.8916,116.4532,马来西亚,沙巴州,担布南,,
4.5031,102.94017,马来西亚,登嘉樓州,龙运县,,
4.11667,102.23333,马来西亚,彭亨州,立卑县,,
5.9735,116.1257,马来西亚,沙巴州,亚庇,,
5.9233,116.0832,马来西亚,沙巴州,兵南邦,,Taman Palm Villa
5.7844,116.2762,马来西亚,沙巴州,兵南邦,,
5.25,100.76667,马来西亚,霹雳州,拉律峇登司南马县,,Simpang 3
1.55,110.61667,马来西亚,砂拉越州,,,
6.43333,100.42397,马来西亚,吉打州,古邦巴素县,,Taman Seri Changlun 2
6.1318,116.2112,马来西亚,沙巴州,斗亚兰,,
6.34488,100.42511,马来西亚,吉打州,古邦巴素县,,
1.4708,103.7438,马来西亚,柔佛州,新山县,北湖,Kampung Tarom
6.7045,116.7163,马来西亚,沙巴州,古达,,
4.332,117.8312,马来西亚,沙巴州,斗湖,,
1.4727,104.0499,马来西亚,柔佛州,哥打丁宜县,,
6.0,102.4,马来西亚,吉兰丹州,万捷县,,
5.0,100.45,马来西亚,霹雳州,吉辇县,,
5.3038,103.1487,马来西亚,登嘉樓州,瓜拉登嘉楼,Kampung Mengabang Tengah,
5.162,102.9892,马来西亚,登嘉樓州,,,
4.7764,103.4077,马来西亚,登嘉樓州,龙运县,,
5.8664,116.5795,马来西亚,沙巴州,兰瑙,,
1.51667,110.4,马来西亚,砂拉越州,古晋,,
4.96667,100.93333,马来西亚,霹雳州,江沙县,,
1.36667,110.26667,马来西亚,砂拉越州,石隆门,,
1.3797,110.0088,马来西亚,砂拉越州,石隆门,,
4.0699,102.2366,马来西亚,彭亨州,立卑县,,
4.6732,103.4015,马来西亚,登嘉樓州,龙运县,,
6.13333,100.51667,马来西亚,吉打州,波各先那县,,
5.81667,102.16667,马来西亚,吉兰丹州,丹那美拉县,,
5.69563,100.91845,马来西亚,吉打州,华玲县,,
6.18333,116.48333,马来西亚,沙巴州,古打毛律,,
4.78333,103.1,马来西亚,登嘉樓州,龙运县,,
2.5399,102.1188,马来西亚,森美兰州,林茂县,,
2.4604,102.0738,马来西亚,森美兰州,林茂县,,
5.28801,100.22653,马来西亚,槟城州,西南县,Bukit Gemuruh,
5.8876,116.0683,马来西亚,沙巴州,必打丹,,
5.8366,116.1472,马来西亚,沙巴州,兵南邦,,
6.0202,116.2265,马来西亚,沙巴州,亚庇,,
5.9434,116.0926,马来西亚,沙巴州,兵南邦,,
5.1605,103.0335,马来西亚,登嘉樓州,,,
6.03333,116.4,马来西亚,沙巴州,斗亚兰,,
4.18333,114.3,马来西亚,砂拉越州,马鲁帝,,
6.1095,116.2042,马来西亚,沙巴州,斗亚兰,,
4.5345,102.94544,马来西亚,登嘉樓州,龙运县,,
6.21667,116.43333,马来西亚,沙巴州,古打毛律,,
6.3419,116.3441,马来西亚,沙巴州,古打毛律,,
5.29102,100.27898,马来西亚,槟城州,西南县,,
3.83333,101.43333,马来西亚,霹雳州,慕亚林县,,
6.744,116.7091,马来西亚,沙巴州,古达,,
5.96477,116.59477,马来西亚,沙巴州,兰瑙,,
6.0518,116.75568,马来西亚,沙巴州,兰瑙,,
6.37443,100.42396,马来西亚,吉打州,古邦巴素县,,
6.36744,100.42713,马来西亚,吉打州,古邦巴素县,,
5.3897,115.6002,马来西亚,沙巴州,保佛,,
5.06667,115.55,马来西亚,沙巴州,实必丹,,
5.4232,116.9264,马来西亚,沙巴州,东革,,
5.7652,116.4371,马来西亚,沙巴州,担布南,,
2.45,102.18333,马来西亚,马六甲州,亚罗牙也县,,
5.95,117.31667,马来西亚,沙巴州,比鲁兰,,
6.46667,116.73333,马来西亚,沙巴州,哥打马鲁都,,
6.06354,100.55904,马来西亚,吉打州,本同县,,
6.03333,102.35,马来西亚,吉兰丹州,万捷县,,
5.80279,102.5367,马来西亚,登嘉樓州,勿述县,,
5.57337,100.41187,马来西亚,吉打州,瓜拉姆达县,,Kampung Sungai Korok
1.43333,110.51667,马来西亚,砂拉越州,哥打三马拉汉,,
1.43333,110.43333,马来西亚,砂拉越州,三马拉汉,,
1.46667,110.68333,马来西亚,砂拉越州,,,
1.25,111.5,马来西亚,砂拉越州,成邦江,,
5.16147,100.5123,马来西亚,槟城州,威南县,,
5.9102,116.1128,马来西亚,沙巴州,兵南邦,,
5.8755,116.6545,马来西亚,沙巴州,兰瑙,,
6.6781,116.7271,马来西亚,沙巴州,古达,,
5.95,100.56667,马来西亚,吉打州,本同县,,
5.83314,100.7674,马来西亚,吉打州,锡县,,
6.21667,100.61667,马来西亚,吉打州,巴东得腊县,,
5.11667,115.6,马来西亚,沙巴州,实必丹,,
6.1,116.66667,马来西亚,沙巴州,兰瑙,,
4.4244,100.976,马来西亚,霹雳州,近打县,,那拉新村
5.5463,115.5833,马来西亚,沙巴州,瓜拉班尤,,
1.36667,110.55,马来西亚,砂拉越州,实文然,,
5.82423,102.55688,马来西亚,登嘉樓州,勿述县,,
2.0853,102.6039,马来西亚,柔佛州,麻坡县,,
5.9375,116.7753,马来西亚,沙巴州,兰瑙,,
5.9353,116.4096,马来西亚,沙巴州,斗亚兰,,
2.56667,111.41667,马来西亚,砂拉越州,,,
5.31667,115.25,马来西亚,纳闽,纳闽市,,Taman En Su
6.16128,102.08591,马来西亚,吉兰丹州,道北县,,
6.21568,100.39185,马来西亚,吉打州,古邦巴素县,,
6.7017,116.6474,马来西亚,沙巴州,古达,,
4.01667,101.96667,马来西亚,彭亨州,立卑县,,
5.9489,116.4034,马来西亚,沙巴州,斗亚兰,,
3.45,102.05,马来西亚,彭亨州,文冬县,,
5.9928,116.3328,马来西亚,沙巴州,斗亚兰,,
5.9,100.65,马来西亚,吉打州,锡县,,
1.28333,110.5,马来西亚,砂拉越州,西连,,
5.9597,116.7598,马来西亚,沙巴州,兰瑙,,
5.85,102.08333,马来西亚,吉兰丹州,丹那美拉县,,
4.5203,102.5816,马来西亚,彭亨州,而连突县,,
1.51667,109.85,马来西亚,砂拉越州,伦乐,,
4.43888,118.70817,马来西亚,沙巴州,,,
4.71667,114.93333,马来西亚,砂拉越州,林梦,,
5.5579,115.5727,马来西亚,沙巴州,瓜拉班尤,,
2.5849,102.091,马来西亚,森美兰州,林茂县,,
2.6181,102.0825,马来西亚,森美兰州,林茂县,,
2.86667,102.25,马来西亚,森美兰州,瓜拉庇劳县,,
6.23333,116.38333,马来西亚,沙巴州,斗亚兰,,
1.21667,110.5,马来西亚,砂拉越州,西连,,Baki Ville
1.21296,110.60291,马来西亚,砂拉越州,西连,,
1.25,110.9,马来西亚,砂拉越州,实文然,,
1.3,110.4,马来西亚,砂拉越州,古晋,,
1.28885,110.40412,马来西亚,砂拉越州,古晋,,
6.03333,102.23333,马来西亚,吉兰丹州,哥打峇鲁县,Kedai Mulong,
2.7202,104.1778,马来西亚,,,,
0.89152,110.56656,马来西亚,砂拉越州,打必禄,,
6.684,116.6635,马来西亚,沙巴州,古达,,
1.05,110.71667,马来西亚,砂拉越州,西连,,
2.08333,111.2,马来西亚,砂拉越州,,,
4.53333,102.65,马来西亚,彭亨州,而连突县,,
1.55,110.58333,马来西亚,砂拉越州,,,
5.7927,116.0478,马来西亚,沙巴州,,,
2.20522,102.24954,马来西亚,马六甲州,马六甲中央县,,Kampung Pengkalan Rama Pantai
6.079,116.1998,马来西亚,沙巴州,亚庇,,
2.58333,102.81667,马来西亚,柔佛州,昔加末县,,
2.5804,102.8177,马来西亚,柔佛州,昔加末县,,
4.91667,101.05,马来西亚,霹雳州,江沙县,,Kampung Besi Api
6.15,102.21667,马来西亚,吉兰丹州,道北县,,Kampung Kepulau
2.8,101.8,马来西亚,森美兰州,芙蓉县,,
4.7641,103.4173,马来西亚,登嘉樓州,龙运县,Kampung Teluk Lipat,
5.93266,100.55248,马来西亚,吉打州,本同县,,
1.9587,102.9424,马来西亚,柔佛州,峇株巴辖县,,
1.8637,103.2986,马来西亚,柔佛州,居銮县,,
6.17694,100.42165,马来西亚,吉打州,哥打士打县,,
5.61868,100.45848,马来西亚,吉打州,瓜拉姆达县,,
5.36677,100.54873,马来西亚,吉打州,居林县,,Taman Seri Akasia
5.2848,115.537,马来西亚,沙巴州,保佛,,
5.8424,116.6065,马来西亚,沙巴州,兰瑙,,
5.4075,116.8875,马来西亚,沙巴州,东革,,
6.3447,116.6765,马来西亚,沙巴州,哥打马鲁都,,
4.7829,103.1091,马来西亚,登嘉樓州,龙运县,,
6.5452,116.5938,马来西亚,沙巴州,古打毛律,,
6.16667,116.38333,马来西亚,沙巴州,斗亚兰,,
5.7988,116.4702,马来西亚,沙巴州,担布南,,
2.5739,102.1173,马来西亚,森美兰州,林茂县,,
2.58,102.1679,马来西亚,森美兰州,林茂县,,
5.68333,115.95,马来西亚,沙巴州,,,
5.63333,102.23333,马来西亚,吉兰丹州,瓜拉吉赖县,,
5.44289,100.30521,马来西亚,槟城州,东北县,Central George Town,
5.24698,100.74389,马来西亚,霹雳州,拉律峇登司南马县,,
4.8,100.95,马来西亚,霹雳州,江沙县,Kota Lama Kanan,Kampung Pasir Batang Kulim
3.1656,101.8806,马来西亚,雪兰莪州,乌鲁冷岳县,,
5.36667,102.23333,马来西亚,吉兰丹州,瓜拉吉赖县,,
5.95,102.13333,马来西亚,吉兰丹州,巴西马县,,
3.13333,101.41667,马来西亚,雪兰莪州,巴生县,,Taman Meru Indah
2.6812,102.1494,马来西亚,森美兰州,瓜拉庇劳县,,
4.43333,100.91667,马来西亚,霹雳州,中霹雳县,,
3.16667,101.43333,马来西亚,雪兰莪州,巴生县,,
2.6676,102.144,马来西亚,森美兰州,瓜拉庇劳县,,
5.0,115.56667,马来西亚,沙巴州,实必丹,,
2.43849,103.83552,马来西亚,柔佛州,丰盛港县,,
1.16667,110.76667,马来西亚,砂拉越州,实文然,,
3.0029,102.9494,马来西亚,彭亨州,云冰县,,
5.06667,115.56667,马来西亚,沙巴州,实必丹,,
5.73333,116.9,马来西亚,沙巴州,兰瑙,,
5.35,115.21667,马来西亚,纳闽,纳闽市,,
6.14274,100.33704,马来西亚,吉打州,哥打士打县,,
2.5746,102.82675,马来西亚,柔佛州,昔加末县,,
1.45,110.4,马来西亚,砂拉越州,三马拉汉,Samarindah,
1.48333,110.4,马来西亚,砂拉越州,哥打巴达旺,,
1.46667,110.4,马来西亚,砂拉越州,哥打巴达旺,,
2.563,102.0517,马来西亚,森美兰州,林茂县,,
2.64844,102.58269,马来西亚,森美兰州,淡边县,,
5.2939,103.119,马来西亚,登嘉樓州,瓜拉登嘉楼县,Kampung Tok Ku Kir,
5.3509,102.8124,马来西亚,登嘉樓州,士兆县,,
5.77816,100.693,马来西亚,吉打州,锡县,,
5.88333,102.25,马来西亚,吉兰丹州,马樟县,,
6.4064,116.4144,马来西亚,沙巴州,古打毛律,,
5.5,102.2,马来西亚,吉兰丹州,瓜拉吉赖县,,
4.3336,100.73,马来西亚,霹雳州,曼绒县,,
3.8946,102.4222,马来西亚,彭亨州,而连突县,,
2.9431,102.0851,马来西亚,森美兰州,日叻务县,,
6.01667,102.08333,马来西亚,吉兰丹州,巴西马县,Bandar Baru Pasir Mas,
3.03333,102.08333,马来西亚,森美兰州,日叻务县,,
2.7376,101.9478,马来西亚,森美兰州,芙蓉县,沉香,
4.7318,114.83231,马来西亚,砂拉越州,林梦,,
2.1835,102.6394,马来西亚,柔佛州,东甲县,,
4.5161,101.0894,马来西亚,霹雳州,近打县,,
1.31667,110.46667,马来西亚,砂拉越州,西连,,
1.1,110.6,马来西亚,砂拉越州,西连,,
1.11667,110.31667,马来西亚,砂拉越州,打必禄,,
1.10778,110.33768,马来西亚,砂拉越州,打必禄,,
4.64687,103.03134,马来西亚,登嘉樓州,龙运县,,
4.18333,101.2,马来西亚,霹雳州,马登巴冷县,,
3.5364,102.8175,马来西亚,彭亨州,马兰县,,
5.3,103.16667,马来西亚,登嘉樓州,瓜拉登嘉楼,Kampung Mengabang Tengah,
5.46667,103.01667,马来西亚,登嘉樓州,瓜拉尼鲁斯县,,
5.45,103.03333,马来西亚,登嘉樓州,瓜拉尼鲁斯县,Kampung Wakaf Cagak,
6.11667,102.38333,马来西亚,吉兰丹州,万捷县,,
5.25,103.15,马来西亚,登嘉樓州,瓜拉登嘉楼,Kampung Bukit,
2.5003,103.8055,马来西亚,柔佛州,丰盛港县,,
4.1509,102.1869,马来西亚,彭亨州,立卑县,,
0.9259,110.57253,马来西亚,砂拉越州,打必禄,,
0.92553,110.56996,马来西亚,砂拉越州,打必禄,,
0.99541,110.59399,马来西亚,砂拉越州,西连,,
0.98787,110.60542,马来西亚,砂拉越州,西连,,
2.1336,102.4161,马来西亚,马六甲州,野新县,,
3.45,103.0511,马来西亚,彭亨州,北根县,,
2.2875,102.4538,马来西亚,马六甲州,野新县,,
5.21667,100.7,马来西亚,霹雳州,拉律峇登司南马县,,
3.1198,102.2316,马来西亚,森美兰州,日叻务县,,
1.0,110.58333,马来西亚,砂拉越州,西连,,
2.7643,102.7292,马来西亚,柔佛州,昔加末县,,
2.64878,102.73225,马来西亚,柔佛州,昔加末县,,
5.8672,116.5302,马来西亚,沙巴州,担布南,,
6.22937,100.47735,马来西亚,吉打州,波各先那县,,
6.2648,116.3332,马来西亚,沙巴州,斗亚兰,,
5.73298,116.99696,马来西亚,沙巴州,特鲁必,,
1.31667,110.36667,马来西亚,砂拉越州,古晋,,
3.919,101.9004,马来西亚,彭亨州,劳勿县,,
2.5294,102.8191,马来西亚,柔佛州,昔加末县,,
5.37569,100.51479,马来西亚,槟城州,威中县,,
5.65,100.78333,马来西亚,吉打州,华玲县,,
5.42616,100.4838,马来西亚,槟城州,威中县,,
5.40013,100.49832,马来西亚,槟城州,威中县,,
3.5028,103.3799,马来西亚,彭亨州,北根县,Kampung Mengkasar,
6.5291,116.6179,马来西亚,沙巴州,哥打马鲁都,,
4.77349,114.91426,马来西亚,砂拉越州,林梦,,
5.76667,102.11667,马来西亚,吉兰丹州,丹那美拉县,,
6.05,116.23333,马来西亚,沙巴州,斗亚兰,,
1.63323,109.79377,马来西亚,砂拉越州,伦乐,,
6.1718,116.917,马来西亚,沙巴州,兰瑙,,
5.8692,116.351,马来西亚,沙巴州,斗亚兰,,
4.45215,101.19124,马来西亚,霹雳州,金宝县,,
4.38841,101.21139,马来西亚,霹雳州,金宝县,,
4.01667,101.33333,马来西亚,霹雳州,马登巴冷县,,
4.28333,101.11667,马来西亚,霹雳州,金宝县,,
3.06,103.0014,马来西亚,彭亨州,云冰县,,
4.34569,118.57289,马来西亚,沙巴州,仙本那,,
4.17451,102.18019,马来西亚,彭亨州,立卑县,,
1.5164,104.0494,马来西亚,柔佛州,哥打丁宜县,,
4.78333,103.06667,马来西亚,登嘉樓州,龙运县,,
2.9,103.4,马来西亚,彭亨州,云冰县,,
4.1062,102.2412,马来西亚,彭亨州,立卑县,,
6.12908,100.34627,马来西亚,吉打州,哥打士打县,,Taman Tenaga Nasional
3.20188,103.37011,马来西亚,彭亨州,北根县,,
3.5198,102.173,马来西亚,彭亨州,淡马鲁县,,
2.7533,102.1433,马来西亚,森美兰州,瓜拉庇劳县,,
2.7509,102.1374,马来西亚,森美兰州,瓜拉庇劳县,,
4.24381,118.02277,马来西亚,沙巴州,斗湖,,
5.81528,100.89625,马来西亚,吉打州,华玲县,,
2.8288,101.6874,马来西亚,雪兰莪州,雪邦县,哥打华丽山,
6.6926,116.7253,马来西亚,沙巴州,古达,,
2.41451,103.77828,马来西亚,柔佛州,丰盛港县,,
1.9772,102.9248,马来西亚,柔佛州,峇株巴辖县,,
3.7472,101.1028,马来西亚,霹雳州,峇眼拿督县,,
5.0,100.8,马来西亚,霹雳州,拉律峇登司南马县,,Taman Kurau Damai
2.4441,102.886,马来西亚,柔佛州,昔加末县,,
2.2743,102.6199,马来西亚,柔佛州,东甲县,,
1.5122,103.7546,马来西亚,柔佛州,新山县,班兰,Kampung Melayu Majidee
3.06667,101.55,马来西亚,雪兰莪州,八打灵县,,
3.709,103.106,马来西亚,彭亨州,关丹县,,
4.93333,100.71667,马来西亚,霹雳州,拉律峇登司南马县,,
4.2291,100.9249,马来西亚,霹雳州,中霹雳县,,
3.91667,103.31667,马来西亚,彭亨州,关丹县,,
3.4732,102.8939,马来西亚,彭亨州,北根县,,
2.04136,103.32484,马来西亚,柔佛州,居銮县,,
4.9011,115.3995,马来西亚,砂拉越州,老越,,
5.76667,115.96667,马来西亚,沙巴州,,,Taman Pengalat Besar
6.2184,116.9421,马来西亚,沙巴州,兰瑙,,
4.1694,117.8721,马来西亚,沙巴州,加拉巴干,,
6.0865,116.1519,马来西亚,沙巴州,亚庇,,实邦加
4.3708,117.8168,马来西亚,沙巴州,斗湖,,
5.73333,117.08333,马来西亚,沙巴州,特鲁必,,
2.426,102.4706,马来西亚,马六甲州,野新县,,
2.7569,102.3199,马来西亚,森美兰州,瓜拉庇劳县,,
4.35059,118.5334,马来西亚,沙巴州,,,
3.1635,102.224,马来西亚,彭亨州,文冬县,,
6.0,100.83333,马来西亚,吉打州,锡县,,
4.96667,102.71667,马来西亚,登嘉樓州,,,
4.33333,102.03333,马来西亚,彭亨州,立卑县,,
4.78444,114.95312,马来西亚,砂拉越州,林梦,,
1.46667,110.43333,马来西亚,砂拉越州,哥打三马拉汉,,
4.06641,102.27506,马来西亚,彭亨州,立卑县,,
2.7855,101.7033,马来西亚,雪兰莪州,雪邦县,,
5.0236,102.9855,马来西亚,登嘉樓州,,,
5.7834,116.2751,马来西亚,沙巴州,兵南邦,,
5.948,116.5726,马来西亚,沙巴州,兰瑙,,
6.33209,100.33545,马来西亚,吉打州,古邦巴素县,,
1.71667,111.36667,马来西亚,砂拉越州,砂拉卓,,
5.25,100.71667,马来西亚,霹雳州,拉律峇登司南马县,,
3.36667,103.11667,马来西亚,彭亨州,北根县,,
2.7906,101.9878,马来西亚,森美兰州,芙蓉县,,
2.546,102.1404,马来西亚,森美兰州,林茂县,,
3.48333,102.8,马来西亚,彭亨州,马兰县,,
0.98925,110.55867,马来西亚,砂拉越州,西连,,
5.7768,116.4284,马来西亚,沙巴州,担布南,,
5.8978,116.5767,马来西亚,沙巴州,兰瑙,,
5.4,115.58333,马来西亚,沙巴州,保佛,,
6.06667,102.13333,马来西亚,吉兰丹州,巴西马县,,
2.46667,101.93333,马来西亚,森美兰州,波德申县,,
5.60643,100.48651,马来西亚,吉打州,瓜拉姆达县,,峇甲亚兰花园
5.13248,100.57696,马来西亚,吉打州,万拉峇鲁县,,
5.56667,100.41667,马来西亚,吉打州,瓜拉姆达县,,
5.07445,100.60167,马来西亚,霹雳州,吉辇县,,
4.96667,100.65,马来西亚,霹雳州,吉辇县,,
4.76667,100.68333,马来西亚,霹雳州,拉律峇登司南马县,,
3.51667,102.78333,马来西亚,彭亨州,马兰县,,
6.1,100.5,马来西亚,吉打州,波各先那县,,
5.56667,100.48333,马来西亚,吉打州,瓜拉姆达县,,
5.02354,100.55868,马来西亚,霹雳州,吉辇县,,
4.8,100.7,马来西亚,霹雳州,拉律峇登司南马县,,Taman Matang Damai
5.02203,100.50513,马来西亚,霹雳州,吉辇县,,
4.78333,100.68333,马来西亚,霹雳州,拉律峇登司南马县,,
5.55,100.63333,马来西亚,吉打州,居林县,双溪加拉岸,
5.55,100.61667,马来西亚,吉打州,居林县,,
5.58333,100.48333,马来西亚,吉打州,瓜拉姆达县,,
4.88333,100.65,马来西亚,霹雳州,拉律峇登司南马县,,
4.85,100.66667,马来西亚,霹雳州,拉律峇登司南马县,,
4.519,100.6725,马来西亚,霹雳州,曼绒县,,
5.11667,100.56667,马来西亚,吉打州,万拉峇鲁县,,
4.9552,103.0631,马来西亚,登嘉樓州,,,
4.80061,102.31346,马来西亚,吉兰丹州,话望生县,,
1.20855,110.0958,马来西亚,砂拉越州,石隆门,,
5.30118,100.22447,马来西亚,槟城州,西南县,Bukit Gemuruh,
5.5452,115.5525,马来西亚,沙巴州,瓜拉班尤,,
5.86667,102.18333,马来西亚,吉兰丹州,马樟县,,
5.76667,102.18333,马来西亚,吉兰丹州,马樟县,,
5.61077,102.49473,马来西亚,登嘉樓州,勿述县,,
2.8683,102.2639,马来西亚,森美兰州,瓜拉庇劳县,,
6.01667,100.4,马来西亚,吉打州,本同县,,
2.6096,102.0762,马来西亚,森美兰州,林茂县,,
2.4079,102.1666,马来西亚,马六甲州,亚罗牙也县,,
6.12865,100.47201,马来西亚,吉打州,波各先那县,,
2.5399,102.3925,马来西亚,森美兰州,淡边县,,
5.86667,100.38333,马来西亚,吉打州,铅县,,
4.33333,103.48333,马来西亚,登嘉樓州,甘马挽县,,
5.2924,103.1434,马来西亚,登嘉樓州,瓜拉登嘉楼县,,
5.1992,103.2165,马来西亚,登嘉樓州,马江县,,
5.22661,100.49226,马来西亚,槟城州,威南县,双溪峇甲,
6.43917,100.41486,马来西亚,吉打州,古邦巴素县,,
6.36667,100.48333,马来西亚,吉打州,古邦巴素县,,
6.3243,100.57397,马来西亚,吉打州,巴东得腊县,,
6.21744,100.35114,马来西亚,吉打州,哥打士打县,,
6.11667,100.61667,马来西亚,吉打州,波各先那县,,
5.70584,100.91287,马来西亚,吉打州,华玲县,,Pekan Baling
5.29491,100.22673,马来西亚,槟城州,西南县,Bukit Gemuruh,
5.28531,100.28265,马来西亚,槟城州,西南县,,Residence @ Southbay
5.17767,100.54876,马来西亚,吉打州,万拉峇鲁县,,
4.7,100.93333,马来西亚,霹雳州,江沙县,星江,
3.8781,102.4223,马来西亚,彭亨州,而连突县,,
3.8603,103.3662,马来西亚,彭亨州,关丹县,,
2.8137,101.8872,马来西亚,森美兰州,芙蓉县,,
2.5677,102.2535,马来西亚,森美兰州,瓜拉庇劳县,,
2.6012,101.9672,马来西亚,森美兰州,芙蓉县,,
2.53104,111.43369,马来西亚,砂拉越州,,,
1.3705,104.2515,马来西亚,柔佛州,哥打丁宜县,,
5.9,100.75,马来西亚,吉打州,锡县,,
4.696,103.0941,马来西亚,登嘉樓州,龙运县,,
1.71408,109.86444,马来西亚,砂拉越州,伦乐,,
5.8665,116.0473,马来西亚,沙巴州,必打丹,,
4.01667,114.3,马来西亚,砂拉越州,马鲁帝,,
6.7374,116.6548,马来西亚,沙巴州,古达,,
4.05,102.3,马来西亚,彭亨州,而连突县,,
1.20642,110.24387,马来西亚,砂拉越州,古晋,,
1.43333,110.45,马来西亚,砂拉越州,三马拉汉,,
4.85,100.93333,马来西亚,霹雳州,江沙县,,Kampung Ulu Ribu
5.4319,116.2459,马来西亚,沙巴州,根地咬,,
6.3159,116.7338,马来西亚,沙巴州,哥打马鲁都,,
5.958,116.687,马来西亚,沙巴州,兰瑙,,
6.05,102.31667,马来西亚,吉兰丹州,哥打峇鲁县,,
6.1657,116.2232,马来西亚,沙巴州,斗亚兰,,
0.92425,110.47952,马来西亚,砂拉越州,打必禄,,
5.28333,117.18333,马来西亚,沙巴州,东革,,
1.5,110.48333,马来西亚,砂拉越州,三马拉汉,,
1.26667,110.4,马来西亚,砂拉越州,古晋,,
5.4796,115.5257,马来西亚,沙巴州,瓜拉班尤,,
6.2858,116.4326,马来西亚,沙巴州,古打毛律,,
4.08166,102.31994,马来西亚,彭亨州,而连突县,,
5.5445,115.5672,马来西亚,沙巴州,瓜拉班尤,,
5.48333,115.53333,马来西亚,沙巴州,瓜拉班尤,,
5.51667,116.9,马来西亚,沙巴州,东革,,
5.8343,116.1798,马来西亚,沙巴州,兵南邦,,
2.8163,101.8883,马来西亚,森美兰州,芙蓉县,,
2.8285,101.8881,马来西亚,森美兰州,芙蓉县,,Taman Akasia
2.687,101.9229,马来西亚,森美兰州,芙蓉县,,
6.70717,116.35579,马来西亚,沙巴州,,,
2.45,102.4713,马来西亚,森美兰州,淡边县,,
2.439,102.4735,马来西亚,马六甲州,野新县,,
1.51667,110.83333,马来西亚,砂拉越州,实文然,,
6.0217,116.1756,马来西亚,沙巴州,亚庇,,
5.87396,117.23191,马来西亚,沙巴州,特鲁必,,
4.08333,113.83333,马来西亚,砂拉越州,苏必士,,
6.00853,100.49192,马来西亚,吉打州,本同县,,
2.8806,103.3739,马来西亚,彭亨州,云冰县,,
1.66772,109.97073,马来西亚,砂拉越州,伦乐,,
5.62568,102.79544,马来西亚,登嘉樓州,士兆县,,
1.71739,110.32138,马来西亚,砂拉越州,古晋,,
6.5594,116.6576,马来西亚,沙巴州,哥打马鲁都,,
3.4198,102.0489,马来西亚,彭亨州,文冬县,,Taman Wijaya
6.3108,100.67541,马来西亚,吉打州,巴东得腊县,,
5.98333,100.46667,马来西亚,吉打州,本同县,,
6.31667,100.3,马来西亚,吉打州,古邦巴素县,,
6.2725,100.44321,马来西亚,吉打州,古邦巴素县,,
5.55,100.58333,马来西亚,吉打州,瓜拉姆达县,,
6.1993,116.7651,马来西亚,沙巴州,兰瑙,,
5.5632,115.584,马来西亚,沙巴州,瓜拉班尤,,
5.38333,115.41667,马来西亚,沙巴州,瓜拉班尤,,
5.3298,100.27752,马来西亚,槟城州,西南县,,
5.29481,100.48678,马来西亚,槟城州,威中县,峇冬丁宜,
3.65616,101.55723,马来西亚,雪兰莪州,乌鲁雪兰莪县,,
3.43333,102.43333,马来西亚,彭亨州,淡马鲁县,,
2.7792,101.9915,马来西亚,森美兰州,芙蓉县,,
3.6494,101.56222,马来西亚,雪兰莪州,乌鲁雪兰莪县,,
1.36667,110.53333,马来西亚,砂拉越州,三马拉汉,,
5.879,116.371,马来西亚,沙巴州,斗亚兰,,
2.8483,101.9624,马来西亚,森美兰州,芙蓉县,,
6.6648,116.6212,马来西亚,沙巴州,古打毛律,,
6.319,116.416,马来西亚,沙巴州,古打毛律,,
4.56667,100.93333,马来西亚,霹雳州,江沙县,,
6.6389,116.5909,马来西亚,沙巴州,古打毛律,,
2.23333,111.2,马来西亚,砂拉越州,,,
5.376,115.7075,马来西亚,沙巴州,保佛,,
5.8,102.11667,马来西亚,吉兰丹州,丹那美拉县,,
6.2686,116.2618,马来西亚,沙巴州,斗亚兰,,
2.5622,102.0976,马来西亚,森美兰州,林茂县,,
2.5437,102.1121,马来西亚,森美兰州,林茂县,,
5.45,102.15,马来西亚,吉兰丹州,瓜拉吉赖县,,
1.36667,110.35,马来西亚,砂拉越州,古晋,,
2.663,101.9149,马来西亚,森美兰州,芙蓉县,,Rumah Murah Mambau
6.30385,100.40699,马来西亚,吉打州,古邦巴素县,,
3.4668,103.0279,马来西亚,彭亨州,北根县,,
3.46667,103.03333,马来西亚,彭亨州,北根县,,
5.9598,116.1188,马来西亚,沙巴州,亚庇,,
5.03333,115.55,马来西亚,沙巴州,实必丹,,
5.76667,115.98333,马来西亚,沙巴州,,,
4.33333,101.11667,马来西亚,霹雳州,金宝县,,
4.11667,101.96667,马来西亚,彭亨州,立卑县,,
5.96667,102.3,马来西亚,吉兰丹州,哥打峇鲁县,,
6.35062,100.34783,马来西亚,吉打州,古邦巴素县,,
6.23333,116.46667,马来西亚,沙巴州,古打毛律,,
6.28658,100.56331,马来西亚,吉打州,巴东得腊县,,
6.2779,100.45024,马来西亚,吉打州,古邦巴素县,,
1.35,110.78333,马来西亚,砂拉越州,实文然,,
6.16667,116.48333,马来西亚,沙巴州,古打毛律,,
6.1515,116.5129,马来西亚,沙巴州,古打毛律,,
6.1,116.28333,马来西亚,沙巴州,斗亚兰,,
6.1366,116.2126,马来西亚,沙巴州,斗亚兰,,
5.7,102.06667,马来西亚,吉兰丹州,丹那美拉县,,
5.2854,116.9694,马来西亚,沙巴州,东革,,
3.8162,103.3532,马来西亚,彭亨州,关丹县,Kampung Kubang Buaya,
5.79009,101.97272,马来西亚,吉兰丹州,丹那美拉县,,
2.1973,102.3095,马来西亚,马六甲州,马六甲中央县,,
6.18333,102.21667,马来西亚,吉兰丹州,道北县,,Kampung Chat
6.1,102.06667,马来西亚,吉兰丹州,巴西马县,,
5.95,102.3,马来西亚,吉兰丹州,万捷县,,
5.2269,103.1274,马来西亚,登嘉樓州,瓜拉登嘉楼县,,
5.84756,101.9408,马来西亚,吉兰丹州,丹那美拉县,,
4.3566,102.10907,马来西亚,彭亨州,立卑县,,
4.25,103.4,马来西亚,登嘉樓州,甘马挽县,,Taman Desa Solehah
5.21813,100.49879,马来西亚,槟城州,威南县,,
6.1314,116.9554,马来西亚,沙巴州,兰瑙,,
1.7346,103.9109,马来西亚,柔佛州,哥打丁宜县,,
5.81667,101.53333,马来西亚,霹雳州,上霹靂县,,
2.0372,103.3234,马来西亚,柔佛州,居銮县,,
2.8679,102.2199,马来西亚,森美兰州,瓜拉庇劳县,,
5.3998,116.2368,马来西亚,沙巴州,根地咬,,
3.55,102.45,马来西亚,彭亨州,淡马鲁县,,
6.6567,116.6954,马来西亚,沙巴州,哥打马鲁都,,
2.8363,101.8287,马来西亚,森美兰州,芙蓉县,,
5.9241,116.1648,马来西亚,沙巴州,兵南邦,,
5.5,115.76667,马来西亚,沙巴州,保佛,,
1.883,103.2628,马来西亚,柔佛州,居銮县,,Taman Murni Jaya
4.2641,103.2736,马来西亚,登嘉樓州,甘马挽县,,
2.86667,101.88333,马来西亚,森美兰州,芙蓉县,,
5.169,102.9598,马来西亚,登嘉樓州,,,
5.1077,103.1458,马来西亚,登嘉樓州,马江县,,
3.4863,102.5995,马来西亚,彭亨州,马兰县,,
5.53341,100.7047,马来西亚,吉打州,华玲县,,
5.33783,100.51527,马来西亚,槟城州,威中县,,
6.06667,102.15,马来西亚,吉兰丹州,巴西马县,,
5.73333,100.51667,马来西亚,吉打州,瓜拉姆达县,,
5.0201,103.0862,马来西亚,登嘉樓州,,,
2.5726,102.7603,马来西亚,柔佛州,昔加末县,,
4.06667,113.85,马来西亚,砂拉越州,苏必士,,
1.48333,110.85,马来西亚,砂拉越州,实文然,,
1.66667,109.85,马来西亚,砂拉越州,伦乐,,
6.0,102.2,马来西亚,吉兰丹州,哥打峇鲁县,,
1.4875,103.8298,马来西亚,柔佛州,新山县,百万镇,
5.9329,116.3166,马来西亚,沙巴州,斗亚兰,,
4.2256,100.6774,马来西亚,霹雳州,曼绒县,,
4.8702,115.3049,马来西亚,砂拉越州,老越,,
5.9142,116.3936,马来西亚,沙巴州,斗亚兰,,
2.8971,101.9264,马来西亚,森美兰州,芙蓉县,,
4.5489,118.5744,马来西亚,沙巴州,仙本那,,
5.15,102.1,马来西亚,吉兰丹州,话望生县,,
5.3642,115.6078,马来西亚,沙巴州,保佛,,
2.5692,101.835,马来西亚,森美兰州,波德申县,芦骨,斯里巴力新村
5.7807,116.6057,马来西亚,沙巴州,兰瑙,,
6.5178,116.5805,马来西亚,沙巴州,古打毛律,,
6.5247,116.5981,马来西亚,沙巴州,古打毛律,,
6.44622,116.52591,马来西亚,沙巴州,古打毛律,,
5.15,115.6,马来西亚,沙巴州,实必丹,,
5.0545,103.1062,马来西亚,登嘉樓州,,,
6.05,100.86667,马来西亚,吉打州,锡县,,
4.73333,103.31667,马来西亚,登嘉樓州,龙运县,,
4.4351,101.1819,马来西亚,霹雳州,金宝县,,
4.73802,114.84073,马来西亚,砂拉越州,林梦,,
5.38333,115.23333,马来西亚,纳闽,,,
5.91667,102.36667,马来西亚,吉兰丹州,万捷县,,
2.87337,101.8561,马来西亚,雪兰莪州,乌鲁冷岳县,,
6.01667,102.15,马来西亚,吉兰丹州,巴西马县,,
5.956,101.94712,马来西亚,吉兰丹州,巴西马县,,
2.4682,102.8163,马来西亚,柔佛州,昔加末县,,
6.16667,102.2,马来西亚,吉兰丹州,道北县,,
4.6853,103.0505,马来西亚,登嘉樓州,龙运县,,
4.88333,115.18333,马来西亚,砂拉越州,老越,,
3.6931,101.5083,马来西亚,霹雳州,慕亚林县,,Taman Pelangi
2.3752,102.0651,马来西亚,马六甲州,亚罗牙也县,,
5.88346,100.55419,马来西亚,吉打州,本同县,,
4.38333,100.71667,马来西亚,霹雳州,曼绒县,,
3.7603,101.0737,马来西亚,雪兰莪州,沙白安南县,,
6.1,100.4,马来西亚,吉打州,哥打士打县,,
6.08333,102.31667,马来西亚,吉兰丹州,哥打峇鲁县,,
4.78917,114.88266,马来西亚,砂拉越州,林梦,,
6.25324,100.23828,马来西亚,吉打州,古邦巴素县,,
5.38333,115.25,马来西亚,纳闽,,,
4.8879,103.0441,马来西亚,登嘉樓州,,,
6.14041,100.36271,马来西亚,吉打州,哥打士打县,,
5.1304,103.0922,马来西亚,登嘉樓州,马江县,,
3.341,102.5048,马来西亚,彭亨州,百乐县,,
5.95,102.23333,马来西亚,吉兰丹州,哥打峇鲁县,,
5.45,102.83333,马来西亚,登嘉樓州,士兆县,,Taman Bukit Perdana
5.66667,102.48333,马来西亚,登嘉樓州,勿述县,,
5.1574,103.1049,马来西亚,登嘉樓州,马江县,,
5.0033,102.9879,马来西亚,登嘉樓州,,,
6.2987,116.2861,马来西亚,沙巴州,斗亚兰,,
3.70289,101.55575,马来西亚,霹雳州,慕亚林县,,
4.75424,103.09392,马来西亚,登嘉樓州,龙运县,,
4.74887,103.09079,马来西亚,登嘉樓州,龙运县,,
1.60176,109.77854,马来西亚,砂拉越州,伦乐,,
2.4112,103.81505,马来西亚,柔佛州,丰盛港县,,
4.25,101.25,马来西亚,霹雳州,马登巴冷县,,
5.56667,100.66667,马来西亚,吉打州,华玲县,,
6.08333,100.45,马来西亚,吉打州,哥打士打县,,
3.9785,100.8121,马来西亚,霹雳州,峇眼拿督县,,
3.4008,102.5401,马来西亚,彭亨州,百乐县,,
3.4816,102.3835,马来西亚,彭亨州,淡马鲁县,Songsang,Taman Sri Semantan Permai
2.6747,102.7338,马来西亚,柔佛州,昔加末县,,
3.5093,102.1994,马来西亚,彭亨州,淡马鲁县,,
4.18333,101.91667,马来西亚,彭亨州,立卑县,,
5.93333,102.26667,马来西亚,吉兰丹州,哥打峇鲁县,,
5.13333,101.03333,马来西亚,霹雳州,上霹靂县,,
5.9,102.1,马来西亚,吉兰丹州,丹那美拉县,,
5.55,100.6,马来西亚,吉打州,居林县,双溪加拉岸,
2.6332,102.6363,马来西亚,柔佛州,昔加末县,,
2.4326,102.1762,马来西亚,马六甲州,亚罗牙也县,,
3.1828,101.8528,马来西亚,雪兰莪州,乌鲁冷岳县,,
2.7705,102.73,马来西亚,柔佛州,昔加末县,,
3.4189,102.4298,马来西亚,彭亨州,淡马鲁县,,
6.23333,100.4,马来西亚,吉打州,古邦巴素县,,
5.58333,102.16667,马来西亚,吉兰丹州,瓜拉吉赖县,,
3.4939,102.4268,马来西亚,彭亨州,淡马鲁县,,
4.2,101.28333,马来西亚,霹雳州,马登巴冷县,,
5.79353,100.38163,马来西亚,吉打州,铅县,,
2.5412,102.7721,马来西亚,柔佛州,昔加末县,,
5.63333,100.81667,马来西亚,吉打州,华玲县,,
6.18333,102.2,马来西亚,吉兰丹州,道北县,,
2.6567,102.5154,马来西亚,森美兰州,淡边县,,
6.28169,100.57621,马来西亚,吉打州,巴东得腊县,,
6.29654,100.45571,马来西亚,吉打州,古邦巴素县,,
2.67871,103.55384,马来西亚,彭亨州,云冰县,,
6.0381,101.996,马来西亚,吉兰丹州,巴西马县,,
6.3,100.21667,马来西亚,玻璃市州,古邦巴素县,,
6.00423,100.55683,马来西亚,吉打州,本同县,,
5.32166,100.73544,马来西亚,吉打州,居林县,,
5.81667,100.61667,马来西亚,吉打州,瓜拉姆达县,,Taman Jiwa Murni
3.48333,102.75,马来西亚,彭亨州,马兰县,,
2.6139,102.8066,马来西亚,柔佛州,昔加末县,,
5.13333,101.08333,马来西亚,霹雳州,上霹靂县,,
6.05,102.11667,马来西亚,吉兰丹州,巴西马县,,
5.2001,103.0129,马来西亚,登嘉樓州,,,
2.45,102.11667,马来西亚,马六甲州,亚罗牙也县,,
5.2563,102.9379,马来西亚,登嘉樓州,士兆县,,
5.80211,100.37055,马来西亚,吉打州,铅县,,
5.76518,100.7628,马来西亚,吉打州,锡县,,
4.3,100.96667,马来西亚,霹雳州,中霹雳县,,
5.82355,100.76562,马来西亚,吉打州,锡县,,
5.84109,100.88891,马来西亚,吉打州,华玲县,,
4.58908,103.22307,马来西亚,登嘉樓州,龙运县,,
4.31731,103.25433,马来西亚,登嘉樓州,甘马挽县,,
6.21667,100.48333,马来西亚,吉打州,波各先那县,,
5.78438,102.52672,马来西亚,登嘉樓州,勿述县,,
5.66667,100.86667,马来西亚,吉打州,华玲县,,
5.1624,103.1094,马来西亚,登嘉樓州,马江县,,
4.1931,103.2896,马来西亚,登嘉樓州,甘马挽县,,
2.9555,102.9301,马来西亚,彭亨州,云冰县,,
2.5015,102.8071,马来西亚,柔佛州,昔加末县,,
6.03333,102.06667,马来西亚,吉兰丹州,巴西马县,,
4.73333,103.21667,马来西亚,登嘉樓州,龙运县,,
2.4785,102.7173,马来西亚,柔佛州,昔加末县,,
5.83686,100.88895,马来西亚,吉打州,华玲县,,
6.46667,100.48333,马来西亚,吉打州,古邦巴素县,,
1.35,110.53333,马来西亚,砂拉越州,西连,,
5.85,102.1,马来西亚,吉兰丹州,丹那美拉县,,
5.17769,115.58754,马来西亚,沙巴州,保佛,,
4.78323,114.91757,马来西亚,砂拉越州,林梦,,Kampung Gadong
3.38333,101.31667,马来西亚,雪兰莪州,瓜拉雪兰莪县,,
1.8791,102.7894,马来西亚,柔佛州,峇株巴辖县,,
5.3678,115.6721,马来西亚,沙巴州,保佛,,
6.4745,116.7226,马来西亚,沙巴州,哥打马鲁都,,
6.3722,116.7075,马来西亚,沙巴州,哥打马鲁都,,
6.374,116.5675,马来西亚,沙巴州,古打毛律,,
6.3466,116.5693,马来西亚,沙巴州,古打毛律,,
5.05,100.98333,马来西亚,霹雳州,上霹靂县,,
5.77571,100.89898,马来西亚,吉打州,华玲县,,
5.335,115.6027,马来西亚,沙巴州,保佛,,
5.3174,103.1166,马来西亚,登嘉樓州,瓜拉登嘉楼,Kampung Losong Panglima Perang,Kampung Losong Megat Husin
5.31667,103.1,马来西亚,登嘉樓州,瓜拉登嘉楼县,Kampung Losong Panglima Perang,
6.4133,116.5216,马来西亚,沙巴州,古打毛律,,
5.25136,119.24762,马来西亚,沙巴州,拿笃,,
4.41667,118.6,马来西亚,沙巴州,仙本那,,
5.3004,100.20126,马来西亚,槟城州,西南县,Bukit Ginting,
5.86219,117.5446,马来西亚,沙巴州,比鲁兰,,
5.4042,116.9522,马来西亚,沙巴州,东革,,
2.8173,102.3391,马来西亚,森美兰州,仁保县,,
2.63924,103.63109,马来西亚,柔佛州,丰盛港县,,
2.3425,102.101,马来西亚,马六甲州,亚罗牙也县,,Taman Makmur Fasa 11
2.6351,102.5887,马来西亚,森美兰州,淡边县,,
3.4707,102.88725,马来西亚,彭亨州,北根县,,
2.9678,101.5581,马来西亚,雪兰莪州,巴生县,,
1.7122,104.0834,马来西亚,柔佛州,哥打丁宜县,,
6.0854,116.1339,马来西亚,沙巴州,亚庇,,
3.52005,102.793,马来西亚,彭亨州,马兰县,,
6.0673,116.1456,马来西亚,沙巴州,亚庇,,
3.25829,103.25924,马来西亚,彭亨州,北根县,,
2.7306,101.9277,马来西亚,森美兰州,芙蓉县,罗白,
1.7,110.15,马来西亚,砂拉越州,古晋,柏特拉再也,
1.68333,110.16667,马来西亚,砂拉越州,古晋,柏特拉再也,
1.36667,110.78333,马来西亚,砂拉越州,实文然,,
0.9719,110.52177,马来西亚,砂拉越州,打必禄,,
1.61667,110.33333,马来西亚,砂拉越州,古晋,柏特拉再也,
6.4427,116.713,马来西亚,沙巴州,哥打马鲁都,,
6.4396,116.6904,马来西亚,沙巴州,哥打马鲁都,,
5.31704,100.73423,马来西亚,吉打州,居林县,,
4.03333,114.33333,马来西亚,砂拉越州,马鲁帝,,
5.3466,115.6947,马来西亚,沙巴州,保佛,,
4.87064,115.22531,马来西亚,砂拉越州,老越,,
5.43333,117.03333,马来西亚,沙巴州,东革,,
5.3338,116.8915,马来西亚,沙巴州,东革,,
5.51667,115.93333,马来西亚,沙巴州,,,
5.66667,102.5,马来西亚,登嘉樓州,勿述县,,
6.23333,116.36667,马来西亚,沙巴州,斗亚兰,,
5.8536,116.513,马来西亚,沙巴州,担布南,,
1.4841,104.0641,马来西亚,柔佛州,哥打丁宜县,,
2.5681,101.9524,马来西亚,森美兰州,芙蓉县,,
6.251,116.3306,马来西亚,沙巴州,斗亚兰,,
5.6229,115.5914,马来西亚,沙巴州,瓜拉班尤,,
6.11667,116.46667,马来西亚,沙巴州,古打毛律,,
6.3543,116.3758,马来西亚,沙巴州,古打毛律,,
1.33333,110.78333,马来西亚,砂拉越州,实文然,,
2.4904,102.0073,马来西亚,森美兰州,波德申县,,
5.4102,102.9995,马来西亚,登嘉樓州,瓜拉尼鲁斯县,,
4.01667,114.46667,马来西亚,砂拉越州,马鲁帝,,
1.88333,102.93333,马来西亚,柔佛州,峇株巴辖县,,
5.814,116.0787,马来西亚,沙巴州,,,
5.8237,116.0623,马来西亚,沙巴州,,,
5.7,116.8,马来西亚,沙巴州,兰瑙,,
4.88098,115.02132,马来西亚,砂拉越州,林梦,,
6.5714,116.5867,马来西亚,沙巴州,古打毛律,,
4.6386,103.4325,马来西亚,登嘉樓州,龙运县,,Kampung Limbong
5.3715,115.701,马来西亚,沙巴州,保佛,,
6.08333,102.15,马来西亚,吉兰丹州,巴西马县,,
5.90716,101.93721,马来西亚,吉兰丹州,巴西马县,,
5.03333,102.6,马来西亚,登嘉樓州,,,
2.475,102.7162,马来西亚,柔佛州,昔加末县,,
5.98333,102.43333,马来西亚,吉兰丹州,万捷县,,
5.73333,102.25,马来西亚,吉兰丹州,马樟县,,
5.01442,103.27835,马来西亚,登嘉樓州,马江县,,
2.4501,102.8029,马来西亚,柔佛州,昔加末县,,
4.5324,118.5293,马来西亚,沙巴州,,,
2.4762,102.0982,马来西亚,森美兰州,林茂县,,
5.21756,100.65688,马来西亚,吉打州,万拉峇鲁县,,
4.81357,102.31434,马来西亚,吉兰丹州,话望生县,,
4.1787,117.8268,马来西亚,沙巴州,加拉巴干,,
0.98082,110.65475,马来西亚,砂拉越州,西连,,
4.98333,102.66667,马来西亚,登嘉樓州,,,
5.24272,100.50061,马来西亚,槟城州,威南县,,
6.01558,100.42927,马来西亚,吉打州,本同县,,
5.44016,116.74457,马来西亚,沙巴州,东革,,
5.73333,102.1,马来西亚,吉兰丹州,丹那美拉县,,
4.31992,102.38703,马来西亚,彭亨州,而连突县,,
4.576,118.4562,马来西亚,沙巴州,仙本那,,
4.591,118.4391,马来西亚,沙巴州,,,
6.4186,116.5464,马来西亚,沙巴州,古打毛律,,
5.83333,117.4,马来西亚,沙巴州,比鲁兰,,
5.71667,116.93333,马来西亚,沙巴州,兰瑙,,
1.51667,110.8,马来西亚,砂拉越州,实文然,,
4.51667,100.76667,马来西亚,霹雳州,曼绒县,,
2.2275,102.791,马来西亚,柔佛州,麻坡县,,
4.31667,101.81667,马来西亚,彭亨州,立卑县,,
5.8258,116.0518,马来西亚,沙巴州,,,
3.888,102.4161,马来西亚,彭亨州,而连突县,,
5.53333,100.58333,马来西亚,吉打州,居林县,,
4.2,101.0,马来西亚,霹雳州,中霹雳县,,
5.22424,100.60255,马来西亚,吉打州,万拉峇鲁县,,Desa KEDA Leret
5.3462,103.0525,马来西亚,登嘉樓州,瓜拉尼鲁斯县,,
2.2231,102.1685,马来西亚,马六甲州,马六甲中央县,,
3.2113,101.8708,马来西亚,雪兰莪州,乌鲁冷岳县,,
1.3889,104.1503,马来西亚,柔佛州,哥打丁宜县,,
3.8896,101.8914,马来西亚,彭亨州,劳勿县,,
3.51176,103.08548,马来西亚,彭亨州,北根县,,
5.76667,102.36667,马来西亚,吉兰丹州,巴西富地县,,
5.73333,102.45,马来西亚,登嘉樓州,勿述县,,Taman Saujana 1
5.66667,102.21667,马来西亚,吉兰丹州,马樟县,,
3.5788,103.368,马来西亚,彭亨州,北根县,,
5.0341,103.0419,马来西亚,登嘉樓州,,Kampung Batu 23,Kampung Bukit Tok Bat
6.2,100.45,马来西亚,吉打州,哥打士打县,,
4.5,100.95,马来西亚,霹雳州,中霹雳县,,
3.4798,102.0878,马来西亚,彭亨州,文冬县,,
2.85,101.93333,马来西亚,森美兰州,芙蓉县,,
3.50496,102.21989,马来西亚,彭亨州,淡马鲁县,,
5.63333,115.98333,马来西亚,沙巴州,,,
2.4379,102.1221,马来西亚,马六甲州,亚罗牙也县,,
2.3571,102.1736,马来西亚,马六甲州,亚罗牙也县,,
2.5556,102.2421,马来西亚,森美兰州,瓜拉庇劳县,,
4.4306,101.941,马来西亚,彭亨州,立卑县,,
4.65911,114.82115,马来西亚,砂拉越州,林梦,,
6.03333,102.25,马来西亚,吉兰丹州,哥打峇鲁县,Kedai Mulong,
5.41667,101.95,马来西亚,吉兰丹州,日里县,,
5.02102,100.7232,马来西亚,霹雳州,吉辇县,,
5.16476,100.65239,马来西亚,霹雳州,拉律峇登司南马县,,
4.8301,100.9625,马来西亚,霹雳州,江沙县,宁罗,Desa Seri Iskandar
5.22395,100.6832,马来西亚,霹雳州,拉律峇登司南马县,,
5.53333,100.41667,马来西亚,槟城州,威北县,,
4.7688,100.9603,马来西亚,霹雳州,江沙县,武吉章当,
4.76667,100.86667,马来西亚,霹雳州,江沙县,,Kampung Kuala Dal
2.53816,111.43918,马来西亚,砂拉越州,,,
2.4036,102.1423,马来西亚,马六甲州,亚罗牙也县,,
5.64208,100.82885,马来西亚,吉打州,华玲县,,
2.3623,102.1113,马来西亚,马六甲州,亚罗牙也县,,
3.52703,102.78433,马来西亚,彭亨州,马兰县,,
5.81051,100.92655,马来西亚,吉打州,华玲县,,
4.81667,103.26667,马来西亚,登嘉樓州,龙运县,,
5.75,101.9,马来西亚,吉兰丹州,日里县,,
4.0196,102.0468,马来西亚,彭亨州,立卑县,,
3.8936,101.914,马来西亚,彭亨州,劳勿县,,
3.6078,101.9292,马来西亚,彭亨州,文冬县,,
1.16667,110.65,马来西亚,砂拉越州,西连,,
6.06667,116.46667,马来西亚,沙巴州,古打毛律,,
5.3848,103.0246,马来西亚,登嘉樓州,瓜拉尼鲁斯县,,
6.18333,100.7,马来西亚,吉打州,巴东得腊县,,
5.7405,100.51556,马来西亚,吉打州,瓜拉姆达县,,Taman Rasa Sayang
5.74695,100.5166,马来西亚,吉打州,瓜拉姆达县,,
4.1961,100.9122,马来西亚,霹雳州,中霹雳县,,
2.28333,111.66667,马来西亚,砂拉越州,马拉端,,
2.71667,101.78333,马来西亚,森美兰州,芙蓉县,,
5.3395,115.5733,马来西亚,沙巴州,保佛,,
4.4,100.88333,马来西亚,霹雳州,中霹雳县,,
6.0268,116.1089,马来西亚,沙巴州,亚庇,,
6.013,116.1148,马来西亚,沙巴州,亚庇,,
5.1184,102.0203,马来西亚,吉兰丹州,话望生县,,
6.0466,116.1117,马来西亚,沙巴州,亚庇,,
4.76667,100.9,马来西亚,霹雳州,江沙县,,
4.85,115.41667,马来西亚,砂拉越州,老越,,
5.7931,101.96957,马来西亚,吉兰丹州,丹那美拉县,,
5.65539,102.7439,马来西亚,登嘉樓州,士兆县,,
6.15,102.23333,马来西亚,吉兰丹州,道北县,,
5.8173,116.0422,马来西亚,沙巴州,,,
5.2713,103.1434,马来西亚,登嘉樓州,瓜拉登嘉楼,Kampung Bukit,Kampung Laut
4.2388,103.291,马来西亚,登嘉樓州,甘马挽县,,
6.11667,102.18333,马来西亚,吉兰丹州,道北县,,Taman MHH Delima
6.01667,102.11667,马来西亚,吉兰丹州,巴西马县,,
5.61881,100.90325,马来西亚,吉打州,华玲县,,
5.92886,100.37357,马来西亚,吉打州,铅县,,
3.9375,102.3133,马来西亚,彭亨州,而连突县,,
2.6758,101.9222,马来西亚,森美兰州,芙蓉县,万茂,Taman Patin Indah
4.88333,100.93333,马来西亚,霹雳州,江沙县,,
5.01667,102.85,马来西亚,登嘉樓州,,,
6.3303,116.598,马来西亚,沙巴州,古打毛律,,
5.5662,115.577,马来西亚,沙巴州,瓜拉班尤,,
4.8,100.73333,马来西亚,霹雳州,拉律峇登司南马县,,
2.9425,102.0752,马来西亚,森美兰州,日叻务县,,古打灵
6.2,100.55,马来西亚,吉打州,巴东得腊县,,
6.16667,116.35,马来西亚,沙巴州,斗亚兰,,
1.9857,102.8862,马来西亚,柔佛州,峇株巴辖县,,
6.0946,116.1485,马来西亚,沙巴州,亚庇,,
5.75,102.56667,马来西亚,登嘉樓州,勿述县,,
5.93333,102.15,马来西亚,吉兰丹州,巴西马县,,
3.8187,103.3278,马来西亚,彭亨州,关丹县,,
6.1294,116.1701,马来西亚,沙巴州,斗亚兰,,
5.65,115.96667,马来西亚,沙巴州,,,
2.3986,102.1674,马来西亚,马六甲州,亚罗牙也县,,
2.4,102.15,马来西亚,马六甲州,亚罗牙也县,,
2.31667,102.25,马来西亚,马六甲州,马六甲中央县,,Taman Krubong Permai
6.15,100.48333,马来西亚,吉打州,波各先那县,,
2.7915,101.7306,马来西亚,雪兰莪州,雪邦县,,
6.16667,100.48333,马来西亚,吉打州,波各先那县,,
3.66667,102.4,马来西亚,彭亨州,淡马鲁县,,
3.33333,102.45,马来西亚,彭亨州,百乐县,,
2.78333,101.73333,马来西亚,雪兰莪州,雪邦县,,
2.4589,102.1798,马来西亚,马六甲州,亚罗牙也县,,
1.38333,104.11667,马来西亚,柔佛州,哥打丁宜县,,
5.8297,116.6138,马来西亚,沙巴州,兰瑙,,
5.11788,102.0044,马来西亚,吉兰丹州,话望生县,,
6.45,100.38333,马来西亚,吉打州,古邦巴素县,,
5.99653,100.44023,马来西亚,吉打州,本同县,,
5.3702,102.823,马来西亚,登嘉樓州,士兆县,,
4.73333,100.93333,马来西亚,霹雳州,江沙县,美诺拉,Kampung Buaya
3.2338,102.44293,马来西亚,彭亨州,百乐县,,
5.0889,103.013,马来西亚,登嘉樓州,,,
5.1032,103.0101,马来西亚,登嘉樓州,,,
6.11667,102.25,马来西亚,吉兰丹州,哥打峇鲁县,,Kampung Langgar
4.49919,102.56976,马来西亚,彭亨州,而连突县,,
3.5384,103.35,马来西亚,彭亨州,北根县,,
4.83333,100.86667,马来西亚,霹雳州,江沙县,,
2.6094,101.9694,马来西亚,森美兰州,芙蓉县,,
4.1087,102.239,马来西亚,彭亨州,立卑县,,
5.98333,100.86667,马来西亚,吉打州,华玲县,,
6.05,102.16667,马来西亚,吉兰丹州,巴西马县,,Taman Mekasar
4.33333,103.25,马来西亚,登嘉樓州,甘马挽县,,
3.408,103.4257,马来西亚,彭亨州,北根县,,
2.1937,102.4671,马来西亚,马六甲州,野新县,,
1.15829,110.49322,马来西亚,砂拉越州,西连,,
3.55,101.98333,马来西亚,彭亨州,文冬县,,
3.517,102.1643,马来西亚,彭亨州,淡马鲁县,,
5.68333,100.75,马来西亚,吉打州,华玲县,,
6.28333,100.26667,马来西亚,吉打州,古邦巴素县,,
4.178,102.0838,马来西亚,彭亨州,立卑县,,
6.43468,100.7813,马来西亚,吉打州,巴东得腊县,,
6.1252,100.3062,马来西亚,吉打州,哥打士打县,,
6.0096,116.1879,马来西亚,沙巴州,亚庇,,
5.81653,102.54339,马来西亚,登嘉樓州,勿述县,,
3.51427,102.72558,马来西亚,彭亨州,马兰县,,
6.37945,100.7852,马来西亚,吉打州,巴东得腊县,,
6.42746,100.75959,马来西亚,吉打州,巴东得腊县,,
5.8171,116.6041,马来西亚,沙巴州,兰瑙,,
2.7653,101.8157,马来西亚,森美兰州,芙蓉县,,
3.4866,102.5279,马来西亚,彭亨州,马兰县,,
4.63652,114.83555,马来西亚,砂拉越州,林梦,,
2.2118,104.076,马来西亚,柔佛州,,,
1.66667,103.25,马来西亚,柔佛州,笨珍县,,
5.71667,101.73333,马来西亚,吉兰丹州,日里县,,
5.81667,102.2,马来西亚,吉兰丹州,马樟县,,
6.06667,102.11667,马来西亚,吉兰丹州,巴西马县,,
5.84639,100.78788,马来西亚,吉打州,锡县,,
5.59996,101.07735,马来西亚,霹雳州,上霹靂县,,
4.48333,101.15,马来西亚,霹雳州,金宝县,,
4.3923,101.0774,马来西亚,霹雳州,金宝县,,
4.27116,100.67385,马来西亚,霹雳州,曼绒县,,
4.08333,101.98333,马来西亚,彭亨州,立卑县,,
2.8094,104.1464,马来西亚,彭亨州,云冰县,,
2.337,102.879,马来西亚,柔佛州,麻坡县,,
6.0802,116.2329,马来西亚,沙巴州,斗亚兰,,
5.8643,116.5788,马来西亚,沙巴州,兰瑙,,
6.0,102.16667,马来西亚,吉兰丹州,巴西马县,,
4.5612,118.4743,马来西亚,沙巴州,仙本那,,
1.51667,110.38333,马来西亚,砂拉越州,古晋,,
4.2246,117.7712,马来西亚,沙巴州,加拉巴干,,
5.46563,100.45916,马来西亚,槟城州,威北县,,
5.55,100.48333,马来西亚,槟城州,威北县,,
5.47469,100.4775,马来西亚,槟城州,威北县,,
6.06555,100.32843,马来西亚,吉打州,哥打士打县,,
5.61667,100.71667,马来西亚,吉打州,华玲县,,
5.56667,100.4,马来西亚,槟城州,威北县,,
6.33333,100.31667,马来西亚,吉打州,古邦巴素县,,
6.00135,100.36887,马来西亚,吉打州,哥打士打县,,
6.04773,100.35015,马来西亚,吉打州,哥打士打县,,
6.05281,100.40023,马来西亚,吉打州,哥打士打县,,
6.05245,100.35257,马来西亚,吉打州,哥打士打县,,
5.97169,100.49159,马来西亚,吉打州,本同县,,
6.2968,100.44452,马来西亚,吉打州,古邦巴素县,,
5.71618,100.91269,马来西亚,吉打州,华玲县,,
4.0658,102.3253,马来西亚,彭亨州,而连突县,,
5.9716,116.5627,马来西亚,沙巴州,兰瑙,,
2.9492,102.9244,马来西亚,彭亨州,云冰县,,
6.05,116.36667,马来西亚,沙巴州,斗亚兰,,
1.46667,110.75,马来西亚,砂拉越州,实文然,,
6.0431,116.1637,马来西亚,沙巴州,亚庇,,
4.89613,101.76883,马来西亚,吉兰丹州,Lojing,,
2.2746,102.3282,马来西亚,马六甲州,马六甲中央县,,
2.5984,102.593,马来西亚,森美兰州,淡边县,,
2.36667,102.05,马来西亚,马六甲州,亚罗牙也县,,
2.2,102.28333,马来西亚,马六甲州,马六甲中央县,,
1.364,103.6165,马来西亚,柔佛州,新山县,,
3.9657,102.3954,马来西亚,彭亨州,而连突县,,
2.5435,102.1348,马来西亚,森美兰州,林茂县,,
6.0442,102.0377,马来西亚,吉兰丹州,巴西马县,,
2.7436,101.8442,马来西亚,森美兰州,芙蓉县,,Sime Darby Plantation Ladang Labu Divisyen Kirby
4.43678,118.71797,马来西亚,沙巴州,,,
4.81667,100.86667,马来西亚,霹雳州,江沙县,,
2.7801,101.8002,马来西亚,森美兰州,芙蓉县,,
5.50542,100.68307,马来西亚,吉打州,居林县,,
6.193,116.2292,马来西亚,沙巴州,斗亚兰,,
6.3934,116.4287,马来西亚,沙巴州,古打毛律,,
5.78208,101.86639,马来西亚,吉兰丹州,日里县,,
4.1703,102.3733,马来西亚,彭亨州,而连突县,,
2.75287,101.82334,马来西亚,森美兰州,芙蓉县,,Taman Labu Indah
5.23333,115.65,马来西亚,沙巴州,保佛,,
4.3119,100.5751,马来西亚,霹雳州,曼绒县,,七湾
5.09708,100.99548,马来西亚,霹雳州,上霹靂县,,
6.31966,100.58953,马来西亚,吉打州,巴东得腊县,,
5.3309,115.6147,马来西亚,沙巴州,保佛,,
5.765,116.4477,马来西亚,沙巴州,担布南,,
5.4256,115.6308,马来西亚,沙巴州,保佛,,
5.425,115.6118,马来西亚,沙巴州,保佛,,
4.66667,103.13333,马来西亚,登嘉樓州,龙运县,,
6.13333,102.25,马来西亚,吉兰丹州,哥打峇鲁县,,
2.51667,111.36667,马来西亚,砂拉越州,,,
6.0081,102.0205,马来西亚,吉兰丹州,巴西马县,,
4.1272,102.2235,马来西亚,彭亨州,立卑县,,
2.2865,102.7925,马来西亚,柔佛州,东甲县,,
4.51667,101.13333,马来西亚,霹雳州,近打县,,Kg. Kepayang
4.5053,101.1372,马来西亚,霹雳州,近打县,,Kampung Kurnia
4.4291,100.9709,马来西亚,霹雳州,近打县,,那拉新村
4.31667,101.78333,马来西亚,彭亨州,立卑县,,
1.1,110.55,马来西亚,砂拉越州,西连,,
5.8906,116.0832,马来西亚,沙巴州,兵南邦,,
5.5535,115.5839,马来西亚,沙巴州,瓜拉班尤,,
2.5384,102.0347,马来西亚,森美兰州,林茂县,,
2.5344,102.0336,马来西亚,森美兰州,林茂县,,
2.5121,102.043,马来西亚,森美兰州,林茂县,,
4.88333,101.93333,马来西亚,吉兰丹州,话望生县,,
3.9234,101.8415,马来西亚,彭亨州,劳勿县,,
2.746,102.1315,马来西亚,森美兰州,瓜拉庇劳县,,
2.4278,102.1767,马来西亚,马六甲州,亚罗牙也县,,
2.67678,101.53436,马来西亚,雪兰莪州,瓜拉冷岳县,,
3.4541,101.1866,马来西亚,雪兰莪州,瓜拉雪兰莪县,,
2.2938,102.4904,马来西亚,马六甲州,野新县,,
1.45,110.28333,马来西亚,砂拉越州,古晋,,
4.51,102.5757,马来西亚,彭亨州,而连突县,,
2.75,102.73333,马来西亚,柔佛州,昔加末县,,
5.28333,117.08333,马来西亚,沙巴州,东革,,
5.5496,115.5831,马来西亚,沙巴州,瓜拉班尤,,
5.76667,102.1,马来西亚,吉兰丹州,丹那美拉县,,
6.3869,116.3725,马来西亚,沙巴州,古打毛律,,
5.28333,117.21667,马来西亚,沙巴州,东革,,
4.7794,114.89385,马来西亚,砂拉越州,林梦,,
5.4309,115.6113,马来西亚,沙巴州,保佛,,
5.0724,102.9414,马来西亚,登嘉樓州,,,
0.96721,110.42483,马来西亚,砂拉越州,打必禄,,
5.96667,102.03333,马来西亚,吉兰丹州,巴西马县,,
5.31667,117.2,马来西亚,沙巴州,东革,,
1.5011,104.0444,马来西亚,柔佛州,哥打丁宜县,,
6.08333,102.18333,马来西亚,吉兰丹州,巴西马县,,Kampung Padang Terang
3.06667,101.65,马来西亚,雪兰莪州,八打灵县,,Taman Kinrara Seksyen 1
4.98333,100.65,马来西亚,霹雳州,吉辇县,,
3.2,101.53333,马来西亚,雪兰莪州,八打灵县,,
6.32582,100.81753,马来西亚,吉打州,巴东得腊县,,
2.4526,102.6872,马来西亚,柔佛州,昔加末县,,
5.0941,103.1827,马来西亚,登嘉樓州,马江县,,
6.27148,100.53582,马来西亚,吉打州,巴东得腊县,,
5.43333,100.45,马来西亚,槟城州,威中县,,
5.11667,100.98333,马来西亚,霹雳州,上霹靂县,,
4.78333,100.76667,马来西亚,霹雳州,拉律峇登司南马县,武吉干当,
3.2416,102.4317,马来西亚,彭亨州,百乐县,,
2.6018,102.0776,马来西亚,森美兰州,林茂县,,
6.08759,100.55389,马来西亚,吉打州,本同县,,
5.1356,103.1199,马来西亚,登嘉樓州,马江县,,
5.3089,103.0594,马来西亚,登嘉樓州,瓜拉登嘉楼县,,
5.3151,103.0541,马来西亚,登嘉樓州,瓜拉登嘉楼县,,
5.2246,102.8762,马来西亚,登嘉樓州,,,
2.7881,101.7507,马来西亚,雪兰莪州,雪邦县,沙叻,
6.0,102.3,马来西亚,吉兰丹州,哥打峇鲁县,,
6.01667,100.51667,马来西亚,吉打州,本同县,,
5.2045,103.0412,马来西亚,登嘉樓州,,,
5.93333,102.36667,马来西亚,吉兰丹州,万捷县,,
5.2936,103.0994,马来西亚,登嘉樓州,瓜拉登嘉楼,,
6.05,102.28333,马来西亚,吉兰丹州,哥打峇鲁县,巴西杜布,
6.2357,100.29492,马来西亚,吉打州,古邦巴素县,,
5.39842,100.46275,马来西亚,槟城州,威中县,,
3.5307,103.3861,马来西亚,彭亨州,北根县,柏拉姆,
5.56186,100.5554,马来西亚,吉打州,瓜拉姆达县,,
6.13868,100.30799,马来西亚,吉打州,哥打士打县,,
5.6498,102.74514,马来西亚,登嘉樓州,士兆县,,
6.03333,102.18333,马来西亚,吉兰丹州,哥打峇鲁县,,
5.9964,101.9709,马来西亚,吉兰丹州,巴西马县,,
6.2057,100.31415,马来西亚,吉打州,哥打士打县,,
5.48333,102.85,马来西亚,登嘉樓州,士兆县,,
5.26816,100.5123,马来西亚,槟城州,威南县,,
6.13333,100.55,马来西亚,吉打州,波各先那县,,
5.91667,100.41667,马来西亚,吉打州,铅县,,
6.38333,100.43333,马来西亚,吉打州,古邦巴素县,,
5.2971,103.1169,马来西亚,登嘉樓州,瓜拉登嘉楼县,Kampung Tok Kaya,
5.65,100.85,马来西亚,吉打州,华玲县,,
5.2642,103.1059,马来西亚,登嘉樓州,瓜拉登嘉楼县,,
6.12618,100.31629,马来西亚,吉打州,哥打士打县,,
6.08333,102.2,马来西亚,吉兰丹州,巴西马县,,
5.2276,103.0306,马来西亚,登嘉樓州,,,
5.2118,103.0934,马来西亚,登嘉樓州,马江县,,
3.45,103.05,马来西亚,彭亨州,北根县,,
6.11667,102.08333,马来西亚,吉兰丹州,巴西马县,,
6.06667,102.16667,马来西亚,吉兰丹州,巴西马县,,
6.19546,100.26973,马来西亚,吉打州,古邦巴素县,,
6.1349,100.29002,马来西亚,吉打州,哥打士打县,,
5.51667,100.51667,马来西亚,槟城州,威北县,,
6.27754,100.58124,马来西亚,吉打州,巴东得腊县,,
6.18333,100.43333,马来西亚,吉打州,哥打士打县,,Taman Sireh
5.9708,102.0146,马来西亚,吉兰丹州,巴西马县,,
5.95,100.46667,马来西亚,吉打州,本同县,,
5.88333,102.15,马来西亚,吉兰丹州,丹那美拉县,,
6.08333,102.4,马来西亚,吉兰丹州,万捷县,,Taman Seri Perupok
5.78333,102.2,马来西亚,吉兰丹州,马樟县,,
6.17079,100.28638,马来西亚,吉打州,哥打士打县,,
6.14853,100.29369,马来西亚,吉打州,哥打士打县,,
5.6,100.38333,马来西亚,吉打州,瓜拉姆达县,,
5.74319,102.58355,马来西亚,登嘉樓州,勿述县,,
5.2668,103.1444,马来西亚,登嘉樓州,瓜拉登嘉楼,Kampung Bukit,Kampung Belukar Jambu
6.0,102.31667,马来西亚,吉兰丹州,哥打峇鲁县,,
5.91667,102.18333,马来西亚,吉兰丹州,巴西马县,,
2.4426,102.2434,马来西亚,马六甲州,亚罗牙也县,,
6.45317,100.4077,马来西亚,吉打州,古邦巴素县,,
5.2672,103.1177,马来西亚,登嘉樓州,瓜拉登嘉楼县,,Kampung Gelugor Kedai
5.98333,100.5,马来西亚,吉打州,本同县,,
5.71667,102.5,马来西亚,登嘉樓州,勿述县,,
6.06667,102.1,马来西亚,吉兰丹州,巴西马县,,
5.8365,100.89692,马来西亚,吉打州,华玲县,,
4.35,100.9,马来西亚,霹雳州,中霹雳县,,RPA Changkat Sodang
5.95,100.36667,马来西亚,吉打州,铅县,,
5.1878,103.0687,马来西亚,登嘉樓州,马江县,,
5.65,100.66667,马来西亚,吉打州,华玲县,,
5.42338,100.37465,马来西亚,槟城州,威北县,峇眼惹玛,峇眼赖
3.8183,103.3471,马来西亚,彭亨州,关丹县,Kampung Kubang Buaya,
6.15468,100.3017,马来西亚,吉打州,哥打士打县,,
6.26487,100.62748,马来西亚,吉打州,巴东得腊县,,
5.95,102.36667,马来西亚,吉兰丹州,万捷县,,
2.8309,101.6468,马来西亚,雪兰莪州,瓜拉冷岳县,,
5.88333,102.45,马来西亚,吉兰丹州,巴西富地县,,Penempatan Semula Nelayan Tok Bali
6.2,102.1,马来西亚,吉兰丹州,道北县,,
5.7509,102.54708,马来西亚,登嘉樓州,勿述县,,
5.96667,102.16667,马来西亚,吉兰丹州,巴西马县,,
6.13333,102.18333,马来西亚,吉兰丹州,道北县,,
6.08333,102.13333,马来西亚,吉兰丹州,巴西马县,,
5.96279,101.95718,马来西亚,吉兰丹州,巴西马县,,
6.39035,100.26967,马来西亚,玻璃市州,加央,,
5.86667,102.25,马来西亚,吉兰丹州,马樟县,,
2.4497,102.1021,马来西亚,马六甲州,亚罗牙也县,,
5.98333,100.43333,马来西亚,吉打州,本同县,,Kampung Dalam Baroh
5.83333,100.8,马来西亚,吉打州,锡县,,
2.7913,101.7683,马来西亚,森美兰州,芙蓉县,,
6.19754,100.27952,马来西亚,吉打州,哥打士打县,,
6.1624,100.29269,马来西亚,吉打州,哥打士打县,,
5.93333,116.53333,马来西亚,沙巴州,兰瑙,,
4.63272,115.03558,马来西亚,砂拉越州,林梦,,
6.25,116.46667,马来西亚,沙巴州,古打毛律,,
3.31667,101.31667,马来西亚,雪兰莪州,瓜拉雪兰莪县,,
3.4681,101.6754,马来西亚,雪兰莪州,乌鲁雪兰莪县,峇冬加里旺城,Seksyen 4 Bandar Utama Batang Kali
3.36071,101.30236,马来西亚,雪兰莪州,瓜拉雪兰莪县,,
4.7738,101.1405,马来西亚,霹雳州,近打县,,
4.7586,101.1384,马来西亚,霹雳州,近打县,,
5.9,102.13333,马来西亚,吉兰丹州,丹那美拉县,,
6.11667,100.51667,马来西亚,吉打州,波各先那县,,
1.66023,109.97314,马来西亚,砂拉越州,伦乐,,
5.79341,100.36973,马来西亚,吉打州,铅县,,
6.2086,116.1809,马来西亚,沙巴州,斗亚兰,,
4.25,101.95,马来西亚,彭亨州,立卑县,,
4.7607,101.9182,马来西亚,吉兰丹州,话望生县,,
4.54438,114.85844,马来西亚,砂拉越州,林梦,,
3.96667,101.83333,马来西亚,彭亨州,劳勿县,,
3.3248,102.5164,马来西亚,彭亨州,百乐县,,
6.4145,116.3883,马来西亚,沙巴州,古打毛律,,
3.91667,101.9,马来西亚,彭亨州,劳勿县,,
5.8,100.68333,马来西亚,吉打州,锡县,,
4.2682,103.2739,马来西亚,登嘉樓州,甘马挽县,,
6.06667,100.78333,马来西亚,吉打州,巴东得腊县,,
5.6,100.76667,马来西亚,吉打州,华玲县,,Taman Sheikh Fadzir
3.9889,101.9057,马来西亚,彭亨州,劳勿县,,
5.3,100.5,马来西亚,槟城州,威中县,,
2.5582,102.7655,马来西亚,柔佛州,昔加末县,,
4.73333,103.2,马来西亚,登嘉樓州,龙运县,,
5.47223,100.69229,马来西亚,吉打州,居林县,,
6.1129,116.1007,马来西亚,沙巴州,亚庇,,
2.7673,102.2844,马来西亚,森美兰州,瓜拉庇劳县,,
2.8652,101.8872,马来西亚,森美兰州,芙蓉县,,
5.8961,100.35966,马来西亚,吉打州,铅县,,
5.93103,100.68142,马来西亚,吉打州,锡县,,
4.1731,102.196,马来西亚,彭亨州,立卑县,,
5.90872,100.35895,马来西亚,吉打州,铅县,,
6.14574,100.31419,马来西亚,吉打州,哥打士打县,,
3.98333,113.73333,马来西亚,砂拉越州,苏必士,,
5.3067,101.9918,马来西亚,吉兰丹州,瓜拉吉赖县,,
6.15,102.33333,马来西亚,吉兰丹州,万捷县,,
4.2545,100.6003,马来西亚,霹雳州,曼绒县,,
3.26667,101.78333,马来西亚,雪兰莪州,鹅唛县,,
5.87211,100.3651,马来西亚,吉打州,铅县,,
2.6215,101.9413,马来西亚,森美兰州,芙蓉县,,
2.6275,101.947,马来西亚,森美兰州,芙蓉县,,
4.53333,102.58333,马来西亚,彭亨州,而连突县,,
2.245,103.042,马来西亚,柔佛州,昔加末县,,
5.46088,101.17001,马来西亚,霹雳州,上霹靂县,,
5.95,100.51667,马来西亚,吉打州,本同县,,
4.0617,102.327,马来西亚,彭亨州,而连突县,,
4.9519,102.0054,马来西亚,吉兰丹州,话望生县,,
4.1,102.01667,马来西亚,彭亨州,立卑县,,
4.56667,102.98333,马来西亚,登嘉樓州,龙运县,,
5.86854,100.62405,马来西亚,吉打州,锡县,,
3.9056,103.1665,马来西亚,彭亨州,关丹县,,
4.71667,103.3,马来西亚,登嘉樓州,龙运县,,
3.85,101.45,马来西亚,霹雳州,慕亚林县,,
4.53333,101.06667,马来西亚,霹雳州,近打县,,
5.0759,102.9429,马来西亚,登嘉樓州,,,
5.0566,102.9848,马来西亚,登嘉樓州,,,
5.1605,102.9097,马来西亚,登嘉樓州,,,
3.4493,102.0798,马来西亚,彭亨州,文冬县,,
2.71667,102.75,马来西亚,柔佛州,昔加末县,,
3.179,101.8562,马来西亚,雪兰莪州,乌鲁冷岳县,,
5.53333,102.51667,马来西亚,登嘉樓州,勿述县,,
4.88333,101.0,马来西亚,霹雳州,江沙县,,Kampung Loh
2.5785,102.7675,马来西亚,柔佛州,昔加末县,,
4.13333,100.96667,马来西亚,霹雳州,中霹雳县,,
2.7417,102.1484,马来西亚,森美兰州,瓜拉庇劳县,,
3.2108,101.8788,马来西亚,雪兰莪州,乌鲁冷岳县,,
2.8722,101.8441,马来西亚,雪兰莪州,乌鲁冷岳县,,
2.9671,102.1091,马来西亚,森美兰州,日叻务县,,
2.5815,102.2598,马来西亚,森美兰州,瓜拉庇劳县,,
4.08333,113.9,马来西亚,砂拉越州,苏必士,,
3.9149,103.0961,马来西亚,彭亨州,关丹县,,
5.6,100.7,马来西亚,吉打州,华玲县,,
5.64309,100.67985,马来西亚,吉打州,华玲县,,
5.49456,100.70561,马来西亚,吉打州,居林县,,
4.79431,103.11139,马来西亚,登嘉樓州,龙运县,,
1.4709,103.8696,马来西亚,柔佛州,新山县,,
5.3526,116.8921,马来西亚,沙巴州,东革,,
2.78333,102.31667,马来西亚,森美兰州,瓜拉庇劳县,,
3.76667,102.36667,马来西亚,彭亨州,淡马鲁县,,
2.5828,101.7851,马来西亚,森美兰州,波德申县,,
3.4994,102.8352,马来西亚,彭亨州,马兰县,,
5.04846,100.97978,马来西亚,霹雳州,上霹靂县,,
3.75,102.95,马来西亚,彭亨州,关丹县,,
3.87554,101.82354,马来西亚,彭亨州,劳勿县,,
5.68296,100.66335,马来西亚,吉打州,华玲县,,
3.4946,103.0966,马来西亚,彭亨州,北根县,,
5.4041,116.9404,马来西亚,沙巴州,东革,,
4.9533,115.432,马来西亚,砂拉越州,老越,,
4.1926,102.1383,马来西亚,彭亨州,立卑县,,
5.56667,100.65,马来西亚,吉打州,华玲县,,
5.56667,100.9,马来西亚,吉打州,华玲县,,
4.15,101.0,马来西亚,霹雳州,中霹雳县,,
5.3764,116.8875,马来西亚,沙巴州,东革,,
3.7,101.48333,马来西亚,雪兰莪州,乌鲁雪兰莪县,安南再也,PPR Taman Danau
6.25,100.21667,马来西亚,吉打州,古邦巴素县,,
3.47641,101.55507,马来西亚,雪兰莪州,乌鲁雪兰莪县,,
5.68333,102.48333,马来西亚,登嘉樓州,勿述县,,
2.7845,102.3478,马来西亚,森美兰州,仁保县,,
5.4,101.15,马来西亚,霹雳州,上霹靂县,,
3.9308,103.0484,马来西亚,彭亨州,关丹县,,
5.66667,100.71667,马来西亚,吉打州,华玲县,,
3.9105,101.9882,马来西亚,彭亨州,劳勿县,,
3.4727,102.0916,马来西亚,彭亨州,文冬县,,
5.1259,103.0329,马来西亚,登嘉樓州,,,
4.13333,113.93333,马来西亚,砂拉越州,苏必士,,
4.1,113.9,马来西亚,砂拉越州,苏必士,,
3.4783,102.1403,马来西亚,彭亨州,淡马鲁县,,
5.71667,101.76667,马来西亚,吉兰丹州,日里县,,
2.4084,102.1529,马来西亚,马六甲州,亚罗牙也县,,
3.45858,101.63942,马来西亚,雪兰莪州,乌鲁雪兰莪县,,
2.6183,102.2743,马来西亚,森美兰州,瓜拉庇劳县,,
3.96667,103.01667,马来西亚,彭亨州,关丹县,,
5.56718,100.53847,马来西亚,吉打州,瓜拉姆达县,,
6.21571,100.24337,马来西亚,吉打州,古邦巴素县,,
3.1265,102.247,马来西亚,森美兰州,日叻务县,,
4.7235,103.0839,马来西亚,登嘉樓州,龙运县,,
5.2004,102.8819,马来西亚,登嘉樓州,,,
5.1,101.76667,马来西亚,吉兰丹州,话望生县,,
3.5333,102.6946,马来西亚,彭亨州,马兰县,,
2.8026,102.3682,马来西亚,森美兰州,仁保县,,Taman Pelangi Juasseh
2.7772,102.2827,马来西亚,森美兰州,瓜拉庇劳县,,
2.95006,102.09556,马来西亚,森美兰州,日叻务县,,
6.27983,100.59767,马来西亚,吉打州,巴东得腊县,,
4.06667,102.3,马来西亚,彭亨州,而连突县,,
5.28333,103.16667,马来西亚,登嘉樓州,瓜拉登嘉楼,,
4.1,101.3,马来西亚,霹雳州,马登巴冷县,,
2.63638,102.61715,马来西亚,森美兰州,淡边县,,
2.62594,102.68254,马来西亚,柔佛州,昔加末县,,
2.61667,102.65,马来西亚,柔佛州,昔加末县,,
2.71667,102.2,马来西亚,森美兰州,瓜拉庇劳县,Ampang Tinggi,
3.908,101.8942,马来西亚,彭亨州,劳勿县,,
4.95,100.96667,马来西亚,霹雳州,江沙县,,Kampung Raja Intan Suraya
5.25,100.75,马来西亚,霹雳州,拉律峇登司南马县,,Simpang 3
3.9501,101.8914,马来西亚,彭亨州,劳勿县,,
5.25113,100.69105,马来西亚,吉打州,万拉峇鲁县,,
4.15,103.2,马来西亚,登嘉樓州,甘马挽县,,
4.78333,100.93333,马来西亚,霹雳州,江沙县,Kota Lama Kiri,
5.0,100.95,马来西亚,霹雳州,上霹靂县,,
5.99646,100.73025,马来西亚,吉打州,巴东得腊县,,
5.47908,100.69212,马来西亚,吉打州,居林县,,
5.9,100.63333,马来西亚,吉打州,锡县,,
5.21667,102.95,马来西亚,登嘉樓州,士兆县,,
4.68333,115.31667,马来西亚,砂拉越州,老越,,
5.97935,100.72626,马来西亚,吉打州,锡县,,
5.43333,101.31667,马来西亚,霹雳州,上霹靂县,,
3.3725,102.4287,马来西亚,彭亨州,淡马鲁县,,
5.1492,103.106,马来西亚,登嘉樓州,马江县,,
4.38333,118.41667,马来西亚,沙巴州,仙本那,,
5.63333,100.66667,马来西亚,吉打州,华玲县,,
5.2,102.85,马来西亚,登嘉樓州,,,
4.5,114.83333,马来西亚,砂拉越州,林梦,,
5.0243,102.3898,马来西亚,吉兰丹州,话望生县,,
5.41667,102.21667,马来西亚,吉兰丹州,瓜拉吉赖县,,
4.66127,103.1203,马来西亚,登嘉樓州,龙运县,,
5.1245,103.0144,马来西亚,登嘉樓州,,,
4.8281,103.4167,马来西亚,登嘉樓州,龙运县,,
6.3798,116.3476,马来西亚,沙巴州,古打毛律,,
5.82303,100.7404,马来西亚,吉打州,锡县,,Kompleks Pentadbiran Kerajaan Daerah Sik
5.73333,115.9,马来西亚,沙巴州,,,
5.73333,100.98333,马来西亚,霹雳州,上霹靂县,,
5.73711,100.98692,马来西亚,霹雳州,上霹靂县,,
6.35,100.75,马来西亚,吉打州,巴东得腊县,,
5.0011,103.0711,马来西亚,登嘉樓州,,,
6.01667,102.23333,马来西亚,吉兰丹州,哥打峇鲁县,,
5.68333,115.98333,马来西亚,沙巴州,,,
6.22333,100.35124,马来西亚,吉打州,哥打士打县,,
4.0865,100.93144,马来西亚,霹雳州,中霹雳县,,
5.11667,100.8,马来西亚,霹雳州,拉律峇登司南马县,,
6.3978,116.416,马来西亚,沙巴州,古打毛律,,
2.6839,101.4981,马来西亚,雪兰莪州,瓜拉冷岳县,,
4.41667,100.9,马来西亚,霹雳州,中霹雳县,,
6.25,100.46667,马来西亚,吉打州,古邦巴素县,Taman Tunku Intan Shafinaz,
6.13333,100.43333,马来西亚,吉打州,哥打士打县,,
4.78333,100.96667,马来西亚,霹雳州,江沙县,,
4.65,103.15,马来西亚,登嘉樓州,龙运县,,
2.5181,102.1664,马来西亚,森美兰州,林茂县,,
2.1143,102.5985,马来西亚,柔佛州,麻坡县,,
5.57301,100.38916,马来西亚,槟城州,威北县,,
6.06667,102.23333,马来西亚,吉兰丹州,哥打峇鲁县,,
5.75772,100.8955,马来西亚,吉打州,华玲县,,
5.43079,100.43524,马来西亚,槟城州,威中县,,
4.66667,103.15,马来西亚,登嘉樓州,龙运县,,
4.46667,100.78333,马来西亚,霹雳州,曼绒县,,Kampung Kota
4.1795,100.9297,马来西亚,霹雳州,中霹雳县,,
3.7721,100.9812,马来西亚,霹雳州,峇眼拿督县,,
2.5197,102.1593,马来西亚,森美兰州,林茂县,,
2.2831,104.1261,马来西亚,柔佛州,丰盛港县,,
5.05007,100.77955,马来西亚,霹雳州,拉律峇登司南马县,,
3.49484,102.93209,马来西亚,彭亨州,北根县,,
2.8961,102.2887,马来西亚,森美兰州,仁保县,,
5.8903,116.0698,马来西亚,沙巴州,必打丹,,
1.4514,103.9889,马来西亚,柔佛州,新山县,,
4.6457,103.4356,马来西亚,登嘉樓州,龙运县,,
4.5615,103.1985,马来西亚,登嘉樓州,龙运县,,
1.5172,103.9982,马来西亚,柔佛州,新山县,,
2.787,101.7977,马来西亚,森美兰州,芙蓉县,,
5.8677,116.0845,马来西亚,沙巴州,兵南邦,,
2.3298,102.5068,马来西亚,马六甲州,野新县,,
6.13333,100.38333,马来西亚,吉打州,哥打士打县,,
5.8891,116.4994,马来西亚,沙巴州,兰瑙,,
3.9074,103.0289,马来西亚,彭亨州,关丹县,,
3.9104,103.107,马来西亚,彭亨州,关丹县,,
5.93333,102.33333,马来西亚,吉兰丹州,巴西富地县,,
5.95,102.43333,马来西亚,吉兰丹州,万捷县,,
6.13333,102.11667,马来西亚,吉兰丹州,巴西马县,,
6.11667,100.5,马来西亚,吉打州,波各先那县,,
6.01576,100.54271,马来西亚,吉打州,本同县,,
5.96667,102.11667,马来西亚,吉兰丹州,巴西马县,,
5.0307,103.2942,马来西亚,登嘉樓州,马江县,,
4.95444,103.34101,马来西亚,登嘉樓州,马江县,,
4.2124,103.37663,马来西亚,登嘉樓州,朱盖,,
2.5507,102.8089,马来西亚,柔佛州,昔加末县,,
2.1462,102.4336,马来西亚,马六甲州,野新县,,
2.1355,102.6389,马来西亚,柔佛州,东甲县,,
6.2,102.11667,马来西亚,吉兰丹州,道北县,,
5.983,101.9629,马来西亚,吉兰丹州,巴西马县,,
6.16667,102.21667,马来西亚,吉兰丹州,道北县,,Kampung Berlian / Kampung Belian
2.85,101.3,马来西亚,雪兰莪州,瓜拉冷岳县,,
6.2,102.13333,马来西亚,吉兰丹州,道北县,,
5.91667,102.25,马来西亚,吉兰丹州,哥打峇鲁县,柯拉娜,
6.18333,102.11667,马来西亚,吉兰丹州,道北县,,
6.18333,102.15,马来西亚,吉兰丹州,道北县,,
5.9,101.93333,泰国,,,,
6.18333,102.08333,马来西亚,吉兰丹州,道北县,,
2.7799,102.1737,马来西亚,森美兰州,瓜拉庇劳县,,
1.11853,110.40009,马来西亚,砂拉越州,打必禄,,
5.76903,101.86022,马来西亚,吉兰丹州,日里县,,
6.0218,102.0026,马来西亚,吉兰丹州,巴西马县,,
5.43238,100.64977,马来西亚,吉打州,居林县,,
2.9907,103.3631,马来西亚,彭亨州,北根县,,
6.10681,100.32825,马来西亚,吉打州,哥打士打县,Taman Sri Merpati,
5.4241,115.653,马来西亚,沙巴州,保佛,,
5.3699,115.7218,马来西亚,沙巴州,保佛,,
6.2,116.33333,马来西亚,沙巴州,斗亚兰,,
6.18333,116.31667,马来西亚,沙巴州,斗亚兰,,
5.8993,116.5467,马来西亚,沙巴州,兰瑙,,
5.9482,116.6749,马来西亚,沙巴州,兰瑙,,
5.8772,116.1038,马来西亚,沙巴州,兵南邦,,
5.75,116.61667,马来西亚,沙巴州,兰瑙,,
5.8415,116.2916,马来西亚,沙巴州,兵南邦,,
6.06667,116.31667,马来西亚,沙巴州,斗亚兰,,
5.9189,116.5376,马来西亚,沙巴州,兰瑙,,
5.8109,116.6487,马来西亚,沙巴州,兰瑙,,
5.9613,116.1453,马来西亚,沙巴州,亚庇,,
0.91922,110.48267,马来西亚,砂拉越州,打必禄,,
5.90411,116.54097,马来西亚,沙巴州,兰瑙,,
5.9651,116.1621,马来西亚,沙巴州,亚庇,,
6.0797,116.8153,马来西亚,沙巴州,兰瑙,,
5.95,116.16667,马来西亚,沙巴州,亚庇,,
5.8921,116.4872,马来西亚,沙巴州,担布南,,
5.46126,116.70353,马来西亚,沙巴州,东革,,
6.11667,116.25,马来西亚,沙巴州,斗亚兰,,
5.9162,116.193,马来西亚,沙巴州,兵南邦,,
4.3,101.23333,马来西亚,霹雳州,马登巴冷县,,
6.21667,116.26667,马来西亚,沙巴州,斗亚兰,,
6.3363,116.4087,马来西亚,沙巴州,古打毛律,,
5.98001,116.56013,马来西亚,沙巴州,兰瑙,,
6.4117,116.5331,马来西亚,沙巴州,古打毛律,,
5.5383,115.5785,马来西亚,沙巴州,瓜拉班尤,,
5.71667,115.91667,马来西亚,沙巴州,,,
5.31667,115.36667,马来西亚,沙巴州,瓜拉班尤,,
5.8628,116.4515,马来西亚,沙巴州,担布南,,
5.7225,116.9773,马来西亚,沙巴州,兰瑙,,
5.5591,115.5729,马来西亚,沙巴州,瓜拉班尤,,
5.9792,116.6625,马来西亚,沙巴州,兰瑙,,
5.2178,103.2007,马来西亚,登嘉樓州,马江县,,Kampung Kijing
5.64819,100.77398,马来西亚,吉打州,华玲县,,
5.32623,100.47367,马来西亚,槟城州,威中县,阿儿玛,
5.8059,116.062,马来西亚,沙巴州,,,
5.8156,116.433,马来西亚,沙巴州,担布南,,
4.3446,103.3868,马来西亚,登嘉樓州,甘马挽县,,
6.03333,102.11667,马来西亚,吉兰丹州,巴西马县,,
6.05,116.48333,马来西亚,沙巴州,古打毛律,,
6.3161,116.6773,马来西亚,沙巴州,哥打马鲁都,,
5.6053,115.6174,马来西亚,沙巴州,瓜拉班尤,,
4.9975,102.378,马来西亚,吉兰丹州,话望生县,,
5.5364,115.5733,马来西亚,沙巴州,瓜拉班尤,,
3.5401,103.2978,马来西亚,彭亨州,北根县,,
3.2869,102.47229,马来西亚,彭亨州,百乐县,,
5.9735,116.1679,马来西亚,沙巴州,亚庇,,
5.61764,100.79476,马来西亚,吉打州,华玲县,,
5.95,102.35,马来西亚,吉兰丹州,万捷县,,
5.86667,102.48333,马来西亚,吉兰丹州,巴西富地县,,
3.6981,101.5092,马来西亚,霹雳州,慕亚林县,,Taman Intan Setia
6.12413,100.33338,马来西亚,吉打州,哥打士打县,,
4.71667,103.31667,马来西亚,登嘉樓州,龙运县,,
3.6903,103.3404,马来西亚,彭亨州,关丹县,,
3.4887,103.4009,马来西亚,彭亨州,北根县,Kampung Parit Tengah,
5.2909,103.0431,马来西亚,登嘉樓州,瓜拉登嘉楼县,,
1.16667,110.88333,马来西亚,砂拉越州,实文然,,
2.3285,102.3694,马来西亚,马六甲州,野新县,,
2.3212,102.3861,马来西亚,马六甲州,野新县,,
2.1414,102.5533,马来西亚,柔佛州,东甲县,,
2.4944,102.2929,马来西亚,森美兰州,淡边县,,
1.07158,110.50181,马来西亚,砂拉越州,西连,,
4.8193,103.4202,马来西亚,登嘉樓州,龙运县,,
3.6255,102.8411,马来西亚,彭亨州,马兰县,,
5.8149,116.4273,马来西亚,沙巴州,担布南,,
5.821,116.4933,马来西亚,沙巴州,担布南,,
1.35,110.13333,马来西亚,砂拉越州,石隆门,,
4.8,100.85,马来西亚,霹雳州,江沙县,,
5.61667,102.2,马来西亚,吉兰丹州,瓜拉吉赖县,,
4.28333,101.83333,马来西亚,彭亨州,立卑县,,
6.03333,100.51667,马来西亚,吉打州,本同县,,
4.87949,101.96132,马来西亚,吉兰丹州,话望生县,,Kampong Baru Gua Musang
2.56913,102.82432,马来西亚,柔佛州,昔加末县,,
6.47022,100.2646,马来西亚,玻璃市州,,,
2.7507,101.8551,马来西亚,森美兰州,芙蓉县,,
2.85,102.21667,马来西亚,森美兰州,瓜拉庇劳县,,
2.7535,101.8559,马来西亚,森美兰州,芙蓉县,,
5.43333,101.93333,马来西亚,吉兰丹州,日里县,,
6.13333,100.48333,马来西亚,吉打州,波各先那县,,
1.20321,110.3804,马来西亚,砂拉越州,古晋,,
6.3,100.33333,马来西亚,吉打州,古邦巴素县,,
6.18189,100.37206,马来西亚,吉打州,哥打士打县,,Taman Aman
6.19878,100.36379,马来西亚,吉打州,哥打士打县,,
1.65557,109.7783,马来西亚,砂拉越州,伦乐,,
3.8891,102.4227,马来西亚,彭亨州,而连突县,,
3.2644,102.453,马来西亚,彭亨州,百乐县,百乐,
5.75775,100.72487,马来西亚,吉打州,锡县,,
6.1,102.13333,马来西亚,吉兰丹州,巴西马县,,
5.98333,102.18333,马来西亚,吉兰丹州,巴西马县,,
4.88333,100.95,马来西亚,霹雳州,江沙县,,Kampung Jarau
1.0,110.73333,马来西亚,砂拉越州,西连,,
1.00208,110.7304,马来西亚,砂拉越州,西连,,
5.73333,102.56667,马来西亚,登嘉樓州,勿述县,,
1.0,110.65,马来西亚,砂拉越州,西连,,
5.2725,103.0905,马来西亚,登嘉樓州,瓜拉登嘉楼县,,
3.21667,101.63333,马来西亚,雪兰莪州,鹅唛县,,Taman Indah Perdana
2.4806,103.0862,马来西亚,柔佛州,昔加末县,,
5.8911,116.6228,马来西亚,沙巴州,兰瑙,,
2.7799,102.3376,马来西亚,森美兰州,瓜拉庇劳县,,
2.6997,102.325,马来西亚,森美兰州,瓜拉庇劳县,,
4.6124,101.1005,马来西亚,霹雳州,近打县,怡保花园,Taman Westpool
4.5181,101.1356,马来西亚,霹雳州,近打县,,Kg. Kepayang
5.88333,116.61667,马来西亚,沙巴州,兰瑙,,
5.73333,102.23333,马来西亚,吉兰丹州,马樟县,,
6.25,100.33333,马来西亚,吉打州,古邦巴素县,,
6.03333,100.38333,马来西亚,吉打州,哥打士打县,,
6.4227,100.40106,马来西亚,吉打州,古邦巴素县,,
5.587,100.34264,马来西亚,吉打州,瓜拉姆达县,,
5.683,102.61225,马来西亚,登嘉樓州,勿述县,,
5.28449,100.50019,马来西亚,槟城州,威南县,,
6.22501,100.29885,马来西亚,吉打州,古邦巴素县,,
6.11667,100.46667,马来西亚,吉打州,波各先那县,,
6.00887,100.35717,马来西亚,吉打州,哥打士打县,,
6.11667,100.48333,马来西亚,吉打州,波各先那县,,
5.80464,101.96835,马来西亚,吉兰丹州,丹那美拉县,,
5.1471,102.9456,马来西亚,登嘉樓州,,,
6.16667,100.63333,马来西亚,吉打州,巴东得腊县,,
3.439,102.5928,马来西亚,彭亨州,马兰县,,
5.23382,103.03168,马来西亚,登嘉樓州,瓜拉登嘉楼县,,
2.5037,102.1719,马来西亚,森美兰州,林茂县,,
5.41667,101.16667,马来西亚,霹雳州,上霹靂县,,
5.41174,101.12787,马来西亚,霹雳州,上霹靂县,,Taman Rafflesia
3.1789,103.4165,马来西亚,彭亨州,北根县,,
2.4837,102.8184,马来西亚,柔佛州,昔加末县,,
3.93333,103.05,马来西亚,彭亨州,关丹县,,
5.46667,101.91667,马来西亚,吉兰丹州,日里县,,
2.5699,102.7147,马来西亚,柔佛州,昔加末县,,
2.2492,103.5843,马来西亚,柔佛州,居銮县,,
5.1557,103.0487,马来西亚,登嘉樓州,,,
3.0683,102.1121,马来西亚,森美兰州,日叻务县,,
6.08333,102.28333,马来西亚,吉兰丹州,哥打峇鲁县,,Taman Pemuda Sentosa
2.4378,102.1897,马来西亚,马六甲州,亚罗牙也县,,
5.75,102.21667,马来西亚,吉兰丹州,马樟县,,
3.39414,102.50829,马来西亚,彭亨州,百乐县,,
2.4346,102.27,马来西亚,马六甲州,亚罗牙也县,,
3.8688,102.4512,马来西亚,彭亨州,而连突县,,
1.75,103.78333,马来西亚,柔佛州,哥打丁宜县,,
3.4393,102.4096,马来西亚,彭亨州,淡马鲁县,,
2.9449,102.9264,马来西亚,彭亨州,云冰县,,
2.9194,102.0531,马来西亚,森美兰州,日叻务县,,Taman Dato' Undang Abdullah
6.18333,102.33333,马来西亚,吉兰丹州,哥打峇鲁县,,
3.7975,101.0195,马来西亚,雪兰莪州,沙白安南县,,
5.0248,102.9675,马来西亚,登嘉樓州,,,
5.5578,115.5861,马来西亚,沙巴州,瓜拉班尤,,
2.33333,102.38333,马来西亚,马六甲州,野新县,,
5.56667,100.91667,马来西亚,吉打州,华玲县,,
2.2263,103.4749,马来西亚,柔佛州,居銮县,,
5.8,102.4,马来西亚,吉兰丹州,巴西富地县,,
4.01569,102.02192,马来西亚,彭亨州,立卑县,,
3.554,103.3335,马来西亚,彭亨州,北根县,,
4.28333,101.81667,马来西亚,彭亨州,立卑县,,
2.8551,101.9598,马来西亚,森美兰州,芙蓉县,,
4.95,100.58333,马来西亚,霹雳州,吉辇县,,
4.672,103.0466,马来西亚,登嘉樓州,龙运县,,
5.1694,103.2254,马来西亚,登嘉樓州,马江县,,
4.5722,100.6771,马来西亚,霹雳州,拉律峇登司南马县,,
6.25499,100.44843,马来西亚,吉打州,古邦巴素县,达鲁阿曼市,
5.85,102.25,马来西亚,吉兰丹州,马樟县,,
5.63333,102.13333,马来西亚,吉兰丹州,瓜拉吉赖县,,
6.05,102.38333,马来西亚,吉兰丹州,万捷县,,
4.0745,102.3296,马来西亚,彭亨州,而连突县,,
3.405,103.1517,马来西亚,彭亨州,北根县,,
5.9226,116.1401,马来西亚,沙巴州,兵南邦,,
6.07423,100.46729,马来西亚,吉打州,本同县,,
2.2863,104.1145,马来西亚,柔佛州,丰盛港县,,
3.9639,102.4177,马来西亚,彭亨州,而连突县,,
6.13495,100.36233,马来西亚,吉打州,哥打士打县,,
2.1801,102.7504,马来西亚,柔佛州,麻坡县,,
5.78452,101.98782,马来西亚,吉兰丹州,丹那美拉县,,
2.8153,101.6986,马来西亚,雪兰莪州,雪邦县,,
5.46198,100.21993,马来西亚,槟城州,西南县,直落巴巷,
2.5776,102.1122,马来西亚,森美兰州,林茂县,,
2.2308,102.6505,马来西亚,柔佛州,东甲县,,
1.7606,102.9732,马来西亚,柔佛州,峇株巴辖县,,
4.6002,102.9976,马来西亚,登嘉樓州,龙运县,,
5.27528,101.05238,马来西亚,霹雳州,上霹靂县,,
5.15002,100.89073,马来西亚,霹雳州,拉律峇登司南马县,,
3.6581,101.5466,马来西亚,雪兰莪州,乌鲁雪兰莪县,安南再也,Kampung Keliang
5.76689,100.86975,马来西亚,吉打州,华玲县,,
5.81667,102.11667,马来西亚,吉兰丹州,丹那美拉县,,
5.80058,101.97679,马来西亚,吉兰丹州,丹那美拉县,,
5.75596,100.36434,马来西亚,吉打州,铅县,,
2.3726,102.2033,马来西亚,马六甲州,亚罗牙也县,,
4.23333,101.91667,马来西亚,彭亨州,立卑县,,
5.61667,100.78333,马来西亚,吉打州,华玲县,,
5.58089,101.10139,马来西亚,霹雳州,上霹靂县,,
4.8085,100.9597,马来西亚,霹雳州,江沙县,Kota Lama Kanan,Kampung Batang Kulim
3.4662,103.4186,马来西亚,彭亨州,北根县,,
4.71667,100.88333,马来西亚,霹雳州,江沙县,瑶伦,
5.06834,101.9086,马来西亚,吉兰丹州,话望生县,,
6.3023,116.3649,马来西亚,沙巴州,古打毛律,,
3.71667,101.48333,马来西亚,霹雳州,慕亚林县,,
3.66667,101.55,马来西亚,雪兰莪州,乌鲁雪兰莪县,安南再也,Kampung Jelutong Tambahan
3.51667,103.4,马来西亚,彭亨州,北根县,柏拉姆,
5.8257,116.0235,马来西亚,沙巴州,,,
1.65617,109.87828,马来西亚,砂拉越州,伦乐,,
3.53056,102.79064,马来西亚,彭亨州,马兰县,,
5.83185,100.37409,马来西亚,吉打州,铅县,,
4.06667,101.23333,马来西亚,霹雳州,马登巴冷县,,Kampung Batu 5 Jeram Mengkuang
5.37682,100.55242,马来西亚,吉打州,居林县,,
3.21667,101.75,马来西亚,雪兰莪州,鹅唛县,,Riverview Kemensah
5.24288,100.55047,马来西亚,吉打州,万拉峇鲁县,,
5.96667,100.4,马来西亚,吉打州,铅县,,
2.7959,101.44218,马来西亚,雪兰莪州,瓜拉冷岳县,,
2.8952,102.0309,马来西亚,森美兰州,日叻务县,,
5.38432,100.5393,马来西亚,吉打州,居林县,,Taman Merawan
5.39325,100.54198,马来西亚,吉打州,居林县,加拉里,Taman Saga
2.2,111.9,马来西亚,砂拉越州,诗巫,,
6.18333,102.16667,马来西亚,吉兰丹州,道北县,,
5.5034,115.5728,马来西亚,沙巴州,瓜拉班尤,,
4.6,103.0,马来西亚,登嘉樓州,龙运县,,
3.9588,101.963,马来西亚,彭亨州,立卑县,,
2.46593,104.51845,马来西亚,柔佛州,丰盛港县,,
5.0,102.98333,马来西亚,登嘉樓州,,,
6.21454,100.57796,马来西亚,吉打州,波各先那县,,
5.54479,100.69748,马来西亚,吉打州,华玲县,,
6.2,100.5,马来西亚,吉打州,波各先那县,,
6.13333,102.03333,泰国,,,,
5.98333,102.26667,马来西亚,吉兰丹州,哥打峇鲁县,,
3.8842,102.4199,马来西亚,彭亨州,而连突县,,
3.2443,103.28399,马来西亚,彭亨州,北根县,,
4.14088,100.93587,马来西亚,霹雳州,中霹雳县,,
4.07969,102.31479,马来西亚,彭亨州,而连突县,,
5.77669,102.59848,马来西亚,登嘉樓州,勿述县,,
2.8082,101.862,马来西亚,森美兰州,芙蓉县,,
6.0299,101.9873,马来西亚,吉兰丹州,巴西马县,,
1.66616,109.84415,马来西亚,砂拉越州,伦乐,,
2.4,111.28333,马来西亚,砂拉越州,,丹绒玛尼,
1.2,111.48333,马来西亚,砂拉越州,斯里阿曼,,
5.93333,102.35,马来西亚,吉兰丹州,巴西富地县,,
5.73209,100.3659,马来西亚,吉打州,铅县,,
6.18333,102.25,马来西亚,吉兰丹州,哥打峇鲁县,,
5.2526,103.1274,马来西亚,登嘉樓州,瓜拉登嘉楼县,Pekan Kedai Buluh,
4.2191,103.3644,马来西亚,登嘉樓州,朱盖,,
5.12152,100.47301,马来西亚,霹雳州,吉辇县,,Taman Sentosa
4.96667,100.55,马来西亚,霹雳州,吉辇县,,
4.5372,100.673,马来西亚,霹雳州,拉律峇登司南马县,,
4.41667,100.78333,马来西亚,霹雳州,曼绒县,,
5.72792,100.36974,马来西亚,吉打州,铅县,,
5.31654,102.01664,马来西亚,吉兰丹州,瓜拉吉赖县,,
1.4938,103.7527,马来西亚,柔佛州,新山县,,
6.05409,100.35771,马来西亚,吉打州,哥打士打县,Taman Desa Kiara Fasa 1,
3.8279,100.991,马来西亚,霹雳州,峇眼拿督县,,
2.91667,101.5,马来西亚,雪兰莪州,瓜拉冷岳县,,
5.3185,103.0651,马来西亚,登嘉樓州,瓜拉登嘉楼县,,
5.4403,100.58974,马来西亚,吉打州,居林县,,
6.13333,102.2,马来西亚,吉兰丹州,道北县,,
6.0201,102.0157,马来西亚,吉兰丹州,巴西马县,,
6.0853,116.1654,马来西亚,沙巴州,亚庇,,
5.83525,102.52915,马来西亚,登嘉樓州,勿述县,,
5.7,102.51667,马来西亚,登嘉樓州,勿述县,,
1.5641,103.4028,马来西亚,柔佛州,笨珍县,,
5.1339,103.0751,马来西亚,登嘉樓州,马江县,,
2.7397,102.2136,马来西亚,森美兰州,瓜拉庇劳县,,
2.6745,101.9102,马来西亚,森美兰州,芙蓉县,万茂,Taman Patin Indah
4.0466,100.7944,马来西亚,霹雳州,曼绒县,,Kampung Kayan
3.0853,103.2499,马来西亚,彭亨州,北根县,,
5.0156,102.4029,马来西亚,吉兰丹州,话望生县,,
6.4308,116.50751,马来西亚,沙巴州,古打毛律,,
5.8839,116.3576,马来西亚,沙巴州,斗亚兰,,
3.9399,103.0913,马来西亚,彭亨州,关丹县,,
2.5651,102.8125,马来西亚,柔佛州,昔加末县,,
2.5564,102.8043,马来西亚,柔佛州,昔加末县,,
6.2541,116.4782,马来西亚,沙巴州,古打毛律,,
2.6634,101.5609,马来西亚,雪兰莪州,瓜拉冷岳县,,
2.8552,101.9524,马来西亚,森美兰州,芙蓉县,,
5.78668,116.287,马来西亚,沙巴州,兵南邦,,
2.83333,101.45,马来西亚,雪兰莪州,瓜拉冷岳县,,
5.95,116.51667,马来西亚,沙巴州,兰瑙,,
5.8863,116.0621,马来西亚,沙巴州,必打丹,,
5.9532,116.4669,马来西亚,沙巴州,斗亚兰,,
6.2,116.31667,马来西亚,沙巴州,斗亚兰,,
5.3125,115.6006,马来西亚,沙巴州,保佛,,
2.8593,102.1865,马来西亚,森美兰州,瓜拉庇劳县,,
5.30969,100.69634,马来西亚,吉打州,万拉峇鲁县,,
5.2161,103.108,马来西亚,登嘉樓州,马江县,,
6.6165,116.7224,马来西亚,沙巴州,哥打马鲁都,,
6.622,116.6979,马来西亚,沙巴州,哥打马鲁都,,
5.2535,115.6826,马来西亚,沙巴州,保佛,,
5.1,115.61667,马来西亚,沙巴州,实必丹,,
4.4031,103.2485,马来西亚,登嘉樓州,甘马挽县,,
5.8315,116.0359,马来西亚,沙巴州,,,
5.9,116.53333,马来西亚,沙巴州,兰瑙,,
6.1122,116.1354,马来西亚,沙巴州,亚庇,,
4.8354,100.96714,马来西亚,霹雳州,江沙县,宁罗,加赖新村
3.421,102.5807,马来西亚,彭亨州,百乐县,,
2.67501,103.58743,马来西亚,彭亨州,云冰县,,
4.26667,101.86667,马来西亚,彭亨州,立卑县,,
5.4036,116.8892,马来西亚,沙巴州,东革,,
5.7596,117.1447,马来西亚,沙巴州,特鲁必,,
5.7,115.95,马来西亚,沙巴州,,,
5.5,102.48333,马来西亚,登嘉樓州,勿述县,,
5.3829,115.6059,马来西亚,沙巴州,保佛,,
5.5277,115.5553,马来西亚,沙巴州,瓜拉班尤,,
4.7779,100.973,马来西亚,霹雳州,江沙县,,Kampung Kepala Bendang
6.13333,116.31667,马来西亚,沙巴州,斗亚兰,,
1.65,110.01667,马来西亚,砂拉越州,伦乐,,
6.7293,116.6779,马来西亚,沙巴州,古达,,
6.71667,116.66667,马来西亚,沙巴州,古达,,
6.2321,117.6483,马来西亚,沙巴州,比鲁兰,,
6.0,102.18333,马来西亚,吉兰丹州,巴西马县,,
1.38333,110.43333,马来西亚,砂拉越州,三马拉汉,,
5.55861,100.89441,马来西亚,吉打州,华玲县,,
6.25027,116.38519,马来西亚,沙巴州,古打毛律,,
5.3888,115.6856,马来西亚,沙巴州,保佛,,
1.46667,110.21667,马来西亚,砂拉越州,石隆门,,
6.37834,100.32427,马来西亚,吉打州,古邦巴素县,,
5.95,102.45,马来西亚,吉兰丹州,万捷县,,
3.4605,102.6094,马来西亚,彭亨州,马兰县,,
5.4047,101.979,马来西亚,吉兰丹州,瓜拉吉赖县,,
2.85,103.43333,马来西亚,彭亨州,云冰县,,
2.1889,102.3031,马来西亚,马六甲州,马六甲中央县,,
2.5967,101.9862,马来西亚,森美兰州,芙蓉县,,
2.9582,102.108,马来西亚,森美兰州,日叻务县,,
2.4293,103.9815,马来西亚,柔佛州,丰盛港县,,
4.82813,115.25227,马来西亚,砂拉越州,老越,,
6.5074,116.7378,马来西亚,沙巴州,哥打马鲁都,,
1.55259,109.77456,马来西亚,砂拉越州,伦乐,,
6.0292,116.1523,马来西亚,沙巴州,亚庇,,
1.18632,110.2131,马来西亚,砂拉越州,古晋,,
2.2247,104.0653,马来西亚,柔佛州,丰盛港县,,
4.7244,103.0747,马来西亚,登嘉樓州,龙运县,,
5.991,116.3117,马来西亚,沙巴州,斗亚兰,,
3.6297,101.5767,马来西亚,雪兰莪州,乌鲁雪兰莪县,,
3.96667,113.75,马来西亚,砂拉越州,苏必士,,
6.15,102.1,马来西亚,吉兰丹州,巴西马县,,
3.4429,101.6565,马来西亚,雪兰莪州,乌鲁雪兰莪县,,
6.73333,116.68333,马来西亚,沙巴州,古达,,
6.13333,116.35,马来西亚,沙巴州,斗亚兰,,
5.5531,115.5571,马来西亚,沙巴州,瓜拉班尤,,
6.4213,116.5431,马来西亚,沙巴州,古打毛律,,
6.5357,116.6148,马来西亚,沙巴州,古打毛律,,
6.0396,116.1629,马来西亚,沙巴州,亚庇,,
5.9411,116.211,马来西亚,沙巴州,亚庇,,
5.83333,100.61667,马来西亚,吉打州,锡县,,
1.5,110.88333,马来西亚,砂拉越州,实文然,,
5.75188,101.74059,马来西亚,吉兰丹州,日里县,,
5.69995,100.95278,马来西亚,吉打州,华玲县,,
5.39013,101.07079,马来西亚,霹雳州,上霹靂县,,
1.15983,110.46195,马来西亚,砂拉越州,西连,,
1.19119,110.21481,马来西亚,砂拉越州,古晋,,
6.16667,102.1,马来西亚,吉兰丹州,道北县,,
3.0303,103.4267,马来西亚,彭亨州,北根县,,
5.7763,116.0938,马来西亚,沙巴州,,,
5.7594,116.0888,马来西亚,沙巴州,,,
6.5724,116.5561,马来西亚,沙巴州,古打毛律,,
2.26667,103.6,马来西亚,柔佛州,居銮县,,
3.481,102.0985,马来西亚,彭亨州,文冬县,,
6.45624,116.50064,马来西亚,沙巴州,古打毛律,,
5.891,116.7284,马来西亚,沙巴州,兰瑙,,
5.32923,100.25228,马来西亚,槟城州,西南县,,
2.5365,102.802,马来西亚,柔佛州,昔加末县,,
5.8912,116.0625,马来西亚,沙巴州,必打丹,,
4.16667,113.88333,马来西亚,砂拉越州,美里,,
4.37751,102.04051,马来西亚,彭亨州,立卑县,,
4.2956,102.3915,马来西亚,彭亨州,而连突县,,
2.98333,101.86667,马来西亚,雪兰莪州,乌鲁冷岳县,,Taman Semenyih
3.4845,102.5345,马来西亚,彭亨州,马兰县,,
5.935,116.0804,马来西亚,沙巴州,兵南邦,,Kampung Kobusak
5.90054,100.39268,马来西亚,吉打州,铅县,,
5.3885,115.6225,马来西亚,沙巴州,保佛,,
3.41193,102.68139,马来西亚,彭亨州,马兰县,,
4.47978,118.68617,马来西亚,沙巴州,仙本那,,
6.0669,116.229,马来西亚,沙巴州,斗亚兰,,
2.8792,101.8324,马来西亚,雪兰莪州,乌鲁冷岳县,,
5.3329,115.5688,马来西亚,沙巴州,保佛,,
6.0574,116.1166,马来西亚,沙巴州,亚庇,,
4.5316,118.5031,马来西亚,沙巴州,仙本那,,
2.427,102.417,马来西亚,马六甲州,野新县,,
3.52114,102.14771,马来西亚,彭亨州,淡马鲁县,,
2.50327,103.63098,马来西亚,柔佛州,丰盛港县,,
2.8014,101.8776,马来西亚,森美兰州,芙蓉县,,
5.30661,100.45358,马来西亚,槟城州,威中县,武吉敏惹,
5.4466,115.6009,马来西亚,沙巴州,保佛,,
5.3236,115.5039,马来西亚,沙巴州,保佛,,
2.6629,102.1408,马来西亚,森美兰州,瓜拉庇劳县,,
6.01667,102.13333,马来西亚,吉兰丹州,巴西马县,,
4.65437,118.18728,马来西亚,沙巴州,古纳,,
5.51667,100.68333,马来西亚,吉打州,居林县,,
5.0142,102.4067,马来西亚,吉兰丹州,话望生县,,
2.8089,102.2843,马来西亚,森美兰州,瓜拉庇劳县,,
2.7814,102.3048,马来西亚,森美兰州,瓜拉庇劳县,,Taman Pelangi Fasa 2
2.4623,103.0646,马来西亚,柔佛州,昔加末县,,
2.7951,104.2023,马来西亚,彭亨州,云冰县,,
2.707,102.1827,马来西亚,森美兰州,瓜拉庇劳县,,
5.0094,102.3849,马来西亚,吉兰丹州,话望生县,,
6.15,100.51667,马来西亚,吉打州,波各先那县,,
4.6797,103.0492,马来西亚,登嘉樓州,龙运县,,
4.64435,103.02559,马来西亚,登嘉樓州,龙运县,,
4.157,102.3497,马来西亚,彭亨州,而连突县,,
5.52426,101.12097,马来西亚,霹雳州,上霹靂县,,
3.0357,103.3747,马来西亚,彭亨州,北根县,,
4.3,101.91667,马来西亚,彭亨州,立卑县,,
2.46667,111.46667,马来西亚,砂拉越州,,,
5.76974,100.70031,马来西亚,吉打州,锡县,,
3.98333,103.01667,马来西亚,彭亨州,关丹县,,
2.6429,101.8443,马来西亚,森美兰州,波德申县,,
2.7629,101.7809,马来西亚,森美兰州,芙蓉县,,
2.7755,101.7639,马来西亚,森美兰州,芙蓉县,哥打斯里莪玛士,
5.2006,103.0751,马来西亚,登嘉樓州,马江县,,
2.7367,101.9606,马来西亚,森美兰州,芙蓉县,小甘密,
5.93333,102.3,马来西亚,吉兰丹州,巴西富地县,,
3.9555,101.7961,马来西亚,彭亨州,劳勿县,,
6.18659,100.25685,马来西亚,吉打州,古邦巴素县,,
3.9791,101.9032,马来西亚,彭亨州,劳勿县,,
5.1268,103.131,马来西亚,登嘉樓州,马江县,,
5.1405,103.1196,马来西亚,登嘉樓州,马江县,,
5.1375,103.129,马来西亚,登嘉樓州,马江县,,
5.59803,100.59126,马来西亚,吉打州,瓜拉姆达县,,
3.83333,101.48333,马来西亚,霹雳州,慕亚林县,,
4.057,101.9577,马来西亚,彭亨州,立卑县,,
4.75,100.91667,马来西亚,霹雳州,江沙县,,
2.771,101.9965,马来西亚,森美兰州,芙蓉县,,
5.2272,102.8553,马来西亚,登嘉樓州,,,
5.8488,100.78391,马来西亚,吉打州,锡县,,
4.35,100.78333,马来西亚,霹雳州,曼绒县,,哲仁新村
2.7,111.41667,马来西亚,砂拉越州,,,
1.2242,110.22459,马来西亚,砂拉越州,古晋,,
1.06667,110.85,马来西亚,砂拉越州,实文然,,
1.63333,110.45,马来西亚,砂拉越州,古晋,,
4.16667,101.9,马来西亚,彭亨州,立卑县,,
3.2785,102.4575,马来西亚,彭亨州,百乐县,百乐,
2.8703,102.2532,马来西亚,森美兰州,瓜拉庇劳县,,
5.85,102.4,马来西亚,吉兰丹州,巴西富地县,,
3.9963,102.0837,马来西亚,彭亨州,立卑县,,
3.8622,102.3653,马来西亚,彭亨州,而连突县,,
2.7802,101.8072,马来西亚,森美兰州,芙蓉县,,
5.95,100.38333,马来西亚,吉打州,铅县,,
3.7622,101.0905,马来西亚,雪兰莪州,沙白安南县,,
5.75,102.11667,马来西亚,吉兰丹州,丹那美拉县,,
4.98333,102.36667,马来西亚,吉兰丹州,话望生县,,
5.3638,102.0007,马来西亚,吉兰丹州,瓜拉吉赖县,,
3.76667,102.9,马来西亚,彭亨州,关丹县,,
5.94028,100.68598,马来西亚,吉打州,锡县,,
3.8587,103.3631,马来西亚,彭亨州,关丹县,,Kampung Darat Sekolah
5.46667,102.18333,马来西亚,吉兰丹州,瓜拉吉赖县,,
5.81667,102.03333,马来西亚,吉兰丹州,丹那美拉县,,
5.3335,103.06,马来西亚,登嘉樓州,瓜拉登嘉楼县,,
4.4076,101.1577,马来西亚,霹雳州,金宝县,,也南新村
4.15274,103.11899,马来西亚,登嘉樓州,甘马挽县,,
3.98,101.782,马来西亚,彭亨州,劳勿县,峇都马林,
2.7876,102.152,马来西亚,森美兰州,瓜拉庇劳县,,
2.3697,102.0888,马来西亚,马六甲州,亚罗牙也县,,
2.05,102.66667,马来西亚,柔佛州,麻坡县,,
2.0591,102.6246,马来西亚,柔佛州,麻坡县,,
5.695,100.91238,马来西亚,吉打州,华玲县,,
3.029,102.1276,马来西亚,森美兰州,日叻务县,,
5.83641,100.78226,马来西亚,吉打州,锡县,,
5.59839,100.84692,马来西亚,吉打州,华玲县,,
6.39223,100.43808,马来西亚,吉打州,古邦巴素县,,
6.12159,100.33245,马来西亚,吉打州,哥打士打县,,
3.4856,102.1389,马来西亚,彭亨州,淡马鲁县,,
5.58333,102.26667,马来西亚,吉兰丹州,瓜拉吉赖县,,
3.81667,102.41667,马来西亚,彭亨州,而连突县,,
5.83798,101.89372,马来西亚,吉兰丹州,丹那美拉县,,
2.8859,101.5176,马来西亚,雪兰莪州,瓜拉冷岳县,,
5.81667,100.63333,马来西亚,吉打州,锡县,,
3.8815,102.185,马来西亚,彭亨州,而连突县,,
5.8,102.2,马来西亚,吉兰丹州,马樟县,,
2.88333,101.73333,马来西亚,雪兰莪州,雪邦县,,
2.8685,101.7316,马来西亚,雪兰莪州,雪邦县,,Kampung Jenderam Hulu
5.1259,103.1978,马来西亚,登嘉樓州,马江县,,
2.8406,101.6423,马来西亚,雪兰莪州,瓜拉冷岳县,Bukit Changgang,
1.14742,110.47989,马来西亚,砂拉越州,西连,,
4.98333,100.93333,马来西亚,霹雳州,江沙县,,
4.96667,100.95,马来西亚,霹雳州,江沙县,,
6.41667,100.41667,马来西亚,吉打州,古邦巴素县,,
1.55,110.68333,马来西亚,砂拉越州,,,
2.7994,102.3571,马来西亚,森美兰州,仁保县,,Taman Pelangi Juasseh
5.97015,100.35348,马来西亚,吉打州,铅县,,
5.05,100.81667,马来西亚,霹雳州,拉律峇登司南马县,,
4.2136,103.3331,马来西亚,登嘉樓州,朱盖,,
2.7865,102.2674,马来西亚,森美兰州,瓜拉庇劳县,,
3.5285,102.0169,马来西亚,彭亨州,文冬县,,
3.8397,101.8935,马来西亚,彭亨州,劳勿县,,
2.57374,102.82246,马来西亚,柔佛州,昔加末县,,
6.25074,100.62426,马来西亚,吉打州,巴东得腊县,,
5.85723,100.77803,马来西亚,吉打州,锡县,,
4.78333,100.73333,马来西亚,霹雳州,拉律峇登司南马县,,Taman Gantang Murni
4.2526,100.6951,马来西亚,霹雳州,曼绒县,,
2.83333,101.43333,马来西亚,雪兰莪州,瓜拉冷岳县,,
2.6236,101.7142,马来西亚,雪兰莪州,雪邦县,,Pantai Sepang Putra
3.0,102.05,马来西亚,森美兰州,日叻务县,,
3.8713,101.9469,马来西亚,彭亨州,劳勿县,,
5.88333,102.38333,马来西亚,吉兰丹州,巴西富地县,,
4.63333,100.86667,马来西亚,霹雳州,江沙县,,
6.40627,100.28469,马来西亚,玻璃市州,,,
2.93333,102.08333,马来西亚,森美兰州,日叻务县,,
2.8654,101.9137,马来西亚,森美兰州,芙蓉县,,
2.8641,101.9624,马来西亚,森美兰州,芙蓉县,,
6.08333,102.26667,马来西亚,吉兰丹州,哥打峇鲁县,,
2.3885,102.2196,马来西亚,马六甲州,亚罗牙也县,,
5.38524,100.4226,马来西亚,槟城州,威中县,,
5.1305,102.0183,马来西亚,吉兰丹州,话望生县,,
5.8,102.05,马来西亚,吉兰丹州,丹那美拉县,,
4.3,101.78333,马来西亚,彭亨州,立卑县,,
6.0408,100.44193,马来西亚,吉打州,本同县,,
5.00759,100.8099,马来西亚,霹雳州,拉律峇登司南马县,,
4.08333,102.3,马来西亚,彭亨州,立卑县,,
6.05,102.05,马来西亚,吉兰丹州,巴西马县,,
5.8,102.01667,马来西亚,吉兰丹州,丹那美拉县,,
2.89327,112.14241,马来西亚,砂拉越州,沐胶,,
4.16667,101.91667,马来西亚,彭亨州,立卑县,,
5.55,101.88333,马来西亚,吉兰丹州,日里县,,
2.1354,102.7819,马来西亚,柔佛州,麻坡县,,
5.28558,100.49389,马来西亚,槟城州,威南县,,
5.11667,100.58333,马来西亚,吉打州,万拉峇鲁县,,
6.3,100.23333,马来西亚,吉打州,古邦巴素县,,
5.20693,100.49987,马来西亚,槟城州,威南县,,
2.44607,102.78956,马来西亚,柔佛州,昔加末县,,
5.74225,102.50759,马来西亚,登嘉樓州,勿述县,,
3.23333,101.63333,马来西亚,雪兰莪州,鹅唛县,,
1.35,104.1337,马来西亚,柔佛州,哥打丁宜县,,
1.3628,104.1303,马来西亚,柔佛州,哥打丁宜县,,
6.18333,100.26667,马来西亚,吉打州,哥打士打县,,
5.97815,100.37538,马来西亚,吉打州,哥打士打县,,
5.57044,100.46898,马来西亚,吉打州,瓜拉姆达县,,
5.37021,100.40354,马来西亚,槟城州,威中县,诗不朗再也,
5.3,115.25,马来西亚,纳闽,纳闽市,,
5.32642,100.29538,马来西亚,槟城州,西南县,,
4.3986,101.1481,马来西亚,霹雳州,金宝县,,
4.2239,103.2914,马来西亚,登嘉樓州,甘马挽县,,
3.7597,101.1007,马来西亚,霹雳州,峇眼拿督县,,
3.5832,101.5936,马来西亚,雪兰莪州,乌鲁雪兰莪县,,
3.1667,101.8538,马来西亚,雪兰莪州,乌鲁冷岳县,,呀吃十八哩
3.01667,101.46667,马来西亚,雪兰莪州,巴生县,,
2.508,102.8406,马来西亚,柔佛州,昔加末县,,
2.5022,103.7973,马来西亚,柔佛州,丰盛港县,,
2.3,102.8127,马来西亚,柔佛州,麻坡县,,
2.2506,102.7792,马来西亚,柔佛州,东甲县,,
2.162,102.3201,马来西亚,马六甲州,马六甲中央县,,
2.1595,102.704,马来西亚,柔佛州,麻坡县,,
1.8821,102.7062,马来西亚,柔佛州,麻坡县,,
1.7455,103.8963,马来西亚,柔佛州,哥打丁宜县,,
1.5829,103.3451,马来西亚,柔佛州,笨珍县,亚逸峇礼,
1.4693,103.7337,马来西亚,柔佛州,新山县,北湖,Kampung Jawa
1.3535,104.133,马来西亚,柔佛州,哥打丁宜县,,
5.63333,115.91667,马来西亚,沙巴州,,,
4.75,100.93333,马来西亚,霹雳州,江沙县,,
2.3061,102.4289,马来西亚,马六甲州,野新县,,
2.5566,102.8143,马来西亚,柔佛州,昔加末县,,
4.7585,101.1481,马来西亚,霹雳州,近打县,,
4.61667,100.68333,马来西亚,霹雳州,拉律峇登司南马县,,
3.9463,103.0446,马来西亚,彭亨州,关丹县,,
5.45,100.5,马来西亚,槟城州,威北县,阿拉古拉,
5.4411,115.5837,马来西亚,沙巴州,保佛,,
1.48333,110.46667,马来西亚,砂拉越州,三马拉汉,,
1.13333,110.98333,马来西亚,砂拉越州,斯里阿曼,,
4.0581,102.2219,马来西亚,彭亨州,立卑县,,
5.5988,115.608,马来西亚,沙巴州,瓜拉班尤,,
2.71667,103.58333,马来西亚,彭亨州,云冰县,,
1.64402,109.78071,马来西亚,砂拉越州,伦乐,,
5.43451,100.65597,马来西亚,吉打州,居林县,,
2.6278,101.7904,马来西亚,森美兰州,波德申县,,Kampung Janging
4.06667,113.83333,马来西亚,砂拉越州,苏必士,,
4.2371,103.3709,马来西亚,登嘉樓州,朱盖,,
4.822,100.9637,马来西亚,霹雳州,江沙县,宁罗,Desa Seri Iskandar
1.67449,109.80015,马来西亚,砂拉越州,伦乐,,
3.4642,102.0961,马来西亚,彭亨州,文冬县,,
2.8046,102.3828,马来西亚,森美兰州,仁保县,,
3.8636,103.3676,马来西亚,彭亨州,关丹县,,
3.73333,102.38333,马来西亚,彭亨州,淡马鲁县,,
3.5344,103.3781,马来西亚,彭亨州,北根县,,
3.1445,103.4352,马来西亚,彭亨州,北根县,,
4.3083,117.8855,马来西亚,沙巴州,斗湖,,
5.8958,116.0622,马来西亚,沙巴州,兵南邦,,
2.44444,103.78488,马来西亚,柔佛州,丰盛港县,,
5.5997,115.5816,马来西亚,沙巴州,瓜拉班尤,,
2.0958,102.5785,马来西亚,柔佛州,麻坡县,,
3.5343,103.4202,马来西亚,彭亨州,北根县,,
4.11667,101.3,马来西亚,霹雳州,马登巴冷县,,
2.0791,102.5882,马来西亚,柔佛州,麻坡县,,长发花园
5.04117,100.61516,马来西亚,霹雳州,吉辇县,,
5.63333,100.5,马来西亚,吉打州,瓜拉姆达县,,
2.9681,101.5133,马来西亚,雪兰莪州,巴生县,,
2.8712,101.8556,马来西亚,雪兰莪州,乌鲁冷岳县,,
3.7,101.53333,马来西亚,霹雳州,慕亚林县,,
5.34802,100.20894,马来西亚,槟城州,西南县,Bagan Air Hitam,
5.11667,100.76667,马来西亚,霹雳州,拉律峇登司南马县,,
5.06854,100.47505,马来西亚,霹雳州,吉辇县,,
2.8862,101.7157,马来西亚,雪兰莪州,雪邦县,,
4.63333,100.88333,马来西亚,霹雳州,江沙县,,
1.3697,103.4551,马来西亚,柔佛州,笨珍县,,
5.0951,103.0817,马来西亚,登嘉樓州,,,
4.61667,114.9,马来西亚,砂拉越州,林梦,,
4.76667,100.7,马来西亚,霹雳州,拉律峇登司南马县,,
4.5841,102.9868,马来西亚,登嘉樓州,龙运县,,
1.38333,110.73333,马来西亚,砂拉越州,实文然,,
1.35869,110.03714,马来西亚,砂拉越州,石隆门,,
4.5868,102.9925,马来西亚,登嘉樓州,龙运县,,
3.8867,103.3118,马来西亚,登嘉樓州,甘马挽县,,
5.93333,102.18333,马来西亚,吉兰丹州,巴西马县,,
5.55,101.9,马来西亚,吉兰丹州,日里县,,
2.5579,102.8279,马来西亚,柔佛州,昔加末县,,
2.5379,102.8046,马来西亚,柔佛州,昔加末县,,
3.0447,103.3674,马来西亚,彭亨州,北根县,,
5.2877,115.5485,马来西亚,沙巴州,保佛,,
5.0948,103.1105,马来西亚,登嘉樓州,马江县,,
1.2,110.91667,马来西亚,砂拉越州,实文然,,
2.5,102.11667,马来西亚,森美兰州,林茂县,,
5.0459,103.0017,马来西亚,登嘉樓州,,,
2.5497,102.2286,马来西亚,森美兰州,瓜拉庇劳县,,
2.63333,111.28333,马来西亚,砂拉越州,,,
4.73653,114.83451,马来西亚,砂拉越州,林梦,,
4.44414,114.90161,马来西亚,砂拉越州,林梦,,
5.31075,116.53375,马来西亚,沙巴州,根地咬,,
6.216,116.2279,马来西亚,沙巴州,斗亚兰,,
4.3374,117.8571,马来西亚,沙巴州,斗湖,,
2.6226,102.253,马来西亚,森美兰州,瓜拉庇劳县,,
4.57602,114.85709,马来西亚,砂拉越州,林梦,,
4.77831,114.91757,马来西亚,砂拉越州,林梦,,
5.26667,117.11667,马来西亚,沙巴州,东革,,
6.33118,100.37033,马来西亚,吉打州,古邦巴素县,,
4.7241,103.0709,马来西亚,登嘉樓州,龙运县,,
4.3144,117.8452,马来西亚,沙巴州,斗湖,,
4.68333,103.4,马来西亚,登嘉樓州,龙运县,,
1.36667,111.16667,马来西亚,砂拉越州,斯里阿曼,,
1.25,111.45,马来西亚,砂拉越州,斯里阿曼,,Taman Alam Indah
1.21667,110.53333,马来西亚,砂拉越州,西连,,
4.0661,102.2345,马来西亚,彭亨州,立卑县,,
2.7428,102.157,马来西亚,森美兰州,瓜拉庇劳县,,
5.85,102.13333,马来西亚,吉兰丹州,丹那美拉县,,
6.31107,100.36462,马来西亚,吉打州,古邦巴素县,,
6.08202,100.3345,马来西亚,吉打州,哥打士打县,,Kampung Hutan Putus
6.05,102.18333,马来西亚,吉兰丹州,巴西马县,,Taman Sri Sentosa
3.8807,100.9353,马来西亚,霹雳州,峇眼拿督县,,半港
1.9354,104.0618,马来西亚,柔佛州,哥打丁宜县,,
6.3,100.4,马来西亚,吉打州,古邦巴素县,,
6.41421,100.27887,马来西亚,玻璃市州,,,
5.85,102.38333,马来西亚,吉兰丹州,巴西富地县,,
5.94294,100.38656,马来西亚,吉打州,铅县,,
5.1894,103.1019,马来西亚,登嘉樓州,马江县,,
6.19927,100.31426,马来西亚,吉打州,哥打士打县,,
6.14782,100.38315,马来西亚,吉打州,哥打士打县,,Taman Mulia
5.8819,116.321,马来西亚,沙巴州,斗亚兰,,
6.25,100.36667,马来西亚,吉打州,古邦巴素县,,
6.23333,100.43333,马来西亚,吉打州,古邦巴素县,,
6.19754,100.3002,马来西亚,吉打州,哥打士打县,,
5.69201,100.35698,马来西亚,吉打州,瓜拉姆达县,,
6.07369,100.34999,马来西亚,吉打州,哥打士打县,Taman Desa Kiara Fasa 1,
4.9579,102.3576,马来西亚,吉兰丹州,话望生县,,
6.05,116.38333,马来西亚,沙巴州,斗亚兰,,
5.8179,116.1126,马来西亚,沙巴州,,,
6.2,100.41667,马来西亚,吉打州,哥打士打县,,
6.14566,100.39272,马来西亚,吉打州,哥打士打县,,Taman Kelana
5.71082,100.40268,马来西亚,吉打州,瓜拉姆达县,,
2.3641,102.0199,马来西亚,马六甲州,亚罗牙也县,,Taman Kuala Permai
2.1871,102.2614,马来西亚,马六甲州,马六甲中央县,,
3.34198,102.53387,马来西亚,彭亨州,百乐县,,
4.78619,102.29717,马来西亚,吉兰丹州,话望生县,,
5.59497,100.85395,马来西亚,吉打州,华玲县,,
5.02029,100.80805,马来西亚,霹雳州,拉律峇登司南马县,,
2.3097,102.6742,马来西亚,柔佛州,东甲县,,
4.53333,100.7,马来西亚,霹雳州,拉律峇登司南马县,,
4.41972,118.65667,马来西亚,沙巴州,仙本那,,
6.1,116.33333,马来西亚,沙巴州,斗亚兰,,
2.71667,111.48333,马来西亚,砂拉越州,玛都,,
5.66667,100.8,马来西亚,吉打州,华玲县,,
1.4144,103.4601,马来西亚,柔佛州,笨珍县,,
5.9,102.41667,马来西亚,吉兰丹州,万捷县,,
1.8539,103.3093,马来西亚,柔佛州,居銮县,,
6.1,102.25,马来西亚,吉兰丹州,哥打峇鲁县,布诺巴容,
3.14074,101.44998,马来西亚,雪兰莪州,巴生县,,Kampung Haji Mohamad Shariff
1.8421,103.9572,马来西亚,柔佛州,哥打丁宜县,,
5.08333,100.83333,马来西亚,霹雳州,拉律峇登司南马县,,
3.98333,100.75,马来西亚,霹雳州,峇眼拿督县,,
1.97378,103.10934,马来西亚,柔佛州,峇株巴辖县,,
2.3165,102.0734,马来西亚,马六甲州,亚罗牙也县,,
6.39757,100.78462,马来西亚,吉打州,巴东得腊县,,
5.23611,100.49225,马来西亚,槟城州,威南县,双溪峇甲,
5.1,115.55,马来西亚,沙巴州,实必丹,,
5.13333,101.01667,马来西亚,霹雳州,上霹靂县,,
5.906,116.0867,马来西亚,沙巴州,兵南邦,,
6.43333,100.28333,马来西亚,玻璃市州,,,
5.88333,102.1,马来西亚,吉兰丹州,丹那美拉县,,
2.8635,102.1793,马来西亚,森美兰州,瓜拉庇劳县,,
1.5998,104.0016,马来西亚,柔佛州,哥打丁宜县,,
6.06667,102.03333,马来西亚,吉兰丹州,巴西马县,,
5.91667,102.23333,马来西亚,吉兰丹州,哥打峇鲁县,柯拉娜,
5.60688,102.72563,马来西亚,登嘉樓州,士兆县,,
5.1897,103.0853,马来西亚,登嘉樓州,马江县,,
4.0,101.33333,马来西亚,霹雳州,马登巴冷县,,
3.61667,102.38333,马来西亚,彭亨州,淡马鲁县,,
2.5489,102.8162,马来西亚,柔佛州,昔加末县,,
6.2,116.38333,马来西亚,沙巴州,斗亚兰,,
6.402,116.6436,马来西亚,沙巴州,哥打马鲁都,,
6.19056,100.33524,马来西亚,吉打州,哥打士打县,,
1.853,102.953,马来西亚,柔佛州,峇株巴辖县,,Soga Sutera
2.6654,102.1483,马来西亚,森美兰州,瓜拉庇劳县,,
4.4256,101.1663,马来西亚,霹雳州,金宝县,,
4.4477,101.1662,马来西亚,霹雳州,金宝县,,
4.4404,101.1693,马来西亚,霹雳州,金宝县,,
6.18461,100.32878,马来西亚,吉打州,哥打士打县,,
4.9357,103.0555,马来西亚,登嘉樓州,,,
6.3409,116.5804,马来西亚,沙巴州,古打毛律,,
2.7901,101.7083,马来西亚,雪兰莪州,雪邦县,,
6.15,116.45,马来西亚,沙巴州,古打毛律,,
3.55451,101.95756,马来西亚,彭亨州,文冬县,,
3.6254,101.579,马来西亚,雪兰莪州,乌鲁雪兰莪县,,Kampung Gumut Tambahan
1.27908,110.65611,马来西亚,砂拉越州,实文然,,
1.27532,110.05437,马来西亚,砂拉越州,石隆门,,
3.54108,102.58643,马来西亚,彭亨州,马兰县,,
3.4676,102.5659,马来西亚,彭亨州,马兰县,,
6.01998,100.81919,马来西亚,吉打州,锡县,,
6.0513,116.1568,马来西亚,沙巴州,亚庇,,
3.76667,103.25,马来西亚,彭亨州,关丹县,,
2.5126,102.79,马来西亚,柔佛州,昔加末县,,
5.22935,100.68226,马来西亚,吉打州,万拉峇鲁县,,
5.05,100.8,马来西亚,霹雳州,拉律峇登司南马县,,
5.65006,100.69529,马来西亚,吉打州,华玲县,,
5.53333,100.53333,马来西亚,吉打州,居林县,,
5.46342,100.43504,马来西亚,槟城州,威北县,,
5.83333,100.48333,马来西亚,吉打州,瓜拉姆达县,,Taman Jerai Bayu
5.63333,100.68333,马来西亚,吉打州,华玲县,,
5.64809,100.8437,马来西亚,吉打州,华玲县,,
6.13333,100.45,马来西亚,吉打州,哥打士打县,,
5.23333,100.7,马来西亚,霹雳州,拉律峇登司南马县,,
6.4127,116.5096,马来西亚,沙巴州,古打毛律,,
5.96636,101.95909,马来西亚,吉兰丹州,巴西马县,,
5.95177,101.94502,马来西亚,吉兰丹州,巴西马县,,
5.93333,102.08333,马来西亚,吉兰丹州,巴西马县,,
5.94606,101.9963,马来西亚,吉兰丹州,巴西马县,,
5.9783,102.0036,马来西亚,吉兰丹州,巴西马县,,
5.9913,101.991,马来西亚,吉兰丹州,巴西马县,,
6.0312,102.0186,马来西亚,吉兰丹州,巴西马县,,
6.0184,102.007,马来西亚,吉兰丹州,巴西马县,,
5.75,102.03333,马来西亚,吉兰丹州,丹那美拉县,,
6.0112,102.0018,马来西亚,吉兰丹州,巴西马县,,
5.95312,101.99664,马来西亚,吉兰丹州,巴西马县,,
5.75,102.05,马来西亚,吉兰丹州,丹那美拉县,,
5.96667,102.0,马来西亚,吉兰丹州,巴西马县,,
5.98333,102.03333,马来西亚,吉兰丹州,巴西马县,,
5.9,102.05,马来西亚,吉兰丹州,巴西马县,,
5.9873,102.0021,马来西亚,吉兰丹州,巴西马县,,
5.82476,101.9522,马来西亚,吉兰丹州,丹那美拉县,,
5.55,100.4,马来西亚,槟城州,威北县,,
3.3352,102.478,马来西亚,彭亨州,百乐县,,
5.01667,101.76667,马来西亚,吉兰丹州,话望生县,,
5.2,100.66667,马来西亚,吉打州,万拉峇鲁县,,
5.15052,100.98705,马来西亚,霹雳州,上霹靂县,,
6.0149,102.0271,马来西亚,吉兰丹州,巴西马县,,
5.3622,115.5782,马来西亚,沙巴州,保佛,,
4.81667,103.33333,马来西亚,登嘉樓州,龙运县,,
6.25,100.31667,马来西亚,吉打州,古邦巴素县,,
5.75934,102.51609,马来西亚,登嘉樓州,勿述县,,
5.2912,103.1493,马来西亚,登嘉樓州,瓜拉登嘉楼县,,
5.85,102.41667,马来西亚,吉兰丹州,巴西富地县,,
5.8,102.46667,马来西亚,吉兰丹州,巴西富地县,,
5.56667,102.76667,马来西亚,登嘉樓州,士兆县,,
5.61558,102.67754,马来西亚,登嘉樓州,士兆县,,
5.46667,102.85,马来西亚,登嘉樓州,士兆县,,
5.81667,102.5,马来西亚,吉兰丹州,巴西富地县,,
5.75,102.58333,马来西亚,登嘉樓州,勿述县,,
5.79804,102.52794,马来西亚,登嘉樓州,勿述县,,
5.83333,102.41667,马来西亚,吉兰丹州,巴西富地县,,
5.83333,102.33333,马来西亚,吉兰丹州,巴西富地县,,
5.8,102.45,马来西亚,吉兰丹州,巴西富地县,,
5.2383,103.1889,马来西亚,登嘉樓州,马江县,,
5.81667,102.43333,马来西亚,吉兰丹州,巴西富地县,,
5.73333,102.61667,马来西亚,登嘉樓州,勿述县,,
5.66667,102.56667,马来西亚,登嘉樓州,勿述县,,
5.73417,102.55433,马来西亚,登嘉樓州,勿述县,,
5.73333,102.6,马来西亚,登嘉樓州,勿述县,,
4.6541,103.4106,马来西亚,登嘉樓州,龙运县,,
5.2979,103.1479,马来西亚,登嘉樓州,瓜拉登嘉楼县,Kampung Mengabang Tengah,
5.78333,102.45,马来西亚,吉兰丹州,巴西富地县,,
5.71667,102.53333,马来西亚,登嘉樓州,勿述县,,
5.185,103.1931,马来西亚,登嘉樓州,马江县,,
6.15,102.3,马来西亚,吉兰丹州,哥打峇鲁县,,
5.83333,102.5,马来西亚,吉兰丹州,巴西富地县,,
5.7693,102.53033,马来西亚,登嘉樓州,勿述县,,
5.71667,102.51667,马来西亚,登嘉樓州,勿述县,,
5.86667,102.43333,马来西亚,吉兰丹州,巴西富地县,,
5.86667,102.41667,马来西亚,吉兰丹州,巴西富地县,,
5.76667,102.45,马来西亚,吉兰丹州,巴西富地县,,
5.81667,102.46667,马来西亚,吉兰丹州,巴西富地县,,
5.77839,102.55278,马来西亚,登嘉樓州,勿述县,,
5.76667,102.33333,马来西亚,吉兰丹州,巴西富地县,,
4.2265,103.3566,马来西亚,登嘉樓州,朱盖,,Alam Perdana
5.91667,102.31667,马来西亚,吉兰丹州,巴西富地县,,
2.5136,102.1131,马来西亚,森美兰州,林茂县,,
4.665,103.4092,马来西亚,登嘉樓州,龙运县,,
4.6306,103.4339,马来西亚,登嘉樓州,龙运县,,Kampung Gong Gemia
5.78333,102.38333,马来西亚,吉兰丹州,巴西富地县,,
5.68333,102.5,马来西亚,登嘉樓州,勿述县,,
5.66667,102.51667,马来西亚,登嘉樓州,勿述县,,
5.68333,102.58333,马来西亚,登嘉樓州,勿述县,,
5.65,102.66667,马来西亚,登嘉樓州,勿述县,,
5.01667,103.31667,马来西亚,登嘉樓州,马江县,,
5.4,103.08333,马来西亚,登嘉樓州,瓜拉尼鲁斯县,贡巴达,
5.1112,103.2262,马来西亚,登嘉樓州,马江县,,
5.0153,103.3082,马来西亚,登嘉樓州,马江县,,
5.93333,102.2,马来西亚,吉兰丹州,哥打峇鲁县,,
5.1819,103.1301,马来西亚,登嘉樓州,马江县,,
5.898,116.6441,马来西亚,沙巴州,兰瑙,,
2.2464,102.8101,马来西亚,柔佛州,麻坡县,,
3.25,101.73333,马来西亚,雪兰莪州,鹅唛县,,Taman Permai Jaya
3.25,101.55,马来西亚,雪兰莪州,鹅唛县,,
6.7137,116.7158,马来西亚,沙巴州,古达,,
6.3,100.26667,马来西亚,吉打州,古邦巴素县,,
4.44058,118.70177,马来西亚,沙巴州,仙本那,,
4.2923,102.3858,马来西亚,彭亨州,而连突县,,
4.7929,103.4271,马来西亚,登嘉樓州,龙运县,,
5.71667,102.1,马来西亚,吉兰丹州,丹那美拉县,,
5.56667,102.48333,马来西亚,登嘉樓州,勿述县,,
1.35,110.26667,马来西亚,砂拉越州,古晋,,
6.0644,116.9436,马来西亚,沙巴州,兰瑙,,
6.01667,116.43333,马来西亚,沙巴州,斗亚兰,,
3.8592,102.442,马来西亚,彭亨州,而连突县,,
5.971,116.3335,马来西亚,沙巴州,斗亚兰,,
6.4098,116.5355,马来西亚,沙巴州,古打毛律,,
5.9034,116.2616,马来西亚,沙巴州,斗亚兰,,
3.98333,101.3,马来西亚,霹雳州,马登巴冷县,,
6.1162,116.2091,马来西亚,沙巴州,斗亚兰,,
2.79555,101.87525,马来西亚,森美兰州,芙蓉县,,
2.8065,101.7419,马来西亚,雪兰莪州,雪邦县,,
2.7969,101.7372,马来西亚,雪兰莪州,雪邦县,,
1.31667,110.26667,马来西亚,砂拉越州,古晋,,
1.11667,110.91667,马来西亚,砂拉越州,实文然,,
2.7833,102.1564,马来西亚,森美兰州,瓜拉庇劳县,,
2.798,101.99173,马来西亚,森美兰州,芙蓉县,,
5.1757,103.0364,马来西亚,登嘉樓州,,,
5.1856,103.0409,马来西亚,登嘉樓州,,,
3.9492,101.8653,马来西亚,彭亨州,劳勿县,,
5.80805,101.89597,马来西亚,吉兰丹州,丹那美拉县,,
5.28333,115.25,马来西亚,纳闽,纳闽市,,
4.17973,100.91096,马来西亚,霹雳州,中霹雳县,,
5.70593,102.53831,马来西亚,登嘉樓州,勿述县,,
2.2271,102.6864,马来西亚,柔佛州,东甲县,,
5.43424,101.11499,马来西亚,霹雳州,上霹靂县,,
6.09919,100.40131,马来西亚,吉打州,哥打士打县,,
5.994,102.0145,马来西亚,吉兰丹州,巴西马县,,
5.21395,102.84772,马来西亚,登嘉樓州,,,
5.5223,115.5357,马来西亚,沙巴州,瓜拉班尤,,
2.9151,102.0791,马来西亚,森美兰州,日叻务县,,
3.52233,101.90866,马来西亚,彭亨州,文冬县,,
6.52153,100.16428,马来西亚,玻璃市州,加央,,
5.41182,101.13866,马来西亚,霹雳州,上霹靂县,,
4.83061,102.31288,马来西亚,吉兰丹州,话望生县,,
5.3501,103.0138,马来西亚,登嘉樓州,瓜拉尼鲁斯县,,
5.2549,103.1138,马来西亚,登嘉樓州,马江县,,
4.8,100.88333,马来西亚,霹雳州,江沙县,,
3.95,101.28333,马来西亚,霹雳州,马登巴冷县,,
3.58298,103.06449,马来西亚,彭亨州,北根县,,
3.324,102.4983,马来西亚,彭亨州,百乐县,,
2.7271,102.2328,马来西亚,森美兰州,瓜拉庇劳县,,
4.0849,102.2806,马来西亚,彭亨州,立卑县,,
3.5,101.9,马来西亚,彭亨州,文冬县,,Taman Sri Siantan
2.4945,102.7971,马来西亚,柔佛州,昔加末县,,
1.91638,104.03611,马来西亚,柔佛州,哥打丁宜县,,
2.7331,102.2259,马来西亚,森美兰州,瓜拉庇劳县,,
3.5856,103.3479,马来西亚,彭亨州,北根县,,
3.4826,102.7959,马来西亚,彭亨州,马兰县,,
5.75125,101.86279,马来西亚,吉兰丹州,日里县,,
5.76236,101.86636,马来西亚,吉兰丹州,日里县,,
5.2854,103.126,马来西亚,登嘉樓州,瓜拉登嘉楼,,
5.58333,102.48333,马来西亚,登嘉樓州,勿述县,,
5.43588,100.72471,马来西亚,吉打州,华玲县,,
5.2771,103.1163,马来西亚,登嘉樓州,瓜拉登嘉楼县,,
4.7,103.25,马来西亚,登嘉樓州,龙运县,,
4.7,103.23333,马来西亚,登嘉樓州,龙运县,,
4.5197,103.4476,马来西亚,登嘉樓州,甘马挽县,,Kampung Gelugor
4.43333,100.78333,马来西亚,霹雳州,曼绒县,,
6.05,100.53333,马来西亚,吉打州,本同县,,
5.3981,103.0463,马来西亚,登嘉樓州,瓜拉尼鲁斯县,,
5.293,103.1366,马来西亚,登嘉樓州,瓜拉登嘉楼县,Kampung Tok Ku Kir,Kampung Gelong Bilal
4.6,102.98333,马来西亚,登嘉樓州,龙运县,,
5.13079,100.99023,马来西亚,霹雳州,上霹靂县,,
2.912,102.025,马来西亚,森美兰州,日叻务县,,
4.81667,100.93333,马来西亚,霹雳州,江沙县,,
3.05,102.06667,马来西亚,森美兰州,日叻务县,,
4.2,103.43333,马来西亚,登嘉樓州,朱盖,,
5.1957,103.1077,马来西亚,登嘉樓州,马江县,,
2.43333,102.25,马来西亚,马六甲州,亚罗牙也县,,
2.5799,102.8209,马来西亚,柔佛州,昔加末县,,
3.4828,103.3921,马来西亚,彭亨州,北根县,Kampung Parit Tengah,
2.9509,102.2134,马来西亚,森美兰州,日叻务县,,
5.09954,102.10675,马来西亚,吉兰丹州,话望生县,,
6.1639,100.322,马来西亚,吉打州,哥打士打县,,
5.98333,102.16667,马来西亚,吉兰丹州,巴西马县,,
5.8384,118.1089,马来西亚,沙巴州,山打根,Bandar Sandakan,双喜市
5.4117,103.0882,马来西亚,登嘉樓州,瓜拉尼鲁斯县,贡巴达,
2.538,101.7977,马来西亚,森美兰州,波德申县,Kampung Gelam,Taman Sri Bayu
2.2386,102.1564,马来西亚,马六甲州,马六甲中央县,,
2.1847,102.7557,马来西亚,柔佛州,麻坡县,,
2.16667,102.31667,马来西亚,马六甲州,马六甲中央县,,
1.64849,109.88911,马来西亚,砂拉越州,伦乐,,
5.31938,100.28281,马来西亚,槟城州,西南县,,
2.6349,102.2986,马来西亚,森美兰州,瓜拉庇劳县,,
2.5607,102.4381,马来西亚,森美兰州,淡边县,,
2.7399,102.1232,马来西亚,森美兰州,瓜拉庇劳县,,
2.4011,102.1521,马来西亚,马六甲州,亚罗牙也县,,
5.8,102.43333,马来西亚,吉兰丹州,巴西富地县,,
6.21641,100.23899,马来西亚,吉打州,古邦巴素县,,
2.8336,101.8562,马来西亚,森美兰州,芙蓉县,,
6.05,102.08333,马来西亚,吉兰丹州,巴西马县,,
4.0191,103.404,马来西亚,彭亨州,关丹县,,
1.21748,110.3481,马来西亚,砂拉越州,古晋,,
6.0502,116.1998,马来西亚,沙巴州,亚庇,,
1.23333,110.91667,马来西亚,砂拉越州,实文然,,
6.15,116.36667,马来西亚,沙巴州,斗亚兰,,
6.1369,116.1486,马来西亚,沙巴州,斗亚兰,,
2.7945,101.9904,马来西亚,森美兰州,芙蓉县,,
6.0047,116.0599,马来西亚,沙巴州,亚庇,,
4.8225,115.399,马来西亚,砂拉越州,老越,,
1.15,110.9,马来西亚,砂拉越州,实文然,,
6.2765,116.4606,马来西亚,沙巴州,古打毛律,,
6.03333,102.21667,马来西亚,吉兰丹州,哥打峇鲁县,,
5.0711,103.0002,马来西亚,登嘉樓州,,Kampung Gaung,
5.13333,101.05,马来西亚,霹雳州,上霹靂县,,
2.7984,101.9957,马来西亚,森美兰州,芙蓉县,,
5.53333,102.21667,马来西亚,吉兰丹州,瓜拉吉赖县,,
5.26667,100.8,马来西亚,霹雳州,拉律峇登司南马县,,
6.716,116.7466,马来西亚,沙巴州,古达,,
5.8754,116.3257,马来西亚,沙巴州,斗亚兰,,
5.8717,116.5015,马来西亚,沙巴州,担布南,,
3.86667,101.45,马来西亚,霹雳州,慕亚林县,,
2.4351,102.4511,马来西亚,马六甲州,野新县,,Taman Nyalas Baru
2.2722,102.331,马来西亚,马六甲州,野新县,,
2.2037,102.3274,马来西亚,马六甲州,马六甲中央县,,
2.4017,102.2388,马来西亚,马六甲州,亚罗牙也县,,Taman Sebang Gemilang
2.7524,102.2577,马来西亚,森美兰州,瓜拉庇劳县,,
6.2,116.48333,马来西亚,沙巴州,古打毛律,,
2.2825,102.2627,马来西亚,马六甲州,亚罗牙也县,,Taman Gangsa
5.36667,115.23333,马来西亚,纳闽,纳闽市,,
5.23333,101.21667,马来西亚,霹雳州,上霹靂县,,
6.09486,100.38613,马来西亚,吉打州,哥打士打县,,Kampung Ganding
4.0904,102.2483,马来西亚,彭亨州,立卑县,,
5.5675,115.5926,马来西亚,沙巴州,瓜拉班尤,,
3.5477,103.283,马来西亚,彭亨州,北根县,,
3.5435,103.2891,马来西亚,彭亨州,北根县,,
5.47821,101.91269,马来西亚,吉兰丹州,日里县,,
1.4226,104.274,马来西亚,柔佛州,哥打丁宜县,,
5.65,117.18333,马来西亚,沙巴州,特鲁必,,
3.505,102.751,马来西亚,彭亨州,马兰县,,
4.49298,118.64338,马来西亚,沙巴州,仙本那,,
3.8467,101.8959,马来西亚,彭亨州,劳勿县,,
3.863,101.8936,马来西亚,彭亨州,劳勿县,,
3.8666,101.8855,马来西亚,彭亨州,劳勿县,,
2.6738,102.143,马来西亚,森美兰州,瓜拉庇劳县,,
4.68333,103.11667,马来西亚,登嘉樓州,龙运县,,
5.90405,100.6405,马来西亚,吉打州,锡县,,
5.98376,100.50556,马来西亚,吉打州,本同县,,
5.98333,100.51667,马来西亚,吉打州,本同县,,
5.85,102.5,马来西亚,吉兰丹州,巴西富地县,,
4.7421,103.0906,马来西亚,登嘉樓州,龙运县,,
4.55,100.91667,马来西亚,霹雳州,中霹雳县,,
4.2652,100.6644,马来西亚,霹雳州,曼绒县,,
3.5542,103.2208,马来西亚,彭亨州,北根县,,
2.5827,102.7509,马来西亚,柔佛州,昔加末县,,
2.3489,102.2022,马来西亚,马六甲州,亚罗牙也县,,
5.41324,100.37169,马来西亚,槟城州,威北县,,峇眼赖
2.6265,102.0607,马来西亚,森美兰州,林茂县,,Taman Desa Permai Pedas
0.99009,110.46594,马来西亚,砂拉越州,打必禄,,
2.9412,102.0122,马来西亚,森美兰州,日叻务县,,
2.9432,102.0243,马来西亚,森美兰州,日叻务县,,
2.6995,101.8468,马来西亚,森美兰州,芙蓉县,,
4.7698,114.93593,马来西亚,砂拉越州,林梦,,Kampung Gadong
2.70076,101.84806,马来西亚,森美兰州,芙蓉县,,
2.5219,102.1716,马来西亚,森美兰州,林茂县,,
6.08333,102.08333,马来西亚,吉兰丹州,巴西马县,,
4.2895,118.08896,马来西亚,沙巴州,斗湖,,
2.91667,103.41667,马来西亚,彭亨州,云冰县,,
5.65,100.9,马来西亚,吉打州,华玲县,,
6.06667,100.56667,马来西亚,吉打州,本同县,,
5.51667,117.03333,马来西亚,沙巴州,东革,,
5.81667,117.2,马来西亚,沙巴州,特鲁必,,
1.0009,110.35763,马来西亚,砂拉越州,打必禄,,
1.03333,110.8,马来西亚,砂拉越州,西连,,
1.01667,110.53333,马来西亚,砂拉越州,西连,,
4.1,114.4,马来西亚,砂拉越州,马鲁帝,,
4.83333,100.96667,马来西亚,霹雳州,江沙县,宁罗,加赖新村
2.734,101.46957,马来西亚,雪兰莪州,瓜拉冷岳县,,
5.18626,103.12636,马来西亚,登嘉樓州,马江县,,
6.21944,100.24975,马来西亚,吉打州,古邦巴素县,,
5.336,100.19788,马来西亚,槟城州,西南县,,
5.31667,100.2,马来西亚,槟城州,西南县,Pulau Betong,
1.43333,110.5,马来西亚,砂拉越州,哥打三马拉汉,,
1.33333,110.46667,马来西亚,砂拉越州,西连,,
6.5021,116.7025,马来西亚,沙巴州,哥打马鲁都,,
2.6464,102.0887,马来西亚,森美兰州,林茂县,,
4.95186,102.95584,马来西亚,登嘉樓州,,,
1.46667,110.51667,马来西亚,砂拉越州,哥打三马拉汉,,
1.23333,110.18333,马来西亚,砂拉越州,古晋,,
5.54313,100.52425,马来西亚,槟城州,威北县,,
3.85,102.3635,马来西亚,彭亨州,而连突县,,
4.47018,118.69677,马来西亚,沙巴州,仙本那,,
2.8017,101.9934,马来西亚,森美兰州,芙蓉县,,
1.34321,110.04319,马来西亚,砂拉越州,石隆门,,
3.1054,102.0571,马来西亚,森美兰州,日叻务县,,
3.153,101.8442,马来西亚,雪兰莪州,乌鲁冷岳县,,
3.5581,102.7709,马来西亚,彭亨州,马兰县,,
4.15,102.03333,马来西亚,彭亨州,立卑县,,
5.3035,103.0393,马来西亚,登嘉樓州,瓜拉登嘉楼县,,
5.1081,103.1044,马来西亚,登嘉樓州,马江县,,
2.71667,101.96667,马来西亚,森美兰州,芙蓉县,安邦岸,Taman Sakura
3.1063,101.8078,马来西亚,雪兰莪州,乌鲁冷岳县,,
5.282,103.0319,马来西亚,登嘉樓州,瓜拉登嘉楼县,,
5.79921,100.38606,马来西亚,吉打州,铅县,,
5.45902,101.90632,马来西亚,吉兰丹州,日里县,,
5.2212,103.1061,马来西亚,登嘉樓州,马江县,,
3.09769,102.07472,马来西亚,森美兰州,日叻务县,,
5.73953,100.90299,马来西亚,吉打州,华玲县,,
5.82927,100.75495,马来西亚,吉打州,锡县,,
5.0732,102.9512,马来西亚,登嘉樓州,,,
5.03333,100.98333,马来西亚,霹雳州,上霹靂县,,
4.38333,100.88333,马来西亚,霹雳州,中霹雳县,,
4.3187,102.0548,马来西亚,彭亨州,立卑县,,
2.5967,102.2877,马来西亚,森美兰州,瓜拉庇劳县,,
4.7105,101.1228,马来西亚,霹雳州,近打县,,
2.5372,102.1237,马来西亚,森美兰州,林茂县,,
5.73003,100.7259,马来西亚,吉打州,锡县,,
5.63333,102.5,马来西亚,登嘉樓州,勿述县,,
3.3473,102.4441,马来西亚,彭亨州,百乐县,,
2.9298,102.1935,马来西亚,森美兰州,日叻务县,,
5.31667,115.21667,马来西亚,纳闽,纳闽市,,
4.0309,101.0236,马来西亚,霹雳州,下霹雳县,Bandar Lama,
3.8988,101.8874,马来西亚,彭亨州,劳勿县,,
5.0874,103.0993,马来西亚,登嘉樓州,,,
5.1187,103.136,马来西亚,登嘉樓州,马江县,,
5.77297,102.52248,马来西亚,登嘉樓州,勿述县,,
4.68333,103.35,马来西亚,登嘉樓州,龙运县,,
4.5698,103.2132,马来西亚,登嘉樓州,龙运县,,
5.15,102.86667,马来西亚,登嘉樓州,,,
5.01667,101.0,马来西亚,霹雳州,上霹靂县,,
3.9336,101.84,马来西亚,彭亨州,劳勿县,,
5.48333,102.23333,马来西亚,吉兰丹州,瓜拉吉赖县,,
5.0181,103.1328,马来西亚,登嘉樓州,,,
2.7605,102.1447,马来西亚,森美兰州,瓜拉庇劳县,,
5.1784,103.0882,马来西亚,登嘉樓州,马江县,,
2.9458,102.0427,马来西亚,森美兰州,日叻务县,,
4.0748,102.2777,马来西亚,彭亨州,立卑县,,
5.2966,103.0672,马来西亚,登嘉樓州,瓜拉登嘉楼县,,
5.78034,101.98198,马来西亚,吉兰丹州,丹那美拉县,,
5.77223,101.9681,马来西亚,吉兰丹州,丹那美拉县,,
2.5288,102.7817,马来西亚,柔佛州,昔加末县,,
2.5406,102.0777,马来西亚,森美兰州,林茂县,,
2.3514,102.1278,马来西亚,马六甲州,亚罗牙也县,,
2.3561,102.8077,马来西亚,柔佛州,东甲县,,
6.23333,100.68333,马来西亚,吉打州,巴东得腊县,,
5.86316,100.74977,马来西亚,吉打州,锡县,,
5.25715,100.59346,马来西亚,吉打州,居林县,,
5.18675,100.54789,马来西亚,吉打州,万拉峇鲁县,,
4.6868,103.0507,马来西亚,登嘉樓州,龙运县,,
4.8,103.03333,马来西亚,登嘉樓州,龙运县,,
4.9943,102.9815,马来西亚,登嘉樓州,,,
2.7621,102.7338,马来西亚,柔佛州,昔加末县,,
5.3995,101.9619,马来西亚,吉兰丹州,瓜拉吉赖县,,
4.3471,117.8627,马来西亚,沙巴州,斗湖,,
6.01667,100.53333,马来西亚,吉打州,本同县,,
6.1611,116.216,马来西亚,沙巴州,斗亚兰,,
3.7858,100.93,马来西亚,雪兰莪州,沙白安南县,,
2.83013,104.19306,马来西亚,彭亨州,云冰县,,
1.38333,110.7,马来西亚,砂拉越州,实文然,,
2.9488,102.0875,马来西亚,森美兰州,日叻务县,,Taman Bandar Tinggi
6.4057,116.5308,马来西亚,沙巴州,古打毛律,,
5.85149,100.37302,马来西亚,吉打州,铅县,,
5.8405,100.38456,马来西亚,吉打州,铅县,,
2.2047,104.0755,马来西亚,柔佛州,丰盛港县,,
1.4848,103.4081,马来西亚,柔佛州,笨珍县,,Kampung Duku
4.054,102.3283,马来西亚,彭亨州,而连突县,,
5.89349,100.48135,马来西亚,吉打州,本同县,,
6.61667,116.55,马来西亚,沙巴州,古打毛律,,
6.5901,116.5732,马来西亚,沙巴州,古打毛律,,
6.5982,116.5527,马来西亚,沙巴州,古打毛律,,
5.9166,116.4961,马来西亚,沙巴州,兰瑙,,
6.03882,100.40971,马来西亚,吉打州,本同县,,
5.26676,100.51332,马来西亚,槟城州,威南县,,
1.36667,110.38333,马来西亚,砂拉越州,古晋,,
5.2533,116.8485,马来西亚,沙巴州,东革,,
0.33333,111.56667,印度尼西亚 / 印度尼西亞,西加里曼丹省,Sintang,,
2.7327,102.2647,马来西亚,森美兰州,瓜拉庇劳县,,Kampung Dioh Tengah
2.6238,102.2307,马来西亚,森美兰州,瓜拉庇劳县,,
4.75,103.2,马来西亚,登嘉樓州,龙运县,,
2.5302,101.7966,马来西亚,森美兰州,波德申县,Kampung Gelam,Taman Tiong Nam
6.01667,102.21667,马来西亚,吉兰丹州,哥打峇鲁县,,
4.91667,100.66667,马来西亚,霹雳州,吉辇县,,
6.21667,100.46667,马来西亚,吉打州,古邦巴素县,,
5.28333,117.55,马来西亚,沙巴州,京那巴当岸,,
4.2402,100.7101,马来西亚,霹雳州,曼绒县,,
5.76667,102.5,马来西亚,登嘉樓州,勿述县,,
5.57502,102.47817,马来西亚,登嘉樓州,勿述县,,
5.7,101.71667,马来西亚,吉兰丹州,日里县,,
5.93333,102.25,马来西亚,吉兰丹州,哥打峇鲁县,柯拉娜,
4.5,100.81667,马来西亚,霹雳州,曼绒县,,Kampung Dendang
2.7826,101.9924,马来西亚,森美兰州,芙蓉县,,
5.7,101.66667,马来西亚,霹雳州,上霹靂县,,
5.51667,100.55,马来西亚,吉打州,居林县,,
3.5189,102.1969,马来西亚,彭亨州,淡马鲁县,,
5.983,101.954,马来西亚,吉兰丹州,巴西马县,,
1.55,111.41667,马来西亚,砂拉越州,木中,,
2.46667,104.5,马来西亚,柔佛州,,,
1.85,103.95,马来西亚,柔佛州,哥打丁宜县,,
2.5993,102.0853,马来西亚,森美兰州,林茂县,,
6.18854,100.67852,马来西亚,吉打州,巴东得腊县,,
3.0074,102.6667,马来西亚,彭亨州,百乐县,,
5.52418,100.43166,马来西亚,槟城州,威北县,,柏淡英达花园
2.54556,111.44376,马来西亚,砂拉越州,,,
6.0211,116.1426,马来西亚,沙巴州,亚庇,,
5.66826,102.49785,马来西亚,登嘉樓州,勿述县,,
3.8037,103.297,马来西亚,彭亨州,关丹县,Bukit Setongkol,Taman Bukit Setongkol Maju
6.01667,100.35,马来西亚,吉打州,哥打士打县,,
5.2,103.21667,马来西亚,登嘉樓州,马江县,,
5.4,103.01667,马来西亚,登嘉樓州,瓜拉尼鲁斯县,,
3.8126,103.3006,马来西亚,彭亨州,关丹县,Bukit Setongkol,
4.33333,103.46667,马来西亚,登嘉樓州,甘马挽县,,
5.43333,103.03333,马来西亚,登嘉樓州,瓜拉尼鲁斯县,,
2.6871,101.5206,马来西亚,雪兰莪州,瓜拉冷岳县,,
5.54511,102.84781,马来西亚,登嘉樓州,士兆县,,
4.25307,103.19452,马来西亚,登嘉樓州,甘马挽县,,
6.4,100.45,马来西亚,吉打州,古邦巴素县,,
6.14051,100.3262,马来西亚,吉打州,哥打士打县,,
3.0032,102.0789,马来西亚,森美兰州,日叻务县,,Titi Jaya
5.34194,100.26858,马来西亚,槟城州,东北县,湖内,
1.26667,110.23333,马来西亚,砂拉越州,古晋,,
6.1145,116.2413,马来西亚,沙巴州,斗亚兰,,
2.6457,102.3207,马来西亚,森美兰州,瓜拉庇劳县,,
5.9942,117.9096,马来西亚,沙巴州,山打根县,,
2.47528,102.80856,马来西亚,柔佛州,昔加末县,,
3.8796,103.1789,马来西亚,彭亨州,关丹县,,
5.9866,116.1667,马来西亚,沙巴州,亚庇,,
5.4859,116.69621,马来西亚,沙巴州,东革,,
2.3942,102.2358,马来西亚,马六甲州,亚罗牙也县,,
6.03333,116.46667,马来西亚,沙巴州,古打毛律,,
5.68333,100.9,马来西亚,吉打州,华玲县,,
5.43333,101.9,马来西亚,吉兰丹州,日里县,,
3.4761,102.5735,马来西亚,彭亨州,马兰县,,
2.6175,101.9472,马来西亚,森美兰州,芙蓉县,,
5.6,115.93333,马来西亚,沙巴州,,,
0.95175,110.46777,马来西亚,砂拉越州,打必禄,,
5.58333,101.88333,马来西亚,吉兰丹州,日里县,,
4.32111,103.12618,马来西亚,登嘉樓州,甘马挽县,,
4.2778,103.2282,马来西亚,登嘉樓州,甘马挽县,,
4.4406,102.0588,马来西亚,彭亨州,立卑县,,
2.8922,101.9148,马来西亚,森美兰州,芙蓉县,,
2.8926,101.8954,马来西亚,森美兰州,芙蓉县,,
5.897,116.0685,马来西亚,沙巴州,兵南邦,,
6.4068,116.6873,马来西亚,沙巴州,哥打马鲁都,,
4.05,101.23333,马来西亚,霹雳州,马登巴冷县,,
5.03333,102.61667,马来西亚,登嘉樓州,,,
1.71894,109.87554,马来西亚,砂拉越州,伦乐,,
4.9821,102.371,马来西亚,吉兰丹州,话望生县,,
1.23505,110.43004,马来西亚,砂拉越州,古晋,,
3.4936,102.148,马来西亚,彭亨州,淡马鲁县,,Kampung Baru
4.3781,102.10087,马来西亚,彭亨州,立卑县,,
4.9,100.9,马来西亚,霹雳州,江沙县,,
2.5998,102.0918,马来西亚,森美兰州,林茂县,,
6.3332,116.6028,马来西亚,沙巴州,古打毛律,,
1.8336,103.3156,马来西亚,柔佛州,居銮县,,
1.3114,103.5019,马来西亚,柔佛州,笨珍县,,
2.5505,102.8192,马来西亚,柔佛州,昔加末县,,
2.2971,102.5036,马来西亚,马六甲州,野新县,,
2.5706,102.2353,马来西亚,森美兰州,瓜拉庇劳县,,
5.4,100.28333,马来西亚,槟城州,东北县,垄尾,
2.2991,102.4762,马来西亚,马六甲州,野新县,,
2.2894,102.4843,马来西亚,马六甲州,野新县,,
2.75,101.76667,马来西亚,森美兰州,芙蓉县,恩斯德镇,
3.402,101.1688,马来西亚,雪兰莪州,瓜拉雪兰莪县,,
5.2682,103.0378,马来西亚,登嘉樓州,瓜拉登嘉楼县,,
5.2336,103.0395,马来西亚,登嘉樓州,瓜拉登嘉楼县,,
4.1903,100.6835,马来西亚,霹雳州,曼绒县,,
4.14581,103.27578,马来西亚,登嘉樓州,甘马挽县,,
4.0274,101.9557,马来西亚,彭亨州,立卑县,,
4.06667,101.11667,马来西亚,霹雳州,下霹雳县,,Kampung Sungai Tukang Sidin
6.06248,100.513,马来西亚,吉打州,本同县,,
6.0,102.15,马来西亚,吉兰丹州,巴西马县,,
5.1483,103.1598,马来西亚,登嘉樓州,马江县,,
5.98333,102.21667,马来西亚,吉兰丹州,哥打峇鲁县,,
4.9669,102.9974,马来西亚,登嘉樓州,,,
5.59117,102.7831,马来西亚,登嘉樓州,士兆县,,
3.43333,102.03333,马来西亚,彭亨州,文冬县,,
4.6472,103.4266,马来西亚,登嘉樓州,龙运县,,Kampung Tebing Tembah
5.3444,100.48383,马来西亚,槟城州,威中县,,
5.34685,100.49729,马来西亚,槟城州,威中县,,
6.36667,100.4,马来西亚,吉打州,古邦巴素县,,
4.83333,103.2,马来西亚,登嘉樓州,龙运县,,
4.7457,100.9601,马来西亚,霹雳州,江沙县,美诺拉,Kampung Menora
4.5544,102.9657,马来西亚,登嘉樓州,龙运县,,
5.1694,102.82867,马来西亚,登嘉樓州,,,
3.9597,101.8447,马来西亚,彭亨州,劳勿县,,
2.6927,102.2243,马来西亚,森美兰州,瓜拉庇劳县,,
5.05982,103.27681,马来西亚,登嘉樓州,马江县,,
5.83333,102.36667,马来西亚,吉兰丹州,巴西富地县,,
5.88333,102.35,马来西亚,吉兰丹州,巴西富地县,,
5.76667,102.13333,马来西亚,吉兰丹州,丹那美拉县,,
5.98333,102.1,马来西亚,吉兰丹州,巴西马县,,
5.71667,102.23333,马来西亚,吉兰丹州,马樟县,,
5.1642,103.0866,马来西亚,登嘉樓州,马江县,,
6.11667,102.28333,马来西亚,吉兰丹州,哥打峇鲁县,,
2.4766,102.1779,马来西亚,马六甲州,亚罗牙也县,,
4.531,100.6521,马来西亚,霹雳州,拉律峇登司南马县,,
4.5,100.73333,马来西亚,霹雳州,曼绒县,,Kampung Changkat
4.6701,101.0941,马来西亚,霹雳州,近打县,,
6.11217,100.38657,马来西亚,吉打州,哥打士打县,,
5.1972,103.0353,马来西亚,登嘉樓州,,,
4.52223,102.94737,马来西亚,登嘉樓州,龙运县,,
3.9823,101.8962,马来西亚,彭亨州,劳勿县,,
2.5666,102.1267,马来西亚,森美兰州,林茂县,,
2.9521,102.1,马来西亚,森美兰州,日叻务县,,
2.5526,102.1259,马来西亚,森美兰州,林茂县,,
4.6694,103.048,马来西亚,登嘉樓州,龙运县,,
2.5438,102.1545,马来西亚,森美兰州,林茂县,,
5.78333,102.35,马来西亚,吉兰丹州,巴西富地县,,
3.9237,103.3659,马来西亚,彭亨州,关丹县,Kampung Chengal Lempong,
6.15,102.13333,马来西亚,吉兰丹州,道北县,,
2.9513,102.038,马来西亚,森美兰州,日叻务县,,
5.03144,103.13661,马来西亚,登嘉樓州,,,
4.18333,103.41667,马来西亚,登嘉樓州,朱盖,,
2.2833,102.5485,马来西亚,柔佛州,东甲县,,Taman Indah / Permata
3.9,101.9529,马来西亚,彭亨州,劳勿县,,
3.43673,102.6596,马来西亚,彭亨州,马兰县,,
3.0912,102.0733,马来西亚,森美兰州,日叻务县,,
2.4948,102.2413,马来西亚,森美兰州,淡边县,,
4.745,103.1047,马来西亚,登嘉樓州,龙运县,,
5.51371,100.68884,马来西亚,吉打州,居林县,,
5.28111,100.52137,马来西亚,槟城州,威南县,,
2.4867,102.2348,马来西亚,森美兰州,淡边县,,Taman Gunung Mas
3.5323,102.167,马来西亚,彭亨州,淡马鲁县,,
4.91667,100.83333,马来西亚,霹雳州,拉律峇登司南马县,,
3.5249,102.1676,马来西亚,彭亨州,淡马鲁县,,
2.76667,102.73333,马来西亚,柔佛州,昔加末县,,
5.58837,102.73909,马来西亚,登嘉樓州,士兆县,,
4.267,102.3717,马来西亚,彭亨州,而连突县,,
2.6194,102.0926,马来西亚,森美兰州,林茂县,,
2.6117,102.0856,马来西亚,森美兰州,林茂县,,
2.3991,102.4158,马来西亚,马六甲州,野新县,,
2.89581,101.94048,马来西亚,森美兰州,芙蓉县,,
5.14613,100.59244,马来西亚,吉打州,万拉峇鲁县,,
5.5,102.73333,马来西亚,登嘉樓州,士兆县,,
4.7594,103.3935,马来西亚,登嘉樓州,龙运县,Taman Bestari,
3.8,101.76667,马来西亚,彭亨州,劳勿县,,
6.1,102.21667,马来西亚,吉兰丹州,道北县,,
4.7758,103.03807,马来西亚,登嘉樓州,龙运县,,
5.75787,101.86477,马来西亚,吉兰丹州,日里县,,
4.18333,102.16667,马来西亚,彭亨州,立卑县,,
5.75,102.41667,马来西亚,吉兰丹州,巴西富地县,,
4.2293,103.3694,马来西亚,登嘉樓州,朱盖,,
5.0899,103.112,马来西亚,登嘉樓州,马江县,,
5.012,102.3847,马来西亚,吉兰丹州,话望生县,,
4.75,100.76667,马来西亚,霹雳州,拉律峇登司南马县,,
2.53261,103.37294,马来西亚,柔佛州,丰盛港县,,
5.65292,102.50159,马来西亚,登嘉樓州,勿述县,,
5.81376,101.89505,马来西亚,吉兰丹州,丹那美拉县,,
4.1262,102.3462,马来西亚,彭亨州,而连突县,,
5.82392,102.54653,马来西亚,登嘉樓州,勿述县,,
3.4789,103.079,马来西亚,彭亨州,北根县,,
3.9736,101.981,马来西亚,彭亨州,立卑县,,
5.93333,102.11667,马来西亚,吉兰丹州,巴西马县,,
5.85156,100.79684,马来西亚,吉打州,锡县,,
5.69938,100.83495,马来西亚,吉打州,华玲县,,
5.83561,100.88494,马来西亚,吉打州,华玲县,,
5.70758,100.77769,马来西亚,吉打州,华玲县,,
5.58424,100.89246,马来西亚,吉打州,华玲县,,
5.54564,100.9117,马来西亚,吉打州,华玲县,,
5.7912,100.69927,马来西亚,吉打州,锡县,,
5.74377,100.72728,马来西亚,吉打州,锡县,,
5.80061,100.71014,马来西亚,吉打州,锡县,,
6.0,100.51667,马来西亚,吉打州,本同县,,
5.61224,100.7591,马来西亚,吉打州,华玲县,,
5.8328,100.74188,马来西亚,吉打州,锡县,,
5.83333,100.75,马来西亚,吉打州,锡县,,
5.81384,100.72529,马来西亚,吉打州,锡县,,
5.98333,100.53333,马来西亚,吉打州,本同县,,
5.58333,100.85,马来西亚,吉打州,华玲县,,
5.59065,100.87894,马来西亚,吉打州,华玲县,,
5.84929,100.81381,马来西亚,吉打州,锡县,,
5.70931,100.80334,马来西亚,吉打州,华玲县,,
5.85085,100.8869,马来西亚,吉打州,华玲县,,
5.08333,100.86667,马来西亚,霹雳州,拉律峇登司南马县,,
5.79783,100.8852,马来西亚,吉打州,华玲县,,
5.64993,100.85878,马来西亚,吉打州,华玲县,,
2.6016,102.1894,马来西亚,森美兰州,瓜拉庇劳县,,
5.1849,102.8904,马来西亚,登嘉樓州,,Pekan Kuala Ping,
4.1344,102.2229,马来西亚,彭亨州,立卑县,,
4.4283,101.0885,马来西亚,霹雳州,金宝县,,
3.96667,101.3,马来西亚,霹雳州,马登巴冷县,,
3.96667,101.31667,马来西亚,霹雳州,马登巴冷县,,
6.43333,100.46667,马来西亚,吉打州,古邦巴素县,,
4.36667,100.83333,马来西亚,霹雳州,中霹雳县,Gelung Pepuyu,
4.3382,100.6699,马来西亚,霹雳州,曼绒县,,
4.96667,100.81667,马来西亚,霹雳州,拉律峇登司南马县,,
4.35,100.91667,马来西亚,霹雳州,中霹雳县,Bota Kanan,
4.2,101.18333,马来西亚,霹雳州,马登巴冷县,,
5.13032,100.62341,马来西亚,霹雳州,吉辇县,,
4.5177,101.0799,马来西亚,霹雳州,近打县,,
3.7861,101.2248,马来西亚,霹雳州,峇眼拿督县,,
4.3519,100.6703,马来西亚,霹雳州,曼绒县,,
4.95,100.93333,马来西亚,霹雳州,江沙县,新寿活新村,
5.20374,100.50847,马来西亚,槟城州,威南县,,
4.35,100.81667,马来西亚,霹雳州,中霹雳县,Gelung Pepuyu,
4.13333,101.03333,马来西亚,霹雳州,中霹雳县,,
4.4598,101.036,马来西亚,霹雳州,近打县,,
5.20124,100.4727,马来西亚,槟城州,威南县,,
4.5,100.76667,马来西亚,霹雳州,曼绒县,,Kampung Changkat
3.22596,101.70436,马来西亚,雪兰莪州,鹅唛县,,
1.3673,104.2353,马来西亚,柔佛州,哥打丁宜县,,Taman Ramunia Indah
6.43333,100.45,马来西亚,吉打州,古邦巴素县,,
5.91667,102.11667,马来西亚,吉兰丹州,巴西马县,,
2.92534,103.06531,马来西亚,彭亨州,云冰县,,
5.98333,102.41667,马来西亚,吉兰丹州,万捷县,,
3.2231,103.2235,马来西亚,彭亨州,北根县,,
3.55,102.55,马来西亚,彭亨州,马兰县,,
4.0841,102.2912,马来西亚,彭亨州,立卑县,,
5.08333,103.15,马来西亚,登嘉樓州,马江县,,
2.8943,102.0272,马来西亚,森美兰州,日叻务县,,
2.3349,102.5071,马来西亚,马六甲州,野新县,,
3.4821,102.5767,马来西亚,彭亨州,马兰县,,
3.6801,101.5278,马来西亚,雪兰莪州,乌鲁雪兰莪县,,
5.08333,100.95,马来西亚,霹雳州,上霹靂县,,
5.80575,101.9011,马来西亚,吉兰丹州,丹那美拉县,,
2.6981,102.15,马来西亚,森美兰州,瓜拉庇劳县,,
2.343,102.5172,马来西亚,柔佛州,东甲县,,
4.9747,115.4771,马来西亚,沙巴州,实必丹,,
4.15,113.91667,马来西亚,砂拉越州,苏必士,,
2.4326,103.9789,马来西亚,柔佛州,丰盛港县,,
1.25,110.86667,马来西亚,砂拉越州,实文然,,
1.64561,109.78979,马来西亚,砂拉越州,伦乐,,
4.81667,103.28333,马来西亚,登嘉樓州,龙运县,,
5.5319,102.74978,马来西亚,登嘉樓州,士兆县,,
4.3316,117.8259,马来西亚,沙巴州,斗湖,,
5.43333,102.21667,马来西亚,吉兰丹州,瓜拉吉赖县,,
3.489,103.0774,马来西亚,彭亨州,北根县,,
2.7979,104.1295,马来西亚,彭亨州,云冰县,,
3.4695,102.598,马来西亚,彭亨州,马兰县,,
3.4286,102.4362,马来西亚,彭亨州,淡马鲁县,,
5.084,103.01,马来西亚,登嘉樓州,,Kampung Gaung,
6.38333,100.45,马来西亚,吉打州,古邦巴素县,,
4.80119,102.31914,马来西亚,吉兰丹州,话望生县,,
5.7664,116.1975,马来西亚,沙巴州,,,
6.06667,102.06667,马来西亚,吉兰丹州,巴西马县,,
5.8842,116.3032,马来西亚,沙巴州,斗亚兰,,
4.9942,102.3959,马来西亚,吉兰丹州,话望生县,,
4.3531,101.0917,马来西亚,霹雳州,金宝县,,
5.41667,102.08333,马来西亚,吉兰丹州,瓜拉吉赖县,,
4.06667,113.8,马来西亚,砂拉越州,苏必士,,
1.33333,110.3,马来西亚,砂拉越州,古晋,,
1.2154,110.50243,马来西亚,砂拉越州,西连,,Baki Ville
5.9658,116.3617,马来西亚,沙巴州,斗亚兰,,
5.76667,115.93333,马来西亚,沙巴州,,,
6.15,116.41667,马来西亚,沙巴州,斗亚兰,,
5.9499,116.4678,马来西亚,沙巴州,兰瑙,,
5.5226,115.5706,马来西亚,沙巴州,瓜拉班尤,,
6.15,116.38333,马来西亚,沙巴州,斗亚兰,,
5.73333,102.16667,马来西亚,吉兰丹州,马樟县,,
0.90289,110.52861,马来西亚,砂拉越州,打必禄,,
0.9,110.53333,马来西亚,砂拉越州,打必禄,,
5.65,115.95,马来西亚,沙巴州,,,
4.72315,114.84292,马来西亚,砂拉越州,林梦,,
2.5418,102.8074,马来西亚,柔佛州,昔加末县,,
4.46038,118.72517,马来西亚,沙巴州,仙本那,,
4.41667,116.03333,马来西亚,沙巴州,纳巴湾,,
5.4284,117.7168,马来西亚,沙巴州,京那巴当岸,,
6.1875,116.2017,马来西亚,沙巴州,斗亚兰,,
4.96667,100.98333,马来西亚,霹雳州,江沙县,,
6.00829,100.40283,马来西亚,吉打州,本同县,,
4.56667,100.91667,马来西亚,霹雳州,江沙县,,Kampung Semat
1.3941,103.4846,马来西亚,柔佛州,笨珍县,,
5.3364,103.0908,马来西亚,登嘉樓州,瓜拉登嘉楼,,Kampung Banggol Tuan Muda
4.15738,103.27772,马来西亚,登嘉樓州,甘马挽县,,
2.4013,102.2453,马来西亚,马六甲州,亚罗牙也县,,
4.64569,103.10713,马来西亚,登嘉樓州,龙运县,,
4.51667,100.86667,马来西亚,霹雳州,中霹雳县,,
2.59028,102.77044,马来西亚,柔佛州,昔加末县,,
5.764,101.86625,马来西亚,吉兰丹州,日里县,,
5.40412,100.7506,马来西亚,吉打州,居林县,,
5.0635,103.0064,马来西亚,登嘉樓州,,Kampung Gaung,
6.2,116.28333,马来西亚,沙巴州,斗亚兰,,
4.01667,113.9,马来西亚,砂拉越州,苏必士,,
5.38333,117.11667,马来西亚,沙巴州,东革,,
2.1344,102.4233,马来西亚,马六甲州,野新县,,
6.5662,116.684,马来西亚,沙巴州,哥打马鲁都,,
5.3973,103.0107,马来西亚,登嘉樓州,瓜拉尼鲁斯县,,
3.8426,102.4088,马来西亚,彭亨州,而连突县,,
3.8271,103.3214,马来西亚,彭亨州,关丹县,,
5.91667,102.08333,马来西亚,吉兰丹州,巴西马县,,
2.4697,102.7335,马来西亚,柔佛州,昔加末县,,
5.80076,100.39626,马来西亚,吉打州,铅县,,
5.3356,103.1116,马来西亚,登嘉樓州,瓜拉尼鲁斯县,Kampung Bukit Tok Ris,Kampung Bukit Serdang
5.361,103.1174,马来西亚,登嘉樓州,瓜拉尼鲁斯县,,Kampung Tok Beng
5.0758,103.031,马来西亚,登嘉樓州,,Kampung Batu 23,Kampung Bukit Tok Bat
5.62754,100.63951,马来西亚,吉打州,瓜拉姆达县,,
5.34953,100.42633,马来西亚,槟城州,威中县,柔府,
4.58017,103.45531,马来西亚,登嘉樓州,甘马挽县,,
2.7904,102.3599,马来西亚,森美兰州,仁保县,,
2.6937,102.1513,马来西亚,森美兰州,瓜拉庇劳县,,
6.21667,100.55,马来西亚,吉打州,巴东得腊县,,
5.96667,102.33333,马来西亚,吉兰丹州,万捷县,,
5.316,100.50983,马来西亚,槟城州,威中县,,
2.202,102.3781,马来西亚,马六甲州,马六甲中央县,,
2.5174,102.7727,马来西亚,柔佛州,昔加末县,,
5.93333,102.0,马来西亚,吉兰丹州,巴西马县,,
5.26667,100.43333,马来西亚,槟城州,威南县,,
4.20189,103.29378,马来西亚,登嘉樓州,甘马挽县,,
4.28333,103.4,马来西亚,登嘉樓州,朱盖,,
5.1837,103.0039,马来西亚,登嘉樓州,,,
5.75548,101.86516,马来西亚,吉兰丹州,日里县,,
3.88333,103.16667,马来西亚,彭亨州,关丹县,,
2.1464,102.3816,马来西亚,马六甲州,野新县,,
5.73333,101.01667,马来西亚,霹雳州,上霹靂县,,
6.0,100.45,马来西亚,吉打州,本同县,,
2.456,102.8022,马来西亚,柔佛州,昔加末县,,
2.398,102.4059,马来西亚,马六甲州,野新县,,
5.98333,100.56667,马来西亚,吉打州,本同县,,
4.91667,100.95,马来西亚,霹雳州,江沙县,,Kampung Jarau
6.07492,100.51022,马来西亚,吉打州,本同县,,
5.1872,103.0932,马来西亚,登嘉樓州,马江县,,
3.975,101.8871,马来西亚,彭亨州,劳勿县,,
2.2284,102.2997,马来西亚,马六甲州,马六甲中央县,,Taman Suria
2.1993,102.3743,马来西亚,马六甲州,马六甲中央县,,
6.01515,100.45244,马来西亚,吉打州,本同县,,
2.2,102.3,马来西亚,马六甲州,马六甲中央县,,
2.2507,102.1933,马来西亚,马六甲州,马六甲中央县,,
2.83333,102.28333,马来西亚,森美兰州,瓜拉庇劳县,,
5.77828,102.50243,马来西亚,登嘉樓州,勿述县,,
2.4936,102.7758,马来西亚,柔佛州,昔加末县,,
2.2905,102.4972,马来西亚,马六甲州,野新县,,
5.35,115.23333,马来西亚,纳闽,纳闽市,,
5.6,102.5,马来西亚,登嘉樓州,勿述县,,
2.8911,101.7354,马来西亚,雪兰莪州,雪邦县,,
5.1083,103.1091,马来西亚,登嘉樓州,马江县,,
2.96667,102.15,马来西亚,森美兰州,日叻务县,,
5.91667,102.1,马来西亚,吉兰丹州,巴西马县,,
5.0928,103.0878,马来西亚,登嘉樓州,,,
4.9299,103.0497,马来西亚,登嘉樓州,,,
2.83333,102.31667,马来西亚,森美兰州,仁保县,,
2.3052,102.5017,马来西亚,马六甲州,野新县,,
5.50822,102.73752,马来西亚,登嘉樓州,士兆县,,
5.66187,100.37441,马来西亚,吉打州,瓜拉姆达县,,
5.0478,103.1085,马来西亚,登嘉樓州,,,
5.40899,100.42496,马来西亚,槟城州,威中县,,
4.25,101.08333,马来西亚,霹雳州,金宝县,,
5.72753,100.90018,马来西亚,吉打州,华玲县,,
5.3847,103.0396,马来西亚,登嘉樓州,瓜拉尼鲁斯县,,
4.9487,103.1728,马来西亚,登嘉樓州,,,
6.03769,100.54603,马来西亚,吉打州,本同县,,
2.61222,103.6259,马来西亚,柔佛州,丰盛港县,,
2.5512,102.8249,马来西亚,柔佛州,昔加末县,,
2.08333,102.65,马来西亚,柔佛州,麻坡县,,
1.8763,102.9437,马来西亚,柔佛州,峇株巴辖县,,
5.1459,103.1544,马来西亚,登嘉樓州,马江县,,
1.5432,103.4672,马来西亚,柔佛州,笨珍县,,
5.9,102.31667,马来西亚,吉兰丹州,巴西富地县,,
5.63333,100.7,马来西亚,吉打州,华玲县,,
4.18333,101.28333,马来西亚,霹雳州,马登巴冷县,,
2.196,102.3604,马来西亚,马六甲州,马六甲中央县,,
2.0325,102.7555,马来西亚,柔佛州,麻坡县,,
5.83333,102.13333,马来西亚,吉兰丹州,丹那美拉县,,
5.82899,101.89882,马来西亚,吉兰丹州,丹那美拉县,,
5.3529,103.0534,马来西亚,登嘉樓州,瓜拉尼鲁斯县,,
3.0,101.5,马来西亚,雪兰莪州,巴生县,,
5.2227,102.9317,马来西亚,登嘉樓州,士兆县,,
1.9784,102.6618,马来西亚,柔佛州,麻坡县,,
5.20419,100.60151,马来西亚,吉打州,万拉峇鲁县,,
5.81995,100.63099,马来西亚,吉打州,锡县,,
5.33095,100.4537,马来西亚,槟城州,威中县,,Taman Bukit Minyak Permai
2.1657,102.3263,马来西亚,马六甲州,马六甲中央县,,
5.71667,102.06667,马来西亚,吉兰丹州,丹那美拉县,,
5.05,100.65,马来西亚,霹雳州,吉辇县,,
2.497,102.774,马来西亚,柔佛州,昔加末县,,
5.1044,103.0926,马来西亚,登嘉樓州,马江县,,
2.7648,102.1403,马来西亚,森美兰州,瓜拉庇劳县,,
2.6741,102.1519,马来西亚,森美兰州,瓜拉庇劳县,,
3.15,101.66667,马来西亚,吉隆坡,吉隆坡,,Taman Damansara Endah
5.95,102.28333,马来西亚,吉兰丹州,万捷县,,
3.9776,101.9869,马来西亚,彭亨州,立卑县,,
1.7976,103.8903,马来西亚,柔佛州,哥打丁宜县,,
3.847,102.366,马来西亚,彭亨州,而连突县,,
5.112,103.1418,马来西亚,登嘉樓州,马江县,,
2.18333,102.33333,马来西亚,马六甲州,马六甲中央县,,
2.606,101.7811,马来西亚,森美兰州,波德申县,朱湖,Taman Kasawari
6.03333,100.53333,马来西亚,吉打州,本同县,,
3.16884,101.61862,马来西亚,吉隆坡,吉隆坡,,
4.21259,103.3525,马来西亚,登嘉樓州,朱盖,,
3.6,102.38333,马来西亚,彭亨州,淡马鲁县,,
4.5506,102.9601,马来西亚,登嘉樓州,龙运县,,
5.1209,103.1557,马来西亚,登嘉樓州,马江县,,
4.9888,102.9772,马来西亚,登嘉樓州,,,
3.26667,101.33333,马来西亚,雪兰莪州,瓜拉雪兰莪县,,
2.7678,102.0025,马来西亚,森美兰州,芙蓉县,,
5.32883,100.75916,马来西亚,吉打州,居林县,,
5.92773,101.96107,马来西亚,吉兰丹州,巴西马县,,
5.86667,102.15,马来西亚,吉兰丹州,丹那美拉县,,
4.26667,103.43333,马来西亚,登嘉樓州,朱盖,,
4.26667,101.93333,马来西亚,彭亨州,立卑县,,
5.11,103.1352,马来西亚,登嘉樓州,马江县,,
5.0783,103.0931,马来西亚,登嘉樓州,,,
3.807,102.4079,马来西亚,彭亨州,而连突县,,
2.8366,102.327,马来西亚,森美兰州,仁保县,,
3.18333,101.4,马来西亚,雪兰莪州,巴生县,,
2.8688,101.8751,马来西亚,雪兰莪州,乌鲁冷岳县,,
5.54949,102.76471,马来西亚,登嘉樓州,士兆县,,
2.9466,101.5387,马来西亚,雪兰莪州,瓜拉冷岳县,丽阳丰逸城,
2.5139,102.1533,马来西亚,森美兰州,林茂县,,
2.416,102.0924,马来西亚,马六甲州,亚罗牙也县,,
5.30842,100.4233,马来西亚,槟城州,威中县,,
5.31462,100.42166,马来西亚,槟城州,威中县,,
2.2689,102.5224,马来西亚,柔佛州,东甲县,,Taman Sri Tangkak
2.2,102.33333,马来西亚,马六甲州,马六甲中央县,,
2.1653,102.3366,马来西亚,马六甲州,马六甲中央县,,
6.03333,102.33333,马来西亚,吉兰丹州,万捷县,,
5.96667,102.36667,马来西亚,吉兰丹州,万捷县,,
5.86667,102.08333,马来西亚,吉兰丹州,丹那美拉县,,
5.63394,100.36025,马来西亚,吉打州,瓜拉姆达县,,
2.2187,102.682,马来西亚,柔佛州,东甲县,,
2.223,102.2984,马来西亚,马六甲州,马六甲中央县,,
5.73333,100.46667,马来西亚,吉打州,瓜拉姆达县,,
3.16667,101.41667,马来西亚,雪兰莪州,巴生县,,
5.06667,103.03333,马来西亚,登嘉樓州,,Kampung Batu 23,Kampung Bukit Tok Bat
5.31667,115.2,马来西亚,纳闽,纳闽市,,
2.1966,102.3965,马来西亚,马六甲州,野新县,,
2.8044,101.7809,马来西亚,森美兰州,芙蓉县,,Warisan Villa
5.33239,100.76141,马来西亚,吉打州,居林县,,
5.11213,103.04542,马来西亚,登嘉樓州,,,
5.1245,103.15,马来西亚,登嘉樓州,马江县,,
5.88333,102.23333,马来西亚,吉兰丹州,马樟县,,
3.25,101.31667,马来西亚,雪兰莪州,瓜拉雪兰莪县,,
2.46667,102.11667,马来西亚,森美兰州,林茂县,,
5.0391,103.1315,马来西亚,登嘉樓州,,,
3.26667,101.38333,马来西亚,雪兰莪州,瓜拉雪兰莪县,,
5.57712,100.86168,马来西亚,吉打州,华玲县,,
5.65557,100.80679,马来西亚,吉打州,华玲县,,
6.2,100.48333,马来西亚,吉打州,波各先那县,,
3.25,101.4,马来西亚,雪兰莪州,瓜拉雪兰莪县,,
5.88828,100.69304,马来西亚,吉打州,锡县,,
4.20465,103.38256,马来西亚,登嘉樓州,朱盖,,
5.3164,103.0458,马来西亚,登嘉樓州,瓜拉登嘉楼县,,
2.5191,102.8165,马来西亚,柔佛州,昔加末县,,
2.3016,102.5041,马来西亚,马六甲州,野新县,,
5.3699,102.8189,马来西亚,登嘉樓州,士兆县,,
5.3087,102.8301,马来西亚,登嘉樓州,士兆县,,
5.0283,102.9928,马来西亚,登嘉樓州,,,
5.17964,100.66506,马来西亚,霹雳州,拉律峇登司南马县,,
3.8351,102.3746,马来西亚,彭亨州,而连突县,,
5.3982,103.0267,马来西亚,登嘉樓州,瓜拉尼鲁斯县,,
2.1408,102.4849,马来西亚,马六甲州,野新县,,
5.86667,102.13333,马来西亚,吉兰丹州,丹那美拉县,,
2.1845,102.3536,马来西亚,马六甲州,马六甲中央县,,
3.03333,101.76667,马来西亚,雪兰莪州,乌鲁冷岳县,蕉赖,
3.8458,102.3785,马来西亚,彭亨州,而连突县,Kampung Temin,
5.2847,103.14467,马来西亚,登嘉樓州,瓜拉登嘉楼县,,Kampung Tok Molor
2.2,102.38333,马来西亚,马六甲州,马六甲中央县,,
2.2369,102.1563,马来西亚,马六甲州,马六甲中央县,,
5.2106,103.0676,马来西亚,登嘉樓州,马江县,,
4.45,100.91667,马来西亚,霹雳州,中霹雳县,,
5.96667,100.41667,马来西亚,吉打州,铅县,,
5.9,102.25,马来西亚,吉兰丹州,哥打峇鲁县,,
5.4016,103.0127,马来西亚,登嘉樓州,瓜拉尼鲁斯县,,
2.4581,102.0132,马来西亚,森美兰州,波德申县,,
2.2738,102.5465,马来西亚,柔佛州,东甲县,,Taman Happy
2.4748,102.7226,马来西亚,柔佛州,昔加末县,,
5.2467,103.079,马来西亚,登嘉樓州,马江县,,
3.26667,101.36667,马来西亚,雪兰莪州,瓜拉雪兰莪县,,
5.51667,100.7,马来西亚,吉打州,华玲县,,
5.95,100.45,马来西亚,吉打州,本同县,,
5.3897,103.0398,马来西亚,登嘉樓州,瓜拉尼鲁斯县,,
3.3295,102.5068,马来西亚,彭亨州,百乐县,,
2.8858,101.5513,马来西亚,雪兰莪州,瓜拉冷岳县,,
4.7605,103.4098,马来西亚,登嘉樓州,龙运县,Taman Maidam,
3.28333,101.31667,马来西亚,雪兰莪州,瓜拉雪兰莪县,,
2.82715,101.63327,马来西亚,雪兰莪州,瓜拉冷岳县,Bukit Changgang,Kampung Bukit Changgang
5.3839,103.0352,马来西亚,登嘉樓州,瓜拉尼鲁斯县,,
5.6,100.75,马来西亚,吉打州,华玲县,,
6.03118,100.51433,马来西亚,吉打州,本同县,,
4.26667,101.91667,马来西亚,彭亨州,立卑县,,
5.307,103.0268,马来西亚,登嘉樓州,瓜拉登嘉楼县,,
5.30872,103.14074,马来西亚,登嘉樓州,瓜拉登嘉楼县,,
5.10288,103.11303,马来西亚,登嘉樓州,马江县,,
2.3965,102.0165,马来西亚,马六甲州,亚罗牙也县,,
5.16667,100.7,马来西亚,霹雳州,拉律峇登司南马县,,
6.11667,100.58333,马来西亚,吉打州,波各先那县,,
2.43233,101.94641,马来西亚,森美兰州,波德申县,,Kampung Bukit Tembok
5.31667,100.75,马来西亚,霹雳州,拉律峇登司南马县,,Kampung Lubok Long
5.79313,101.95914,马来西亚,吉兰丹州,丹那美拉县,,
5.3608,103.0668,马来西亚,登嘉樓州,瓜拉尼鲁斯县,,
5.3153,102.8388,马来西亚,登嘉樓州,士兆县,,
2.348,102.87,马来西亚,柔佛州,麻坡县,,
2.36667,102.85,马来西亚,柔佛州,麻坡县,,
3.38333,101.26667,马来西亚,雪兰莪州,瓜拉雪兰莪县,,
2.641,101.7561,马来西亚,森美兰州,波德申县,,
5.28637,103.13842,马来西亚,登嘉樓州,瓜拉登嘉楼,,Kg Sungai Derhaka
5.83333,102.1,马来西亚,吉兰丹州,丹那美拉县,,
3.9432,101.9695,马来西亚,彭亨州,立卑县,,
3.5216,102.7804,马来西亚,彭亨州,马兰县,,
2.8769,101.8472,马来西亚,雪兰莪州,乌鲁冷岳县,,
2.0694,102.6337,马来西亚,柔佛州,麻坡县,,
2.222,102.2637,马来西亚,马六甲州,马六甲中央县,,Taman Desa Baru
2.25,102.5591,马来西亚,柔佛州,东甲县,,
2.6566,101.6724,马来西亚,雪兰莪州,雪邦县,,
2.3649,102.8122,马来西亚,柔佛州,东甲县,,
2.3048,102.2689,马来西亚,马六甲州,亚罗牙也县,榴梿洞葛,Pekan Durian Tunggal
5.1203,103.1439,马来西亚,登嘉樓州,马江县,,
3.33333,101.41667,马来西亚,雪兰莪州,瓜拉雪兰莪县,,
3.48301,102.56343,马来西亚,彭亨州,马兰县,,
5.36,100.54779,马来西亚,吉打州,居林县,,Taman Sulaiman
2.3848,102.5363,马来西亚,马六甲州,野新县,,
5.0851,103.1108,马来西亚,登嘉樓州,,,
5.13685,100.58659,马来西亚,吉打州,万拉峇鲁县,,Taman Kelisa Emas
5.08333,103.11667,马来西亚,登嘉樓州,马江县,,
5.91667,102.3,马来西亚,吉兰丹州,巴西富地县,,
5.86667,102.35,马来西亚,吉兰丹州,巴西富地县,,
5.83998,100.78137,马来西亚,吉打州,锡县,,
5.65,100.65,马来西亚,吉打州,瓜拉姆达县,,
5.2937,100.25537,马来西亚,槟城州,西南县,公巴,
5.2877,102.92,马来西亚,登嘉樓州,士兆县,,
5.25856,103.14744,马来西亚,登嘉樓州,瓜拉登嘉楼,Kampung Bukit,
4.3992,102.063,马来西亚,彭亨州,立卑县,,
4.3927,117.8116,马来西亚,沙巴州,斗湖,,
2.9033,102.0284,马来西亚,森美兰州,日叻务县,,
2.8593,102.2934,马来西亚,森美兰州,瓜拉庇劳县,,
2.81667,101.83333,马来西亚,森美兰州,芙蓉县,,
2.6971,102.2038,马来西亚,森美兰州,瓜拉庇劳县,,
2.552,102.0994,马来西亚,森美兰州,林茂县,,
5.96667,102.13333,马来西亚,吉兰丹州,巴西马县,,
4.35634,103.40447,马来西亚,登嘉樓州,甘马挽县,,
6.0481,116.1276,马来西亚,沙巴州,亚庇,,
1.31667,103.46667,马来西亚,柔佛州,笨珍县,,
3.8531,103.3681,马来西亚,彭亨州,关丹县,,
3.1906,103.3944,马来西亚,彭亨州,北根县,,
2.28333,102.8,马来西亚,柔佛州,麻坡县,,
1.31667,103.48333,马来西亚,柔佛州,笨珍县,,
6.4235,116.5326,马来西亚,沙巴州,古打毛律,,
3.99231,101.99162,马来西亚,彭亨州,立卑县,,
5.97303,100.53182,马来西亚,吉打州,本同县,,
1.8956,104.03135,马来西亚,柔佛州,哥打丁宜县,,
6.263,116.3163,马来西亚,沙巴州,斗亚兰,,
5.08333,115.61667,马来西亚,沙巴州,实必丹,,
1.01667,110.55,马来西亚,砂拉越州,西连,,
4.13333,114.48333,马来西亚,砂拉越州,马鲁帝,,
3.04128,102.90406,马来西亚,彭亨州,云冰县,,
5.0,102.66667,马来西亚,登嘉樓州,,,
5.66667,117.2,马来西亚,沙巴州,特鲁必,,
4.38889,100.97745,马来西亚,霹雳州,近打县,,
1.38333,110.1,马来西亚,砂拉越州,石隆门,,
5.71454,100.90422,马来西亚,吉打州,华玲县,,
6.0508,102.0296,马来西亚,吉兰丹州,巴西马县,Bandar Baru Pasir Mas,
5.50249,101.18474,马来西亚,霹雳州,上霹靂县,,
6.3243,116.3919,马来西亚,沙巴州,古打毛律,,
6.3,116.4,马来西亚,沙巴州,古打毛律,,
5.80087,100.52126,马来西亚,吉打州,瓜拉姆达县,,
3.5171,102.7753,马来西亚,彭亨州,马兰县,,
3.2454,102.4607,马来西亚,彭亨州,百乐县,,
2.5665,102.1216,马来西亚,森美兰州,林茂县,,
5.5,115.88333,马来西亚,沙巴州,,,
6.4598,116.5364,马来西亚,沙巴州,古打毛律,,
6.0982,116.2491,马来西亚,沙巴州,斗亚兰,,
4.76529,114.93511,马来西亚,砂拉越州,林梦,,
4.3218,117.8212,马来西亚,沙巴州,斗湖,,
3.5364,102.1531,马来西亚,彭亨州,淡马鲁县,,
6.04885,100.42576,马来西亚,吉打州,哥打士打县,,
6.42533,100.24806,马来西亚,玻璃市州,,,
6.21057,100.26857,马来西亚,吉打州,古邦巴素县,,
6.17302,100.40245,马来西亚,吉打州,哥打士打县,Taman Nabira Jaya,
3.4115,102.5636,马来西亚,彭亨州,百乐县,,
6.31712,116.6294,马来西亚,沙巴州,古打毛律,,
1.35,110.06667,马来西亚,砂拉越州,石隆门,,
6.3749,116.382,马来西亚,沙巴州,古打毛律,,
1.62673,110.32399,马来西亚,砂拉越州,古晋,柏特拉再也,
1.8935,103.0853,马来西亚,柔佛州,峇株巴辖县,,
1.20249,110.1045,马来西亚,砂拉越州,石隆门,,
6.652,116.7448,马来西亚,沙巴州,哥打马鲁都,,
6.6611,116.708,马来西亚,沙巴州,哥打马鲁都,,
2.8678,102.2404,马来西亚,森美兰州,瓜拉庇劳县,,
4.78264,114.88134,马来西亚,砂拉越州,林梦,,
5.5932,115.6082,马来西亚,沙巴州,瓜拉班尤,,
2.5936,102.1188,马来西亚,森美兰州,林茂县,,
1.57583,110.365,马来西亚,砂拉越州,古晋,柏特拉再也,
1.28333,110.46667,马来西亚,砂拉越州,西连,,
6.587,116.7054,马来西亚,沙巴州,哥打马鲁都,,
6.589,116.6916,马来西亚,沙巴州,哥打马鲁都,,
3.29727,102.47011,马来西亚,彭亨州,百乐县,百乐,
6.18333,116.26667,马来西亚,沙巴州,斗亚兰,,
5.62453,102.68031,马来西亚,登嘉樓州,士兆县,,
3.5031,102.4339,马来西亚,彭亨州,淡马鲁县,,
3.4458,102.8714,马来西亚,彭亨州,北根县,,
5.58333,100.73333,马来西亚,吉打州,华玲县,,
6.33333,100.43333,马来西亚,吉打州,古邦巴素县,,
5.30191,100.53965,马来西亚,吉打州,居林县,,
5.9,102.15,马来西亚,吉兰丹州,丹那美拉县,,
5.1319,103.0313,马来西亚,登嘉樓州,,,
5.2333,103.0911,马来西亚,登嘉樓州,马江县,,
5.96667,102.25,马来西亚,吉兰丹州,哥打峇鲁县,,
4.9,103.01667,马来西亚,登嘉樓州,,,
4.77896,103.03671,马来西亚,登嘉樓州,龙运县,,
4.76667,103.36667,马来西亚,登嘉樓州,龙运县,Taman Bestari,
4.68333,103.25,马来西亚,登嘉樓州,龙运县,,
4.2226,103.366,马来西亚,登嘉樓州,朱盖,,
2.9316,102.0647,马来西亚,森美兰州,日叻务县,,Taman Dato' Undang Abdullah
2.9012,103.2923,马来西亚,彭亨州,云冰县,,
2.405,102.2482,马来西亚,马六甲州,亚罗牙也县,,
5.31667,116.18333,马来西亚,沙巴州,根地咬,,
3.4949,102.52859,马来西亚,彭亨州,马兰县,,
5.9109,116.2334,马来西亚,沙巴州,亚庇,,
6.1106,116.1065,马来西亚,沙巴州,亚庇,,
5.48615,100.69058,马来西亚,吉打州,居林县,,
4.7794,103.4191,马来西亚,登嘉樓州,龙运县,,
5.61523,103.05974,马来西亚,,,,
5.3206,102.8862,马来西亚,登嘉樓州,士兆县,,
6.28333,100.43333,马来西亚,吉打州,古邦巴素县,,
4.1668,100.9502,马来西亚,霹雳州,中霹雳县,,Kampung Pasir Salak
6.5955,116.721,马来西亚,沙巴州,哥打马鲁都,,
6.21667,116.28333,马来西亚,沙巴州,斗亚兰,,
6.18333,116.45,马来西亚,沙巴州,古打毛律,,
6.04009,102.15612,马来西亚,吉兰丹州,哥打峇鲁县,,
5.94367,100.69297,马来西亚,吉打州,锡县,,
5.40137,101.98657,马来西亚,吉兰丹州,瓜拉吉赖县,,
4.81667,103.25,马来西亚,登嘉樓州,龙运县,,
3.5962,102.8116,马来西亚,彭亨州,马兰县,,
2.3406,102.5057,马来西亚,马六甲州,野新县,,
2.93333,101.43333,马来西亚,雪兰莪州,瓜拉冷岳县,,
4.3673,100.6812,马来西亚,霹雳州,曼绒县,,
5.73394,102.65945,马来西亚,登嘉樓州,勿述县,,
2.7729,102.2486,马来西亚,森美兰州,瓜拉庇劳县,,
2.7754,101.7005,马来西亚,雪兰莪州,雪邦县,,
5.48394,100.50799,马来西亚,槟城州,威北县,,
5.37589,100.47062,马来西亚,槟城州,威中县,,
5.17364,100.54183,马来西亚,槟城州,威南县,,
4.39819,118.03747,马来西亚,沙巴州,斗湖,,
5.61667,100.75,马来西亚,吉打州,华玲县,,
6.0951,116.0978,马来西亚,沙巴州,亚庇,,
5.8886,116.3205,马来西亚,沙巴州,斗亚兰,,
6.1493,116.2271,马来西亚,沙巴州,斗亚兰,,
5.83203,100.61767,马来西亚,吉打州,锡县,,
3.5296,103.4418,马来西亚,彭亨州,北根县,,
5.3804,115.6218,马来西亚,沙巴州,保佛,,
4.25,101.88333,马来西亚,彭亨州,立卑县,,
2.2481,102.222,马来西亚,马六甲州,马六甲中央县,,
4.88333,101.03333,马来西亚,霹雳州,江沙县,,Kampung Trosor
1.8658,102.9664,马来西亚,柔佛州,峇株巴辖县,,三春花园
6.13333,102.13333,马来西亚,吉兰丹州,道北县,,
2.1787,102.7393,马来西亚,柔佛州,麻坡县,,
5.06667,102.95,马来西亚,登嘉樓州,,,
3.6985,102.9775,马来西亚,彭亨州,关丹县,,
2.5997,102.0795,马来西亚,森美兰州,林茂县,,
2.4316,102.1358,马来西亚,马六甲州,亚罗牙也县,,
5.78724,102.49238,马来西亚,登嘉樓州,勿述县,,
4.3695,103.4562,马来西亚,登嘉樓州,甘马挽县,,
5.11667,103.23333,马来西亚,登嘉樓州,马江县,,
2.3387,102.2514,马来西亚,马六甲州,亚罗牙也县,,
4.65,103.41667,马来西亚,登嘉樓州,龙运县,,
2.6682,102.5121,马来西亚,森美兰州,淡边县,,
5.8505,118.1301,马来西亚,沙巴州,山打根县,Buli Sim Sim,
5.95,100.35,马来西亚,吉打州,铅县,,
2.46421,104.50431,马来西亚,柔佛州,,,
1.3,110.48333,马来西亚,砂拉越州,西连,,
3.9777,100.8507,马来西亚,霹雳州,峇眼拿督县,,
5.66667,101.85,马来西亚,吉兰丹州,日里县,,
4.76667,100.78333,马来西亚,霹雳州,拉律峇登司南马县,,
5.28333,115.2,马来西亚,纳闽,纳闽市,,
4.21667,113.9,马来西亚,砂拉越州,美里,,
4.9881,102.378,马来西亚,吉兰丹州,话望生县,,
2.5087,102.8038,马来西亚,柔佛州,昔加末县,,
5.59325,100.43705,马来西亚,吉打州,瓜拉姆达县,,
1.26667,110.28333,马来西亚,砂拉越州,古晋,,
1.23333,111.48333,马来西亚,砂拉越州,成邦江,,
5.32572,100.5094,马来西亚,槟城州,威中县,,
5.86667,102.31667,马来西亚,吉兰丹州,巴西富地县,,
5.78347,100.90103,马来西亚,吉打州,华玲县,,
5.21667,103.13333,马来西亚,登嘉樓州,瓜拉登嘉楼县,,
2.8972,102.0307,马来西亚,森美兰州,日叻务县,,
1.6692,103.9223,马来西亚,柔佛州,哥打丁宜县,,
3.4968,103.1371,马来西亚,彭亨州,北根县,,
5.08333,115.58333,马来西亚,沙巴州,实必丹,,
1.61667,110.48333,马来西亚,砂拉越州,古晋,,
1.38333,110.41667,马来西亚,砂拉越州,古晋,,
1.21667,110.26667,马来西亚,砂拉越州,古晋,,
1.21667,110.3,马来西亚,砂拉越州,古晋,,
1.23072,110.31364,马来西亚,砂拉越州,古晋,,
1.18333,110.28333,马来西亚,砂拉越州,古晋,,
1.24248,110.29344,马来西亚,砂拉越州,古晋,,
1.3,110.3,马来西亚,砂拉越州,古晋,,
5.3286,115.506,马来西亚,沙巴州,保佛,,
2.0515,103.2944,马来西亚,柔佛州,居銮县,,
2.78333,102.25,马来西亚,森美兰州,瓜拉庇劳县,,
3.5767,103.4052,马来西亚,彭亨州,北根县,,
2.60264,102.59707,马来西亚,森美兰州,淡边县,,
3.533,103.3641,马来西亚,彭亨州,北根县,,
5.28333,115.53333,马来西亚,沙巴州,保佛,,
2.7778,102.7243,马来西亚,柔佛州,昔加末县,,
5.01667,100.98333,马来西亚,霹雳州,上霹靂县,,
6.06,116.1646,马来西亚,沙巴州,亚庇,,
2.7353,102.0922,马来西亚,森美兰州,瓜拉庇劳县,,
6.14362,100.67968,马来西亚,吉打州,巴东得腊县,,
5.976,101.954,马来西亚,吉兰丹州,巴西马县,,
5.28038,100.63142,马来西亚,吉打州,居林县,,
5.45,101.2,马来西亚,霹雳州,上霹靂县,,
5.91667,100.58333,马来西亚,吉打州,本同县,,
6.4,100.43333,马来西亚,吉打州,古邦巴素县,,
5.83476,100.76656,马来西亚,吉打州,锡县,,
5.58333,100.86667,马来西亚,吉打州,华玲县,,
5.83333,102.06667,马来西亚,吉兰丹州,丹那美拉县,,
5.85393,100.81824,马来西亚,吉打州,锡县,,
6.16667,102.18333,马来西亚,吉兰丹州,道北县,,Kampung Bendang Kerian
4.762,100.9694,马来西亚,霹雳州,江沙县,,
4.76667,100.88333,马来西亚,霹雳州,江沙县,,Kampung Kuala Dal
5.81184,101.9707,马来西亚,吉兰丹州,丹那美拉县,,
6.11667,102.15,马来西亚,吉兰丹州,道北县,,
5.73445,100.89585,马来西亚,吉打州,华玲县,,
5.71667,102.15,马来西亚,吉兰丹州,马樟县,,
6.24664,100.60314,马来西亚,吉打州,巴东得腊县,,
5.76091,100.90881,马来西亚,吉打州,华玲县,,
5.80981,100.89978,马来西亚,吉打州,华玲县,,
1.03045,110.33418,马来西亚,砂拉越州,打必禄,,
1.45,110.3,马来西亚,砂拉越州,古晋,,
2.6456,101.9253,马来西亚,森美兰州,芙蓉县,,Taman Angsamas
6.33055,100.39922,马来西亚,吉打州,古邦巴素县,,
3.115,102.2701,马来西亚,森美兰州,日叻务县,,
2.777,101.9925,马来西亚,森美兰州,芙蓉县,,
2.6428,101.9076,马来西亚,森美兰州,芙蓉县,,
2.2561,102.3762,马来西亚,马六甲州,野新县,望万,
5.28333,103.03333,马来西亚,登嘉樓州,瓜拉登嘉楼县,,
1.4544,104.0713,马来西亚,柔佛州,哥打丁宜县,,
5.26965,101.06478,马来西亚,霹雳州,上霹靂县,,
5.55,102.23333,马来西亚,吉兰丹州,瓜拉吉赖县,,
2.65463,103.66235,马来西亚,柔佛州,丰盛港县,,
6.14211,100.56754,马来西亚,吉打州,波各先那县,,
5.2615,103.14471,马来西亚,登嘉樓州,瓜拉登嘉楼,Kampung Bukit,
5.26633,100.82976,马来西亚,霹雳州,拉律峇登司南马县,,
6.41667,100.43333,马来西亚,吉打州,古邦巴素县,,Taman Angsana
6.35815,100.35498,马来西亚,吉打州,古邦巴素县,,
6.32349,100.37364,马来西亚,吉打州,古邦巴素县,,
6.25,100.41667,马来西亚,吉打州,古邦巴素县,,Taman Bahagia
5.83333,100.76667,马来西亚,吉打州,锡县,,
5.77032,100.70432,马来西亚,吉打州,锡县,,
3.7757,103.2745,马来西亚,彭亨州,关丹县,,
6.41667,100.28333,马来西亚,玻璃市州,,,
4.1216,102.2187,马来西亚,彭亨州,立卑县,,
1.46667,111.43333,马来西亚,砂拉越州,木中,,
4.75,115.4,马来西亚,砂拉越州,老越,,
1.4309,103.4686,马来西亚,柔佛州,笨珍县,,
5.85,102.16667,马来西亚,吉兰丹州,丹那美拉县,,
5.8282,100.78604,马来西亚,吉打州,锡县,,
5.68333,101.73333,马来西亚,吉兰丹州,日里县,,
4.6664,103.0448,马来西亚,登嘉樓州,龙运县,,
4.56667,114.86667,马来西亚,砂拉越州,林梦,,
3.45641,102.88865,马来西亚,彭亨州,北根县,,
1.1,110.63333,马来西亚,砂拉越州,西连,,
2.7705,101.9046,马来西亚,森美兰州,芙蓉县,,
1.16667,110.66667,马来西亚,砂拉越州,西连,,
3.3718,102.4248,马来西亚,彭亨州,淡马鲁县,,
3.5333,102.7822,马来西亚,彭亨州,马兰县,,
2.146,102.6243,马来西亚,柔佛州,东甲县,,
4.16064,102.19126,马来西亚,彭亨州,立卑县,,
2.7599,102.1246,马来西亚,森美兰州,瓜拉庇劳县,,
4.2339,102.3844,马来西亚,彭亨州,而连突县,,
4.9181,103.0251,马来西亚,登嘉樓州,,,
5.71879,100.39994,马来西亚,吉打州,瓜拉姆达县,,
2.58333,111.3,马来西亚,砂拉越州,,,
5.315,103.0281,马来西亚,登嘉樓州,瓜拉登嘉楼县,,
2.648,101.945,马来西亚,森美兰州,芙蓉县,,
5.46667,102.25,马来西亚,吉兰丹州,瓜拉吉赖县,,
5.17022,100.55054,马来西亚,吉打州,万拉峇鲁县,,
4.6456,114.82429,马来西亚,砂拉越州,林梦,,
2.9729,102.1339,马来西亚,森美兰州,日叻务县,,
5.37911,100.42149,马来西亚,槟城州,威中县,,
5.2811,103.0792,马来西亚,登嘉樓州,瓜拉登嘉楼县,,
5.4516,100.3068,马来西亚,槟城州,东北县,丹绒道光,
4.7694,103.1124,马来西亚,登嘉樓州,龙运县,,
4.58333,100.93333,马来西亚,霹雳州,江沙县,,
2.8223,101.693,马来西亚,雪兰莪州,雪邦县,,
2.3025,103.14,马来西亚,柔佛州,昔加末县,,
2.3511,102.5193,马来西亚,柔佛州,东甲县,,
4.6412,115.0417,马来西亚,砂拉越州,林梦,,
1.01293,110.48139,马来西亚,砂拉越州,打必禄,,
5.51667,100.36667,马来西亚,槟城州,威北县,,Taman Bekah Indah
6.43516,100.26537,马来西亚,玻璃市州,,,
1.20153,110.33299,马来西亚,砂拉越州,打必禄,,
5.81082,100.64941,马来西亚,吉打州,锡县,,
1.65999,109.83124,马来西亚,砂拉越州,伦乐,,
5.9346,116.6598,马来西亚,沙巴州,兰瑙,,
3.9156,101.9905,马来西亚,彭亨州,劳勿县,,
4.4223,102.0634,马来西亚,彭亨州,立卑县,,
6.43333,100.41667,马来西亚,吉打州,古邦巴素县,,
5.61667,102.16667,马来西亚,吉兰丹州,瓜拉吉赖县,,
5.82336,101.97474,马来西亚,吉兰丹州,丹那美拉县,,
5.78333,102.05,马来西亚,吉兰丹州,丹那美拉县,,
6.1,102.16667,马来西亚,吉兰丹州,巴西马县,,
5.7971,100.74051,马来西亚,吉打州,锡县,,
5.78333,102.08333,马来西亚,吉兰丹州,丹那美拉县,,
5.82975,101.95459,马来西亚,吉兰丹州,丹那美拉县,,
4.69402,114.80433,马来西亚,砂拉越州,林梦,,
1.28333,110.28333,马来西亚,砂拉越州,古晋,,
3.19012,103.378,马来西亚,彭亨州,北根县,,
2.9,102.3,马来西亚,森美兰州,仁保县,,
3.5396,102.779,马来西亚,彭亨州,马兰县,,
5.26283,103.12861,马来西亚,登嘉樓州,瓜拉登嘉楼,Pekan Kedai Buluh,Kampung Atas Tol
3.57847,102.78908,马来西亚,彭亨州,马兰县,,
5.1531,102.8753,马来西亚,登嘉樓州,,,
5.55257,100.88088,马来西亚,吉打州,华玲县,,
5.2,102.08333,马来西亚,吉兰丹州,瓜拉吉赖县,,
4.28333,100.65,马来西亚,霹雳州,曼绒县,,
5.35584,100.31148,马来西亚,槟城州,东北县,垄尾,
6.05,100.76667,马来西亚,吉打州,锡县,,
5.58377,100.73276,马来西亚,吉打州,华玲县,,
4.3676,101.0624,马来西亚,霹雳州,近打县,,Kampung Changkat Mengkenan
3.7712,103.2453,马来西亚,彭亨州,关丹县,,
1.8314,103.3201,马来西亚,柔佛州,居銮县,,
4.8,103.4,马来西亚,登嘉樓州,龙运县,,
3.01667,101.6,马来西亚,雪兰莪州,八打灵县,蒲种柏兰岭,Kampung Bersatu
4.8557,101.0774,马来西亚,霹雳州,江沙县,,
4.2807,100.6257,马来西亚,霹雳州,曼绒县,,Kampung Batu 3 Segari
4.21667,101.3,马来西亚,霹雳州,马登巴冷县,,
4.21667,101.21667,马来西亚,霹雳州,马登巴冷县,,万岭园
4.1954,100.6616,马来西亚,霹雳州,曼绒县,,Kampung Dato' Seri Kamaruddin
2.9133,101.818,马来西亚,雪兰莪州,乌鲁冷岳县,,
3.7307,100.9388,马来西亚,雪兰莪州,沙白安南县,,
3.7414,100.9487,马来西亚,雪兰莪州,沙白安南县,,Taman Sabak / Taman Sentosa
3.7599,100.9651,马来西亚,雪兰莪州,沙白安南县,,Taman Sabak / Taman Sentosa
3.7534,100.9564,马来西亚,雪兰莪州,沙白安南县,,Taman Sabak / Taman Sentosa
3.9682,101.7923,马来西亚,彭亨州,劳勿县,峇都马林,
3.53266,102.17647,马来西亚,彭亨州,淡马鲁县,,
2.9107,102.0386,马来西亚,森美兰州,日叻务县,,
2.9671,101.6355,马来西亚,雪兰莪州,雪邦县,,
4.1323,100.7422,马来西亚,霹雳州,曼绒县,,
5.97883,100.81059,马来西亚,吉打州,锡县,,
4.83333,103.23333,马来西亚,登嘉樓州,龙运县,,
3.49,103.1245,马来西亚,彭亨州,北根县,,
4.21603,103.36864,马来西亚,登嘉樓州,朱盖,,
5.38815,102.00928,马来西亚,吉兰丹州,瓜拉吉赖县,,
3.6,102.43333,马来西亚,彭亨州,淡马鲁县,,
2.66667,102.73333,马来西亚,柔佛州,昔加末县,,
5.45462,100.63085,马来西亚,吉打州,居林县,Taman Mutiara,
5.4,100.2,马来西亚,槟城州,西南县,Sungai Pinang,
4.57005,103.39874,马来西亚,登嘉樓州,甘马挽县,,
4.3235,117.8723,马来西亚,沙巴州,斗湖,,
2.78333,102.26667,马来西亚,森美兰州,瓜拉庇劳县,,
2.5452,102.1349,马来西亚,森美兰州,林茂县,,
1.46667,110.35,马来西亚,砂拉越州,哥打巴达旺,,
5.1754,103.1067,马来西亚,登嘉樓州,马江县,,
4.8438,101.9456,马来西亚,吉兰丹州,话望生县,,
3.3556,102.5204,马来西亚,彭亨州,百乐县,,
1.4,110.26667,马来西亚,砂拉越州,古晋,,
2.8071,102.2761,马来西亚,森美兰州,瓜拉庇劳县,,
5.9786,100.45295,马来西亚,吉打州,本同县,,
2.5824,102.1115,马来西亚,森美兰州,林茂县,,
5.55,102.18333,马来西亚,吉兰丹州,瓜拉吉赖县,,
5.28026,100.29049,马来西亚,槟城州,西南县,,
4.21667,101.2,马来西亚,霹雳州,马登巴冷县,,
1.3669,104.128,马来西亚,柔佛州,哥打丁宜县,,
1.7,110.03333,马来西亚,砂拉越州,伦乐,,
5.5253,115.527,马来西亚,沙巴州,瓜拉班尤,,
5.20526,100.63777,马来西亚,吉打州,万拉峇鲁县,,
2.97976,101.46226,马来西亚,雪兰莪州,巴生县,,
2.9012,101.8037,马来西亚,雪兰莪州,乌鲁冷岳县,,
3.75,101.5,马来西亚,霹雳州,慕亚林县,,Sekiah Makmur
3.6484,103.1155,马来西亚,彭亨州,关丹县,,
2.546,102.7744,马来西亚,柔佛州,昔加末县,,
3.6984,102.9876,马来西亚,彭亨州,关丹县,,
3.8571,102.4453,马来西亚,彭亨州,而连突县,,
3.7708,103.2166,马来西亚,彭亨州,关丹县,,
2.60603,101.80508,马来西亚,森美兰州,波德申县,,Ladang Tanah Merah Linesite A3 A4 Division
4.9,101.1,马来西亚,霹雳州,江沙县,,
4.6583,101.1578,马来西亚,霹雳州,近打县,,林旦新村
4.3587,101.0602,马来西亚,霹雳州,近打县,,
3.7682,103.2283,马来西亚,彭亨州,关丹县,,
2.7419,101.8564,马来西亚,森美兰州,芙蓉县,,
2.6794,101.5177,马来西亚,雪兰莪州,瓜拉冷岳县,,
5.53333,102.18333,马来西亚,吉兰丹州,瓜拉吉赖县,,
4.53333,102.95,马来西亚,登嘉樓州,龙运县,,
1.18333,110.85,马来西亚,砂拉越州,实文然,,
5.1352,103.1104,马来西亚,登嘉樓州,马江县,哇加打北,
5.26949,100.42167,马来西亚,槟城州,威南县,,
3.8372,102.4164,马来西亚,彭亨州,而连突县,,
2.76667,102.38333,马来西亚,森美兰州,瓜拉庇劳县,,
5.37547,102.027,马来西亚,吉兰丹州,瓜拉吉赖县,,
3.4407,102.0494,马来西亚,彭亨州,文冬县,,
4.88333,100.96667,马来西亚,霹雳州,江沙县,,Kampung Loh
5.1148,103.1426,马来西亚,登嘉樓州,马江县,,
3.3306,102.5269,马来西亚,彭亨州,百乐县,,
5.78333,102.13333,马来西亚,吉兰丹州,丹那美拉县,,
3.3799,102.5293,马来西亚,彭亨州,百乐县,,
5.2586,103.0339,马来西亚,登嘉樓州,瓜拉登嘉楼县,,
5.19988,100.60071,马来西亚,吉打州,万拉峇鲁县,,
4.53333,100.71667,马来西亚,霹雳州,拉律峇登司南马县,,
4.0787,102.3049,马来西亚,彭亨州,而连突县,,
2.583,102.0962,马来西亚,森美兰州,林茂县,,
2.5105,102.8058,马来西亚,柔佛州,昔加末县,,
2.2036,102.8151,马来西亚,柔佛州,麻坡县,,
1.35,110.43333,马来西亚,砂拉越州,古晋,,
4.75,100.73333,马来西亚,霹雳州,拉律峇登司南马县,,Kampung Changkat Ibol
5.81176,101.98025,马来西亚,吉兰丹州,丹那美拉县,,
4.33333,101.9,马来西亚,彭亨州,立卑县,,
4.21667,100.6,马来西亚,霹雳州,曼绒县,,Marina Island
3.55813,103.07078,马来西亚,彭亨州,北根县,,
3.5177,102.60858,马来西亚,彭亨州,马兰县,,
3.1658,102.234,马来西亚,彭亨州,文冬县,,
2.148,102.4579,马来西亚,马六甲州,野新县,,
4.3814,101.0568,马来西亚,霹雳州,近打县,,Kampung Changkat Mengkenan
3.9217,103.0859,马来西亚,彭亨州,关丹县,,
2.8982,101.7863,马来西亚,雪兰莪州,乌鲁冷岳县,,
2.81667,101.48333,马来西亚,雪兰莪州,瓜拉冷岳县,,
1.8738,103.3169,马来西亚,柔佛州,居銮县,,
2.4328,101.9086,马来西亚,森美兰州,波德申县,,
4.4484,101.0653,马来西亚,霹雳州,近打县,,
5.38333,115.36667,马来西亚,沙巴州,瓜拉班尤,,
3.85,101.38333,马来西亚,霹雳州,慕亚林县,,
3.55,103.18333,马来西亚,彭亨州,北根县,,
2.6487,101.7266,马来西亚,雪兰莪州,雪邦县,,Taman Sri Siantan
3.5961,101.0668,马来西亚,雪兰莪州,沙白安南县,,
5.05,100.78333,马来西亚,霹雳州,拉律峇登司南马县,,
1.7192,103.8826,马来西亚,柔佛州,哥打丁宜县,,
4.0046,101.1748,马来西亚,霹雳州,下霹雳县,,十二碑新村
4.85,100.65,马来西亚,霹雳州,拉律峇登司南马县,,
4.4745,101.0664,马来西亚,霹雳州,近打县,,RPT Sri Jaya 2
2.6553,101.7393,马来西亚,雪兰莪州,雪邦县,,Taman Sri Tanjung Mas
2.54825,101.80786,马来西亚,森美兰州,波德申县,Kampung Gelam,Taman Negeri Baru / Taman Negeri Indah
3.6,102.41667,马来西亚,彭亨州,淡马鲁县,,
4.78365,102.29329,马来西亚,吉兰丹州,话望生县,,
5.31389,103.1485,马来西亚,登嘉樓州,瓜拉登嘉楼,峇都布洛,
4.0104,101.9508,马来西亚,彭亨州,劳勿县,,
3.4269,102.5789,马来西亚,彭亨州,百乐县,,
5.73753,100.72478,马来西亚,吉打州,锡县,,
3.0479,103.0128,马来西亚,彭亨州,云冰县,,
5.78333,102.26667,马来西亚,吉兰丹州,马樟县,,
4.0,101.38333,马来西亚,霹雳州,马登巴冷县,,
3.06667,101.45,马来西亚,雪兰莪州,巴生县,,Taman Bunga Melor
5.63333,100.65,马来西亚,吉打州,瓜拉姆达县,,
5.66134,102.59697,马来西亚,登嘉樓州,勿述县,,
5.55,102.25,马来西亚,吉兰丹州,瓜拉吉赖县,,
3.9733,102.154,马来西亚,彭亨州,而连突县,,
2.5725,102.7452,马来西亚,柔佛州,昔加末县,,
2.4825,102.786,马来西亚,柔佛州,昔加末县,,
6.31667,100.26667,马来西亚,吉打州,古邦巴素县,,
1.674,103.3619,马来西亚,柔佛州,笨珍县,,
5.35879,100.58473,马来西亚,吉打州,居林县,,
2.4359,102.1181,马来西亚,马六甲州,亚罗牙也县,,
5.6,115.88333,马来西亚,沙巴州,,,
5.93333,100.88333,马来西亚,吉打州,锡县,,
5.81667,100.5,马来西亚,吉打州,瓜拉姆达县,,
2.5818,102.1225,马来西亚,森美兰州,林茂县,,
2.2935,102.6654,马来西亚,柔佛州,东甲县,,
2.2721,102.823,马来西亚,柔佛州,麻坡县,,
1.65879,109.88089,马来西亚,砂拉越州,伦乐,,
6.01667,102.36667,马来西亚,吉兰丹州,万捷县,,
6.12738,100.33431,马来西亚,吉打州,哥打士打县,,
5.34301,103.12416,马来西亚,登嘉樓州,瓜拉尼鲁斯县,,
2.2257,102.1874,马来西亚,马六甲州,马六甲中央县,,Taman Pantai Emas
2.6318,102.0837,马来西亚,森美兰州,林茂县,,
2.4131,102.4844,马来西亚,马六甲州,野新县,,
3.50822,101.64829,马来西亚,雪兰莪州,乌鲁雪兰莪县,,Desa Rening Jaya
3.9766,101.1133,马来西亚,霹雳州,下霹雳县,,
2.6432,102.0949,马来西亚,森美兰州,林茂县,,
2.4785,102.1309,马来西亚,森美兰州,林茂县,,
2.4226,102.1934,马来西亚,马六甲州,亚罗牙也县,,
2.4911,102.7715,马来西亚,柔佛州,昔加末县,,
2.46667,111.53333,马来西亚,砂拉越州,,,
2.7877,102.7155,马来西亚,柔佛州,昔加末县,,
4.81667,100.96667,马来西亚,霹雳州,江沙县,宁罗,
2.709,102.2983,马来西亚,森美兰州,瓜拉庇劳县,,
5.7,102.55,马来西亚,登嘉樓州,勿述县,,
2.8641,101.8281,马来西亚,森美兰州,芙蓉县,,
2.8059,101.8341,马来西亚,森美兰州,芙蓉县,,
6.1791,116.2168,马来西亚,沙巴州,斗亚兰,,
5.1445,103.1931,马来西亚,登嘉樓州,马江县,,
2.53333,102.16667,马来西亚,森美兰州,林茂县,,
5.33596,100.27736,马来西亚,槟城州,东北县,湖内,
2.2173,102.2178,马来西亚,马六甲州,马六甲中央县,,Taman Seri Pandan 1
2.1483,102.3942,马来西亚,马六甲州,野新县,,
2.68333,111.5,马来西亚,砂拉越州,玛都,,
5.1851,102.8408,马来西亚,登嘉樓州,,,
4.15,101.88333,马来西亚,彭亨州,立卑县,,
4.75,103.18333,马来西亚,登嘉樓州,龙运县,,
1.5675,103.8533,马来西亚,柔佛州,新山县,,
6.29812,100.65139,马来西亚,吉打州,巴东得腊县,,
6.03333,100.61667,马来西亚,吉打州,本同县,,Kampung Tanjong Berolak
5.95366,100.36623,马来西亚,吉打州,铅县,,
5.80191,102.52169,马来西亚,登嘉樓州,勿述县,,
5.8,100.48333,马来西亚,吉打州,瓜拉姆达县,,Taman Jerai Maju
5.62725,100.48699,马来西亚,吉打州,瓜拉姆达县,Kampung Baru,Taman Petani Jaya
5.58361,100.3781,马来西亚,吉打州,瓜拉姆达县,,
5.44573,100.46714,马来西亚,槟城州,威北县,,
5.05,103.28333,马来西亚,登嘉樓州,马江县,,
4.6345,103.4392,马来西亚,登嘉樓州,龙运县,,Kampung Cacar
2.618,101.8094,马来西亚,森美兰州,波德申县,,
2.3554,102.0388,马来西亚,马六甲州,亚罗牙也县,,
2.15,111.21667,马来西亚,砂拉越州,,,
6.42758,100.18592,马来西亚,玻璃市州,加央,诗里越,
5.93333,102.03333,马来西亚,吉兰丹州,巴西马县,,
5.86667,102.45,马来西亚,吉兰丹州,巴西富地县,,
2.18807,102.33574,马来西亚,马六甲州,马六甲中央县,,
3.1913,102.2446,马来西亚,彭亨州,文冬县,,
5.3572,115.6478,马来西亚,沙巴州,保佛,,
5.9982,116.2569,马来西亚,沙巴州,亚庇,,
5.56424,102.8603,马来西亚,登嘉樓州,士兆县,,
2.61667,102.21667,马来西亚,森美兰州,瓜拉庇劳县,,
5.1139,103.1543,马来西亚,登嘉樓州,马江县,,
1.4462,104.0831,马来西亚,柔佛州,哥打丁宜县,,
2.26667,111.81667,马来西亚,砂拉越州,诗巫,,
4.9846,115.4724,马来西亚,沙巴州,实必丹,,
3.7577,100.9231,马来西亚,雪兰莪州,沙白安南县,,
6.15,116.25,马来西亚,沙巴州,斗亚兰,,
5.9633,116.1273,马来西亚,沙巴州,亚庇,,
4.36667,100.8,马来西亚,霹雳州,中霹雳县,,
3.9798,101.0285,马来西亚,霹雳州,下霹雳县,,Kampung Banjar
4.21667,101.18333,马来西亚,霹雳州,马登巴冷县,,
2.774,102.1637,马来西亚,森美兰州,瓜拉庇劳县,,
4.1336,103.1733,马来西亚,登嘉樓州,甘马挽县,,
5.42642,100.66278,马来西亚,吉打州,居林县,,
2.527,101.7918,马来西亚,森美兰州,波德申县,Kampung Gelam,Taman Rumah Rehat
2.3075,102.2268,马来西亚,马六甲州,亚罗牙也县,,
5.4771,115.524,马来西亚,沙巴州,瓜拉班尤,,
2.28333,102.21667,马来西亚,马六甲州,马六甲中央县,,Taman Paya Rumput Bestari
5.28333,117.06667,马来西亚,沙巴州,东革,,
6.0047,116.2361,马来西亚,沙巴州,亚庇,,
3.2901,103.1273,马来西亚,彭亨州,北根县,,
3.2,101.66667,马来西亚,吉隆坡,吉隆坡,峇都,
2.83333,101.33333,马来西亚,雪兰莪州,瓜拉冷岳县,,
2.65552,102.67186,马来西亚,柔佛州,昔加末县,,
5.01667,115.56667,马来西亚,沙巴州,实必丹,,
2.6082,102.5846,马来西亚,森美兰州,淡边县,,
6.3827,116.5107,马来西亚,沙巴州,古打毛律,,
1.41667,110.53333,马来西亚,砂拉越州,哥打三马拉汉,,Kampung Naie Baru
5.31667,101.76667,马来西亚,吉兰丹州,话望生县,,
5.83958,101.94207,马来西亚,吉兰丹州,丹那美拉县,,
6.0238,102.0267,马来西亚,吉兰丹州,巴西马县,,
5.3314,103.0834,马来西亚,登嘉樓州,瓜拉登嘉楼,,
5.77984,100.69639,马来西亚,吉打州,锡县,,
6.05,100.46667,马来西亚,吉打州,本同县,,
6.06667,100.46667,马来西亚,吉打州,本同县,,
5.88333,100.5,马来西亚,吉打州,本同县,,
5.81451,100.73407,马来西亚,吉打州,锡县,,
5.3485,102.8723,马来西亚,登嘉樓州,士兆县,,
5.81667,102.26667,马来西亚,吉兰丹州,马樟县,,
6.08333,100.48333,马来西亚,吉打州,波各先那县,,
6.05,100.55,马来西亚,吉打州,本同县,,
5.71069,100.90614,马来西亚,吉打州,华玲县,,
5.86667,100.48333,马来西亚,吉打州,本同县,,
5.2224,100.6768,马来西亚,吉打州,万拉峇鲁县,,
5.7,100.95,马来西亚,吉打州,华玲县,,
5.9,102.08333,马来西亚,吉兰丹州,巴西马县,,
5.3251,103.0484,马来西亚,登嘉樓州,瓜拉登嘉楼,,
5.51667,100.71667,马来西亚,吉打州,华玲县,,
5.3067,102.824,马来西亚,登嘉樓州,士兆县,,
5.3489,103.0542,马来西亚,登嘉樓州,瓜拉尼鲁斯县,,
5.3597,102.8913,马来西亚,登嘉樓州,士兆县,,
5.73333,102.03333,马来西亚,吉兰丹州,丹那美拉县,,
6.0075,101.9774,马来西亚,吉兰丹州,巴西马县,,
5.33333,103.08333,马来西亚,登嘉樓州,瓜拉登嘉楼,,Kampung Banggol Tuan Muda
5.81667,102.18333,马来西亚,吉兰丹州,马樟县,,
5.72358,100.90138,马来西亚,吉打州,华玲县,,
5.85,100.46667,马来西亚,吉打州,瓜拉姆达县,,
6.0106,101.9815,马来西亚,吉兰丹州,巴西马县,,
6.0558,102.0263,马来西亚,吉兰丹州,巴西马县,,
5.2422,103.0429,马来西亚,登嘉樓州,瓜拉登嘉楼县,,
5.76667,102.28333,马来西亚,吉兰丹州,马樟县,,
5.80959,101.97467,马来西亚,吉兰丹州,丹那美拉县,,
5.81667,102.15,马来西亚,吉兰丹州,丹那美拉县,,
5.27002,100.72522,马来西亚,吉打州,万拉峇鲁县,,
6.0245,101.9994,马来西亚,吉兰丹州,巴西马县,,
6.0177,102.0293,马来西亚,吉兰丹州,巴西马县,,
5.3417,103.0523,马来西亚,登嘉樓州,瓜拉尼鲁斯县,,
5.32669,100.74759,马来西亚,吉打州,居林县,,
6.01667,100.5,马来西亚,吉打州,本同县,,
5.5442,100.5441,马来西亚,吉打州,居林县,,
6.06041,100.85836,马来西亚,吉打州,锡县,,
5.06667,100.96667,马来西亚,霹雳州,上霹靂县,,
5.06273,100.96238,马来西亚,霹雳州,上霹靂县,,
6.05,102.1,马来西亚,吉兰丹州,巴西马县,,
6.11667,102.13333,马来西亚,吉兰丹州,巴西马县,,
6.08333,100.58333,马来西亚,吉打州,本同县,,
5.91667,100.48333,马来西亚,吉打州,本同县,,
5.83333,102.26667,马来西亚,吉兰丹州,马樟县,,
5.71408,100.39558,马来西亚,吉打州,瓜拉姆达县,,
5.70294,100.91993,马来西亚,吉打州,华玲县,,
5.56117,102.76991,马来西亚,登嘉樓州,士兆县,,
5.3426,103.0972,马来西亚,登嘉樓州,瓜拉尼鲁斯县,Kampung Batu Enam,Kampung Pak Katak
4.21295,103.36999,马来西亚,登嘉樓州,朱盖,,
2.6167,102.8271,马来西亚,柔佛州,昔加末县,,
4.2,101.91667,马来西亚,彭亨州,立卑县,,
4.16667,100.95,马来西亚,霹雳州,中霹雳县,,Kampung Pasir Salak
2.9489,102.0848,马来西亚,森美兰州,日叻务县,,Taman Bandar Tinggi
4.1902,100.9267,马来西亚,霹雳州,中霹雳县,,Pekan Kampong Gajah
4.11667,100.98333,马来西亚,霹雳州,中霹雳县,,Kampung Pasir Salak
5.76221,100.72568,马来西亚,吉打州,锡县,,
4.3595,102.0592,马来西亚,彭亨州,立卑县,,
3.8916,102.424,马来西亚,彭亨州,而连突县,,
6.23333,100.45,马来西亚,吉打州,古邦巴素县,,Taman Tunku Intan Shafinaz
5.8973,116.322,马来西亚,沙巴州,斗亚兰,,
4.69759,114.8204,马来西亚,砂拉越州,林梦,,
4.40419,118.04157,马来西亚,沙巴州,斗湖,,
4.21667,101.0,马来西亚,霹雳州,中霹雳县,,
3.81667,101.43333,马来西亚,霹雳州,慕亚林县,,
4.6418,103.0257,马来西亚,登嘉樓州,龙运县,,
5.84902,100.74701,马来西亚,吉打州,锡县,,
5.90526,100.52489,马来西亚,吉打州,本同县,,
5.75,102.53333,马来西亚,登嘉樓州,勿述县,,
5.2234,103.1215,马来西亚,登嘉樓州,马江县,,
2.4412,102.1842,马来西亚,马六甲州,亚罗牙也县,,
2.2337,102.306,马来西亚,马六甲州,马六甲中央县,,
2.2064,102.2999,马来西亚,马六甲州,马六甲中央县,,Taman Duyong Permai
3.76695,102.23905,马来西亚,彭亨州,淡马鲁县,,
4.47098,118.63468,马来西亚,沙巴州,仙本那,,
6.2577,116.305,马来西亚,沙巴州,斗亚兰,,
2.1797,102.3178,马来西亚,马六甲州,马六甲中央县,,
4.96667,100.66667,马来西亚,霹雳州,吉辇县,,
2.3022,102.501,马来西亚,马六甲州,野新县,,
4.23333,100.58333,马来西亚,霹雳州,曼绒县,,
2.4256,101.9259,马来西亚,森美兰州,波德申县,,
5.4219,103.0543,马来西亚,登嘉樓州,瓜拉尼鲁斯县,,
5.1772,100.55413,马来西亚,吉打州,万拉峇鲁县,,
2.6899,102.5075,马来西亚,森美兰州,仁保县,,
4.7456,103.4225,马来西亚,登嘉樓州,龙运县,Kampung Teluk Lipat,
2.3666,102.2234,马来西亚,马六甲州,亚罗牙也县,,Taman Merak
4.5675,118.4766,马来西亚,沙巴州,仙本那,,
6.42583,100.2571,马来西亚,玻璃市州,,,
5.93333,102.38333,马来西亚,吉兰丹州,万捷县,,
5.61667,115.61667,马来西亚,沙巴州,瓜拉班尤,,
2.85073,111.88548,马来西亚,砂拉越州,拉叻,,
4.65,114.96667,马来西亚,砂拉越州,林梦,,
5.9296,101.9309,马来西亚,吉兰丹州,巴西马县,,
4.5849,118.4506,马来西亚,沙巴州,,,
1.66667,110.41667,马来西亚,砂拉越州,古晋,,
1.25,110.51667,马来西亚,砂拉越州,西连,,
1.4801,103.3932,马来西亚,柔佛州,笨珍县,小笨珍,
6.25,100.23333,马来西亚,吉打州,古邦巴素县,,
6.015,102.0138,马来西亚,吉兰丹州,巴西马县,,
5.37042,100.56127,马来西亚,吉打州,居林县,,
5.30567,100.19419,马来西亚,槟城州,西南县,Bukit Ginting,
1.4985,103.783,马来西亚,柔佛州,新山县,,
5.69768,100.91475,马来西亚,吉打州,华玲县,,
4.2302,100.664,马来西亚,霹雳州,曼绒县,,Kampung Acheh
5.67421,102.59623,马来西亚,登嘉樓州,勿述县,,
4.4357,101.0652,马来西亚,霹雳州,金宝县,,
4.2512,113.92975,马来西亚,砂拉越州,美里,,
3.51291,102.53474,马来西亚,彭亨州,马兰县,,
1.51667,110.86667,马来西亚,砂拉越州,实文然,,
1.75,109.86667,马来西亚,砂拉越州,伦乐,,
6.48333,100.28333,马来西亚,玻璃市州,,,
1.55,110.48333,马来西亚,砂拉越州,,,
3.43333,101.25,马来西亚,雪兰莪州,瓜拉雪兰莪县,,
1.4802,103.5813,马来西亚,柔佛州,新山县,,
2.2843,102.1335,马来西亚,马六甲州,马六甲中央县,,Kampung Baru Sungai Udang
5.16667,100.71667,马来西亚,霹雳州,拉律峇登司南马县,,
2.6952,101.9643,马来西亚,森美兰州,芙蓉县,,
6.22371,100.57642,马来西亚,吉打州,巴东得腊县,,
5.6,102.13333,马来西亚,吉兰丹州,瓜拉吉赖县,,
2.7876,101.995,马来西亚,森美兰州,芙蓉县,,
2.842,101.842,马来西亚,森美兰州,芙蓉县,,
2.25,102.83333,马来西亚,柔佛州,麻坡县,Batu 28,
2.8278,101.8949,马来西亚,森美兰州,芙蓉县,,
4.26667,101.08333,马来西亚,霹雳州,金宝县,,
5.68333,102.06667,马来西亚,吉兰丹州,丹那美拉县,,
2.6601,101.8624,马来西亚,森美兰州,波德申县,,
2.7313,101.972,马来西亚,森美兰州,芙蓉县,,Gedung Lalang 50
4.1009,103.381,马来西亚,彭亨州,关丹县,,Perkampungan Cherating Perdana
2.8217,101.8865,马来西亚,森美兰州,芙蓉县,,
6.41667,100.38333,马来西亚,吉打州,古邦巴素县,,
2.15,103.23333,马来西亚,柔佛州,居銮县,,
2.739,101.9449,马来西亚,森美兰州,芙蓉县,沉香,Kampung Bukit Temiang
3.783,103.2916,马来西亚,彭亨州,关丹县,,
4.65,100.71667,马来西亚,霹雳州,拉律峇登司南马县,,
4.5869,101.1311,马来西亚,霹雳州,近打县,,
5.97427,100.5828,马来西亚,吉打州,本同县,,Kampung Kebun Empat Relong
6.2,102.18333,马来西亚,吉兰丹州,道北县,,
6.1861,116.2254,马来西亚,沙巴州,斗亚兰,,
6.1161,116.1373,马来西亚,沙巴州,斗亚兰,,
5.96667,100.53333,马来西亚,吉打州,本同县,,
5.8994,116.059,马来西亚,沙巴州,必打丹,,
5.8314,116.0402,马来西亚,沙巴州,,,
5.8114,118.0739,马来西亚,沙巴州,山打根,,Kampung Karamunting Baru
5.8,100.6,马来西亚,吉打州,瓜拉姆达县,,
5.74332,100.89552,马来西亚,吉打州,华玲县,,
5.53594,100.50917,马来西亚,槟城州,威北县,,
5.41758,100.38424,马来西亚,槟城州,威北县,峇眼惹玛,
5.40861,100.28924,马来西亚,槟城州,东北县,Central George Town,
5.3982,103.0198,马来西亚,登嘉樓州,瓜拉尼鲁斯县,,
5.33884,100.4663,马来西亚,槟城州,威中县,,
5.3113,103.0429,马来西亚,登嘉樓州,瓜拉登嘉楼县,,
5.0716,103.0774,马来西亚,登嘉樓州,,,
5.08333,100.4,马来西亚,霹雳州,吉辇县,,
4.93333,103.35,马来西亚,登嘉樓州,马江县,,
4.9315,103.0547,马来西亚,登嘉樓州,,,
4.8863,115.21967,马来西亚,砂拉越州,老越,,
4.71773,103.08889,马来西亚,登嘉樓州,龙运县,,
4.4965,101.0152,马来西亚,霹雳州,近打县,,
4.4354,101.3554,马来西亚,彭亨州,金马仑高原县,,
4.428,101.045,马来西亚,霹雳州,近打县,,
4.495,103.4347,马来西亚,登嘉樓州,甘马挽县,Kampung Baru,
4.2955,100.67,马来西亚,霹雳州,曼绒县,,新甘光
4.26243,102.39665,马来西亚,彭亨州,而连突县,,
4.2,101.15,马来西亚,霹雳州,马登巴冷县,,
4.18333,101.21667,马来西亚,霹雳州,马登巴冷县,,
4.0868,103.382,马来西亚,彭亨州,关丹县,,
3.9108,100.8757,马来西亚,霹雳州,峇眼拿督县,,
3.8731,103.3659,马来西亚,彭亨州,关丹县,,
3.7839,103.2131,马来西亚,彭亨州,关丹县,,
3.49173,101.69448,马来西亚,雪兰莪州,乌鲁雪兰莪县,,
3.31667,101.28333,马来西亚,雪兰莪州,瓜拉雪兰莪县,,
3.1775,102.1936,马来西亚,彭亨州,文冬县,,
2.84035,101.57426,马来西亚,雪兰莪州,瓜拉冷岳县,,
2.8202,101.8931,马来西亚,森美兰州,芙蓉县,,
2.7923,101.5097,马来西亚,雪兰莪州,瓜拉冷岳县,,
2.626,103.64253,马来西亚,柔佛州,丰盛港县,,
2.5808,102.0938,马来西亚,森美兰州,林茂县,,
2.5785,101.9702,马来西亚,森美兰州,芙蓉县,,
2.51667,111.41667,马来西亚,砂拉越州,,,
2.50375,102.47709,马来西亚,森美兰州,淡边县,,
2.5055,101.8594,马来西亚,森美兰州,波德申县,,
2.4656,101.8527,马来西亚,森美兰州,波德申县,直落甘望,
2.4567,102.0889,马来西亚,森美兰州,林茂县,,
2.222,103.039,马来西亚,柔佛州,昔加末县,,Taman Chaah Jaya
2.43308,102.11646,马来西亚,马六甲州,亚罗牙也县,,
2.2813,102.7106,马来西亚,柔佛州,东甲县,,
2.28333,102.1,马来西亚,马六甲州,马六甲中央县,,
2.0674,103.347,马来西亚,柔佛州,居銮县,,
2.0183,103.0662,马来西亚,柔佛州,峇株巴辖县,,Taman Madu
1.97073,102.89436,马来西亚,柔佛州,峇株巴辖县,,
1.8413,103.4193,马来西亚,柔佛州,居銮县,,
1.8143,104.14,马来西亚,柔佛州,哥打丁宜县,,
1.3999,103.6478,马来西亚,柔佛州,新山县,公主港,公主港
1.3688,104.0989,马来西亚,柔佛州,哥打丁宜县,,
1.26667,110.46667,马来西亚,砂拉越州,西连,,
1.21963,110.49507,马来西亚,砂拉越州,西连,,
4.78333,114.98333,马来西亚,砂拉越州,林梦,,Taman Desa Pabahanan
6.32213,116.56826,马来西亚,沙巴州,古打毛律,,
6.21667,116.45,马来西亚,沙巴州,古打毛律,,
6.0028,101.974,马来西亚,吉兰丹州,巴西马县,,
4.0614,103.3896,马来西亚,彭亨州,关丹县,,
2.1185,102.4714,马来西亚,马六甲州,野新县,,
3.7905,100.9932,马来西亚,雪兰莪州,沙白安南县,,
3.4492,101.1314,马来西亚,雪兰莪州,瓜拉雪兰莪县,,
5.40859,100.40808,马来西亚,槟城州,威中县,,Taman Arowana
4.3566,100.6732,马来西亚,霹雳州,曼绒县,,
5.53333,100.68333,马来西亚,吉打州,居林县,,
5.13023,100.50878,马来西亚,吉打州,万拉峇鲁县,,
5.09176,100.5556,马来西亚,吉打州,万拉峇鲁县,,
2.5142,101.8328,马来西亚,森美兰州,波德申县,西鲁沙,Taman Dato Haji Abdul Samad
3.8805,100.8229,马来西亚,霹雳州,峇眼拿督县,,
5.32489,100.41723,马来西亚,槟城州,威中县,,
3.7974,100.9948,马来西亚,雪兰莪州,沙白安南县,,
5.4339,100.39774,马来西亚,槟城州,威北县,,峇眼拉浪花园
2.6059,101.6902,马来西亚,雪兰莪州,雪邦县,,
5.43112,100.3769,马来西亚,槟城州,威北县,峇眼惹玛,
5.26452,100.71667,马来西亚,吉打州,万拉峇鲁县,,
3.984,100.761,马来西亚,霹雳州,峇眼拿督县,,
5.39682,100.37114,马来西亚,槟城州,威北县,峇眼达南,
4.67433,100.60715,马来西亚,霹雳州,拉律峇登司南马县,,
5.213,100.47307,马来西亚,槟城州,威南县,,
5.36342,100.20921,马来西亚,槟城州,西南县,Permatang Pasir,
5.67965,100.37036,马来西亚,吉打州,瓜拉姆达县,,
5.4429,100.37958,马来西亚,槟城州,威北县,峇眼亚占,Taman Intan
6.26667,100.35,马来西亚,吉打州,古邦巴素县,,
3.4143,102.6689,马来西亚,彭亨州,马兰县,,
6.5138,116.7359,马来西亚,沙巴州,哥打马鲁都,,
5.72723,100.38542,马来西亚,吉打州,铅县,,
3.9677,101.98,马来西亚,彭亨州,立卑县,,
2.98333,103.43333,马来西亚,彭亨州,北根县,,
2.53333,111.4,马来西亚,砂拉越州,,,
5.44695,100.72904,马来西亚,吉打州,华玲县,,
2.7547,102.7333,马来西亚,柔佛州,昔加末县,,
3.9466,101.8411,马来西亚,彭亨州,劳勿县,,
2.57388,102.78629,马来西亚,柔佛州,昔加末县,,
2.5061,102.2401,马来西亚,森美兰州,淡边县,,
2.2381,102.2436,马来西亚,马六甲州,马六甲中央县,玛琳再也,
2.2558,102.646,马来西亚,柔佛州,东甲县,,
5.8145,116.1597,马来西亚,沙巴州,兵南邦,,
3.038,102.6487,马来西亚,彭亨州,百乐县,,
2.3609,102.2146,马来西亚,马六甲州,亚罗牙也县,,
2.7,102.18333,马来西亚,森美兰州,瓜拉庇劳县,,
5.9,102.45,马来西亚,吉兰丹州,巴西富地县,,
5.75,102.46667,马来西亚,登嘉樓州,勿述县,,
5.64387,100.65101,马来西亚,吉打州,瓜拉姆达县,,
5.9,102.48333,马来西亚,吉兰丹州,巴西富地县,,
5.81667,102.58133,马来西亚,登嘉樓州,勿述县,,
4.334,100.7837,马来西亚,霹雳州,曼绒县,,
2.6437,103.6856,马来西亚,柔佛州,丰盛港县,,Taman Endau Makmur
2.63629,103.65959,马来西亚,柔佛州,丰盛港县,,
2.1294,102.4525,马来西亚,马六甲州,野新县,,
2.287,102.1953,马来西亚,马六甲州,马六甲中央县,,
2.6284,102.0876,马来西亚,森美兰州,林茂县,,
2.2733,102.1664,马来西亚,马六甲州,马六甲中央县,,
2.6431,102.2547,马来西亚,森美兰州,瓜拉庇劳县,,
2.3249,102.2952,马来西亚,马六甲州,亚罗牙也县,,
2.55,102.38333,马来西亚,森美兰州,淡边县,,
2.5445,102.3725,马来西亚,森美兰州,淡边县,,
5.95499,100.4784,马来西亚,吉打州,本同县,,
4.88333,100.68333,马来西亚,霹雳州,拉律峇登司南马县,,
2.3419,102.1996,马来西亚,马六甲州,亚罗牙也县,,
1.6338,103.9512,马来西亚,柔佛州,新山县,,
2.3872,102.1303,马来西亚,马六甲州,亚罗牙也县,,
2.3125,102.4107,马来西亚,马六甲州,野新县,,
5.21667,100.53333,马来西亚,槟城州,威南县,,
2.38333,102.35,马来西亚,马六甲州,亚罗牙也县,,
2.3871,102.3445,马来西亚,马六甲州,亚罗牙也县,,
4.63277,118.15668,马来西亚,沙巴州,古纳,,
4.28873,117.89763,马来西亚,沙巴州,斗湖,,
2.2836,102.3731,马来西亚,马六甲州,野新县,,
2.3924,102.1697,马来西亚,马六甲州,亚罗牙也县,,
2.3843,102.0476,马来西亚,马六甲州,亚罗牙也县,,
5.79665,101.97823,马来西亚,吉兰丹州,丹那美拉县,,
5.35204,100.5345,马来西亚,吉打州,居林县,,
2.43171,103.82629,马来西亚,柔佛州,丰盛港县,,
5.5,100.48333,马来西亚,槟城州,威北县,,
5.50476,100.48212,马来西亚,槟城州,威北县,,
2.4983,102.1098,马来西亚,森美兰州,林茂县,,
2.5395,101.7996,马来西亚,森美兰州,波德申县,Kampung Gelam,Taman Samudra
2.5605,102.2585,马来西亚,森美兰州,瓜拉庇劳县,,
4.4441,101.04009,马来西亚,霹雳州,近打县,,
4.3062,100.9108,马来西亚,霹雳州,中霹雳县,,Kampung Padang Marhum
1.3457,103.4497,马来西亚,柔佛州,笨珍县,,
1.71,103.4791,马来西亚,柔佛州,古来县,,Kampung Ayer Manis
2.3837,102.1943,马来西亚,马六甲州,亚罗牙也县,,
2.3267,102.2909,马来西亚,马六甲州,亚罗牙也县,,
2.3738,102.1824,马来西亚,马六甲州,亚罗牙也县,,
4.81667,100.73333,马来西亚,霹雳州,拉律峇登司南马县,保阁亚三,Taman Kaya Fasa 3
4.0248,101.2307,马来西亚,霹雳州,下霹雳县,,瓜拉美金
2.55,102.03333,马来西亚,森美兰州,林茂县,,
2.5069,102.4774,马来西亚,森美兰州,淡边县,,
2.2883,104.1205,马来西亚,柔佛州,丰盛港县,,
2.5432,102.3764,马来西亚,森美兰州,淡边县,,
2.32158,102.08921,马来西亚,马六甲州,亚罗牙也县,,
1.9271,103.1787,马来西亚,柔佛州,峇株巴辖县,,
5.41838,100.53941,马来西亚,吉打州,居林县,,Taman Mewah II & III
5.21295,100.61704,马来西亚,吉打州,万拉峇鲁县,,Kampung Ayer Itam
5.01667,100.83333,马来西亚,霹雳州,拉律峇登司南马县,,
4.31667,101.1,马来西亚,霹雳州,金宝县,,
4.0204,101.2023,马来西亚,霹雳州,下霹雳县,,Kampung Ayer Hitam
2.9517,101.7339,马来西亚,雪兰莪州,雪邦县,,
2.81667,101.35,马来西亚,雪兰莪州,,,
2.7709,101.7034,马来西亚,雪兰莪州,雪邦县,,
2.749,102.1481,马来西亚,森美兰州,瓜拉庇劳县,,
2.616,102.0744,马来西亚,森美兰州,林茂县,,
2.3258,102.0863,马来西亚,马六甲州,亚罗牙也县,,
2.53333,102.38333,马来西亚,森美兰州,淡边县,,Taman Dato Mohd Taha
1.9345,104.0738,马来西亚,柔佛州,哥打丁宜县,,
5.11667,100.81667,马来西亚,霹雳州,拉律峇登司南马县,,
2.5653,102.4512,马来西亚,森美兰州,淡边县,,
2.5649,102.4381,马来西亚,森美兰州,淡边县,,
2.7,102.3,马来西亚,森美兰州,瓜拉庇劳县,,
5.83567,101.96554,马来西亚,吉兰丹州,丹那美拉县,,
2.845,104.1601,马来西亚,彭亨州,云冰县,,
2.3809,102.3451,马来西亚,马六甲州,亚罗牙也县,,
5.8,102.03333,马来西亚,吉兰丹州,丹那美拉县,,
5.80956,101.98804,马来西亚,吉兰丹州,丹那美拉县,,
5.8155,118.0823,马来西亚,沙巴州,山打根,,Taman Melanta
2.648,102.6562,马来西亚,柔佛州,昔加末县,,
5.03333,102.83333,马来西亚,登嘉樓州,,,
4.7803,114.85293,马来西亚,砂拉越州,林梦,,
3.3321,102.5038,马来西亚,彭亨州,百乐县,,
4.7753,114.86115,马来西亚,砂拉越州,林梦,,
4.1131,102.2258,马来西亚,彭亨州,立卑县,,
5.28132,119.25585,马来西亚,沙巴州,拿笃,,
1.5,110.16667,马来西亚,砂拉越州,石隆门,短廊,
2.4384,103.9768,马来西亚,柔佛州,丰盛港县,,
2.8211,101.895,马来西亚,森美兰州,芙蓉县,,
1.4829,103.3924,马来西亚,柔佛州,笨珍县,小笨珍,
6.31667,100.41667,马来西亚,吉打州,古邦巴素县,,
5.55,101.03333,马来西亚,霹雳州,上霹靂县,,
5.69788,100.82146,马来西亚,吉打州,华玲县,,
5.1165,103.1443,马来西亚,登嘉樓州,马江县,,
5.10712,100.52636,马来西亚,吉打州,万拉峇鲁县,,
1.9376,103.1164,马来西亚,柔佛州,峇株巴辖县,,
5.8,102.0,马来西亚,吉兰丹州,丹那美拉县,,
5.81533,101.98712,马来西亚,吉兰丹州,丹那美拉县,,
3.36667,101.33333,马来西亚,雪兰莪州,瓜拉雪兰莪县,,
2.51,102.3845,马来西亚,森美兰州,淡边县,,
2.7209,104.1933,马来西亚,彭亨州,云冰县,,
4.21031,103.36168,马来西亚,登嘉樓州,朱盖,,
1.55,110.78333,马来西亚,砂拉越州,实文然,,
4.88046,115.21248,马来西亚,砂拉越州,老越,,
4.61667,100.9,马来西亚,霹雳州,江沙县,,
1.68333,110.11667,马来西亚,砂拉越州,伦乐,,
1.66667,110.13333,马来西亚,砂拉越州,伦乐,,
1.65627,109.9445,马来西亚,砂拉越州,伦乐,,
2.53411,101.80497,马来西亚,森美兰州,波德申县,Kampung Gelam,Kampung Arab
4.0306,101.9231,马来西亚,彭亨州,劳勿县,,
5.9438,116.3282,马来西亚,沙巴州,斗亚兰,,
2.5319,102.1702,马来西亚,森美兰州,林茂县,,
5.54472,102.72917,马来西亚,登嘉樓州,士兆县,,
4.2631,118.05776,马来西亚,沙巴州,斗湖,,
5.7,102.53333,马来西亚,登嘉樓州,勿述县,,
1.09918,110.28314,马来西亚,砂拉越州,打必禄,,
1.16376,110.30236,马来西亚,砂拉越州,打必禄,,
1.15508,110.26529,马来西亚,砂拉越州,古晋,,
3.7,102.4,马来西亚,彭亨州,淡马鲁县,,
4.08333,113.81667,马来西亚,砂拉越州,美里,,
2.6987,102.2201,马来西亚,森美兰州,瓜拉庇劳县,,
5.33333,115.55,马来西亚,沙巴州,保佛,,
4.95,100.78333,马来西亚,霹雳州,拉律峇登司南马县,,
6.207,100.24716,马来西亚,吉打州,古邦巴素县,,
2.2771,102.4089,马来西亚,马六甲州,野新县,,
2.65,102.63333,马来西亚,森美兰州,仁保县,,
2.5955,102.059,马来西亚,森美兰州,林茂县,,
2.3855,102.425,马来西亚,马六甲州,野新县,,
3.7741,103.3288,马来西亚,彭亨州,关丹县,,
2.5571,102.1115,马来西亚,森美兰州,林茂县,,
1.16667,110.6,马来西亚,砂拉越州,西连,,
4.41667,100.7,马来西亚,霹雳州,曼绒县,,
2.8681,101.6955,马来西亚,雪兰莪州,雪邦县,,
2.6105,102.0542,马来西亚,森美兰州,林茂县,,
3.547,101.6557,马来西亚,雪兰莪州,乌鲁雪兰莪县,,Taman Ampang Indah
2.4059,102.2548,马来西亚,马六甲州,亚罗牙也县,,
2.5307,102.1177,马来西亚,森美兰州,林茂县,,
3.9786,101.9884,马来西亚,彭亨州,立卑县,,
5.5,115.93333,马来西亚,沙巴州,,,
6.3058,116.3279,马来西亚,沙巴州,古打毛律,,
5.78525,102.53859,马来西亚,登嘉樓州,勿述县,,
4.2788,117.8895,马来西亚,沙巴州,斗湖,,
2.78333,103.51667,马来西亚,彭亨州,云冰县,,
5.1505,103.2374,马来西亚,登嘉樓州,马江县,,
6.0,100.41667,马来西亚,吉打州,本同县,,
5.96003,100.35345,马来西亚,吉打州,铅县,,
5.85,102.11667,马来西亚,吉兰丹州,丹那美拉县,,
5.98091,100.38249,马来西亚,吉打州,哥打士打县,,
6.18729,100.38147,马来西亚,吉打州,哥打士打县,安南武吉,
5.05734,100.59702,马来西亚,霹雳州,吉辇县,,
6.14074,100.39558,马来西亚,吉打州,哥打士打县,,Alor Sekamat
6.01262,100.34119,马来西亚,吉打州,哥打士打县,,
5.96667,102.4,马来西亚,吉兰丹州,万捷县,,
6.05477,100.47936,马来西亚,吉打州,本同县,,
5.97291,100.38302,马来西亚,吉打州,铅县,,
6.03341,100.48479,马来西亚,吉打州,本同县,,
6.08348,100.39403,马来西亚,吉打州,哥打士打县,,
3.4432,103.4171,马来西亚,彭亨州,北根县,,
4.19065,103.29031,马来西亚,登嘉樓州,甘马挽县,,
5.96863,100.36548,马来西亚,吉打州,铅县,,
5.94856,100.4443,马来西亚,吉打州,本同县,,
6.11513,100.38681,马来西亚,吉打州,哥打士打县,,Taman Intan
6.19208,100.35811,马来西亚,吉打州,哥打士打县,,
6.13333,100.36667,马来西亚,吉打州,哥打士打县,,
5.2163,102.9332,马来西亚,登嘉樓州,士兆县,,
5.1939,103.0735,马来西亚,登嘉樓州,马江县,,
3.8678,103.3661,马来西亚,彭亨州,关丹县,,
5.71308,102.48672,马来西亚,登嘉樓州,勿述县,,
6.41667,100.21717,马来西亚,玻璃市州,加央,,
4.2125,103.3242,马来西亚,登嘉樓州,朱盖,,
6.15,100.43333,马来西亚,吉打州,哥打士打县,,
6.06015,100.31883,马来西亚,吉打州,哥打士打县,,
6.18703,100.35014,马来西亚,吉打州,哥打士打县,,
5.93318,100.40229,马来西亚,吉打州,铅县,,
6.20579,100.39218,马来西亚,吉打州,哥打士打县,,
2.26667,102.15,马来西亚,马六甲州,马六甲中央县,,
3.6143,102.8328,马来西亚,彭亨州,马兰县,,
5.58266,102.75162,马来西亚,登嘉樓州,士兆县,,
5.21667,103.08333,马来西亚,登嘉樓州,马江县,,
6.21667,100.36667,马来西亚,吉打州,古邦巴素县,,
6.13585,100.41812,马来西亚,吉打州,哥打士打县,,
5.7,100.43333,马来西亚,吉打州,瓜拉姆达县,,
6.06223,100.39386,马来西亚,吉打州,哥打士打县,,
6.13333,100.35,马来西亚,吉打州,哥打士打县,,Taman Seri Indah
3.00754,103.37141,马来西亚,彭亨州,北根县,,
5.8,102.5,马来西亚,登嘉樓州,勿述县,,
3.4684,103.3961,马来西亚,彭亨州,北根县,,
6.03333,100.46667,马来西亚,吉打州,本同县,,
3.8328,103.3498,马来西亚,彭亨州,关丹县,Kampung Kubang Buaya,
3.4866,103.4184,马来西亚,彭亨州,北根县,,
5.26301,103.13773,马来西亚,登嘉樓州,瓜拉登嘉楼,Kampung Bukit,
2.2824,102.1978,马来西亚,马六甲州,马六甲中央县,,
5.33286,100.46925,马来西亚,槟城州,威中县,,
5.61766,101.08725,马来西亚,霹雳州,上霹靂县,,
2.4917,102.7908,马来西亚,柔佛州,昔加末县,,Taman Bunga Raya
2.1777,102.3126,马来西亚,马六甲州,马六甲中央县,,
2.1269,102.4657,马来西亚,马六甲州,野新县,,
4.1713,100.9604,马来西亚,霹雳州,中霹雳县,,Kampung Teluk
6.1,100.35,马来西亚,吉打州,哥打士打县,Taman Merpati Fasa 3,Taman Berjaya
5.9622,116.6605,马来西亚,沙巴州,兰瑙,,
4.06667,113.86667,马来西亚,砂拉越州,苏必士,,
3.9343,101.8897,马来西亚,彭亨州,劳勿县,,
2.5069,102.1297,马来西亚,森美兰州,林茂县,,
1.48333,110.13333,马来西亚,砂拉越州,石隆门,,
4.4219,100.637,马来西亚,霹雳州,曼绒县,,
3.5448,103.2647,马来西亚,彭亨州,北根县,,
2.5383,102.1104,马来西亚,森美兰州,林茂县,,
5.98333,116.2,马来西亚,沙巴州,亚庇,,Taman Maply
2.9576,101.7323,马来西亚,雪兰莪州,雪邦县,,
2.7024,101.9499,马来西亚,森美兰州,芙蓉县,拉杭,
1.03333,110.83333,马来西亚,砂拉越州,西连,,
2.03222,103.33942,马来西亚,柔佛州,居銮县,,
2.5038,102.8292,马来西亚,柔佛州,昔加末县,,Madoi
1.18798,110.25224,马来西亚,砂拉越州,古晋,,
5.7,116.05,马来西亚,沙巴州,,,
4.45,116.41667,马来西亚,沙巴州,纳巴湾,,
7.29547,117.07662,马来西亚,沙巴州,古达,,
6.78333,116.7,马来西亚,沙巴州,古达,,
5.3,116.13333,马来西亚,沙巴州,根地咬,,
5.16667,116.21667,马来西亚,沙巴州,根地咬,,
4.5,116.06667,马来西亚,沙巴州,纳巴湾,,
1.51667,111.63333,马来西亚,砂拉越州,木中,,
6.35,116.53333,马来西亚,沙巴州,古打毛律,,
6.2,116.46667,马来西亚,沙巴州,古打毛律,,
1.11667,111.43333,马来西亚,砂拉越州,斯里阿曼,,
2.84131,101.42643,马来西亚,雪兰莪州,瓜拉冷岳县,,
2.81667,101.41667,马来西亚,雪兰莪州,瓜拉冷岳县,,
2.7882,102.2998,马来西亚,森美兰州,瓜拉庇劳县,,
2.1273,102.6463,马来西亚,柔佛州,麻坡县,,
1.3,111.28333,马来西亚,砂拉越州,斯里阿曼,,
1.28333,111.3,马来西亚,砂拉越州,斯里阿曼,,
2.32893,103.07603,马来西亚,柔佛州,昔加末县,,
4.73333,100.9,马来西亚,霹雳州,江沙县,瑶伦,Kampung Ketior
3.7243,101.7157,马来西亚,彭亨州,劳勿县,,
2.8296,102.696,马来西亚,森美兰州,仁保县,,
2.29894,102.23062,马来西亚,马六甲州,马六甲中央县,,
3.21667,101.38333,马来西亚,雪兰莪州,瓜拉雪兰莪县,,
4.3889,101.1556,马来西亚,霹雳州,金宝县,,也南新村
1.53333,111.41667,马来西亚,砂拉越州,木中,,
2.2811,102.2203,马来西亚,马六甲州,马六甲中央县,,
5.21667,116.35,马来西亚,沙巴州,根地咬,,
6.01631,102.37563,马来西亚,吉兰丹州,万捷县,,
1.48333,111.6,马来西亚,砂拉越州,木中,,
5.01667,100.81667,马来西亚,霹雳州,拉律峇登司南马县,,
5.7,102.58333,马来西亚,登嘉樓州,勿述县,,
5.23333,101.1,马来西亚,霹雳州,上霹靂县,,
1.1,111.5,马来西亚,砂拉越州,斯里阿曼,,
2.4627,102.178,马来西亚,马六甲州,亚罗牙也县,,
2.91667,101.81667,马来西亚,雪兰莪州,乌鲁冷岳县,,
5.37089,100.41827,马来西亚,槟城州,威中县,武吉丁雅,埔再也花园
2.05,111.5,马来西亚,砂拉越州,泗里街,,
1.55,110.71667,马来西亚,砂拉越州,,,
1.63333,111.83333,马来西亚,砂拉越州,巴干,,
1.61667,111.38333,马来西亚,砂拉越州,木中,,
1.31667,111.56667,马来西亚,砂拉越州,木中,,
5.0261,118.3432,马来西亚,沙巴州,拿笃,,
1.25,111.68333,马来西亚,砂拉越州,鲁勃安都,,
1.21667,111.53333,马来西亚,砂拉越州,鲁勃安都,,
1.46667,111.7,马来西亚,砂拉越州,木中,,
4.66979,115.7402,马来西亚,沙巴州,实必丹,,
1.1,111.51667,马来西亚,砂拉越州,斯里阿曼,,
6.46032,100.24098,马来西亚,玻璃市州,,,
5.1146,103.2531,马来西亚,登嘉樓州,马江县,,
5.14,103.2406,马来西亚,登嘉樓州,马江县,,
1.91667,103.91667,马来西亚,柔佛州,哥打丁宜县,,
1.46667,103.61667,马来西亚,柔佛州,新山县,,
6.11451,117.13278,马来西亚,沙巴州,比鲁兰,,
6.61667,116.88333,马来西亚,沙巴州,必达士,,
1.1,111.55,马来西亚,砂拉越州,斯里阿曼,,
4.5714,101.1196,马来西亚,霹雳州,近打县,,喇叭实地亚
3.61667,101.75,马来西亚,雪兰莪州,乌鲁雪兰莪县,,
6.85759,117.10964,马来西亚,沙巴州,必达士,,
6.61667,117.21667,马来西亚,沙巴州,必达士,,
2.4177,102.4781,马来西亚,马六甲州,野新县,,
5.44306,100.47395,马来西亚,槟城州,威北县,,
5.96667,102.06667,马来西亚,吉兰丹州,巴西马县,,
5.93333,102.06667,马来西亚,吉兰丹州,巴西马县,,
5.96667,102.08333,马来西亚,吉兰丹州,巴西马县,,
5.73333,116.03333,马来西亚,沙巴州,,,
1.63304,110.46034,马来西亚,砂拉越州,古晋,,
1.06034,111.84922,马来西亚,砂拉越州,鲁勃安都,,
1.5,111.68333,马来西亚,砂拉越州,木中,,
5.28335,100.19182,马来西亚,槟城州,西南县,,
2.49396,102.86106,马来西亚,柔佛州,昔加末县,,
1.16667,111.5,马来西亚,砂拉越州,斯里阿曼,,
1.26667,111.71667,马来西亚,砂拉越州,鲁勃安都,,
1.18333,111.6,马来西亚,砂拉越州,鲁勃安都,,
2.55,102.41667,马来西亚,森美兰州,淡边县,,Taman Kasturi
3.9679,103.4319,马来西亚,彭亨州,关丹县,,
6.75,116.71667,马来西亚,沙巴州,古达,,
2.1534,102.3952,马来西亚,马六甲州,野新县,,
2.5541,102.1262,马来西亚,森美兰州,林茂县,,
2.33333,102.48333,马来西亚,马六甲州,野新县,,
2.3125,102.4636,马来西亚,马六甲州,野新县,,
5.30772,100.52176,马来西亚,槟城州,威中县,,
5.30118,100.64456,马来西亚,吉打州,居林县,,
6.0,116.26667,马来西亚,沙巴州,斗亚兰,,
2.8719,102.5387,马来西亚,森美兰州,仁保县,,
0.98333,111.53333,马来西亚,砂拉越州,斯里阿曼,,
1.15,111.41667,马来西亚,砂拉越州,斯里阿曼,,
1.11667,111.53333,马来西亚,砂拉越州,斯里阿曼,Temudok,
1.63333,111.5,马来西亚,砂拉越州,木中,,
1.18333,111.58333,马来西亚,砂拉越州,鲁勃安都,,
1.07726,111.86506,马来西亚,砂拉越州,鲁勃安都,,
1.03333,111.38333,马来西亚,砂拉越州,斯里阿曼,,
1.45,111.6,马来西亚,砂拉越州,木中,,
1.16667,112.11667,马来西亚,砂拉越州,鲁勃安都,,
1.05343,111.76722,马来西亚,砂拉越州,鲁勃安都,,
2.8736,102.5073,马来西亚,森美兰州,仁保县,,
3.1445,101.8377,马来西亚,雪兰莪州,乌鲁冷岳县,,Taman Desa Sentosa
3.6,101.61667,马来西亚,雪兰莪州,乌鲁雪兰莪县,,
5.91667,100.65,马来西亚,吉打州,锡县,,
5.45144,101.91804,马来西亚,吉兰丹州,日里县,,
5.85,100.63333,马来西亚,吉打州,锡县,,
2.67771,101.80407,马来西亚,森美兰州,芙蓉县,,
2.68234,101.80837,马来西亚,森美兰州,芙蓉县,芙蓉达城,
5.79067,100.38452,马来西亚,吉打州,铅县,,
2.66043,101.83838,马来西亚,森美兰州,芙蓉县,芙蓉达城,
5.08333,100.98333,马来西亚,霹雳州,上霹靂县,,
2.67726,101.81296,马来西亚,森美兰州,芙蓉县,芙蓉达城,
5.65,102.03333,马来西亚,吉兰丹州,丹那美拉县,,
3.23333,101.58333,马来西亚,雪兰莪州,鹅唛县,,
2.70171,101.81047,马来西亚,森美兰州,芙蓉县,,
5.35503,103.07364,马来西亚,登嘉樓州,瓜拉尼鲁斯县,,
4.56667,116.36667,马来西亚,沙巴州,纳巴湾,,
2.6,103.05,马来西亚,彭亨州,云冰县,,
2.35602,102.25534,马来西亚,马六甲州,亚罗牙也县,,
6.83,116.7577,马来西亚,沙巴州,古达,,
5.3,115.26667,马来西亚,纳闽,纳闽市,,
1.58333,111.36667,马来西亚,砂拉越州,木中,,
5.4817,115.812,马来西亚,沙巴州,保佛,,
5.2218,116.83888,马来西亚,沙巴州,东革,,
5.3399,115.7943,马来西亚,沙巴州,保佛,,
2.5952,102.6781,马来西亚,柔佛州,昔加末县,,
5.88333,117.48333,马来西亚,沙巴州,比鲁兰,,
4.65285,114.83856,马来西亚,砂拉越州,林梦,,
1.6,111.56667,马来西亚,砂拉越州,木中,,
1.1,111.7,马来西亚,砂拉越州,鲁勃安都,,
2.05,111.4,马来西亚,砂拉越州,泗里街,,
5.98333,116.3,马来西亚,沙巴州,斗亚兰,,
4.95,116.25,马来西亚,沙巴州,纳巴湾,,
4.18911,100.89524,马来西亚,霹雳州,中霹雳县,,
3.066,101.548,马来西亚,雪兰莪州,八打灵县,,
2.0269,103.2707,马来西亚,柔佛州,居銮县,,
4.41667,101.18333,马来西亚,霹雳州,金宝县,,
5.1,115.93333,马来西亚,沙巴州,丹南,,
5.73542,100.36335,马来西亚,吉打州,铅县,,
5.25,100.7,马来西亚,吉打州,万拉峇鲁县,,
5.20534,100.52633,马来西亚,槟城州,威南县,,
4.08039,100.93837,马来西亚,霹雳州,中霹雳县,,
2.1517,103.251,马来西亚,柔佛州,居銮县,,
2.1404,103.2369,马来西亚,柔佛州,居銮县,,
5.31,103.1183,马来西亚,登嘉樓州,瓜拉登嘉楼,Cabang Tiga,
6.1517,102.16013,马来西亚,吉兰丹州,道北县,,Kampung Jirat
4.96485,103.16112,马来西亚,登嘉樓州,龙运县,,
4.71667,116.58333,马来西亚,沙巴州,纳巴湾,,
2.8429,102.5414,马来西亚,森美兰州,仁保县,,
3.9,115.23333,马来西亚,砂拉越州,美里,,
1.71667,111.8,马来西亚,砂拉越州,巴干,,
5.21667,117.86667,马来西亚,沙巴州,拿笃,,
3.4848,114.4279,马来西亚,砂拉越州,德朗乌山,,
5.4341,116.1691,马来西亚,沙巴州,根地咬,,
1.18333,111.43333,马来西亚,砂拉越州,斯里阿曼,,
6.18333,116.25,马来西亚,沙巴州,斗亚兰,,
5.0599,118.8336,马来西亚,沙巴州,拿笃,,
1.43333,111.58333,马来西亚,砂拉越州,木中,,
1.46667,111.51667,马来西亚,砂拉越州,木中,,
1.45,111.51667,马来西亚,砂拉越州,木中,Bebuling,
1.33333,111.56667,马来西亚,砂拉越州,木中,,
2.485,102.8425,马来西亚,柔佛州,昔加末县,,
1.90192,104.00257,马来西亚,柔佛州,哥打丁宜县,,
5.2328,103.1006,马来西亚,登嘉樓州,马江县,,
2.2282,102.2826,马来西亚,马六甲州,马六甲中央县,,
4.2943,103.2552,马来西亚,登嘉樓州,甘马挽县,,
3.45,101.48333,马来西亚,雪兰莪州,乌鲁雪兰莪县,,
2.4373,103.6244,马来西亚,柔佛州,丰盛港县,,
5.76667,102.26667,马来西亚,吉兰丹州,马樟县,,
5.45,100.3,马来西亚,槟城州,东北县,Mukim 18,
2.1739,102.5583,马来西亚,柔佛州,东甲县,,Taman Sentosa
2.801,102.314,马来西亚,森美兰州,瓜拉庇劳县,,
5.95168,100.40935,马来西亚,吉打州,铅县,,
1.91667,103.33333,马来西亚,柔佛州,居銮县,,
1.7331,103.4441,马来西亚,柔佛州,古来县,,武吉峇都新村
4.04111,115.61119,马来西亚,砂拉越州,老越,,
5.76667,116.11667,马来西亚,沙巴州,,,
1.41667,111.61667,马来西亚,砂拉越州,木中,,
5.1938,116.1896,马来西亚,沙巴州,根地咬,,
6.51667,117.0,马来西亚,沙巴州,必达士,,
6.6751,117.0233,马来西亚,沙巴州,必达士,,
1.11667,111.76667,马来西亚,砂拉越州,鲁勃安都,,
6.86667,116.66667,马来西亚,沙巴州,古达,,
5.3911,116.2057,马来西亚,沙巴州,根地咬,,
5.11667,115.95,马来西亚,沙巴州,丹南,,
1.38333,110.13333,马来西亚,砂拉越州,石隆门,,
1.18333,112.0,马来西亚,砂拉越州,鲁勃安都,,
2.10645,102.65834,马来西亚,柔佛州,麻坡县,,
1.15,111.26667,马来西亚,砂拉越州,斯里阿曼,,
4.417,101.3987,马来西亚,彭亨州,金马仑高原县,,
5.83053,102.52494,马来西亚,登嘉樓州,勿述县,,
5.37857,100.47432,马来西亚,槟城州,威中县,,Taman Pearl
5.3,101.06667,马来西亚,霹雳州,上霹靂县,,
4.4586,101.0125,马来西亚,霹雳州,近打县,,
4.71667,116.43333,马来西亚,沙巴州,纳巴湾,,
4.23333,100.96667,马来西亚,霹雳州,中霹雳县,,
4.12099,102.21257,马来西亚,彭亨州,立卑县,,
1.6,111.38333,马来西亚,砂拉越州,木中,,
2.154,102.6178,马来西亚,柔佛州,东甲县,,
4.51667,116.56667,马来西亚,沙巴州,纳巴湾,,
2.3588,102.5045,马来西亚,马六甲州,野新县,,
1.3,111.68333,马来西亚,砂拉越州,鲁勃安都,,
5.58333,116.65,马来西亚,沙巴州,兰瑙,,
4.41795,116.09893,马来西亚,沙巴州,纳巴湾,,
5.3452,115.7424,马来西亚,沙巴州,保佛,Beaufort Jaya,
2.88333,102.3,马来西亚,森美兰州,仁保县,,
1.13333,111.51667,马来西亚,砂拉越州,成邦江,,
6.6728,117.0459,马来西亚,沙巴州,必达士,,Pekan Baru Pitas
5.73333,115.95,马来西亚,沙巴州,,,
3.0,101.45,马来西亚,雪兰莪州,巴生县,绿林镇,
5.38827,100.46184,马来西亚,槟城州,威中县,,
5.02807,103.29091,马来西亚,登嘉樓州,马江县,,
6.8541,116.8191,马来西亚,沙巴州,古达,,
5.08333,100.96667,马来西亚,霹雳州,上霹靂县,,
4.43333,102.11667,马来西亚,彭亨州,立卑县,,
5.38162,100.48098,马来西亚,槟城州,威中县,,Taman Mutiara Jaya
1.5,111.6,马来西亚,砂拉越州,木中,,
5.38239,100.2955,马来西亚,槟城州,东北县,Central George Town,
5.77797,101.89443,马来西亚,吉兰丹州,丹那美拉县,,
5.1083,118.052,马来西亚,沙巴州,拿笃,,
3.8862,103.3599,马来西亚,彭亨州,关丹县,,Taman Batu Hitam
3.06667,101.56667,马来西亚,雪兰莪州,八打灵县,峇都知甲,
3.8,114.45,马来西亚,砂拉越州,德朗乌山,,
3.16667,101.75,马来西亚,雪兰莪州,鹅唛县,,淡江新村
2.75,101.98333,马来西亚,森美兰州,芙蓉县,,
5.6,100.66667,马来西亚,吉打州,华玲县,,Taman Permai
5.1035,118.0487,马来西亚,沙巴州,拿笃,,
1.08333,111.46667,马来西亚,砂拉越州,斯里阿曼,,
5.13333,118.15,马来西亚,沙巴州,拿笃,,
1.04011,111.8057,马来西亚,砂拉越州,鲁勃安都,,
5.03333,115.95,马来西亚,沙巴州,丹南,,
2.693,101.54,马来西亚,雪兰莪州,瓜拉冷岳县,,
6.4898,116.8598,马来西亚,沙巴州,哥打马鲁都,,
1.55,111.75,马来西亚,砂拉越州,木中,,
1.2,111.58333,马来西亚,砂拉越州,鲁勃安都,,
5.58333,115.96667,马来西亚,沙巴州,,,
5.52972,102.95435,马来西亚,登嘉樓州,士兆县,,
5.56731,102.75064,马来西亚,登嘉樓州,士兆县,,
5.0265,118.8538,马来西亚,沙巴州,拿笃,,
4.34677,116.43053,马来西亚,沙巴州,纳巴湾,,
1.68333,111.96667,马来西亚,砂拉越州,芦楼,,
6.31667,100.16667,马来西亚,玻璃市州,,,
2.5303,102.1469,马来西亚,森美兰州,林茂县,,
4.98333,115.56667,马来西亚,砂拉越州,老越,,
1.5,111.48333,马来西亚,砂拉越州,木中,,
1.4,111.5,马来西亚,砂拉越州,木中,,
5.8957,116.3354,马来西亚,沙巴州,斗亚兰,,
1.6,111.4,马来西亚,砂拉越州,木中,,
4.43333,116.33333,马来西亚,沙巴州,纳巴湾,,
1.38333,111.73333,马来西亚,砂拉越州,鲁勃安都,,
5.95852,100.38645,马来西亚,吉打州,铅县,,
1.31667,111.3,马来西亚,砂拉越州,斯里阿曼,,
1.05,111.63333,马来西亚,砂拉越州,斯里阿曼,,
4.9573,118.5838,马来西亚,沙巴州,拿笃,,
1.58333,111.75,马来西亚,砂拉越州,木中,,
6.8584,116.8528,马来西亚,沙巴州,古达,,
1.58333,111.63333,马来西亚,砂拉越州,木中,,
5.38,116.2066,马来西亚,沙巴州,根地咬,,
5.41602,100.37435,马来西亚,槟城州,威北县,峇眼惹玛,峇眼赖
3.01667,101.25,马来西亚,雪兰莪州,巴生县,,
3.3965,101.1673,马来西亚,雪兰莪州,瓜拉雪兰莪县,,
5.48705,100.37877,马来西亚,槟城州,威北县,日落斗哇,
3.904,100.7083,马来西亚,霹雳州,峇眼拿督县,,双怡仗
3.4472,101.134,马来西亚,雪兰莪州,瓜拉雪兰莪县,,
3.8471,100.8493,马来西亚,雪兰莪州,沙白安南县,,
3.9493,100.7109,马来西亚,霹雳州,峇眼拿督县,,Kampung Sungai Lanchang
3.7252,100.9194,马来西亚,雪兰莪州,沙白安南县,,
3.85965,100.78812,马来西亚,霹雳州,峇眼拿督县,,
3.03333,101.28333,马来西亚,雪兰莪州,巴生县,,
3.8451,100.829,马来西亚,雪兰莪州,沙白安南县,,
3.9769,100.7055,马来西亚,霹雳州,峇眼拿督县,,双武隆
3.6933,100.936,马来西亚,雪兰莪州,沙白安南县,,
3.66667,100.9,马来西亚,雪兰莪州,,,
3.8634,100.743,马来西亚,霹雳州,峇眼拿督县,,
4.01667,100.83333,马来西亚,霹雳州,峇眼拿督县,,
3.8557,100.8435,马来西亚,霹雳州,峇眼拿督县,,
3.8418,100.8453,马来西亚,雪兰莪州,沙白安南县,,
4.5301,100.6377,马来西亚,霹雳州,拉律峇登司南马县,,
3.7693,100.8833,马来西亚,雪兰莪州,沙白安南县,,Taman Seri Nakhoda
5.39271,100.36415,马来西亚,槟城州,威北县,峇眼达南,
3.8605,100.8047,马来西亚,霹雳州,峇眼拿督县,,峇眼里拔
5.45235,100.38072,马来西亚,槟城州,威北县,,
5.39332,100.19938,马来西亚,槟城州,西南县,Sungai Pinang,
4.85,100.56667,马来西亚,霹雳州,拉律峇登司南马县,,
4.76667,100.61667,马来西亚,霹雳州,拉律峇登司南马县,,
5.45,100.31667,马来西亚,槟城州,东北县,斯里丹绒槟榔,
2.3788,101.9743,马来西亚,马六甲州,亚罗牙也县,,
3.7856,100.8279,马来西亚,雪兰莪州,沙白安南县,,
5.48941,100.37877,马来西亚,槟城州,威北县,日落斗哇,Pekan Baru
4.66667,100.6,马来西亚,,,,
5.45,100.36667,马来西亚,槟城州,威北县,峇眼亚占,Taman Intan
5.21667,100.5,马来西亚,槟城州,威南县,,
6.47643,100.55854,马来西亚,吉打州,古邦巴素县,,
1.61667,111.46667,马来西亚,砂拉越州,木中,,
5.76667,116.48333,马来西亚,沙巴州,担布南,,
4.2981,100.7586,马来西亚,霹雳州,曼绒县,,
2.7405,102.1336,马来西亚,森美兰州,瓜拉庇劳县,,
5.36858,100.22491,马来西亚,槟城州,西南县,Batu Hitam,阿逸布爹新镇
2.5471,101.9768,马来西亚,森美兰州,波德申县,,
5.75,100.38333,马来西亚,吉打州,铅县,,
5.13333,100.86667,马来西亚,霹雳州,拉律峇登司南马县,,
4.408,103.404,马来西亚,登嘉樓州,甘马挽县,,
5.4549,100.45362,马来西亚,槟城州,威北县,,
1.51667,104.08333,马来西亚,柔佛州,哥打丁宜县,,
2.8429,102.5025,马来西亚,森美兰州,仁保县,,
4.23969,100.89913,马来西亚,霹雳州,中霹雳县,,
4.9965,115.5593,马来西亚,沙巴州,实必丹,,
5.48896,100.45604,马来西亚,槟城州,威北县,,
5.43666,100.51724,马来西亚,槟城州,威北县,阿拉古拉,Taman Ara Jaya
5.66067,100.65587,马来西亚,吉打州,瓜拉姆达县,,
4.55,103.43333,马来西亚,登嘉樓州,甘马挽县,,
5.01667,115.9,马来西亚,沙巴州,丹南,,
4.83333,116.21667,马来西亚,沙巴州,纳巴湾,,
5.46932,115.77622,马来西亚,沙巴州,保佛,,
5.68333,115.9,马来西亚,沙巴州,,,
4.40432,116.2894,马来西亚,沙巴州,纳巴湾,,
2.2327,102.3859,马来西亚,马六甲州,马六甲中央县,,
3.13333,101.76667,马来西亚,雪兰莪州,乌鲁冷岳县,,
2.7263,101.9655,马来西亚,森美兰州,芙蓉县,安邦岸,安邦岸新镇
3.9,103.08333,马来西亚,彭亨州,关丹县,,
5.11667,115.91667,马来西亚,沙巴州,丹南,,
1.97658,102.9467,马来西亚,柔佛州,峇株巴辖县,,
6.51667,100.23333,马来西亚,玻璃市州,,,
6.28994,100.20071,马来西亚,玻璃市州,,,
6.08419,100.46203,马来西亚,吉打州,波各先那县,,
5.76667,102.46667,马来西亚,登嘉樓州,勿述县,,
5.75804,102.53357,马来西亚,登嘉樓州,勿述县,,
1.48333,111.56667,马来西亚,砂拉越州,木中,,
4.45,116.23333,马来西亚,沙巴州,纳巴湾,,
2.18333,113.2,马来西亚,砂拉越州,加帛,,
2.8591,102.5217,马来西亚,森美兰州,仁保县,,
6.50505,100.20961,马来西亚,玻璃市州,,,
6.51844,100.2072,马来西亚,玻璃市州,,,
2.3974,102.493,马来西亚,马六甲州,野新县,,
4.54538,115.07196,马来西亚,砂拉越州,林梦,,
4.33333,117.83333,马来西亚,沙巴州,斗湖,,
5.58333,100.34167,马来西亚,吉打州,瓜拉姆达县,,
5.51111,100.36667,马来西亚,槟城州,威北县,,Taman Bekah Indah
5.44722,100.36667,马来西亚,槟城州,威北县,峇眼亚占,Taman Intan
5.33934,100.30556,马来西亚,槟城州,西南县,双溪里蒙,
5.35556,100.3,马来西亚,槟城州,东北县,双溪赖,
5.2625,100.26667,马来西亚,槟城州,乔治市,,
4.69583,103.44167,马来西亚,登嘉樓州,龙运县,,
3.81667,103.34167,马来西亚,彭亨州,关丹县,Kampung Kubang Buaya,
3.81667,103.37917,马来西亚,彭亨州,关丹县,,
3.22361,101.31667,马来西亚,雪兰莪州,瓜拉雪兰莪县,,
3.3,101.28333,马来西亚,雪兰莪州,瓜拉雪兰莪县,,
6.45833,117.46,马来西亚,沙巴州,比鲁兰,,
6.935,117.24667,马来西亚,沙巴州,必达士,,
6.995,117.13,马来西亚,沙巴州,必达士,,
7.00283,117.16037,马来西亚,沙巴州,必达士,,
1.56056,110.35944,马来西亚,砂拉越州,古晋,柏特拉再也,
1.56,110.36333,马来西亚,砂拉越州,古晋,柏特拉再也,
1.55917,110.36667,马来西亚,砂拉越州,古晋,柏特拉再也,
1.55833,110.36917,马来西亚,砂拉越州,古晋,柏特拉再也,
1.55778,110.37278,马来西亚,砂拉越州,古晋,柏特拉再也,
1.56278,110.37583,马来西亚,砂拉越州,古晋,柏特拉再也,
1.56028,110.33139,马来西亚,砂拉越州,古晋,,
1.55917,110.3325,马来西亚,砂拉越州,古晋,,
1.56167,110.335,马来西亚,砂拉越州,古晋,,
1.5625,110.33667,马来西亚,砂拉越州,古晋,柏特拉再也,
1.56361,110.33917,马来西亚,砂拉越州,古晋,柏特拉再也,
1.56083,110.34194,马来西亚,砂拉越州,古晋,,
1.55806,110.33389,马来西亚,砂拉越州,古晋,,
1.55583,110.33444,马来西亚,砂拉越州,古晋,,
1.55833,110.33667,马来西亚,砂拉越州,古晋,,
1.56083,110.34861,马来西亚,砂拉越州,古晋,柏特拉再也,
1.56083,110.35056,马来西亚,砂拉越州,古晋,柏特拉再也,
1.56111,110.35278,马来西亚,砂拉越州,古晋,柏特拉再也,
1.56139,110.35639,马来西亚,砂拉越州,古晋,柏特拉再也,
1.62056,110.49917,马来西亚,砂拉越州,古晋,,
2.1604,102.327,马来西亚,马六甲州,马六甲中央县,,
2.19167,102.25167,马来西亚,马六甲州,马六甲中央县,,怡力
3.34167,101.16667,马来西亚,雪兰莪州,瓜拉雪兰莪县,,
2.65833,101.67083,马来西亚,雪兰莪州,雪邦县,,
2.85139,101.45417,马来西亚,雪兰莪州,瓜拉冷岳县,,
3.07361,101.42083,马来西亚,雪兰莪州,巴生县,巴生卫星市,
4.0,103.5,马来西亚,,,,
5.43361,118.95694,马来西亚,沙巴州,,,
5.38796,118.72152,马来西亚,沙巴州,京那巴当岸,,
5.3611,118.776,马来西亚,沙巴州,拿笃,,
5.43092,119.11338,马来西亚,沙巴州,拿笃,,
5.43272,119.11316,马来西亚,沙巴州,拿笃,,
5.52861,118.51611,马来西亚,沙巴州,京那巴当岸,,
6.81641,116.74943,马来西亚,沙巴州,古达,,
3.21832,113.14754,马来西亚,砂拉越州,民都鲁,,
1.44015,110.44811,马来西亚,砂拉越州,三马拉汉,,
3.66667,113.58333,马来西亚,砂拉越州,苏必士,,
6.25,116.41667,马来西亚,沙巴州,古打毛律,,
6.66667,117.08333,马来西亚,沙巴州,必达士,,
6.41667,116.75,马来西亚,沙巴州,哥打马鲁都,,
5.41667,117.58333,马来西亚,沙巴州,京那巴当岸,,
6.25,117.33333,马来西亚,沙巴州,比鲁兰,,
5.08333,118.16667,马来西亚,沙巴州,拿笃,,
4.58333,117.66667,马来西亚,沙巴州,加拉巴干,,
4.66667,118.08333,马来西亚,沙巴州,古纳,,
2.91667,101.7,马来西亚,布城,布城,,
3.21105,101.67072,马来西亚,吉隆坡,吉隆坡,峇都,华友花园
3.21944,101.64092,马来西亚,吉隆坡,,,蓝图园 / 运来花园
6.91667,116.81667,马来西亚,沙巴州,古达,Taman Seri Awana,
3.1796,102.27216,马来西亚,彭亨州,文冬县,,
6.29107,99.72801,马来西亚,吉打州,浮罗交怡县,,
6.27648,99.73264,马来西亚,吉打州,浮罗交怡县,,
6.36989,99.67797,马来西亚,吉打州,浮罗交怡县,,
4.14852,103.34427,马来西亚,彭亨州,关丹县,,
5.45768,100.29307,马来西亚,槟城州,东北县,丹绒武雅,山边园
5.45828,100.29161,马来西亚,槟城州,东北县,丹绒武雅,山边园
3.0747,101.69495,马来西亚,吉隆坡,吉隆坡,大城堡,Taman Sri Petaling
3.44353,101.19142,马来西亚,雪兰莪州,瓜拉雪兰莪县,,
3.28543,101.64045,马来西亚,雪兰莪州,鹅唛县,,Taman Templer Saujana
3.20237,101.67361,马来西亚,吉隆坡,吉隆坡,峇都,
6.66036,100.31085,马来西亚,玻璃市州,,,
6.65504,100.29395,马来西亚,玻璃市州,,,
6.51654,100.30516,马来西亚,玻璃市州,,,
6.51927,100.17605,马来西亚,玻璃市州,,,
6.52707,100.2024,马来西亚,玻璃市州,加央,,
6.52073,100.20066,马来西亚,玻璃市州,加央,,
6.52555,100.215,马来西亚,玻璃市州,,,
6.50771,100.20397,马来西亚,玻璃市州,,,
6.65897,100.32275,马来西亚,玻璃市州,,,
6.55608,100.27838,马来西亚,玻璃市州,,,
6.54796,100.27861,马来西亚,玻璃市州,,,
6.55411,100.29067,马来西亚,玻璃市州,,,
6.55934,100.28157,马来西亚,玻璃市州,,,
6.56352,100.28695,马来西亚,玻璃市州,,,
6.54892,100.23101,马来西亚,玻璃市州,,,
6.53776,100.25902,马来西亚,玻璃市州,加央,,
6.55643,100.26107,马来西亚,玻璃市州,加央,,
6.52706,100.25932,马来西亚,玻璃市州,加央,,
6.57586,100.23208,马来西亚,玻璃市州,,,
6.56334,100.21849,马来西亚,玻璃市州,,,
6.5978,100.25985,马来西亚,玻璃市州,,,
6.57085,100.20377,马来西亚,玻璃市州,,,
6.55256,100.22532,马来西亚,玻璃市州,,,
6.63423,100.20764,马来西亚,玻璃市州,,,
6.63704,100.22153,马来西亚,玻璃市州,,,
6.64243,100.23261,马来西亚,玻璃市州,,,
6.64668,100.24802,马来西亚,玻璃市州,,,
6.64933,100.25386,马来西亚,玻璃市州,,,
6.62793,100.26069,马来西亚,玻璃市州,,,
6.51138,100.27786,马来西亚,玻璃市州,加央,,
6.52508,100.2546,马来西亚,玻璃市州,,,
6.50589,100.25026,马来西亚,玻璃市州,,,
6.56376,100.25147,马来西亚,玻璃市州,,,
6.55229,100.23689,马来西亚,玻璃市州,,,
6.51633,100.34155,马来西亚,玻璃市州,,,
6.53645,100.28969,马来西亚,玻璃市州,,,
6.53506,100.16972,马来西亚,玻璃市州,加央,,
6.63599,100.24496,马来西亚,玻璃市州,,,
6.55394,100.21709,马来西亚,玻璃市州,,,
6.5373,100.25115,马来西亚,玻璃市州,,,
5.96034,100.37501,马来西亚,吉打州,铅县,,
5.95418,100.40427,马来西亚,吉打州,铅县,,
5.94927,100.38508,马来西亚,吉打州,铅县,,
5.9507,100.37718,马来西亚,吉打州,铅县,,
5.94185,100.36799,马来西亚,吉打州,铅县,,
5.91598,100.37522,马来西亚,吉打州,铅县,,
5.89239,100.3744,马来西亚,吉打州,铅县,,
5.88116,100.4054,马来西亚,吉打州,铅县,,
5.87613,100.40546,马来西亚,吉打州,铅县,,
5.87008,100.37989,马来西亚,吉打州,铅县,,
5.8717,100.4051,马来西亚,吉打州,铅县,,
5.87109,100.41227,马来西亚,吉打州,铅县,,
5.84387,100.36662,马来西亚,吉打州,铅县,,
5.84451,100.37162,马来西亚,吉打州,铅县,,
5.84699,100.40165,马来西亚,吉打州,铅县,,
5.85205,100.38737,马来西亚,吉打州,铅县,,
5.82709,100.40577,马来西亚,吉打州,铅县,,
5.82654,100.38185,马来西亚,吉打州,铅县,,
5.82651,100.37223,马来西亚,吉打州,铅县,,
5.81592,100.38221,马来西亚,吉打州,铅县,,
5.81034,100.39387,马来西亚,吉打州,铅县,,
5.80985,100.39671,马来西亚,吉打州,铅县,,
5.81138,100.40418,马来西亚,吉打州,铅县,,
5.81787,100.41102,马来西亚,吉打州,铅县,,
5.80283,100.38603,马来西亚,吉打州,铅县,,
5.79871,100.39155,马来西亚,吉打州,铅县,,
5.79652,100.38694,马来西亚,吉打州,铅县,,
5.7942,100.40263,马来西亚,吉打州,铅县,,
5.78788,100.3722,马来西亚,吉打州,铅县,,
5.79374,100.3758,马来西亚,吉打州,铅县,,
5.79157,100.3762,马来西亚,吉打州,铅县,,
5.79041,100.3787,马来西亚,吉打州,铅县,,
5.78889,100.37535,马来西亚,吉打州,铅县,,
5.7938,100.39143,马来西亚,吉打州,铅县,,
6.36878,99.72718,马来西亚,吉打州,浮罗交怡县,,
6.37121,99.75081,马来西亚,吉打州,浮罗交怡县,,
6.3604,99.72603,马来西亚,吉打州,浮罗交怡县,巴东马士力,
6.36284,99.74907,马来西亚,吉打州,浮罗交怡县,巴东马士力,
6.35851,99.73931,马来西亚,吉打州,浮罗交怡县,巴东马士力,
6.35159,99.7289,马来西亚,吉打州,浮罗交怡县,巴东马士力,
6.343,99.72192,马来西亚,吉打州,浮罗交怡县,巴东马士力,
6.34513,99.7303,马来西亚,吉打州,浮罗交怡县,巴东马士力,
6.34532,99.74147,马来西亚,吉打州,浮罗交怡县,巴东马士力,
6.33654,99.75686,马来西亚,吉打州,浮罗交怡县,,Perdana Village
6.34365,99.74728,马来西亚,吉打州,浮罗交怡县,巴东马士力,
6.33077,99.74829,马来西亚,吉打州,浮罗交怡县,,Perdana Village
6.35052,99.7553,马来西亚,吉打州,浮罗交怡县,,Kemboja Hill Village
6.34168,99.75567,马来西亚,吉打州,浮罗交怡县,,
6.33552,99.75656,马来西亚,吉打州,浮罗交怡县,,Perdana Village
6.33103,99.75916,马来西亚,吉打州,浮罗交怡县,,Tepa Village
6.33088,99.76521,马来西亚,吉打州,浮罗交怡县,,
6.32665,99.74064,马来西亚,吉打州,浮罗交怡县,,
6.32327,99.74168,马来西亚,吉打州,浮罗交怡县,,
6.32769,99.73103,马来西亚,吉打州,浮罗交怡县,,Perdana Village
6.3189,99.73745,马来西亚,吉打州,浮罗交怡县,,
6.31418,99.73377,马来西亚,吉打州,浮罗交怡县,,
6.31029,99.73897,马来西亚,吉打州,浮罗交怡县,,
6.30186,99.72862,马来西亚,吉打州,浮罗交怡县,,
6.2987,99.72761,马来西亚,吉打州,浮罗交怡县,,
6.29436,99.73181,马来西亚,吉打州,浮罗交怡县,,
6.29971,99.73912,马来西亚,吉打州,浮罗交怡县,,
6.29035,99.74331,马来西亚,吉打州,浮罗交怡县,,
6.30637,99.79909,马来西亚,吉打州,浮罗交怡县,,
6.32383,99.7881,马来西亚,吉打州,浮罗交怡县,,
6.32608,99.78559,马来西亚,吉打州,浮罗交怡县,,
6.32041,99.81334,马来西亚,吉打州,浮罗交怡县,,Menghulu River Village
6.33861,99.78346,马来西亚,吉打州,浮罗交怡县,,
6.34223,99.77019,马来西亚,吉打州,浮罗交怡县,,
6.34208,99.79654,马来西亚,吉打州,浮罗交怡县,,
6.38669,99.85999,马来西亚,吉打州,浮罗交怡县,,
6.35977,99.8725,马来西亚,吉打州,浮罗交怡县,,
6.33325,99.86346,马来西亚,吉打州,浮罗交怡县,,
6.32886,99.85864,马来西亚,吉打州,浮罗交怡县,,
6.32708,99.85201,马来西亚,吉打州,浮罗交怡县,,
6.32334,99.85848,马来西亚,吉打州,浮罗交怡县,,
6.31574,99.85685,马来西亚,吉打州,浮罗交怡县,,Bendang Baru Village
6.33567,99.84073,马来西亚,吉打州,浮罗交怡县,,
6.3301,99.84105,马来西亚,吉打州,浮罗交怡县,,
6.32704,99.83653,马来西亚,吉打州,浮罗交怡县,,Taman Simfoni
6.4181,99.82745,马来西亚,吉打州,浮罗交怡县,,
6.41341,99.83838,马来西亚,吉打州,浮罗交怡县,,
6.42143,99.82563,马来西亚,吉打州,浮罗交怡县,,
6.327,99.82488,马来西亚,吉打州,浮罗交怡县,,
6.33614,99.81577,马来西亚,吉打州,浮罗交怡县,,
6.22735,99.82814,马来西亚,吉打州,浮罗交怡县,,
6.37885,99.77468,马来西亚,吉打州,浮罗交怡县,,
6.37365,99.76571,马来西亚,吉打州,浮罗交怡县,,
6.3588,99.78198,马来西亚,吉打州,浮罗交怡县,,
6.35298,99.7779,马来西亚,吉打州,浮罗交怡县,,
6.22734,99.84936,马来西亚,吉打州,浮罗交怡县,,
6.39494,99.73164,马来西亚,吉打州,浮罗交怡县,,
6.2356,99.85552,马来西亚,吉打州,浮罗交怡县,,
6.39287,99.71867,马来西亚,吉打州,浮罗交怡县,,
6.38885,99.7073,马来西亚,吉打州,浮罗交怡县,,
6.38984,99.70237,马来西亚,吉打州,浮罗交怡县,,
6.34192,99.74396,马来西亚,吉打州,浮罗交怡县,巴东马士力,
6.24393,99.85256,马来西亚,吉打州,浮罗交怡县,,
6.3819,99.75686,马来西亚,吉打州,浮罗交怡县,,
6.40388,99.73208,马来西亚,吉打州,浮罗交怡县,,
6.37972,99.86284,马来西亚,吉打州,浮罗交怡县,,
6.36533,99.80897,马来西亚,吉打州,浮罗交怡县,,
6.30356,99.74964,马来西亚,吉打州,浮罗交怡县,,
6.39061,99.67089,马来西亚,吉打州,浮罗交怡县,,
6.24827,99.83048,马来西亚,吉打州,浮罗交怡县,,
6.25103,99.83393,马来西亚,吉打州,浮罗交怡县,,
6.2576,99.8357,马来西亚,吉打州,浮罗交怡县,,
6.2583,99.8223,马来西亚,吉打州,浮罗交怡县,,
6.26444,99.82226,马来西亚,吉打州,浮罗交怡县,,
6.43148,99.8022,马来西亚,吉打州,浮罗交怡县,,
6.42972,99.80321,马来西亚,吉打州,浮罗交怡县,,
6.42576,99.80923,马来西亚,吉打州,浮罗交怡县,,
6.41995,99.79738,马来西亚,吉打州,浮罗交怡县,,
6.4209,99.78035,马来西亚,吉打州,浮罗交怡县,,
6.36363,99.711,马来西亚,吉打州,浮罗交怡县,,
6.35981,99.71604,马来西亚,吉打州,浮罗交怡县,,
6.35796,99.71694,马来西亚,吉打州,浮罗交怡县,,
6.36965,99.72014,马来西亚,吉打州,浮罗交怡县,,
5.8043,100.3809,马来西亚,吉打州,铅县,,
5.7992,100.37486,马来西亚,吉打州,铅县,,
5.78211,100.37175,马来西亚,吉打州,铅县,,
5.77934,100.39823,马来西亚,吉打州,铅县,,
5.85696,100.38944,马来西亚,吉打州,铅县,,
5.74003,100.3787,马来西亚,吉打州,铅县,,
5.74388,100.38084,马来西亚,吉打州,铅县,,
5.73753,100.37733,马来西亚,吉打州,铅县,,
5.73122,100.38371,马来西亚,吉打州,铅县,,
5.81557,100.74843,马来西亚,吉打州,锡县,,Pekan Baru Sik
5.70427,100.79335,马来西亚,吉打州,华玲县,,
5.74838,100.89163,马来西亚,吉打州,华玲县,,
5.70209,100.7491,马来西亚,吉打州,华玲县,,
5.81392,100.74942,马来西亚,吉打州,锡县,,
5.73641,100.89912,马来西亚,吉打州,华玲县,,
5.70708,100.8135,马来西亚,吉打州,华玲县,,
5.76928,100.7179,马来西亚,吉打州,锡县,,
5.82074,100.75415,马来西亚,吉打州,锡县,,Pekan Baru Sik
5.84723,100.7583,马来西亚,吉打州,锡县,,
5.78721,100.9005,马来西亚,吉打州,华玲县,,
5.86561,100.8914,马来西亚,吉打州,华玲县,,
5.91987,100.90227,马来西亚,吉打州,华玲县,,
5.80974,100.72346,马来西亚,吉打州,锡县,,
5.89289,100.75502,马来西亚,吉打州,锡县,,
5.70482,100.88988,马来西亚,吉打州,华玲县,,Kampung Baru
5.72553,100.9191,马来西亚,吉打州,华玲县,,
5.70601,100.72328,马来西亚,吉打州,华玲县,,
5.84681,100.90423,马来西亚,吉打州,华玲县,,
5.84177,100.89476,马来西亚,吉打州,华玲县,,
5.86217,100.89041,马来西亚,吉打州,华玲县,,
5.85093,100.88946,马来西亚,吉打州,华玲县,,
5.69664,100.741,马来西亚,吉打州,华玲县,,
5.70479,100.88255,马来西亚,吉打州,华玲县,,
5.87391,100.89756,马来西亚,吉打州,华玲县,,
5.81341,100.76588,马来西亚,吉打州,锡县,,
5.69569,100.94421,马来西亚,吉打州,华玲县,,
5.69777,100.77761,马来西亚,吉打州,华玲县,,
5.70391,100.81653,马来西亚,吉打州,华玲县,,
5.77174,100.74748,马来西亚,吉打州,锡县,,
5.82377,100.89188,马来西亚,吉打州,华玲县,,
5.83239,100.78549,马来西亚,吉打州,锡县,,
5.7853,100.75862,马来西亚,吉打州,锡县,,
5.89089,100.8907,马来西亚,吉打州,华玲县,,
5.89617,100.73955,马来西亚,吉打州,锡县,,
5.81406,100.79514,马来西亚,吉打州,锡县,,
5.79945,100.68744,马来西亚,吉打州,锡县,,
5.75402,100.89515,马来西亚,吉打州,华玲县,,
5.70626,100.89203,马来西亚,吉打州,华玲县,,Kampung Baru
5.7285,100.90334,马来西亚,吉打州,华玲县,,
5.77738,100.75001,马来西亚,吉打州,锡县,,
5.69724,100.91375,马来西亚,吉打州,华玲县,,Pekan Baling
5.92987,100.71433,马来西亚,吉打州,锡县,,
5.72846,100.75287,马来西亚,吉打州,锡县,,
5.81025,100.7371,马来西亚,吉打州,锡县,,
5.94856,100.71504,马来西亚,吉打州,锡县,,
5.81714,100.72885,马来西亚,吉打州,锡县,,
5.69517,100.75448,马来西亚,吉打州,华玲县,,
5.79502,100.90356,马来西亚,吉打州,华玲县,,
5.82502,100.79301,马来西亚,吉打州,锡县,,
5.72055,100.90391,马来西亚,吉打州,华玲县,,
5.69917,100.81457,马来西亚,吉打州,华玲县,,
5.78024,100.75738,马来西亚,吉打州,锡县,,
5.69921,100.94538,马来西亚,吉打州,华玲县,,
5.71152,100.94711,马来西亚,吉打州,华玲县,,
5.94008,100.72455,马来西亚,吉打州,锡县,,
5.9147,100.70063,马来西亚,吉打州,锡县,,
5.77279,100.89009,马来西亚,吉打州,华玲县,,
5.69826,100.84553,马来西亚,吉打州,华玲县,,
5.69429,100.7491,马来西亚,吉打州,华玲县,,
5.70204,100.85393,马来西亚,吉打州,华玲县,,
5.69983,100.91459,马来西亚,吉打州,华玲县,,
5.69823,100.88803,马来西亚,吉打州,华玲县,,
5.77603,100.76005,马来西亚,吉打州,锡县,,
5.90015,100.89528,马来西亚,吉打州,华玲县,,
5.83887,100.79781,马来西亚,吉打州,锡县,,
5.8494,100.92797,马来西亚,吉打州,华玲县,,
5.95795,100.78548,马来西亚,吉打州,锡县,,
5.94014,100.69336,马来西亚,吉打州,锡县,,
5.70956,100.8079,马来西亚,吉打州,华玲县,,
5.91953,100.72433,马来西亚,吉打州,锡县,,
5.69823,100.76223,马来西亚,吉打州,华玲县,,
5.83009,100.77868,马来西亚,吉打州,锡县,,
5.71083,100.74964,马来西亚,吉打州,华玲县,,
5.77694,100.6999,马来西亚,吉打州,锡县,,
5.77438,100.70361,马来西亚,吉打州,锡县,,
5.7721,100.73795,马来西亚,吉打州,锡县,,
5.92225,100.76525,马来西亚,吉打州,锡县,,
5.72476,100.90344,马来西亚,吉打州,华玲县,,
5.78508,100.73267,马来西亚,吉打州,锡县,,
5.81959,100.93671,马来西亚,吉打州,华玲县,,
5.76825,100.88338,马来西亚,吉打州,华玲县,,
5.84368,100.90222,马来西亚,吉打州,华玲县,,
5.72627,100.40696,马来西亚,吉打州,瓜拉姆达县,,
5.72523,100.40903,马来西亚,吉打州,瓜拉姆达县,,
5.7217,100.4072,马来西亚,吉打州,瓜拉姆达县,,
5.71803,100.39515,马来西亚,吉打州,瓜拉姆达县,,
5.71037,100.37928,马来西亚,吉打州,瓜拉姆达县,,
5.7065,100.37855,马来西亚,吉打州,瓜拉姆达县,,
5.70095,100.40107,马来西亚,吉打州,瓜拉姆达县,,
5.69835,100.39317,马来西亚,吉打州,瓜拉姆达县,,
5.70717,100.409,马来西亚,吉打州,瓜拉姆达县,,
5.69698,100.40626,马来西亚,吉打州,瓜拉姆达县,,
5.94701,100.38182,马来西亚,吉打州,铅县,,
5.9045,100.38957,马来西亚,吉打州,铅县,,
5.83569,100.38499,马来西亚,吉打州,铅县,,
5.83231,100.36537,马来西亚,吉打州,铅县,,
6.21333,100.25689,马来西亚,吉打州,古邦巴素县,,
6.20249,100.26543,马来西亚,吉打州,古邦巴素县,,
6.23139,100.25451,马来西亚,吉打州,古邦巴素县,,
6.21695,100.29306,马来西亚,吉打州,哥打士打县,,
6.20824,100.28657,马来西亚,吉打州,哥打士打县,,
6.20516,100.3082,马来西亚,吉打州,哥打士打县,,
6.19327,100.31648,马来西亚,吉打州,哥打士打县,,
6.22987,100.33524,马来西亚,吉打州,古邦巴素县,,
6.22263,100.32951,马来西亚,吉打州,哥打士打县,,
6.20738,100.33697,马来西亚,吉打州,哥打士打县,,
6.19759,100.33259,马来西亚,吉打州,哥打士打县,,
6.21235,100.34503,马来西亚,吉打州,哥打士打县,,
6.20984,100.38423,马来西亚,吉打州,哥打士打县,,
6.20368,100.39958,马来西亚,吉打州,哥打士打县,,
6.20649,100.39829,马来西亚,吉打州,哥打士打县,,
6.18751,100.39266,马来西亚,吉打州,哥打士打县,Taman Nabira Jaya,
6.17372,100.36206,马来西亚,吉打州,哥打士打县,安南武吉,Pantai Johor
6.1748,100.40223,马来西亚,吉打州,哥打士打县,Taman Nabira Jaya,
6.1675,100.39921,马来西亚,吉打州,哥打士打县,Taman Nabira Jaya,
6.16215,100.39218,马来西亚,吉打州,哥打士打县,Taman Nabira Jaya,
6.15009,100.39472,马来西亚,吉打州,哥打士打县,,Kampung Hutan Pulai
6.14533,100.38623,马来西亚,吉打州,哥打士打县,,Taman Uda
6.13311,100.35735,马来西亚,吉打州,哥打士打县,,
6.10862,100.35773,马来西亚,吉打州,哥打士打县,新邦瓜拉,Taman Setar
6.13079,100.39131,马来西亚,吉打州,哥打士打县,,Taman Serindit
6.12949,100.40532,马来西亚,吉打州,哥打士打县,,
6.12598,100.40851,马来西亚,吉打州,哥打士打县,,
6.13885,100.39391,马来西亚,吉打州,哥打士打县,,Taman Setia Jaya
6.12572,100.39117,马来西亚,吉打州,哥打士打县,,Taman Nuri
6.12561,100.39685,马来西亚,吉打州,哥打士打县,,Kampung Darat
6.12351,100.41028,马来西亚,吉打州,哥打士打县,,
6.12499,100.38703,马来西亚,吉打州,哥打士打县,,Taman Soon Thaye
6.11771,100.39537,马来西亚,吉打州,哥打士打县,,
6.1195,100.39872,马来西亚,吉打州,哥打士打县,,Taman Derga Jaya
6.11387,100.40278,马来西亚,吉打州,哥打士打县,,
6.11325,100.40774,马来西亚,吉打州,哥打士打县,,
6.11173,100.40064,马来西亚,吉打州,哥打士打县,,Taman Seri Derga
6.10968,100.40939,马来西亚,吉打州,哥打士打县,,
6.10004,100.40591,马来西亚,吉打州,哥打士打县,,
6.09579,100.36676,马来西亚,吉打州,哥打士打县,,Bee Bee Park
6.09089,100.35806,马来西亚,吉打州,哥打士打县,新邦瓜拉,Taman Gunung Perak
6.06982,100.37694,马来西亚,吉打州,哥打士打县,,
6.06781,100.37332,马来西亚,吉打州,哥打士打县,,Taman Gunung Emas
6.08723,100.40774,马来西亚,吉打州,哥打士打县,,
6.07883,100.40805,马来西亚,吉打州,哥打士打县,,
6.09436,100.36975,马来西亚,吉打州,哥打士打县,,Taman Sentosa
6.09057,100.36591,马来西亚,吉打州,哥打士打县,,
6.09361,100.38752,马来西亚,吉打州,哥打士打县,,
6.09048,100.38024,马来西亚,吉打州,哥打士打县,,Taman Saga Fasa 1
6.07736,100.40341,马来西亚,吉打州,哥打士打县,,
6.07915,100.38966,马来西亚,吉打州,哥打士打县,,
6.05602,100.37417,马来西亚,吉打州,哥打士打县,,
6.04884,100.37868,马来西亚,吉打州,哥打士打县,,
6.04366,100.381,马来西亚,吉打州,哥打士打县,,Taman Bersatu
6.04915,100.3839,马来西亚,吉打州,哥打士打县,丹洛,
6.05,100.40702,马来西亚,吉打州,哥打士打县,,
6.03857,100.38868,马来西亚,吉打州,哥打士打县,,
6.02737,100.38801,马来西亚,吉打州,哥打士打县,,Taman Cengkih
6.02844,100.39591,马来西亚,吉打州,本同县,,
6.02808,100.41059,马来西亚,吉打州,本同县,,
6.03634,100.36208,马来西亚,吉打州,哥打士打县,Taman Desa Kiara Fasa 1,
6.01715,100.38533,马来西亚,吉打州,哥打士打县,,
5.97367,100.40828,马来西亚,吉打州,哥打士打县,,
5.97742,100.39699,马来西亚,吉打州,哥打士打县,,Taman Impian
5.976,100.35355,马来西亚,吉打州,哥打士打县,,
6.00436,100.35262,马来西亚,吉打州,哥打士打县,,
6.01447,100.34985,马来西亚,吉打州,哥打士打县,,Taman Sri Pulau
6.05009,100.3362,马来西亚,吉打州,哥打士打县,,Kampung Hujung Sungai
6.05138,100.33463,马来西亚,吉打州,哥打士打县,,Kampung Hujung Sungai
6.05917,100.3486,马来西亚,吉打州,哥打士打县,,
6.07002,100.33365,马来西亚,吉打州,哥打士打县,,
6.08922,100.34383,马来西亚,吉打州,哥打士打县,Taman Merpati Fasa 3,城市园
6.09396,100.3532,马来西亚,吉打州,哥打士打县,新邦瓜拉,Taman Dahlia
6.09079,100.31785,马来西亚,吉打州,哥打士打县,,
6.089,100.30624,马来西亚,吉打州,哥打士打县,,
6.09985,100.35164,马来西亚,吉打州,哥打士打县,新邦瓜拉,Taman Anggerik
6.10038,100.33303,马来西亚,吉打州,哥打士打县,Taman Sri Merpati,Taman Kekwa Fasa 4
6.10119,100.3187,马来西亚,吉打州,哥打士打县,,
6.10585,100.3099,马来西亚,吉打州,哥打士打县,Taman Layar Fasa 3,
6.10331,100.30316,马来西亚,吉打州,哥打士打县,Taman Layar Fasa 3,
6.11576,100.32182,马来西亚,吉打州,哥打士打县,默贡,
6.10913,100.33428,马来西亚,吉打州,哥打士打县,默贡,
6.1086,100.34557,马来西亚,吉打州,哥打士打县,,
6.11984,100.35008,马来西亚,吉打州,哥打士打县,默贡,
6.11891,100.34347,马来西亚,吉打州,哥打士打县,,
6.12252,100.31856,马来西亚,吉打州,哥打士打县,,
6.17685,100.32222,马来西亚,吉打州,哥打士打县,,
6.2186,100.27419,马来西亚,吉打州,古邦巴素县,,
6.21453,100.26388,马来西亚,吉打州,古邦巴素县,,
6.22908,100.30178,马来西亚,吉打州,古邦巴素县,,
6.20967,100.3157,马来西亚,吉打州,哥打士打县,,
6.19298,100.34605,马来西亚,吉打州,哥打士打县,,
6.20728,100.37666,马来西亚,吉打州,哥打士打县,,
6.1963,100.39683,马来西亚,吉打州,哥打士打县,,
6.16506,100.39716,马来西亚,吉打州,哥打士打县,Taman Nabira Jaya,
6.17944,100.365,马来西亚,吉打州,哥打士打县,,Taman Aman
6.15823,100.33113,马来西亚,吉打州,哥打士打县,,
6.17441,100.28987,马来西亚,吉打州,哥打士打县,,
6.13907,100.30308,马来西亚,吉打州,哥打士打县,,
6.12607,100.2866,马来西亚,吉打州,哥打士打县,,
6.11366,100.28027,马来西亚,吉打州,哥打士打县,,
6.11177,100.29423,马来西亚,吉打州,哥打士打县,,
6.11215,100.35888,马来西亚,吉打州,哥打士打县,,Taman Setar
6.13164,100.33796,马来西亚,吉打州,哥打士打县,,Taman Mergong Jaya
6.13177,100.38345,马来西亚,吉打州,哥打士打县,,
6.1355,100.40907,马来西亚,吉打州,哥打士打县,,
6.11874,100.40716,马来西亚,吉打州,哥打士打县,,Taman Derga Jaya
6.11144,100.38429,马来西亚,吉打州,哥打士打县,,
6.07752,100.35159,马来西亚,吉打州,哥打士打县,Taman Desa Kiara Fasa 1,
6.10527,100.33733,马来西亚,吉打州,哥打士打县,Taman Sri Merpati,
6.10428,100.32995,马来西亚,吉打州,哥打士打县,Taman Sri Merpati,
6.08384,100.30584,马来西亚,吉打州,哥打士打县,Taman Layar Fasa 3,Taman Bersatu
6.01468,100.40165,马来西亚,吉打州,本同县,,
6.00768,100.36809,马来西亚,吉打州,哥打士打县,,
5.99242,100.40367,马来西亚,吉打州,哥打士打县,,
5.98729,100.39561,马来西亚,吉打州,哥打士打县,,
5.96818,100.39275,马来西亚,吉打州,铅县,,
6.16814,100.2734,马来西亚,吉打州,哥打士打县,,
6.17536,100.26885,马来西亚,吉打州,哥打士打县,,
6.13666,100.29918,马来西亚,吉打州,哥打士打县,,Taman Kubang Rotan
6.20643,100.27195,马来西亚,吉打州,古邦巴素县,,
6.16611,100.40629,马来西亚,吉打州,哥打士打县,,
6.20361,100.39037,马来西亚,吉打州,哥打士打县,,
6.22725,100.37178,马来西亚,吉打州,古邦巴素县,,
6.17239,100.36476,马来西亚,吉打州,哥打士打县,安南武吉,Pantai Johor
6.16369,100.40327,马来西亚,吉打州,哥打士打县,,
6.18348,100.35007,马来西亚,吉打州,哥打士打县,,
6.18128,100.35458,马来西亚,吉打州,哥打士打县,,
6.22988,100.3577,马来西亚,吉打州,古邦巴素县,,
6.0966,100.28651,马来西亚,吉打州,哥打士打县,Taman Layar Fasa 3,
6.15541,100.40083,马来西亚,吉打州,哥打士打县,,
6.0959,100.29401,马来西亚,吉打州,哥打士打县,Taman Layar Fasa 3,Taman Layar Fasa II
6.09364,100.30157,马来西亚,吉打州,哥打士打县,Taman Layar Fasa 3,Taman Seri Marina
6.10253,100.29553,马来西亚,吉打州,哥打士打县,,Taman Kelasi
6.12165,100.39521,马来西亚,吉打州,哥打士打县,,
6.08296,100.32424,马来西亚,吉打州,哥打士打县,,Kampung Darussalam
6.04338,100.33958,马来西亚,吉打州,哥打士打县,,
6.07078,100.34663,马来西亚,吉打州,哥打士打县,Taman Desa Kiara Fasa 1,
5.98255,100.37509,马来西亚,吉打州,哥打士打县,,
6.38597,100.38672,马来西亚,吉打州,古邦巴素县,,
6.47689,100.72854,马来西亚,吉打州,巴东得腊县,,
6.3337,100.52932,马来西亚,吉打州,巴东得腊县,,
6.41492,100.43205,马来西亚,吉打州,古邦巴素县,,Taman Angsana
6.33694,100.69843,马来西亚,吉打州,巴东得腊县,,
5.33885,100.20065,马来西亚,槟城州,西南县,,
5.33798,100.21563,马来西亚,槟城州,西南县,Kampung Paya,
5.3498,100.22851,马来西亚,槟城州,西南县,Kongsi,
5.32689,100.23002,马来西亚,槟城州,西南县,浮罗文丁,Taman Pondok Upeh
5.33183,100.21815,马来西亚,槟城州,西南县,浮罗文丁,
5.32876,100.2146,马来西亚,槟城州,西南县,Dataran Genting,
5.34533,100.22765,马来西亚,槟城州,西南县,Kongsi,
5.32689,100.24802,马来西亚,槟城州,西南县,,
5.32597,100.26616,马来西亚,槟城州,西南县,,Desa Ria
5.32918,100.26789,马来西亚,槟城州,西南县,,Taman Pagar Buloh
5.33203,100.27161,马来西亚,槟城州,西南县,新港,Taman Pagar Buloh
5.32381,100.2896,马来西亚,槟城州,西南县,,
5.32295,100.27719,马来西亚,槟城州,西南县,,
5.30677,100.27518,马来西亚,槟城州,西南县,,
5.30316,100.28116,马来西亚,槟城州,西南县,,
5.32297,100.21507,马来西亚,槟城州,西南县,Dataran Genting,
5.34849,100.29128,马来西亚,槟城州,东北县,垄尾,
5.33203,100.28921,马来西亚,槟城州,西南县,,
5.33651,100.29515,马来西亚,槟城州,东北县,双溪里蒙,
5.33156,100.30185,马来西亚,槟城州,西南县,双溪里蒙,斯里里蒙花园
5.34062,100.41095,马来西亚,槟城州,威中县,,
5.32298,100.4112,马来西亚,槟城州,威中县,,
5.31854,100.4121,马来西亚,槟城州,威中县,,
5.3113,100.32385,马来西亚,,,,
5.3199,100.22199,马来西亚,槟城州,西南县,Bukit Ginting,
5.30822,100.21017,马来西亚,槟城州,西南县,Pulau Betong,
5.32161,100.19885,马来西亚,槟城州,西南县,Pulau Betong,
5.29823,100.18454,马来西亚,槟城州,西南县,,
5.29209,100.18747,马来西亚,槟城州,西南县,,
5.29629,100.21768,马来西亚,槟城州,西南县,Bukit Gemuruh,
5.29031,100.22126,马来西亚,槟城州,西南县,Bukit Gemuruh,
5.29698,100.25023,马来西亚,槟城州,西南县,公巴,
5.29704,100.262,马来西亚,槟城州,西南县,,Kampung Perlis
5.28482,100.25488,马来西亚,槟城州,西南县,公巴,
5.26673,100.38769,马来西亚,槟城州,威南县,,
5.38949,100.65761,马来西亚,吉打州,居林县,,
5.3416,100.68208,马来西亚,吉打州,居林县,,
5.29063,100.66371,马来西亚,吉打州,居林县,,
5.2857,100.62903,马来西亚,吉打州,居林县,,
5.30168,100.62203,马来西亚,吉打州,居林县,,
5.29205,100.5145,马来西亚,槟城州,威南县,,
5.29682,100.49586,马来西亚,槟城州,威中县,,
5.28897,100.48007,马来西亚,槟城州,威南县,,
5.29546,100.47176,马来西亚,槟城州,威中县,,英雄园
5.32139,100.46452,马来西亚,槟城州,威中县,,马吉砂花园
5.32042,100.47535,马来西亚,槟城州,威中县,,春江园
5.3287,100.48061,马来西亚,槟城州,威中县,阿儿玛,
5.31399,100.48386,马来西亚,槟城州,威中县,峇冬丁宜,茵碧再也花园
5.31838,100.43359,马来西亚,槟城州,威中县,,Taman Mengkudu
5.31449,100.43446,马来西亚,槟城州,威中县,,
5.34552,100.44713,马来西亚,槟城州,威中县,柔府,南美园
5.34555,100.43252,马来西亚,槟城州,威中县,柔府,Taman Sejati
5.35011,100.45621,马来西亚,槟城州,威中县,,宝马苑
5.35105,100.44194,马来西亚,槟城州,威中县,柔府,
5.35293,100.43721,马来西亚,槟城州,威中县,柔府,
5.35601,100.43939,马来西亚,槟城州,威中县,柔府,宋万庆园
5.35675,100.4472,马来西亚,槟城州,威中县,,
5.35986,100.44874,马来西亚,槟城州,威中县,,双溪南眉园
5.34602,100.4285,马来西亚,槟城州,威中县,柔府,
5.36053,100.44314,马来西亚,槟城州,威中县,,蒂沙达迈花园
5.3595,100.4595,马来西亚,槟城州,威中县,,
5.35273,100.45996,马来西亚,槟城州,威中县,,Taman Bukit Permata
5.34294,100.45899,马来西亚,槟城州,威中县,,百利镇
5.34612,100.46606,马来西亚,槟城州,威中县,,建惠园
5.3473,100.47173,马来西亚,槟城州,威中县,,Taman Berjaya Baru
5.34988,100.4725,马来西亚,槟城州,威中县,,
5.3545,100.4792,马来西亚,槟城州,威中县,,大山脚英达花园
5.35819,100.47565,马来西亚,槟城州,威中县,,圣淘沙花园
5.36389,100.44586,马来西亚,槟城州,威中县,,珍珠市
5.3722,100.45098,马来西亚,槟城州,威中县,,
5.36995,100.4228,马来西亚,槟城州,威中县,武吉丁雅,
5.37588,100.41968,马来西亚,槟城州,威中县,武吉丁雅,Taman Pauh Indah
5.36858,100.44271,马来西亚,槟城州,威中县,柏达镇,
5.37813,100.43557,马来西亚,槟城州,威中县,,
5.38801,100.4351,马来西亚,槟城州,威中县,,
6.50311,100.22511,马来西亚,玻璃市州,,,
6.49746,100.23961,马来西亚,玻璃市州,,,
6.50508,100.28977,马来西亚,玻璃市州,加央,,
5.40732,100.4332,马来西亚,槟城州,威中县,,
6.495,100.29526,马来西亚,玻璃市州,,,
6.47296,100.30608,马来西亚,玻璃市州,,,
6.4773,100.28936,马来西亚,玻璃市州,,,
6.45861,100.33222,马来西亚,玻璃市州,,,
6.46271,100.30018,马来西亚,玻璃市州,,,
6.43952,100.31222,马来西亚,玻璃市州,,,
6.43108,100.28977,马来西亚,玻璃市州,,,
5.41332,100.44968,马来西亚,槟城州,威中县,,
6.46779,100.27756,马来西亚,玻璃市州,,,
6.49131,100.25633,马来西亚,玻璃市州,,,
5.40718,100.45911,马来西亚,槟城州,威中县,,
5.3873,100.4744,马来西亚,槟城州,威中县,,Taman Berapit Indah
6.47886,100.24543,马来西亚,玻璃市州,,,
6.45501,100.27502,马来西亚,玻璃市州,,,
6.4637,100.25871,马来西亚,玻璃市州,,,
6.45288,100.25854,马来西亚,玻璃市州,,,
6.44083,100.27534,马来西亚,玻璃市州,,,
6.45435,100.2333,马来西亚,玻璃市州,加央,爪夷芭,
5.28455,100.47474,马来西亚,槟城州,威南县,武吉淡汶,
5.28516,100.48758,马来西亚,槟城州,威南县,,Taman Enggang Indah
6.47968,100.2288,马来西亚,玻璃市州,加央,,
6.45509,100.21716,马来西亚,玻璃市州,加央,,
5.32785,100.45869,马来西亚,槟城州,威中县,,
5.33261,100.45869,马来西亚,槟城州,威中县,,万达花园
6.46779,100.22068,马来西亚,玻璃市州,加央,,
5.31022,100.43074,马来西亚,槟城州,威中县,,
5.29736,100.42069,马来西亚,槟城州,威中县,,翡翠苑
6.47246,100.2138,马来西亚,玻璃市州,,,
6.47427,100.20872,马来西亚,玻璃市州,,,
6.44067,100.2061,马来西亚,玻璃市州,加央,,Taman Ira
5.32444,100.48642,马来西亚,槟城州,威中县,阿儿玛,
6.49541,100.21011,马来西亚,玻璃市州,,,
5.32813,100.48904,马来西亚,槟城州,威中县,阿儿玛,益美园
5.33496,100.49125,马来西亚,槟城州,威中县,阿儿玛,安宁园
6.49443,100.19093,马来西亚,玻璃市州,,,
5.34167,100.49795,马来西亚,槟城州,威中县,马章武莫,马章武莫新市镇（马章武莫花园）
5.33992,100.48287,马来西亚,槟城州,威中县,,
6.49762,100.2029,马来西亚,玻璃市州,加央,,
6.45312,100.1752,马来西亚,玻璃市州,加央,,
6.47337,100.17479,马来西亚,玻璃市州,加央,,
6.50156,100.18438,马来西亚,玻璃市州,,,
6.45411,100.15979,马来西亚,玻璃市州,加央,,
5.332,100.50852,马来西亚,槟城州,威中县,,
5.33492,100.5079,马来西亚,槟城州,威中县,,
6.4478,100.16782,马来西亚,玻璃市州,加央,,
5.33185,100.48442,马来西亚,槟城州,威中县,阿儿玛,
5.33932,100.47496,马来西亚,槟城州,威中县,阿儿玛,阿儿玛花园
6.44198,100.16725,马来西亚,玻璃市州,加央,,
5.35237,100.48953,马来西亚,槟城州,威中县,,
6.43936,100.1779,马来西亚,玻璃市州,加央,,
5.35141,100.48211,马来西亚,槟城州,威中县,,华丽园
5.38049,100.47692,马来西亚,槟城州,威中县,,Taman Mutiara Jaya
5.38613,100.47946,马来西亚,槟城州,威中县,,诺岭别墅
6.39541,100.13177,马来西亚,玻璃市州,,,
6.38664,100.14578,马来西亚,玻璃市州,,,
6.36222,100.14529,马来西亚,玻璃市州,,,
6.36058,100.16422,马来西亚,玻璃市州,,,
6.34985,100.15324,马来西亚,玻璃市州,,,
6.34763,100.16651,马来西亚,玻璃市州,,,
6.34067,100.16873,马来西亚,玻璃市州,,,
6.30584,100.18905,马来西亚,玻璃市州,,,
6.36968,100.17996,马来西亚,玻璃市州,,,
6.35009,100.1861,马来西亚,玻璃市州,,,
6.35288,100.19233,马来西亚,玻璃市州,,,
6.31674,100.19823,马来西亚,玻璃市州,,,
6.38,100.1902,马来西亚,玻璃市州,加央,,
6.32682,100.23052,马来西亚,玻璃市州,,,
6.331,100.22429,马来西亚,玻璃市州,,,
6.33395,100.21528,马来西亚,玻璃市州,,,
6.3405,100.21003,马来西亚,玻璃市州,,,
5.36767,100.4532,马来西亚,槟城州,威中县,,Taman Duta Emas
6.40598,100.12562,马来西亚,玻璃市州,,,
6.40828,100.16012,马来西亚,玻璃市州,加央,,
6.40377,100.18758,马来西亚,玻璃市州,加央,诗里越,
6.39861,100.19184,马来西亚,玻璃市州,加央,,
6.38484,100.20675,马来西亚,玻璃市州,加央,,
6.43081,100.19757,马来西亚,玻璃市州,加央,,
6.38828,100.21946,马来西亚,玻璃市州,加央,,
6.3791,100.22069,马来西亚,玻璃市州,加央,,
6.3682,100.25847,马来西亚,玻璃市州,加央,,
6.37656,100.26183,马来西亚,玻璃市州,,,
6.4227,100.25273,马来西亚,玻璃市州,,,
6.4091,100.27256,马来西亚,玻璃市州,,,
6.38394,100.26846,马来西亚,玻璃市州,加央,,
6.3914,100.28543,马来西亚,玻璃市州,古邦巴素县,,
5.30235,100.46923,马来西亚,槟城州,威中县,峇冬丁宜,
6.39418,100.28854,马来西亚,玻璃市州,,,
5.31538,100.46535,马来西亚,槟城州,威中县,武吉敏惹,
6.41508,100.30796,马来西亚,玻璃市州,,,
6.35755,100.25928,马来西亚,玻璃市州,古邦巴素县,,
6.3564,100.25756,马来西亚,玻璃市州,加央,,
6.35173,100.24216,马来西亚,玻璃市州,古邦巴素县,,
6.36083,100.23994,马来西亚,玻璃市州,加央,,
6.33149,100.16324,马来西亚,玻璃市州,,,
6.42729,100.19807,马来西亚,玻璃市州,加央,,
6.44008,100.20167,马来西亚,玻璃市州,加央,,Taman Ira
6.43377,100.19397,马来西亚,玻璃市州,加央,,
6.44507,100.20192,马来西亚,玻璃市州,加央,,
6.44516,100.21864,马来西亚,玻璃市州,加央,,
6.44303,100.23544,马来西亚,玻璃市州,加央,爪夷芭,
6.45212,100.207,马来西亚,玻璃市州,加央,,
6.45925,100.20938,马来西亚,玻璃市州,加央,,Taman Dato Setia
5.27086,100.42456,马来西亚,槟城州,威南县,,
5.27137,100.44719,马来西亚,槟城州,威南县,,
5.3498,100.53027,马来西亚,吉打州,居林县,,
5.34666,100.53538,马来西亚,吉打州,居林县,,Taman Anggerik
5.33625,100.53418,马来西亚,吉打州,居林县,,Taman Orkid
5.34657,100.53951,马来西亚,吉打州,居林县,,Taman Seroja
5.35539,100.54493,马来西亚,吉打州,居林县,,Taman Harmoni
5.35595,100.55151,马来西亚,吉打州,居林县,,
5.27044,100.46659,马来西亚,槟城州,威南县,武吉淡汶,大发园
5.36278,100.54622,马来西亚,吉打州,居林县,,Taman Bunga Mawar
5.36519,100.53512,马来西亚,吉打州,居林县,,Taman Petaling Indah
5.36868,100.54342,马来西亚,吉打州,居林县,,Taman Seri Akasia
5.3719,100.54041,马来西亚,吉打州,居林县,,
5.3685,100.53801,马来西亚,吉打州,居林县,,
5.37126,100.53061,马来西亚,吉打州,居林县,,Lembah Impiana
5.36042,100.5374,马来西亚,吉打州,居林县,,合众园
5.35049,100.5574,马来西亚,吉打州,居林县,,
5.28198,100.50329,马来西亚,槟城州,威南县,,福喜园
5.27708,100.52553,马来西亚,槟城州,威南县,,
5.27445,100.52633,马来西亚,槟城州,威南县,,
5.41318,100.54838,马来西亚,吉打州,居林县,,
5.41106,100.55199,马来西亚,吉打州,居林县,,
5.41509,100.55244,马来西亚,吉打州,居林县,,
5.46023,100.55696,马来西亚,吉打州,居林县,,
5.39191,100.5626,马来西亚,吉打州,居林县,老火较,
5.40464,100.54174,马来西亚,吉打州,居林县,,
5.37717,100.53531,马来西亚,吉打州,居林县,,
5.37852,100.54495,马来西亚,吉打州,居林县,加拉里,Taman Seraya Indah II
5.4411,100.53563,马来西亚,吉打州,居林县,,Taman Desa Permai
5.39218,100.52398,马来西亚,槟城州,威中县,,
5.38067,100.54064,马来西亚,吉打州,居林县,,
5.37989,100.53029,马来西亚,吉打州,居林县,,
5.44219,100.59496,马来西亚,吉打州,居林县,,
5.39675,100.58008,马来西亚,吉打州,居林县,,Kulim Perdana
5.40441,100.56878,马来西亚,吉打州,居林县,,
5.39918,100.56552,马来西亚,吉打州,居林县,老火较,
5.39465,100.56712,马来西亚,吉打州,居林县,老火较,
5.37952,100.57018,马来西亚,吉打州,居林县,,
5.38183,100.55774,马来西亚,吉打州,居林县,,
5.37862,100.56125,马来西亚,吉打州,居林县,,
5.36715,100.6026,马来西亚,吉打州,居林县,,Taman Bestari
5.41792,100.54906,马来西亚,吉打州,居林县,,
5.39195,100.53577,马来西亚,吉打州,居林县,,Taman Saga
5.29274,100.50218,马来西亚,槟城州,威南县,,
5.28204,100.54549,马来西亚,吉打州,居林县,,
5.31831,100.51773,马来西亚,槟城州,威中县,,
5.32542,100.49246,马来西亚,槟城州,威中县,阿儿玛,喜悦园
5.31141,100.46874,马来西亚,槟城州,威中县,峇冬丁宜,
5.34277,100.4436,马来西亚,槟城州,威中县,柔府,南美园
5.35269,100.45091,马来西亚,槟城州,威中县,,
5.39177,100.50051,马来西亚,槟城州,威中县,,
5.36784,100.49233,马来西亚,槟城州,威中县,,
5.3797,100.45433,马来西亚,槟城州,威中县,,
5.37789,100.44166,马来西亚,槟城州,威中县,,Taman Casa Idaman
5.40028,100.47135,马来西亚,槟城州,威中县,,Noning Residences
5.38299,100.46901,马来西亚,槟城州,威中县,,Taman Suria Aman
5.39881,100.44595,马来西亚,槟城州,威中县,,
5.39794,100.42738,马来西亚,槟城州,威中县,,
5.37253,100.42417,马来西亚,槟城州,威中县,武吉丁雅,Taman Pauh Indah
5.41556,100.44917,马来西亚,槟城州,威中县,,
5.422,100.51016,马来西亚,槟城州,威中县,,
5.3405,100.43308,马来西亚,槟城州,威中县,柔府,
5.25335,100.52036,马来西亚,槟城州,威南县,,
5.3041,100.44675,马来西亚,槟城州,威中县,武吉敏惹,
5.31134,100.42189,马来西亚,槟城州,威中县,,
5.26387,100.48997,马来西亚,槟城州,威南县,,
5.26222,100.48845,马来西亚,槟城州,威南县,,
5.24523,100.43016,马来西亚,槟城州,威南县,桂花城,
6.48867,100.1689,马来西亚,玻璃市州,,,
5.25107,100.5298,马来西亚,槟城州,威南县,,
6.29693,100.2897,马来西亚,吉打州,古邦巴素县,,
6.29863,100.33055,马来西亚,吉打州,古邦巴素县,,
6.25087,100.35724,马来西亚,吉打州,古邦巴素县,,
6.29015,100.37477,马来西亚,吉打州,古邦巴素县,,Taman Melati
6.28256,100.37894,马来西亚,吉打州,古邦巴素县,,
6.2922,100.37662,马来西亚,吉打州,古邦巴素县,,
6.28703,100.41389,马来西亚,吉打州,古邦巴素县,,Taman Seri Kemuning
6.23852,100.32442,马来西亚,吉打州,古邦巴素县,,
6.21094,100.44318,马来西亚,吉打州,哥打士打县,,
6.21791,100.47594,马来西亚,吉打州,波各先那县,,
6.20217,100.49654,马来西亚,吉打州,波各先那县,,
6.16932,100.47802,马来西亚,吉打州,波各先那县,,
6.10295,100.45405,马来西亚,吉打州,哥打士打县,,
6.09152,100.43687,马来西亚,吉打州,哥打士打县,,
6.06503,100.46628,马来西亚,吉打州,本同县,,
6.25823,100.23697,马来西亚,吉打州,古邦巴素县,,
6.28086,100.40347,马来西亚,吉打州,古邦巴素县,,Taman Jitra Indah
6.26607,100.41071,马来西亚,吉打州,古邦巴素县,,Taman Cahaya
6.22704,100.31766,马来西亚,吉打州,古邦巴素县,,
5.38136,100.38969,马来西亚,槟城州,威中县,诗不朗再也,金花园
5.39307,100.21154,马来西亚,槟城州,西南县,Sungai Rusa,
5.41163,100.38105,马来西亚,槟城州,威北县,,
5.38125,100.37747,马来西亚,槟城州,威中县,北赖,Taman Perai Utama
5.3922,100.27944,马来西亚,槟城州,东北县,垄尾,
5.40151,100.21197,马来西亚,槟城州,西南县,Sungai Pinang,
5.40422,100.20397,马来西亚,槟城州,西南县,Sungai Pinang,
5.40347,100.40957,马来西亚,槟城州,威中县,,Taman Wakaf Seetee Aisah
5.41321,100.36596,马来西亚,槟城州,威北县,峇眼惹玛,峇眼赖
5.41453,100.20397,马来西亚,槟城州,西南县,,
5.41463,100.23174,马来西亚,槟城州,西南县,直落巴巷,
5.39328,100.22652,马来西亚,槟城州,西南县,Sungai Rusa,
5.39693,100.20422,马来西亚,槟城州,西南县,Sungai Pinang,
5.38528,100.19572,马来西亚,槟城州,西南县,Sungai Rusa,
5.37726,100.21588,马来西亚,槟城州,西南县,Sungai Rusa,
5.37835,100.23555,马来西亚,槟城州,西南县,Batu Hitam,
5.40935,100.24833,马来西亚,槟城州,东北县,Mukim 17,
5.39362,100.24615,马来西亚,槟城州,东北县,Bukit Ayer Itam,
5.38392,100.26621,马来西亚,槟城州,东北县,Bukit Paya Terubong,
5.39132,100.29433,马来西亚,槟城州,东北县,垄尾,爱莲园
5.41064,100.31976,马来西亚,槟城州,东北县,Central George Town,
5.40316,100.36742,马来西亚,槟城州,威北县,峇眼达南,Taman Selat
5.40707,100.37317,马来西亚,槟城州,威北县,,
5.41636,100.38963,马来西亚,槟城州,威北县,,
5.41566,100.40751,马来西亚,槟城州,威中县,,
5.39085,100.41044,马来西亚,槟城州,威中县,诗不朗再也,金花园
5.38649,100.41222,马来西亚,槟城州,威中县,,Taman Sutera Prima
5.38382,100.40374,马来西亚,槟城州,威中县,诗不朗再也,西鸽花园
5.3817,100.41086,马来西亚,槟城州,威中县,,Taman Sutera 2
5.39696,100.41312,马来西亚,槟城州,威中县,,
5.38328,100.39268,马来西亚,槟城州,威中县,诗不朗再也,才能园
5.39451,100.39011,马来西亚,槟城州,威中县,北赖,金沙园
5.38759,100.39017,马来西亚,槟城州,威中县,诗不朗再也,才能园
5.40628,100.37897,马来西亚,槟城州,威北县,,
5.40835,100.37873,马来西亚,槟城州,威北县,,
5.37893,100.38479,马来西亚,槟城州,威中县,诗不朗再也,
5.41104,100.26672,马来西亚,槟城州,东北县,,
5.39905,100.28874,马来西亚,槟城州,东北县,垄尾,
5.49527,100.37799,马来西亚,槟城州,威北县,日落斗哇,Pekan Baru
5.49389,100.38523,马来西亚,槟城州,威北县,日落斗哇,Taman Air Tawar Indah
5.47886,100.44862,马来西亚,槟城州,威北县,,
5.48717,100.44888,马来西亚,槟城州,威北县,,
5.42849,100.47175,马来西亚,槟城州,威中县,,瓜不劳花园
5.42495,100.46907,马来西亚,槟城州,威中县,,瓜不劳英达花园
5.42824,100.5095,马来西亚,槟城州,威中县,,
5.44025,100.50672,马来西亚,槟城州,威北县,阿拉古拉,
5.46364,100.50721,马来西亚,槟城州,威北县,,
5.45345,100.51149,马来西亚,槟城州,威北县,,
5.4274,100.52429,马来西亚,槟城州,威中县,,
5.48084,100.49644,马来西亚,槟城州,威北县,,
5.49818,100.42386,马来西亚,槟城州,威北县,,
5.45589,100.38452,马来西亚,槟城州,威北县,,
5.42288,100.44313,马来西亚,槟城州,威中县,,
5.43253,100.38253,马来西亚,槟城州,威北县,峇眼惹玛,信达花园
5.41786,100.53676,马来西亚,吉打州,居林县,,Taman Mewah II & III
5.37351,100.54651,马来西亚,吉打州,居林县,,太子城
5.31423,100.64875,马来西亚,吉打州,居林县,,
5.28407,100.6809,马来西亚,吉打州,万拉峇鲁县,,
5.3419,100.56439,马来西亚,吉打州,居林县,,
5.47714,100.25149,马来西亚,槟城州,东北县,峇都丁宜,
5.42419,100.26877,马来西亚,槟城州,东北县,,升旗山
5.37171,100.19383,马来西亚,槟城州,西南县,Permatang Pasir,
5.36678,100.19443,马来西亚,槟城州,西南县,Permatang Pasir,
5.35505,100.21662,马来西亚,槟城州,西南县,,
5.36242,100.25226,马来西亚,槟城州,西南县,Bukit Balik Pulau,
5.36414,100.28398,马来西亚,槟城州,东北县,垄尾,
5.3598,100.29845,马来西亚,槟城州,东北县,垄尾,
5.37481,100.2968,马来西亚,槟城州,东北县,垄尾,
5.3782,100.40691,马来西亚,槟城州,威中县,诗不朗再也,
5.37613,100.40856,马来西亚,槟城州,威中县,诗不朗再也,
5.37386,100.41203,马来西亚,槟城州,威中县,武吉丁雅,埔再也花园
5.36218,100.23495,马来西亚,槟城州,西南县,Batu Hitam,
5.23322,100.47588,马来西亚,槟城州,威南县,,
5.23653,100.47924,马来西亚,槟城州,威南县,双溪峇甲,
5.2322,100.54069,马来西亚,吉打州,万拉峇鲁县,,
5.22739,100.52113,马来西亚,槟城州,威南县,,
5.20823,100.51945,马来西亚,槟城州,威南县,,
5.20225,100.45493,马来西亚,槟城州,威南县,,
5.1931,100.5165,马来西亚,槟城州,威南县,,
5.1983,100.51109,马来西亚,槟城州,威南县,,
5.18343,100.50888,马来西亚,槟城州,威南县,,
5.19098,100.46193,马来西亚,槟城州,威南县,双溪爪夷,
5.1754,100.44558,马来西亚,槟城州,威南县,,
5.17981,100.46921,马来西亚,槟城州,威南县,,
5.17874,100.47741,马来西亚,槟城州,威南县,,
5.17364,100.47697,马来西亚,槟城州,威南县,14300,
5.17427,100.52139,马来西亚,槟城州,威南县,,
5.16311,100.5475,马来西亚,槟城州,威南县,,
5.15859,100.53034,马来西亚,槟城州,威南县,,
5.16619,100.52412,马来西亚,槟城州,威南县,,
5.15901,100.47058,马来西亚,槟城州,威南县,,
5.15218,100.46053,马来西亚,槟城州,威南县,,
5.14064,100.42549,马来西亚,槟城州,威南县,,
5.70895,100.47128,马来西亚,吉打州,瓜拉姆达县,,Taman Semeling Maju
5.70862,100.47532,马来西亚,吉打州,瓜拉姆达县,,Taman Semeling Maju
5.15347,100.477,马来西亚,槟城州,威南县,,理大园
5.69219,100.4727,马来西亚,吉打州,瓜拉姆达县,,
5.72219,100.50712,马来西亚,吉打州,瓜拉姆达县,,
5.73445,100.50772,马来西亚,吉打州,瓜拉姆达县,,Taman Sinar Mentari
5.72901,100.51429,马来西亚,吉打州,瓜拉姆达县,,
5.72281,100.63145,马来西亚,吉打州,瓜拉姆达县,,
5.70683,100.63641,马来西亚,吉打州,瓜拉姆达县,,
5.67386,100.93192,马来西亚,吉打州,华玲县,,
5.66962,100.91837,马来西亚,吉打州,华玲县,,
5.65631,100.92315,马来西亚,吉打州,华玲县,,
5.60978,100.84529,马来西亚,吉打州,华玲县,,
5.58504,100.84412,马来西亚,吉打州,华玲县,,
5.57988,100.77715,马来西亚,吉打州,华玲县,,Kampung Keledang
5.54928,100.72567,马来西亚,吉打州,华玲县,,
5.59208,100.74261,马来西亚,吉打州,华玲县,,
5.52837,100.68008,马来西亚,吉打州,居林县,,
5.5576,100.66266,马来西亚,吉打州,华玲县,,
5.55478,100.63812,马来西亚,吉打州,居林县,,
5.50535,100.72721,马来西亚,吉打州,华玲县,,
5.51541,100.61247,马来西亚,吉打州,居林县,双溪加拉岸,
5.54758,100.61595,马来西亚,吉打州,居林县,,
5.50696,100.57547,马来西亚,吉打州,居林县,,国华园
5.57696,100.61049,马来西亚,吉打州,华玲县,,
5.5258,100.58551,马来西亚,吉打州,居林县,,
5.5959,100.6112,马来西亚,吉打州,瓜拉姆达县,,
5.53377,100.5669,马来西亚,吉打州,瓜拉姆达县,,
5.65092,100.35533,马来西亚,吉打州,瓜拉姆达县,,
5.61815,100.39752,马来西亚,吉打州,瓜拉姆达县,,
5.60156,100.34281,马来西亚,吉打州,瓜拉姆达县,,
5.59307,100.34219,马来西亚,吉打州,瓜拉姆达县,,
5.5732,100.45182,马来西亚,吉打州,瓜拉姆达县,,
5.62483,100.49921,马来西亚,吉打州,瓜拉姆达县,,Taman Beringin Indah
5.6308,100.5159,马来西亚,吉打州,瓜拉姆达县,,二条石
5.65573,100.50243,马来西亚,吉打州,瓜拉姆达县,佳乡岭,
5.65048,100.47933,马来西亚,吉打州,瓜拉姆达县,Sungai Layar,Taman Melati Indah
5.65476,100.47505,马来西亚,吉打州,瓜拉姆达县,Sungai Layar,Taman Teratai Indah
5.59464,100.62803,马来西亚,吉打州,华玲县,,
5.6055,100.64686,马来西亚,吉打州,华玲县,,
5.59958,100.68644,马来西亚,吉打州,华玲县,,
5.6731,100.77284,马来西亚,吉打州,华玲县,,
5.65702,100.72967,马来西亚,吉打州,华玲县,,
5.66318,100.68999,马来西亚,吉打州,华玲县,,
5.68571,100.70749,马来西亚,吉打州,华玲县,,
5.66695,100.80515,马来西亚,吉打州,华玲县,,
5.6833,100.80502,马来西亚,吉打州,华玲县,,
5.67841,100.8648,马来西亚,吉打州,华玲县,,
5.60025,100.76943,马来西亚,吉打州,华玲县,,
5.68969,100.94361,马来西亚,吉打州,华玲县,,
5.72528,100.73709,马来西亚,吉打州,锡县,,
5.52321,100.40568,马来西亚,槟城州,威北县,,
5.51108,100.40313,马来西亚,槟城州,威北县,,Taman Sepakat
5.54024,100.41734,马来西亚,槟城州,威北县,,
5.5086,100.44301,马来西亚,槟城州,威北县,柏淡,
5.51028,100.48564,马来西亚,槟城州,威北县,,
5.55117,100.48964,马来西亚,槟城州,威北县,,
5.55885,100.50037,马来西亚,槟城州,威北县,,
5.55388,100.51427,马来西亚,槟城州,威北县,,
5.52722,100.52303,马来西亚,槟城州,威北县,,
5.51263,100.41362,马来西亚,槟城州,威北县,,
5.56338,100.42071,马来西亚,槟城州,威北县,,
5.55628,100.42091,马来西亚,槟城州,威北县,,
5.54954,100.4063,马来西亚,槟城州,威北县,,
5.55635,100.43753,马来西亚,槟城州,威北县,,
5.56037,100.45466,马来西亚,槟城州,威北县,,
5.66793,100.83292,马来西亚,吉打州,华玲县,,
5.64184,100.85236,马来西亚,吉打州,华玲县,,
5.67509,100.70421,马来西亚,吉打州,华玲县,,
6.31963,100.53476,马来西亚,吉打州,巴东得腊县,,
6.31028,100.56936,马来西亚,吉打州,巴东得腊县,,
6.29725,100.54307,马来西亚,吉打州,巴东得腊县,,
6.29157,100.54222,马来西亚,吉打州,巴东得腊县,,
6.27487,100.54717,马来西亚,吉打州,巴东得腊县,,
6.21163,100.53951,马来西亚,吉打州,巴东得腊县,,
6.20337,100.56152,马来西亚,吉打州,波各先那县,,
6.19543,100.54758,马来西亚,吉打州,波各先那县,,
6.19249,100.56604,马来西亚,吉打州,波各先那县,,
6.17776,100.51983,马来西亚,吉打州,波各先那县,,Taman Harapan
6.17599,100.53529,马来西亚,吉打州,波各先那县,,
6.16539,100.55847,马来西亚,吉打州,波各先那县,,
6.16324,100.51489,马来西亚,吉打州,波各先那县,,
6.14754,100.51369,马来西亚,吉打州,波各先那县,,
6.13234,100.53651,马来西亚,吉打州,波各先那县,,
6.12372,100.52099,马来西亚,吉打州,波各先那县,,
6.12598,100.56745,马来西亚,吉打州,波各先那县,,
6.14986,100.56308,马来西亚,吉打州,波各先那县,,
6.1545,100.58625,马来西亚,吉打州,波各先那县,,
6.10444,100.55318,马来西亚,吉打州,本同县,,
6.07522,100.51669,马来西亚,吉打州,本同县,,
6.06146,100.56822,马来西亚,吉打州,本同县,,
6.03102,100.51675,马来西亚,吉打州,本同县,,
6.02181,100.61222,马来西亚,吉打州,本同县,,
6.03306,100.61234,马来西亚,吉打州,本同县,,Kampung Tanjong Berolak
6.01833,100.64816,马来西亚,吉打州,本同县,,Kampung Tanjong Berolak
6.0559,100.61309,马来西亚,吉打州,本同县,,
6.06183,100.60233,马来西亚,吉打州,本同县,,
6.07803,100.61315,马来西亚,吉打州,本同县,,
6.08622,100.6302,马来西亚,吉打州,本同县,,
6.10725,100.59499,马来西亚,吉打州,本同县,,
6.17194,100.64091,马来西亚,吉打州,巴东得腊县,,
6.20666,100.6425,马来西亚,吉打州,巴东得腊县,,
6.2239,100.59378,马来西亚,吉打州,巴东得腊县,,
6.2228,100.62043,马来西亚,吉打州,巴东得腊县,,
6.2258,100.60631,马来西亚,吉打州,巴东得腊县,,
6.236,100.63314,马来西亚,吉打州,巴东得腊县,,
6.27733,100.606,马来西亚,吉打州,巴东得腊县,,
6.30793,100.66053,马来西亚,吉打州,巴东得腊县,,
6.34993,100.69256,马来西亚,吉打州,巴东得腊县,,
6.35007,100.63944,马来西亚,吉打州,巴东得腊县,,Banggol 9
6.31784,100.65417,马来西亚,吉打州,巴东得腊县,,
6.28203,100.67809,马来西亚,吉打州,巴东得腊县,,
6.23515,100.65325,马来西亚,吉打州,巴东得腊县,,
6.23928,100.7076,马来西亚,吉打州,巴东得腊县,,
6.1789,100.67565,马来西亚,吉打州,巴东得腊县,,
6.20561,100.72687,马来西亚,吉打州,巴东得腊县,,
6.16417,100.70371,马来西亚,吉打州,巴东得腊县,,
6.15824,100.688,马来西亚,吉打州,巴东得腊县,,
6.15506,100.66654,马来西亚,吉打州,巴东得腊县,,
6.13623,100.64331,马来西亚,吉打州,巴东得腊县,,
6.12896,100.67644,马来西亚,吉打州,巴东得腊县,,纳卡新村
6.11875,100.68311,马来西亚,吉打州,巴东得腊县,,
6.11031,100.6617,马来西亚,吉打州,巴东得腊县,,纳卡新村
6.09705,100.65504,马来西亚,吉打州,巴东得腊县,,纳卡新村
6.07516,100.66873,马来西亚,吉打州,巴东得腊县,,
6.02469,100.74045,马来西亚,吉打州,锡县,,
6.0404,100.75763,马来西亚,吉打州,锡县,,
6.01216,100.74839,马来西亚,吉打州,锡县,,
6.05133,100.74487,马来西亚,吉打州,巴东得腊县,,
6.05541,100.77356,马来西亚,吉打州,巴东得腊县,,
6.07591,100.72347,马来西亚,吉打州,巴东得腊县,,
6.1058,100.84911,马来西亚,吉打州,锡县,,
6.09712,100.83303,马来西亚,吉打州,锡县,,
6.06429,100.86317,马来西亚,吉打州,锡县,,
6.00341,100.84512,马来西亚,吉打州,锡县,,
5.23699,100.56572,马来西亚,吉打州,万拉峇鲁县,,
5.23649,100.61091,马来西亚,吉打州,万拉峇鲁县,,
5.22781,100.60719,马来西亚,吉打州,万拉峇鲁县,,"Kampung Lombong Baru A, Batu 16"
5.21794,100.61084,马来西亚,吉打州,万拉峇鲁县,,Kampung Baru
5.20292,100.61778,马来西亚,吉打州,万拉峇鲁县,,
5.20056,100.60929,马来西亚,吉打州,万拉峇鲁县,,
5.20024,100.59687,马来西亚,吉打州,万拉峇鲁县,,
5.23801,100.65818,马来西亚,吉打州,万拉峇鲁县,,
5.2378,100.67408,马来西亚,吉打州,万拉峇鲁县,,
5.21002,100.63287,马来西亚,吉打州,万拉峇鲁县,,
5.21031,100.68567,马来西亚,霹雳州,拉律峇登司南马县,,Taman Sentosa
5.23103,100.74694,马来西亚,霹雳州,拉律峇登司南马县,,
5.12462,100.75527,马来西亚,霹雳州,拉律峇登司南马县,,
5.11068,100.67002,马来西亚,霹雳州,吉辇县,,
5.19705,100.67478,马来西亚,霹雳州,拉律峇登司南马县,,
5.18079,100.67083,马来西亚,霹雳州,拉律峇登司南马县,,
5.16124,100.60683,马来西亚,吉打州,万拉峇鲁县,,
5.1963,100.58824,马来西亚,吉打州,万拉峇鲁县,,
5.14849,100.60434,马来西亚,吉打州,万拉峇鲁县,,
5.18203,100.61899,马来西亚,吉打州,万拉峇鲁县,,
5.15267,100.58212,马来西亚,吉打州,万拉峇鲁县,,
5.15375,100.58768,马来西亚,吉打州,万拉峇鲁县,,
5.19168,100.55927,马来西亚,吉打州,万拉峇鲁县,,
5.09014,100.96342,马来西亚,霹雳州,上霹靂县,,
5.05765,100.66804,马来西亚,霹雳州,吉辇县,,
5.05201,100.64965,马来西亚,霹雳州,吉辇县,,
5.00869,100.54452,马来西亚,霹雳州,吉辇县,,
5.01061,100.44446,马来西亚,霹雳州,吉辇县,,
5.05877,100.46364,马来西亚,霹雳州,吉辇县,,
5.09817,100.47429,马来西亚,霹雳州,吉辇县,,
5.09228,100.39869,马来西亚,霹雳州,吉辇县,,
5.1286,100.47027,马来西亚,霹雳州,吉辇县,,
5.13629,100.42164,马来西亚,槟城州,威南县,,
5.14526,100.45147,马来西亚,槟城州,威南县,,
5.00612,100.72771,马来西亚,霹雳州,吉辇县,,
5.85834,100.41694,马来西亚,吉打州,铅县,,
5.83978,100.45357,马来西亚,吉打州,铅县,,
5.88131,100.63335,马来西亚,吉打州,锡县,,
5.83943,100.43001,马来西亚,吉打州,铅县,,
5.88083,100.45702,马来西亚,吉打州,本同县,,
5.82335,100.4193,马来西亚,吉打州,铅县,,
6.00343,100.84498,马来西亚,吉打州,锡县,,
5.90498,100.43477,马来西亚,吉打州,铅县,,
5.9962,100.85782,马来西亚,吉打州,锡县,,
5.9496,100.36517,马来西亚,吉打州,铅县,,
5.88,100.42989,马来西亚,吉打州,铅县,,
5.92699,100.66683,马来西亚,吉打州,锡县,,
5.83943,100.47867,马来西亚,吉打州,瓜拉姆达县,,
5.83193,100.47938,马来西亚,吉打州,瓜拉姆达县,,
5.88746,100.62847,马来西亚,吉打州,锡县,,
5.86655,100.65255,马来西亚,吉打州,锡县,,
6.00502,100.37102,马来西亚,吉打州,哥打士打县,,
5.93318,100.42014,马来西亚,吉打州,铅县,,
5.92782,100.45464,马来西亚,吉打州,本同县,,
5.95094,100.54785,马来西亚,吉打州,本同县,,
5.96584,100.53056,马来西亚,吉打州,本同县,,
5.99252,100.53415,马来西亚,吉打州,本同县,,
5.96316,100.57545,马来西亚,吉打州,本同县,,
5.99504,100.59893,马来西亚,吉打州,本同县,,
6.00728,100.71924,马来西亚,吉打州,巴东得腊县,,
6.00728,100.72726,马来西亚,吉打州,巴东得腊县,,
6.00319,100.7117,马来西亚,吉打州,巴东得腊县,,
5.94587,100.66476,马来西亚,吉打州,锡县,,
5.98118,100.53175,马来西亚,吉打州,本同县,,
5.92116,100.72166,马来西亚,吉打州,锡县,,
5.89117,100.75132,马来西亚,吉打州,锡县,,
5.99479,100.8171,马来西亚,吉打州,锡县,,
5.88725,100.42763,马来西亚,吉打州,铅县,,
5.88067,100.48154,马来西亚,吉打州,本同县,,
5.83895,100.42026,马来西亚,吉打州,铅县,,
5.83491,100.44488,马来西亚,吉打州,铅县,,
5.78791,100.47998,马来西亚,吉打州,瓜拉姆达县,,
5.82539,100.47998,马来西亚,吉打州,瓜拉姆达县,,Taman Jerai Emas
5.91605,100.54484,马来西亚,吉打州,本同县,,
5.89098,100.52945,马来西亚,吉打州,本同县,,
5.88273,100.54516,马来西亚,吉打州,本同县,,
5.86671,100.51914,马来西亚,吉打州,瓜拉姆达县,,
5.84339,100.5358,马来西亚,吉打州,瓜拉姆达县,,
5.83594,100.60528,马来西亚,吉打州,锡县,,
5.81627,100.50581,马来西亚,吉打州,瓜拉姆达县,,
5.80469,100.57831,马来西亚,吉打州,瓜拉姆达县,,
5.80562,100.61575,马来西亚,吉打州,瓜拉姆达县,,Taman Jiwa Murni
5.84625,100.63397,马来西亚,吉打州,锡县,,
5.84847,100.63161,马来西亚,吉打州,锡县,,
5.84015,100.74061,马来西亚,吉打州,锡县,,
5.88004,100.65255,马来西亚,吉打州,锡县,,
5.82449,100.64192,马来西亚,吉打州,锡县,,
5.87496,100.52215,马来西亚,吉打州,本同县,,
5.85434,100.49201,马来西亚,吉打州,瓜拉姆达县,,
5.8197,100.536,马来西亚,吉打州,瓜拉姆达县,,
5.79239,100.63472,马来西亚,吉打州,锡县,,
5.76028,100.90208,马来西亚,吉打州,华玲县,,
5.89357,100.65845,马来西亚,吉打州,锡县,,
6.09285,100.50305,马来西亚,吉打州,波各先那县,,
5.75303,100.64944,马来西亚,吉打州,瓜拉姆达县,,
5.93283,100.57829,马来西亚,吉打州,本同县,,
5.84881,100.89002,马来西亚,吉打州,华玲县,,
5.67038,100.46892,马来西亚,吉打州,瓜拉姆达县,,
5.62691,100.42156,马来西亚,吉打州,瓜拉姆达县,,
5.5183,100.55832,马来西亚,吉打州,居林县,,Taman Damai
5.53817,100.37205,马来西亚,槟城州,威北县,,
5.54913,100.38348,马来西亚,槟城州,威北县,,
5.58931,100.45288,马来西亚,吉打州,瓜拉姆达县,,Taman Seri Pekula 1
5.27282,100.56577,马来西亚,吉打州,居林县,,
5.48353,100.55668,马来西亚,吉打州,居林县,,
5.47998,100.56217,马来西亚,吉打州,居林县,,
5.46256,100.54307,马来西亚,吉打州,居林县,,
5.46322,100.746,马来西亚,吉打州,华玲县,,
5.47409,100.73694,马来西亚,吉打州,华玲县,,
5.34741,100.76802,马来西亚,吉打州,居林县,,
5.32477,100.75912,马来西亚,吉打州,居林县,,
5.32024,100.76022,马来西亚,吉打州,居林县,,
5.33007,100.74335,马来西亚,吉打州,居林县,,
5.30845,100.73156,马来西亚,吉打州,万拉峇鲁县,,
5.29595,100.72905,马来西亚,吉打州,万拉峇鲁县,,
5.29758,100.71558,马来西亚,吉打州,万拉峇鲁县,,
5.28884,100.71294,马来西亚,吉打州,万拉峇鲁县,,
5.32926,100.69104,马来西亚,吉打州,居林县,,
5.33003,100.71182,马来西亚,吉打州,万拉峇鲁县,,
5.27445,100.68155,马来西亚,吉打州,万拉峇鲁县,,
5.26056,100.66934,马来西亚,吉打州,万拉峇鲁县,,
5.25526,100.66127,马来西亚,吉打州,万拉峇鲁县,,
5.25057,100.67125,马来西亚,吉打州,万拉峇鲁县,,
5.26558,100.6608,马来西亚,吉打州,万拉峇鲁县,,
5.28366,100.62533,马来西亚,吉打州,居林县,,
5.26214,100.60335,马来西亚,吉打州,居林县,,
5.26234,100.5945,马来西亚,吉打州,居林县,,
5.41209,100.68616,马来西亚,吉打州,居林县,,
5.40873,100.69985,马来西亚,吉打州,居林县,,
5.4098,100.74154,马来西亚,吉打州,居林县,,
5.41515,100.74598,马来西亚,吉打州,华玲县,,
5.46312,100.7114,马来西亚,吉打州,华玲县,,
5.48623,100.7527,马来西亚,吉打州,华玲县,,
5.44909,100.57093,马来西亚,吉打州,居林县,,
5.42463,100.52943,马来西亚,吉打州,居林县,,吉祥园
5.4294,100.526,马来西亚,吉打州,居林县,,Taman Sutera Indah
5.43406,100.53154,马来西亚,吉打州,居林县,,Taman Murni Indah
5.43621,100.52966,马来西亚,吉打州,居林县,,Taman Murni Indah
5.44285,100.52858,马来西亚,吉打州,居林县,,Taman Gemilang
5.41683,100.53739,马来西亚,吉打州,居林县,,Taman Mewah II & III
5.42115,100.55557,马来西亚,吉打州,居林县,,
5.43004,100.55646,马来西亚,吉打州,居林县,,
5.40893,100.56009,马来西亚,吉打州,居林县,,
5.41932,100.56807,马来西亚,吉打州,居林县,,
5.43366,100.56948,马来西亚,吉打州,居林县,,
5.43601,100.54072,马来西亚,吉打州,居林县,,
5.45947,100.57209,马来西亚,吉打州,居林县,,
5.40612,100.5481,马来西亚,吉打州,居林县,,Kulim Square Indah
5.34062,100.53518,马来西亚,吉打州,居林县,,Taman Tanjung Indah
5.36688,100.57476,马来西亚,吉打州,居林县,双溪乌沥,金丝园
5.42832,100.62811,马来西亚,吉打州,居林县,,
5.49864,100.73407,马来西亚,吉打州,华玲县,,
5.40114,100.72584,马来西亚,吉打州,居林县,,
5.37527,100.70265,马来西亚,吉打州,居林县,,
5.49444,100.50786,马来西亚,槟城州,威北县,,
5.44668,100.50563,马来西亚,槟城州,威北县,阿拉古拉,
5.43157,100.52133,马来西亚,槟城州,威中县,,
5.25489,100.7833,马来西亚,霹雳州,拉律峇登司南马县,,
5.25891,100.73652,马来西亚,霹雳州,拉律峇登司南马县,,
5.67794,102.57595,马来西亚,登嘉樓州,勿述县,,
5.6687,102.49851,马来西亚,登嘉樓州,勿述县,,
5.6688,102.73384,马来西亚,登嘉樓州,士兆县,,
5.66945,102.72002,马来西亚,登嘉樓州,士兆县,,
5.6798,102.6976,马来西亚,登嘉樓州,士兆县,,
5.68662,102.64038,马来西亚,登嘉樓州,勿述县,,
5.68066,102.64646,马来西亚,登嘉樓州,勿述县,,
5.67701,102.6388,马来西亚,登嘉樓州,勿述县,,
5.68984,102.6318,马来西亚,登嘉樓州,勿述县,,
5.67622,102.62824,马来西亚,登嘉樓州,勿述县,,
5.69055,102.60345,马来西亚,登嘉樓州,勿述县,,
5.68498,102.58715,马来西亚,登嘉樓州,勿述县,,
5.67312,102.58845,马来西亚,登嘉樓州,勿述县,,
5.65406,102.58592,马来西亚,登嘉樓州,勿述县,,
5.67121,102.62469,马来西亚,登嘉樓州,勿述县,,
5.66889,102.64606,马来西亚,登嘉樓州,勿述县,,
5.17209,100.48134,马来西亚,槟城州,威南县,,
5.14358,100.46648,马来西亚,槟城州,威南县,,
5.13823,100.47463,马来西亚,槟城州,威南县,,Taman Seri Emas
5.22106,100.50055,马来西亚,槟城州,威南县,,
5.65852,102.73245,马来西亚,登嘉樓州,士兆县,,
5.64679,102.64559,马来西亚,登嘉樓州,勿述县,,
5.12519,100.4174,马来西亚,槟城州,威南县,,
5.64859,102.61248,马来西亚,登嘉樓州,勿述县,,
5.64567,102.58183,马来西亚,登嘉樓州,勿述县,,
5.64396,102.65181,马来西亚,登嘉樓州,勿述县,,
5.11097,100.43724,马来西亚,霹雳州,吉辇县,,
5.64117,102.66312,马来西亚,登嘉樓州,勿述县,,
5.63506,102.66945,马来西亚,登嘉樓州,士兆县,,
5.10335,100.44838,马来西亚,霹雳州,吉辇县,,
5.63281,102.6859,马来西亚,登嘉樓州,士兆县,,
5.64084,102.73417,马来西亚,登嘉樓州,士兆县,,
5.63767,102.7475,马来西亚,登嘉樓州,士兆县,,
5.62583,102.69353,马来西亚,登嘉樓州,士兆县,,
5.61912,102.67426,马来西亚,登嘉樓州,士兆县,,
5.61203,102.74471,马来西亚,登嘉樓州,士兆县,,
5.58631,102.70882,马来西亚,登嘉樓州,士兆县,,
5.5618,102.6991,马来西亚,登嘉樓州,士兆县,,
5.57748,102.69495,马来西亚,登嘉樓州,士兆县,,
5.56051,102.68329,马来西亚,登嘉樓州,士兆县,,
5.55008,102.73551,马来西亚,登嘉樓州,士兆县,,
5.55394,102.74461,马来西亚,登嘉樓州,士兆县,,
5.50112,102.72879,马来西亚,登嘉樓州,士兆县,,
5.76585,103.00375,马来西亚,登嘉樓州,瓜拉尼鲁斯县,,
5.02338,100.46836,马来西亚,霹雳州,吉辇县,,
5.00599,100.47664,马来西亚,霹雳州,吉辇县,,
5.04944,100.59289,马来西亚,霹雳州,吉辇县,,Taman Sri Pongsu
5.06691,100.65216,马来西亚,霹雳州,吉辇县,,
5.07338,100.67031,马来西亚,霹雳州,吉辇县,,
5.05759,100.46528,马来西亚,霹雳州,吉辇县,,
5.04369,100.45115,马来西亚,霹雳州,吉辇县,,
5.00503,100.51074,马来西亚,霹雳州,吉辇县,,
5.08507,100.67771,马来西亚,霹雳州,吉辇县,,
5.11873,100.65191,马来西亚,霹雳州,吉辇县,,
5.1333,100.64401,马来西亚,霹雳州,拉律峇登司南马县,,
5.15465,100.66487,马来西亚,霹雳州,拉律峇登司南马县,,
5.6386,102.78082,马来西亚,登嘉樓州,士兆县,,
5.61151,102.80823,马来西亚,登嘉樓州,士兆县,,
5.59588,102.77447,马来西亚,登嘉樓州,士兆县,,
5.56907,102.76943,马来西亚,登嘉樓州,士兆县,,
5.5423,102.77975,马来西亚,登嘉樓州,士兆县,,
5.50836,102.78171,马来西亚,登嘉樓州,士兆县,,Taman Putera Jaya
5.57096,102.85022,马来西亚,登嘉樓州,士兆县,,
5.57932,102.84354,马来西亚,登嘉樓州,士兆县,,
5.59539,102.82537,马来西亚,登嘉樓州,士兆县,,
5.52496,102.907,马来西亚,登嘉樓州,士兆县,,
5.52206,102.89767,马来西亚,登嘉樓州,士兆县,,
5.52039,102.93564,马来西亚,登嘉樓州,士兆县,,
5.52229,102.94588,马来西亚,登嘉樓州,士兆县,,
5.5553,102.86238,马来西亚,登嘉樓州,士兆县,,
5.63479,102.78521,马来西亚,登嘉樓州,士兆县,,
5.1408,100.51937,马来西亚,吉打州,万拉峇鲁县,,
5.10582,100.56042,马来西亚,吉打州,万拉峇鲁县,,
5.12648,100.51728,马来西亚,吉打州,万拉峇鲁县,,
5.12065,100.56071,马来西亚,吉打州,万拉峇鲁县,,
5.10035,100.54048,马来西亚,吉打州,万拉峇鲁县,,
5.0986,100.53637,马来西亚,吉打州,万拉峇鲁县,,
5.09831,100.52796,马来西亚,吉打州,万拉峇鲁县,,
5.6333,102.50519,马来西亚,登嘉樓州,勿述县,,
5.58121,102.74666,马来西亚,登嘉樓州,士兆县,,
5.83021,102.54215,马来西亚,登嘉樓州,勿述县,,
5.82611,102.54005,马来西亚,登嘉樓州,勿述县,,
5.82269,102.52158,马来西亚,登嘉樓州,勿述县,,
5.81926,102.56648,马来西亚,登嘉樓州,勿述县,,
5.82003,102.57228,马来西亚,登嘉樓州,勿述县,,
5.80271,102.55086,马来西亚,登嘉樓州,勿述县,,
5.80035,102.54607,马来西亚,登嘉樓州,勿述县,,
5.79822,102.5755,马来西亚,登嘉樓州,勿述县,,
5.79357,102.58609,马来西亚,登嘉樓州,勿述县,,
5.78905,102.60059,马来西亚,登嘉樓州,勿述县,,
5.78919,102.57591,马来西亚,登嘉樓州,勿述县,,
5.78177,102.58616,马来西亚,登嘉樓州,勿述县,,
5.77901,102.60477,马来西亚,登嘉樓州,勿述县,,
5.75329,102.61941,马来西亚,登嘉樓州,勿述县,,
5.75574,102.60302,马来西亚,登嘉樓州,勿述县,,
5.76051,102.60174,马来西亚,登嘉樓州,勿述县,,
5.76772,102.60681,马来西亚,登嘉樓州,勿述县,,Taman Sri Medang 2
5.75359,102.58137,马来西亚,登嘉樓州,勿述县,,
5.75592,102.57065,马来西亚,登嘉樓州,勿述县,,
5.75289,102.54529,马来西亚,登嘉樓州,勿述县,,
5.76684,102.54893,马来西亚,登嘉樓州,勿述县,,
5.77669,102.584,马来西亚,登嘉樓州,勿述县,,
5.75053,102.55999,马来西亚,登嘉樓州,勿述县,,
5.75848,102.55851,马来西亚,登嘉樓州,勿述县,,
5.76111,102.57543,马来西亚,登嘉樓州,勿述县,,
5.75113,102.52661,马来西亚,登嘉樓州,勿述县,,
5.75552,102.51292,马来西亚,登嘉樓州,勿述县,,
5.7597,102.50402,马来西亚,登嘉樓州,勿述县,,
5.77844,102.51144,马来西亚,登嘉樓州,勿述县,,
5.77096,102.51832,马来西亚,登嘉樓州,勿述县,,
5.77743,102.52277,马来西亚,登嘉樓州,勿述县,,
5.77912,102.56084,马来西亚,登嘉樓州,勿述县,,
5.79823,102.53884,马来西亚,登嘉樓州,勿述县,,
5.78404,102.54701,马来西亚,登嘉樓州,勿述县,,
5.80105,102.58753,马来西亚,登嘉樓州,勿述县,,
5.77205,102.50257,马来西亚,登嘉樓州,勿述县,,
5.52019,102.83624,马来西亚,登嘉樓州,士兆县,,
5.25,102.0,马来西亚,吉兰丹州,瓜拉吉赖县,,
5.22323,115.13551,马来西亚,纳闽,,,
4.12557,103.39388,马来西亚,彭亨州,关丹县,,
4.80086,118.09906,马来西亚,沙巴州,古纳,,
4.89815,118.15435,马来西亚,沙巴州,拿笃,,
4.96504,118.20345,马来西亚,沙巴州,拿笃,,
4.49748,118.5269,马来西亚,沙巴州,仙本那,,
4.48748,118.60609,马来西亚,沙巴州,仙本那,,
4.48978,118.65018,马来西亚,沙巴州,仙本那,,
4.49218,118.65988,马来西亚,沙巴州,仙本那,,
6.43462,117.54845,马来西亚,沙巴州,比鲁兰,,
6.27543,117.53735,马来西亚,沙巴州,比鲁兰,,
6.2324,117.727,马来西亚,沙巴州,比鲁兰,,
4.47458,118.63268,马来西亚,沙巴州,仙本那,,
4.46898,118.62308,马来西亚,沙巴州,仙本那,,
4.48188,118.5219,马来西亚,沙巴州,仙本那,,
4.46518,118.5216,马来西亚,沙巴州,仙本那,,
4.47238,118.56479,马来西亚,沙巴州,仙本那,,
4.47328,118.58229,马来西亚,沙巴州,仙本那,,
4.42648,118.66218,马来西亚,沙巴州,仙本那,,
4.42459,118.66278,马来西亚,沙巴州,仙本那,,
4.42159,118.66218,马来西亚,沙巴州,仙本那,,
4.45418,118.65078,马来西亚,沙巴州,仙本那,,
4.46478,118.59719,马来西亚,沙巴州,仙本那,,
4.45148,118.59859,马来西亚,沙巴州,仙本那,,
4.45218,118.58249,马来西亚,沙巴州,仙本那,,
4.44428,118.55359,马来西亚,沙巴州,仙本那,,
4.43648,118.54419,马来西亚,沙巴州,仙本那,,
4.41549,118.5143,马来西亚,沙巴州,仙本那,,
4.42549,118.55019,马来西亚,沙巴州,仙本那,,
4.37459,118.5066,马来西亚,沙巴州,仙本那,,
4.38799,118.58189,马来西亚,沙巴州,仙本那,,
4.42288,118.60649,马来西亚,沙巴州,仙本那,,
4.42568,118.60738,马来西亚,沙巴州,仙本那,,
4.42908,118.61059,马来西亚,沙巴州,仙本那,,
4.9792,118.5229,马来西亚,沙巴州,拿笃,,
4.5757,118.6943,马来西亚,沙巴州,,,
4.5537,118.5951,马来西亚,沙巴州,仙本那,,
4.5722,118.5808,马来西亚,沙巴州,,,
4.5451,118.5308,马来西亚,沙巴州,仙本那,,
4.5355,118.5376,马来西亚,沙巴州,,,
4.572,118.5097,马来西亚,沙巴州,,,
4.5198,118.5317,马来西亚,沙巴州,仙本那,,
4.5073,118.5399,马来西亚,沙巴州,仙本那,,
4.5202,118.5686,马来西亚,沙巴州,仙本那,,
4.5127,118.5786,马来西亚,沙巴州,仙本那,,
4.5056,118.5805,马来西亚,沙巴州,仙本那,,
4.5028,118.5777,马来西亚,沙巴州,仙本那,,
5.841,118.162,马来西亚,沙巴州,山打根县,,
5.6642,118.114,马来西亚,沙巴州,山打根县,,
5.6071,118.1369,马来西亚,沙巴州,山打根县,,
5.7162,118.2939,马来西亚,沙巴州,山打根县,,
5.487,118.2262,马来西亚,沙巴州,京那巴当岸,,
5.4313,118.1155,马来西亚,沙巴州,京那巴当岸,,
5.4214,118.229,马来西亚,沙巴州,京那巴当岸,,
5.4496,118.4979,马来西亚,沙巴州,京那巴当岸,,
6.0415,102.0109,马来西亚,吉兰丹州,巴西马县,,
5.6908,101.7759,马来西亚,吉兰丹州,日里县,,
6.04828,102.39644,马来西亚,吉兰丹州,万捷县,,
5.9613,102.3473,马来西亚,吉兰丹州,万捷县,,
5.7348,101.7361,马来西亚,吉兰丹州,日里县,,
5.71152,102.15105,马来西亚,吉兰丹州,马樟县,,
5.6759,101.8356,马来西亚,吉兰丹州,日里县,,
5.85823,101.93323,马来西亚,吉兰丹州,丹那美拉县,,
5.92879,102.24739,马来西亚,吉兰丹州,哥打峇鲁县,柯拉娜,
6.03338,102.36352,马来西亚,吉兰丹州,万捷县,,
5.7486,102.44497,马来西亚,登嘉樓州,勿述县,,
5.94195,102.42043,马来西亚,吉兰丹州,万捷县,,
6.21428,102.22752,马来西亚,吉兰丹州,道北县,,
6.08952,102.22368,马来西亚,吉兰丹州,哥打峇鲁县,,
5.69405,101.73225,马来西亚,吉兰丹州,日里县,,
5.71493,101.88417,马来西亚,吉兰丹州,日里县,,
5.67896,102.21598,马来西亚,吉兰丹州,马樟县,,
6.0281,102.02,马来西亚,吉兰丹州,巴西马县,,
5.6944,101.8699,马来西亚,吉兰丹州,日里县,,
5.85072,101.93031,马来西亚,吉兰丹州,丹那美拉县,,
5.87152,102.24195,马来西亚,吉兰丹州,马樟县,,
6.04737,102.33382,马来西亚,吉兰丹州,万捷县,,
5.97437,102.31054,马来西亚,吉兰丹州,哥打峇鲁县,,
6.21437,102.2383,马来西亚,吉兰丹州,哥打峇鲁县,,
5.67933,101.71547,马来西亚,吉兰丹州,日里县,,
5.58762,101.81001,马来西亚,吉兰丹州,日里县,,
5.65983,102.15328,马来西亚,吉兰丹州,马樟县,,
6.0307,102.0242,马来西亚,吉兰丹州,巴西马县,,
5.85488,101.93691,马来西亚,吉兰丹州,丹那美拉县,,
5.80757,102.19121,马来西亚,吉兰丹州,马樟县,,
6.07642,102.33769,马来西亚,吉兰丹州,万捷县,,
5.69573,102.4941,马来西亚,登嘉樓州,勿述县,,
5.85928,102.32391,马来西亚,吉兰丹州,巴西富地县,,
6.21131,102.24088,马来西亚,吉兰丹州,哥打峇鲁县,,
6.2046,102.15532,马来西亚,吉兰丹州,道北县,,
5.64987,101.71694,马来西亚,吉兰丹州,日里县,,
5.49228,101.87059,马来西亚,吉兰丹州,日里县,,
5.57837,102.22934,马来西亚,吉兰丹州,瓜拉吉赖县,,
5.87398,101.9494,马来西亚,吉兰丹州,丹那美拉县,,
5.83002,102.20416,马来西亚,吉兰丹州,马樟县,,
6.05581,102.29885,马来西亚,吉兰丹州,哥打峇鲁县,,
5.73072,102.47084,马来西亚,登嘉樓州,勿述县,,
5.84523,102.40658,马来西亚,吉兰丹州,巴西富地县,,
6.16378,102.09205,马来西亚,吉兰丹州,道北县,,
5.62839,102.04356,马来西亚,吉兰丹州,丹那美拉县,,
5.6752,102.0363,马来西亚,吉兰丹州,丹那美拉县,,
5.82727,101.9289,马来西亚,吉兰丹州,丹那美拉县,,
5.8398,102.18231,马来西亚,吉兰丹州,马樟县,,
6.11196,102.37861,马来西亚,吉兰丹州,万捷县,,
5.71764,102.46712,马来西亚,登嘉樓州,勿述县,,
5.86052,102.4524,马来西亚,吉兰丹州,巴西富地县,,
6.10031,102.10124,马来西亚,吉兰丹州,巴西马县,,
5.73383,102.06959,马来西亚,吉兰丹州,丹那美拉县,,
6.0061,102.0001,马来西亚,吉兰丹州,巴西马县,,
5.6661,102.0345,马来西亚,吉兰丹州,丹那美拉县,,
5.78777,102.1603,马来西亚,吉兰丹州,马樟县,,
6.13442,102.36713,马来西亚,吉兰丹州,万捷县,,
5.72568,102.44472,马来西亚,登嘉樓州,勿述县,,
5.81592,102.48005,马来西亚,吉兰丹州,巴西富地县,,
6.09209,102.0991,马来西亚,吉兰丹州,巴西马县,,
5.69371,102.20672,马来西亚,吉兰丹州,马樟县,,
6.0006,101.9907,马来西亚,吉兰丹州,巴西马县,,
5.84377,101.9818,马来西亚,吉兰丹州,丹那美拉县,,
5.98644,102.06099,马来西亚,吉兰丹州,巴西马县,,
6.17645,102.3277,马来西亚,吉兰丹州,哥打峇鲁县,,
5.77727,102.34163,马来西亚,吉兰丹州,巴西富地县,,
6.12135,102.11502,马来西亚,吉兰丹州,巴西马县,,
6.0016,102.0019,马来西亚,吉兰丹州,巴西马县,,
5.82113,101.90917,马来西亚,吉兰丹州,丹那美拉县,,
5.85724,102.2678,马来西亚,吉兰丹州,马樟县,,
6.10113,102.14406,马来西亚,吉兰丹州,巴西马县,,
5.9973,102.0027,马来西亚,吉兰丹州,巴西马县,,
5.5001,101.8906,马来西亚,吉兰丹州,日里县,,
6.10693,102.2608,马来西亚,吉兰丹州,哥打峇鲁县,,Telipot
5.9713,102.36086,马来西亚,吉兰丹州,万捷县,,
6.07877,102.12041,马来西亚,吉兰丹州,巴西马县,,
5.6398,102.24275,马来西亚,吉兰丹州,瓜拉吉赖县,,
5.9982,102.011,马来西亚,吉兰丹州,巴西马县,,
5.84884,102.10926,马来西亚,吉兰丹州,丹那美拉县,,
6.18642,102.26744,马来西亚,吉兰丹州,哥打峇鲁县,,
5.92481,102.42163,马来西亚,吉兰丹州,万捷县,,
6.07683,102.0607,马来西亚,吉兰丹州,巴西马县,,
5.61445,102.21201,马来西亚,吉兰丹州,瓜拉吉赖县,,
5.9926,102.0197,马来西亚,吉兰丹州,巴西马县,,
5.7713,102.17351,马来西亚,吉兰丹州,马樟县,,
6.16404,102.30364,马来西亚,吉兰丹州,哥打峇鲁县,彭加兰芝柏,
5.94778,102.31296,马来西亚,吉兰丹州,万捷县,,
6.06995,102.07001,马来西亚,吉兰丹州,巴西马县,,
5.55123,102.21215,马来西亚,吉兰丹州,瓜拉吉赖县,,
5.9679,101.985,马来西亚,吉兰丹州,巴西马县,,
5.81509,102.22067,马来西亚,吉兰丹州,马樟县,,
6.13002,102.28137,马来西亚,吉兰丹州,哥打峇鲁县,,
5.91095,102.31221,马来西亚,吉兰丹州,巴西富地县,,
6.05443,102.06125,马来西亚,吉兰丹州,巴西马县,,
5.50677,102.22199,马来西亚,吉兰丹州,瓜拉吉赖县,,
5.89235,102.21175,马来西亚,吉兰丹州,马樟县,,
6.12871,102.328,马来西亚,吉兰丹州,哥打峇鲁县,,
5.9873,102.29568,马来西亚,吉兰丹州,哥打峇鲁县,,
5.61789,102.18284,马来西亚,吉兰丹州,瓜拉吉赖县,,
5.9771,101.961,马来西亚,吉兰丹州,巴西马县,,
5.6649,101.7692,马来西亚,吉兰丹州,日里县,,
5.94602,102.23352,马来西亚,吉兰丹州,哥打峇鲁县,,
6.0992,102.33853,马来西亚,吉兰丹州,万捷县,,
5.8474,102.46214,马来西亚,吉兰丹州,巴西富地县,,
5.66302,102.03164,马来西亚,吉兰丹州,丹那美拉县,,
5.93157,102.17453,马来西亚,吉兰丹州,巴西马县,,
6.09667,102.37956,马来西亚,吉兰丹州,万捷县,,
5.78115,102.45,马来西亚,吉兰丹州,巴西富地县,,
5.56571,102.13885,马来西亚,吉兰丹州,瓜拉吉赖县,,
5.99072,102.12169,马来西亚,吉兰丹州,巴西马县,,
6.0687,102.3642,马来西亚,吉兰丹州,万捷县,,
5.7375,102.4626,马来西亚,登嘉樓州,勿述县,,Taman Saujana 1
5.8271,102.40694,马来西亚,吉兰丹州,巴西富地县,,
5.52374,102.2352,马来西亚,吉兰丹州,瓜拉吉赖县,,
5.6603,101.8661,马来西亚,吉兰丹州,日里县,,
5.92226,102.09162,马来西亚,吉兰丹州,巴西马县,,
6.0314,102.34336,马来西亚,吉兰丹州,万捷县,,
5.74652,102.45064,马来西亚,登嘉樓州,勿述县,,
5.78726,102.39503,马来西亚,吉兰丹州,巴西富地县,,
6.06754,102.10532,马来西亚,吉兰丹州,巴西马县,,
5.667,101.872,马来西亚,吉兰丹州,日里县,,
5.9741,102.0534,马来西亚,吉兰丹州,巴西马县,,
5.99958,102.40655,马来西亚,吉兰丹州,万捷县,,
5.78265,102.3277,马来西亚,吉兰丹州,巴西富地县,,
6.04804,102.10867,马来西亚,吉兰丹州,巴西马县,,
5.91971,102.1004,马来西亚,吉兰丹州,巴西马县,,
6.05957,102.32061,马来西亚,吉兰丹州,哥打峇鲁县,,
5.8329,102.35218,马来西亚,吉兰丹州,巴西富地县,,
6.04699,102.27716,马来西亚,吉兰丹州,哥打峇鲁县,巴西杜布,
5.84181,102.30268,马来西亚,吉兰丹州,巴西富地县,,
6.09661,102.26044,马来西亚,吉兰丹州,哥打峇鲁县,,
6.0279,102.18156,马来西亚,吉兰丹州,哥打峇鲁县,,
6.08549,102.25127,马来西亚,吉兰丹州,哥打峇鲁县,Wakaf Che Yeh,
6.00732,102.18859,马来西亚,吉兰丹州,哥打峇鲁县,,
5.69707,102.48119,马来西亚,登嘉樓州,勿述县,,
6.02788,102.24117,马来西亚,吉兰丹州,哥打峇鲁县,,
5.652,102.0002,马来西亚,吉兰丹州,丹那美拉县,,
5.6952,102.47361,马来西亚,登嘉樓州,勿述县,,
6.03651,102.24603,马来西亚,吉兰丹州,哥打峇鲁县,Kedai Mulong,
5.78194,102.49451,马来西亚,登嘉樓州,勿述县,,
6.07203,102.19362,马来西亚,吉兰丹州,巴西马县,,Kampung Hutan Cengal
5.6543,101.7943,马来西亚,吉兰丹州,日里县,,
6.14844,102.20212,马来西亚,吉兰丹州,道北县,,Kampung Padang Tembesu
5.6175,101.8812,马来西亚,吉兰丹州,日里县,,
5.77947,102.49527,马来西亚,登嘉樓州,勿述县,,
6.17168,102.17328,马来西亚,吉兰丹州,道北县,,
5.73257,102.4966,马来西亚,登嘉樓州,勿述县,,
5.76641,102.49265,马来西亚,登嘉樓州,勿述县,,
6.20101,102.13521,马来西亚,吉兰丹州,道北县,,
5.6035,101.8859,马来西亚,吉兰丹州,日里县,,
5.72738,102.49527,马来西亚,登嘉樓州,勿述县,,Taman Desa Tanjung
5.76503,102.47166,马来西亚,登嘉樓州,勿述县,,
6.16958,102.11527,马来西亚,吉兰丹州,道北县,,
5.71393,102.48015,马来西亚,登嘉樓州,勿述县,,Taman Desa Tanjung
5.75894,102.48588,马来西亚,登嘉樓州,勿述县,,
6.18566,102.22203,马来西亚,吉兰丹州,道北县,,Kampung Kok Majid
5.70955,102.48272,马来西亚,登嘉樓州,勿述县,,
5.581,101.8833,马来西亚,吉兰丹州,日里县,,
5.92535,102.46101,马来西亚,吉兰丹州,万捷县,,
6.18645,102.09235,马来西亚,吉兰丹州,道北县,,
5.5654,101.8887,马来西亚,吉兰丹州,日里县,,
5.67564,102.49941,马来西亚,登嘉樓州,勿述县,,
6.00106,102.20466,马来西亚,吉兰丹州,哥打峇鲁县,,
6.20087,102.11942,马来西亚,吉兰丹州,道北县,,
5.61898,102.47705,马来西亚,登嘉樓州,勿述县,,
6.20147,102.17623,马来西亚,吉兰丹州,道北县,,
5.60468,102.48468,马来西亚,登嘉樓州,勿述县,,
5.4645,101.9049,马来西亚,吉兰丹州,日里县,,
6.01848,102.12426,马来西亚,吉兰丹州,巴西马县,,
5.4443,101.9145,马来西亚,吉兰丹州,日里县,,
6.16841,102.22934,马来西亚,吉兰丹州,道北县,,Kampung Gerong
5.59447,102.49476,马来西亚,登嘉樓州,勿述县,,
6.22966,102.10028,马来西亚,吉兰丹州,道北县,,
5.4907,101.8922,马来西亚,吉兰丹州,日里县,,
5.57911,102.49512,马来西亚,登嘉樓州,勿述县,,
5.57711,102.48368,马来西亚,登嘉樓州,勿述县,,
5.56759,102.48388,马来西亚,登嘉樓州,勿述县,,
5.55537,102.47334,马来西亚,登嘉樓州,勿述县,,
5.5438,102.48933,马来西亚,登嘉樓州,勿述县,,
5.53866,102.49616,马来西亚,登嘉樓州,勿述县,,
5.53649,102.47817,马来西亚,登嘉樓州,勿述县,,
5.51216,102.48074,马来西亚,登嘉樓州,勿述县,,
5.52238,102.46261,马来西亚,登嘉樓州,勿述县,,
5.64888,102.47355,马来西亚,登嘉樓州,勿述县,,
5.69111,102.47248,马来西亚,登嘉樓州,勿述县,,
5.58353,102.5187,马来西亚,登嘉樓州,勿述县,,
5.55132,102.26453,马来西亚,吉兰丹州,瓜拉吉赖县,,
5.5731,102.26796,马来西亚,吉兰丹州,瓜拉吉赖县,,
5.60928,102.27269,马来西亚,吉兰丹州,瓜拉吉赖县,,
5.62027,102.26393,马来西亚,吉兰丹州,瓜拉吉赖县,,
5.71528,102.32837,马来西亚,吉兰丹州,马樟县,,
6.7471,117.4752,马来西亚,沙巴州,比鲁兰,,
6.6537,117.2747,马来西亚,沙巴州,必达士,,
6.6435,117.2585,马来西亚,沙巴州,必达士,,
6.6183,117.2605,马来西亚,沙巴州,必达士,,
6.6238,117.268,马来西亚,沙巴州,必达士,,
6.5989,117.3533,马来西亚,沙巴州,比鲁兰,,
6.5947,117.2925,马来西亚,沙巴州,比鲁兰,,
6.5895,117.2661,马来西亚,沙巴州,必达士,,
6.5793,117.3195,马来西亚,沙巴州,比鲁兰,,
6.5471,117.314,马来西亚,沙巴州,比鲁兰,,
6.5364,117.3007,马来西亚,沙巴州,比鲁兰,,
6.7429,117.061,马来西亚,沙巴州,必达士,,
6.7428,117.091,马来西亚,沙巴州,必达士,,
6.7477,117.2246,马来西亚,沙巴州,必达士,,
6.737,117.1075,马来西亚,沙巴州,必达士,,
6.7287,117.0771,马来西亚,沙巴州,必达士,,
6.7234,117.209,马来西亚,沙巴州,必达士,,
6.7173,117.2386,马来西亚,沙巴州,必达士,,
6.7174,117.0906,马来西亚,沙巴州,必达士,,
6.7226,117.0695,马来西亚,沙巴州,必达士,,
6.7224,117.0387,马来西亚,沙巴州,必达士,,
6.7095,117.0274,马来西亚,沙巴州,必达士,,Pekan Baru Pitas
6.7103,117.1103,马来西亚,沙巴州,必达士,,
6.7018,117.0796,马来西亚,沙巴州,必达士,,
6.699,117.0674,马来西亚,沙巴州,必达士,,
6.6931,117.0919,马来西亚,沙巴州,必达士,,
6.6893,117.1284,马来西亚,沙巴州,必达士,,
6.6851,117.2199,马来西亚,沙巴州,必达士,,
6.6677,117.0153,马来西亚,沙巴州,必达士,,
6.6599,117.0228,马来西亚,沙巴州,必达士,,
6.6574,117.1146,马来西亚,沙巴州,必达士,,
6.646,117.2135,马来西亚,沙巴州,必达士,,
6.6511,117.0609,马来西亚,沙巴州,必达士,,
6.6479,117.0143,马来西亚,沙巴州,必达士,,
6.6361,117.0446,马来西亚,沙巴州,必达士,,
6.637,117.2192,马来西亚,沙巴州,必达士,,
6.6329,117.2459,马来西亚,沙巴州,必达士,,
6.6297,117.0884,马来西亚,沙巴州,必达士,,
6.632,117.0652,马来西亚,沙巴州,必达士,,
6.6253,117.0684,马来西亚,沙巴州,必达士,,
6.6318,117.0257,马来西亚,沙巴州,必达士,,
6.6169,117.2036,马来西亚,沙巴州,必达士,,
6.6244,117.2222,马来西亚,沙巴州,必达士,,
6.6093,117.0344,马来西亚,沙巴州,必达士,,
6.6027,117.2185,马来西亚,沙巴州,必达士,,
6.6062,117.244,马来西亚,沙巴州,必达士,,
6.5792,117.0081,马来西亚,沙巴州,必达士,,
6.3155,116.36,马来西亚,沙巴州,古打毛律,,
6.3353,116.3924,马来西亚,沙巴州,古打毛律,,
6.4235,116.4661,马来西亚,沙巴州,古打毛律,,
6.4184,116.4708,马来西亚,沙巴州,古打毛律,,
6.413,116.4231,马来西亚,沙巴州,古打毛律,,
6.4096,116.4222,马来西亚,沙巴州,古打毛律,,
6.3993,116.4386,马来西亚,沙巴州,古打毛律,,
6.3916,116.4155,马来西亚,沙巴州,古打毛律,,
6.3912,116.3767,马来西亚,沙巴州,古打毛律,,
6.3863,116.4553,马来西亚,沙巴州,古打毛律,,
6.3819,116.386,马来西亚,沙巴州,古打毛律,,
6.3716,116.3238,马来西亚,沙巴州,古打毛律,,
6.37,116.4218,马来西亚,沙巴州,古打毛律,,
6.3641,116.4344,马来西亚,沙巴州,古打毛律,,
6.3677,116.44583,马来西亚,沙巴州,古打毛律,,
6.37,116.4576,马来西亚,沙巴州,古打毛律,,
6.3602,116.4539,马来西亚,沙巴州,古打毛律,,
6.3564,116.4243,马来西亚,沙巴州,古打毛律,,
6.3487,116.4065,马来西亚,沙巴州,古打毛律,,Taman Nikmat
6.3466,116.4242,马来西亚,沙巴州,古打毛律,,
6.3441,116.4285,马来西亚,沙巴州,古打毛律,,
6.3499,116.4369,马来西亚,沙巴州,古打毛律,,
6.3443,116.4377,马来西亚,沙巴州,古打毛律,,
6.3425,116.4384,马来西亚,沙巴州,古打毛律,,
6.3523,116.4477,马来西亚,沙巴州,古打毛律,,
6.25,116.4638,马来西亚,沙巴州,古打毛律,,
6.33976,116.38507,马来西亚,沙巴州,古打毛律,,
6.3378,116.3302,马来西亚,沙巴州,古打毛律,,
6.3143,116.3461,马来西亚,沙巴州,古打毛律,,
6.2552,116.3349,马来西亚,沙巴州,斗亚兰,,
6.3048,116.3679,马来西亚,沙巴州,古打毛律,,
6.3043,116.3631,马来西亚,沙巴州,古打毛律,,
6.30207,116.35862,马来西亚,沙巴州,古打毛律,,
6.2799,116.4582,马来西亚,沙巴州,古打毛律,,
6.2726,116.4845,马来西亚,沙巴州,古打毛律,,
6.261,116.475,马来西亚,沙巴州,古打毛律,,
6.2428,117.123,马来西亚,沙巴州,比鲁兰,,
6.2416,117.1333,马来西亚,沙巴州,比鲁兰,,
6.2323,117.1412,马来西亚,沙巴州,比鲁兰,,
6.2168,117.1537,马来西亚,沙巴州,比鲁兰,,
6.1983,117.2483,马来西亚,沙巴州,比鲁兰,,
6.1986,117.2431,马来西亚,沙巴州,比鲁兰,,
6.1968,117.1768,马来西亚,沙巴州,比鲁兰,,
6.1844,117.1815,马来西亚,沙巴州,比鲁兰,,
6.1813,117.1902,马来西亚,沙巴州,比鲁兰,,
6.1688,117.218,马来西亚,沙巴州,比鲁兰,,
6.1547,117.2001,马来西亚,沙巴州,比鲁兰,,
6.15,117.1949,马来西亚,沙巴州,比鲁兰,,
6.1376,117.1895,马来西亚,沙巴州,比鲁兰,,
6.1311,117.1709,马来西亚,沙巴州,比鲁兰,,
6.1275,117.1773,马来西亚,沙巴州,比鲁兰,,
6.1284,117.1757,马来西亚,沙巴州,比鲁兰,,
6.1295,117.1607,马来西亚,沙巴州,比鲁兰,,
6.1197,117.155,马来西亚,沙巴州,比鲁兰,,
6.1205,117.1448,马来西亚,沙巴州,比鲁兰,,
6.1178,117.1465,马来西亚,沙巴州,比鲁兰,,
6.1183,117.1433,马来西亚,沙巴州,比鲁兰,,
6.111,117.0088,马来西亚,沙巴州,兰瑙,,
6.1124,117.0192,马来西亚,沙巴州,兰瑙,,
6.1079,117.0267,马来西亚,沙巴州,兰瑙,,
6.107,117.0636,马来西亚,沙巴州,兰瑙,,
6.1056,117.0529,马来西亚,沙巴州,兰瑙,,
6.1059,117.0462,马来西亚,沙巴州,兰瑙,,
5.4732,115.836,马来西亚,沙巴州,保佛,,
5.4175,115.8393,马来西亚,沙巴州,保佛,,
5.4898,115.7706,马来西亚,沙巴州,保佛,,
5.4905,115.7783,马来西亚,沙巴州,保佛,,
5.4866,115.7787,马来西亚,沙巴州,保佛,,
5.4851,115.765,马来西亚,沙巴州,保佛,,
5.4928,115.7776,马来西亚,沙巴州,保佛,,
5.497,115.7788,马来西亚,沙巴州,保佛,,
5.4931,115.7839,马来西亚,沙巴州,保佛,,
5.4875,115.7841,马来西亚,沙巴州,保佛,,
5.4859,115.7827,马来西亚,沙巴州,保佛,,
5.4853,115.7845,马来西亚,沙巴州,保佛,,
5.4848,115.7723,马来西亚,沙巴州,保佛,,
5.4795,115.7667,马来西亚,沙巴州,保佛,,
5.4798,115.7837,马来西亚,沙巴州,保佛,,
5.4825,115.7947,马来西亚,沙巴州,保佛,,
5.4937,115.7879,马来西亚,沙巴州,保佛,,
5.4959,115.7989,马来西亚,沙巴州,保佛,,
5.4936,115.7927,马来西亚,沙巴州,保佛,,
5.4919,115.7932,马来西亚,沙巴州,保佛,,
5.4887,115.794,马来西亚,沙巴州,保佛,,
5.4811,115.7984,马来西亚,沙巴州,保佛,,
5.478,115.8017,马来西亚,沙巴州,保佛,,
5.4898,115.8089,马来西亚,沙巴州,保佛,,
5.4933,115.8069,马来西亚,沙巴州,保佛,,
5.4968,115.8048,马来西亚,沙巴州,保佛,,
5.4982,115.8085,马来西亚,沙巴州,保佛,,
5.4949,115.8172,马来西亚,沙巴州,保佛,,
5.494,115.818,马来西亚,沙巴州,保佛,,
5.4911,115.8205,马来西亚,沙巴州,保佛,,
5.4887,115.8101,马来西亚,沙巴州,保佛,,
5.4848,115.8114,马来西亚,沙巴州,保佛,,
5.4868,115.8261,马来西亚,沙巴州,保佛,,
5.4838,115.8219,马来西亚,沙巴州,保佛,,
5.4793,115.8136,马来西亚,沙巴州,保佛,,
5.4769,115.8106,马来西亚,沙巴州,保佛,,
5.4788,115.7891,马来西亚,沙巴州,保佛,,
5.4717,115.7868,马来西亚,沙巴州,保佛,,
5.471,115.8089,马来西亚,沙巴州,保佛,,
5.4808,115.8269,马来西亚,沙巴州,保佛,,
5.4852,115.8354,马来西亚,沙巴州,,,
5.496,115.8383,马来西亚,沙巴州,,,
5.4802,115.8443,马来西亚,沙巴州,,,
5.4647,115.8559,马来西亚,沙巴州,,,
5.4667,115.8123,马来西亚,沙巴州,保佛,,
5.466,115.7885,马来西亚,沙巴州,保佛,,
5.4648,115.7879,马来西亚,沙巴州,保佛,,
5.4648,115.7799,马来西亚,沙巴州,保佛,,
5.4537,115.8167,马来西亚,沙巴州,保佛,,
5.4442,115.8231,马来西亚,沙巴州,保佛,,
5.4367,115.8426,马来西亚,沙巴州,保佛,,
5.422,115.8374,马来西亚,沙巴州,保佛,,
5.4101,115.759,马来西亚,沙巴州,保佛,,
5.4054,115.8353,马来西亚,沙巴州,保佛,,
5.3966,115.8366,马来西亚,沙巴州,保佛,,
5.3332,115.7677,马来西亚,沙巴州,保佛,,
5.3219,115.7616,马来西亚,沙巴州,保佛,,
5.4683,115.841,马来西亚,沙巴州,,,
6.7318,116.8135,马来西亚,沙巴州,古达,,
6.731,116.7682,马来西亚,沙巴州,古达,,
6.718,116.7903,马来西亚,沙巴州,古达,,
6.7062,116.9823,马来西亚,沙巴州,必达士,,
5.7281,116.9539,马来西亚,沙巴州,兰瑙,,
5.2759,116.9318,马来西亚,沙巴州,东革,,
5.2814,117.5521,马来西亚,沙巴州,京那巴当岸,,
6.6968,116.7852,马来西亚,沙巴州,古达,,
6.7007,116.7599,马来西亚,沙巴州,古达,,
6.6888,116.981,马来西亚,沙巴州,必达士,,
6.68,116.9517,马来西亚,沙巴州,必达士,,
6.6852,116.7879,马来西亚,沙巴州,古达,,
6.6818,116.7628,马来西亚,沙巴州,古达,,
6.662,116.9188,马来西亚,沙巴州,必达士,,
6.6513,116.9257,马来西亚,沙巴州,必达士,,
6.6381,116.8964,马来西亚,沙巴州,必达士,,
6.6366,116.9112,马来西亚,沙巴州,必达士,,
6.6316,116.9562,马来西亚,沙巴州,必达士,,
6.6226,116.884,马来西亚,沙巴州,必达士,,
6.6194,116.9333,马来西亚,沙巴州,必达士,,
6.6094,116.9183,马来西亚,沙巴州,必达士,,
6.5937,116.9217,马来西亚,沙巴州,哥打马鲁都,,
6.5761,116.8697,马来西亚,沙巴州,哥打马鲁都,,
6.5527,116.9785,马来西亚,沙巴州,必达士,,
6.5452,116.9964,马来西亚,沙巴州,必达士,,
6.545,116.9118,马来西亚,沙巴州,哥打马鲁都,,
6.5247,116.7943,马来西亚,沙巴州,哥打马鲁都,,
6.5164,116.9427,马来西亚,沙巴州,哥打马鲁都,,
6.511,116.9379,马来西亚,沙巴州,哥打马鲁都,,
6.5209,116.7882,马来西亚,沙巴州,哥打马鲁都,,
6.5115,116.795,马来西亚,沙巴州,哥打马鲁都,,
6.51,116.8963,马来西亚,沙巴州,哥打马鲁都,,
6.3149,116.5378,马来西亚,沙巴州,古打毛律,,
6.3318,116.6193,马来西亚,沙巴州,古打毛律,,
6.3377,116.5851,马来西亚,沙巴州,古打毛律,,
6.3125,116.5643,马来西亚,沙巴州,古打毛律,,
6.3097,116.5769,马来西亚,沙巴州,古打毛律,,
6.2927,116.6197,马来西亚,沙巴州,古打毛律,,
6.3319,116.6869,马来西亚,沙巴州,哥打马鲁都,,
6.0321,116.1968,马来西亚,沙巴州,亚庇,,
6.1174,116.1955,马来西亚,沙巴州,斗亚兰,,
6.2005,116.179,马来西亚,沙巴州,斗亚兰,,
6.0431,116.1566,马来西亚,沙巴州,亚庇,,
5.3485,101.9813,马来西亚,吉兰丹州,瓜拉吉赖县,,
5.4206,101.9442,马来西亚,吉兰丹州,日里县,,
5.4217,101.9472,马来西亚,吉兰丹州,日里县,,
5.4179,101.9583,马来西亚,吉兰丹州,日里县,,
5.4132,101.9915,马来西亚,吉兰丹州,瓜拉吉赖县,,
5.1581,101.9695,马来西亚,吉兰丹州,话望生县,,
5.3634,101.9737,马来西亚,吉兰丹州,瓜拉吉赖县,,
5.3262,102.0187,马来西亚,吉兰丹州,瓜拉吉赖县,,
5.2738,102.0088,马来西亚,吉兰丹州,瓜拉吉赖县,,
5.2581,102.0101,马来西亚,吉兰丹州,瓜拉吉赖县,,
5.2474,102.025,马来西亚,吉兰丹州,瓜拉吉赖县,,
5.2477,102.0099,马来西亚,吉兰丹州,瓜拉吉赖县,,
5.2137,102.0127,马来西亚,吉兰丹州,瓜拉吉赖县,,
5.1796,102.0296,马来西亚,吉兰丹州,话望生县,,
5.1715,102.0083,马来西亚,吉兰丹州,话望生县,,
5.1575,102.0202,马来西亚,吉兰丹州,话望生县,,
5.3042,102.0092,马来西亚,吉兰丹州,瓜拉吉赖县,,
5.3936,102.8629,马来西亚,登嘉樓州,士兆县,,
5.3968,102.8869,马来西亚,登嘉樓州,士兆县,,
5.4044,103.0024,马来西亚,登嘉樓州,瓜拉尼鲁斯县,,
5.3955,103.0183,马来西亚,登嘉樓州,瓜拉尼鲁斯县,,
5.4073,103.0367,马来西亚,登嘉樓州,瓜拉尼鲁斯县,,
5.403,103.0377,马来西亚,登嘉樓州,瓜拉尼鲁斯县,,
5.4204,103.0733,马来西亚,登嘉樓州,瓜拉尼鲁斯县,,
5.4171,103.0831,马来西亚,登嘉樓州,瓜拉尼鲁斯县,,
5.4014,103.086,马来西亚,登嘉樓州,瓜拉尼鲁斯县,贡巴达,Kampung Kubang Badak
5.3915,103.0977,马来西亚,登嘉樓州,瓜拉尼鲁斯县,贡巴达,
5.3755,103.1038,马来西亚,登嘉樓州,瓜拉尼鲁斯县,,
5.3721,103.1166,马来西亚,登嘉樓州,瓜拉尼鲁斯县,,
5.3762,103.0518,马来西亚,登嘉樓州,瓜拉尼鲁斯县,,
5.3735,103.0411,马来西亚,登嘉樓州,瓜拉尼鲁斯县,,
5.3807,103.0336,马来西亚,登嘉樓州,瓜拉尼鲁斯县,,
5.3898,103.0353,马来西亚,登嘉樓州,瓜拉尼鲁斯县,,
5.3911,103.0185,马来西亚,登嘉樓州,瓜拉尼鲁斯县,,
5.3912,103.0121,马来西亚,登嘉樓州,瓜拉尼鲁斯县,,
5.3715,102.9037,马来西亚,登嘉樓州,士兆县,,
5.331,102.9428,马来西亚,登嘉樓州,瓜拉尼鲁斯县,,
5.358,103.09,马来西亚,登嘉樓州,瓜拉尼鲁斯县,Kampung Batu Enam,Kampung Tok Jiring
5.3503,103.0928,马来西亚,登嘉樓州,瓜拉尼鲁斯县,Kampung Batu Enam,Kampung Pak Katak
5.3531,103.0952,马来西亚,登嘉樓州,瓜拉尼鲁斯县,Kampung Batu Enam,Taman Desa Tanjung Permai
5.3514,103.1,马来西亚,登嘉樓州,瓜拉尼鲁斯县,Kampung Batu Enam,Taman Desa Tanjung Permai
5.3552,103.1163,马来西亚,登嘉樓州,瓜拉尼鲁斯县,,Kampung Tok Beng
5.3525,103.1171,马来西亚,登嘉樓州,瓜拉尼鲁斯县,,
5.3504,103.1215,马来西亚,登嘉樓州,瓜拉尼鲁斯县,,Kampung Batin
5.3472,103.1166,马来西亚,登嘉樓州,瓜拉尼鲁斯县,,
5.3264,103.1044,马来西亚,登嘉樓州,瓜拉尼鲁斯县,Kampung Bukit Tok Ris,Kampung Bukit Datu
5.3277,103.1085,马来西亚,登嘉樓州,瓜拉尼鲁斯县,Kampung Bukit Tok Ris,
5.3351,103.1065,马来西亚,登嘉樓州,瓜拉尼鲁斯县,Taman Perumahan Bukit Tunggal,
5.34,103.1052,马来西亚,登嘉樓州,瓜拉尼鲁斯县,Kampung Bukit Tok Ris,Kampung Tebauk
5.3472,103.1097,马来西亚,登嘉樓州,瓜拉尼鲁斯县,Taman Perumahan Bukit Tunggal,
5.3452,103.0947,马来西亚,登嘉樓州,瓜拉尼鲁斯县,Kampung Batu Enam,Kampung Pak Katak
5.3434,103.0604,马来西亚,登嘉樓州,瓜拉尼鲁斯县,,
5.3386,103.0564,马来西亚,登嘉樓州,瓜拉尼鲁斯县,,
5.33421,103.04203,马来西亚,登嘉樓州,瓜拉尼鲁斯县,,
5.2893,102.9651,马来西亚,登嘉樓州,瓜拉尼鲁斯县,,
5.32,102.8987,马来西亚,登嘉樓州,士兆县,,
5.3083,102.9099,马来西亚,登嘉樓州,瓜拉尼鲁斯县,,
5.2665,102.8911,马来西亚,登嘉樓州,士兆县,,
5.2301,102.8595,马来西亚,登嘉樓州,,,
5.1546,102.8733,马来西亚,登嘉樓州,,,
5.1648,102.917,马来西亚,登嘉樓州,士兆县,,
5.2298,102.9295,马来西亚,登嘉樓州,士兆县,,
5.2207,102.9468,马来西亚,登嘉樓州,士兆县,,
5.2222,102.9589,马来西亚,登嘉樓州,士兆县,,
5.2071,102.9677,马来西亚,登嘉樓州,士兆县,,
5.1584,103.01,马来西亚,登嘉樓州,,,
5.16613,103.01163,马来西亚,登嘉樓州,,,
5.21587,103.00924,马来西亚,登嘉樓州,,,
5.3203,103.1106,马来西亚,登嘉樓州,瓜拉登嘉楼,Kampung Losong Panglima Perang,Kampung Losong Lebai Salleh
5.3167,103.1104,马来西亚,登嘉樓州,瓜拉登嘉楼,Kampung Losong Panglima Perang,Kampung Losong Lebai Salleh
5.3168,103.0993,马来西亚,登嘉樓州,瓜拉登嘉楼县,Kampung Manir,
5.3064,103.1104,马来西亚,登嘉樓州,瓜拉登嘉楼,Kampung Losong Haji Mat Shafie,
5.3064,103.1075,马来西亚,登嘉樓州,瓜拉登嘉楼,Kampung Losong Haji Mat Shafie,Kampung Durian Burung
5.3033,103.1081,马来西亚,登嘉樓州,瓜拉登嘉楼县,Kampung Losong Haji Mat Shafie,Kampung Bukit Kubang Jambu
5.3061,103.1176,马来西亚,登嘉樓州,瓜拉登嘉楼县,Kampung Tok Kaya,
5.2968,103.1211,马来西亚,登嘉樓州,瓜拉登嘉楼县,Kampung Tok Ku Kir,
5.2961,103.1089,马来西亚,登嘉樓州,瓜拉登嘉楼,Kampung Tok Kaya,
5.2898,103.1201,马来西亚,登嘉樓州,瓜拉登嘉楼县,,
5.2872,103.1157,马来西亚,登嘉樓州,瓜拉登嘉楼县,,
5.2907,103.1141,马来西亚,登嘉樓州,瓜拉登嘉楼县,,
5.2871,103.112,马来西亚,登嘉樓州,瓜拉登嘉楼县,,
5.2741,103.1135,马来西亚,登嘉樓州,瓜拉登嘉楼县,,
5.2651,103.1004,马来西亚,登嘉樓州,瓜拉登嘉楼县,,
5.272,103.0829,马来西亚,登嘉樓州,瓜拉登嘉楼县,,
5.2558,103.0902,马来西亚,登嘉樓州,马江县,,
5.2692,103.0726,马来西亚,登嘉樓州,瓜拉登嘉楼县,,
5.2619,103.0555,马来西亚,登嘉樓州,瓜拉登嘉楼县,,
5.2516,103.0711,马来西亚,登嘉樓州,瓜拉登嘉楼,,
5.2555,103.0579,马来西亚,登嘉樓州,瓜拉登嘉楼县,,
5.2479,103.0678,马来西亚,登嘉樓州,瓜拉登嘉楼县,,
5.2465,103.0378,马来西亚,登嘉樓州,瓜拉登嘉楼县,,
5.2318,103.0801,马来西亚,登嘉樓州,马江县,,
5.2389,103.1071,马来西亚,登嘉樓州,马江县,,
5.2311,103.1168,马来西亚,登嘉樓州,马江县,,
5.2281,103.1172,马来西亚,登嘉樓州,马江县,,
5.2185,103.1164,马来西亚,登嘉樓州,马江县,,
5.2126,103.1008,马来西亚,登嘉樓州,马江县,,
5.2088,103.1028,马来西亚,登嘉樓州,马江县,,
5.2226,103.0882,马来西亚,登嘉樓州,马江县,,
5.2096,103.0713,马来西亚,登嘉樓州,马江县,,
5.2083,103.0567,马来西亚,登嘉樓州,马江县,,
5.19007,103.12046,马来西亚,登嘉樓州,马江县,,
5.273,103.0309,马来西亚,登嘉樓州,瓜拉登嘉楼县,,
5.2917,103.0224,马来西亚,登嘉樓州,瓜拉登嘉楼县,,
5.2931,103.0323,马来西亚,登嘉樓州,瓜拉登嘉楼县,,
5.31176,103.03018,马来西亚,登嘉樓州,瓜拉登嘉楼县,,
5.3092,103.038,马来西亚,登嘉樓州,瓜拉登嘉楼县,,
5.3206,103.0552,马来西亚,登嘉樓州,瓜拉登嘉楼,,
5.3408,103.0652,马来西亚,登嘉樓州,瓜拉登嘉楼,,
5.3383,103.0834,马来西亚,登嘉樓州,瓜拉登嘉楼,,Kampung Paya Datu
5.3287,103.0918,马来西亚,登嘉樓州,瓜拉登嘉楼县,,
5.3238,103.0835,马来西亚,登嘉樓州,瓜拉登嘉楼县,,
5.3151,103.0866,马来西亚,登嘉樓州,瓜拉登嘉楼县,Kampung Manir,Kampung Sekati
5.3263,103.0707,马来西亚,登嘉樓州,瓜拉登嘉楼县,,
5.3206,103.0766,马来西亚,登嘉樓州,瓜拉登嘉楼县,Kampung Manir,Kampung Kubang Jela
5.2977,103.0851,马来西亚,登嘉樓州,瓜拉登嘉楼县,Kampung Manir,
5.2909,103.0923,马来西亚,登嘉樓州,瓜拉登嘉楼县,,
5.2723,103.0682,马来西亚,登嘉樓州,瓜拉登嘉楼县,,
5.2808,103.0516,马来西亚,登嘉樓州,瓜拉登嘉楼县,,
5.2793,103.0482,马来西亚,登嘉樓州,瓜拉登嘉楼县,,
5.2722,103.0584,马来西亚,登嘉樓州,瓜拉登嘉楼县,,
5.133,101.5877,马来西亚,吉兰丹州,话望生县,,
5.1293,101.5897,马来西亚,吉兰丹州,话望生县,,
5.0894,101.6151,马来西亚,吉兰丹州,话望生县,,
5.0976,101.7619,马来西亚,吉兰丹州,话望生县,,
5.0348,101.7525,马来西亚,吉兰丹州,话望生县,,
5.0319,101.682,马来西亚,吉兰丹州,话望生县,,
5.0243,101.6635,马来西亚,吉兰丹州,话望生县,,
5.0234,101.6309,马来西亚,吉兰丹州,话望生县,,
5.0316,101.6047,马来西亚,吉兰丹州,话望生县,,
5.0151,101.5128,马来西亚,吉兰丹州,话望生县,,
5.004,101.523,马来西亚,吉兰丹州,话望生县,,
4.997,101.5323,马来西亚,吉兰丹州,Lojing,,
4.9988,101.5779,马来西亚,吉兰丹州,话望生县,,
4.9936,101.5751,马来西亚,吉兰丹州,话望生县,,
4.9567,101.5045,马来西亚,吉兰丹州,Lojing,,
4.9384,101.5288,马来西亚,吉兰丹州,Lojing,,
4.9464,101.5201,马来西亚,吉兰丹州,Lojing,,
4.9294,101.5554,马来西亚,吉兰丹州,Lojing,,
4.8917,101.7597,马来西亚,吉兰丹州,Lojing,,
3.5012,114.4353,马来西亚,砂拉越州,德朗乌山,,
3.73,114.4325,马来西亚,砂拉越州,德朗乌山,,
3.6707,114.2638,马来西亚,砂拉越州,柏鲁鲁,,
3.13688,114.45526,马来西亚,砂拉越州,柏鲁鲁,,
3.48475,115.20446,马来西亚,砂拉越州,美里,,
5.2149,117.5318,马来西亚,沙巴州,京那巴当岸,,
6.0067,116.586,马来西亚,沙巴州,兰瑙,,
6.00536,116.5446,马来西亚,沙巴州,兰瑙,,
6.4398,116.9967,马来西亚,沙巴州,哥打马鲁都,,
6.4335,117.0024,马来西亚,沙巴州,哥打马鲁都,,
6.3555,116.9949,马来西亚,沙巴州,哥打马鲁都,,
6.3518,116.9946,马来西亚,沙巴州,比鲁兰,,
6.3478,117.0006,马来西亚,沙巴州,比鲁兰,,
6.3745,116.7595,马来西亚,沙巴州,哥打马鲁都,,
6.4851,116.754,马来西亚,沙巴州,哥打马鲁都,,
6.4599,116.7668,马来西亚,沙巴州,哥打马鲁都,,
6.4551,116.7819,马来西亚,沙巴州,哥打马鲁都,,
6.4757,116.7647,马来西亚,沙巴州,哥打马鲁都,,
6.3861,116.7734,马来西亚,沙巴州,哥打马鲁都,,
6.3717,116.7738,马来西亚,沙巴州,哥打马鲁都,,
6.2865,116.7817,马来西亚,沙巴州,哥打马鲁都,,
6.2732,116.793,马来西亚,沙巴州,哥打马鲁都,,
6.4856,116.8175,马来西亚,沙巴州,哥打马鲁都,,
6.4788,116.8129,马来西亚,沙巴州,哥打马鲁都,,
6.4539,116.8023,马来西亚,沙巴州,哥打马鲁都,,
6.4309,116.8116,马来西亚,沙巴州,哥打马鲁都,,
6.4227,116.8256,马来西亚,沙巴州,哥打马鲁都,,
6.405,116.8129,马来西亚,沙巴州,哥打马鲁都,,
6.4813,116.8398,马来西亚,沙巴州,哥打马鲁都,,
6.3842,116.8475,马来西亚,沙巴州,哥打马鲁都,,
6.4589,116.8792,马来西亚,沙巴州,哥打马鲁都,,
6.4061,116.8715,马来西亚,沙巴州,哥打马鲁都,,
6.3419,116.909,马来西亚,沙巴州,哥打马鲁都,,
6.4651,116.9406,马来西亚,沙巴州,哥打马鲁都,,
6.344,116.9316,马来西亚,沙巴州,哥打马鲁都,,
6.3486,116.9456,马来西亚,沙巴州,哥打马鲁都,,
6.342,116.9442,马来西亚,沙巴州,哥打马鲁都,,
6.3326,116.9444,马来西亚,沙巴州,比鲁兰,,
6.3294,116.9551,马来西亚,沙巴州,比鲁兰,,
6.3222,116.9448,马来西亚,沙巴州,比鲁兰,,
6.3845,116.9811,马来西亚,沙巴州,哥打马鲁都,,
6.3714,116.9701,马来西亚,沙巴州,哥打马鲁都,,
6.3579,116.9778,马来西亚,沙巴州,哥打马鲁都,,
6.1741,116.9051,马来西亚,沙巴州,兰瑙,,
6.1677,116.926,马来西亚,沙巴州,兰瑙,,
6.178,116.8855,马来西亚,沙巴州,兰瑙,,
6.1683,116.8439,马来西亚,沙巴州,兰瑙,,
6.1679,116.8566,马来西亚,沙巴州,兰瑙,,
6.1488,116.9483,马来西亚,沙巴州,兰瑙,,
6.1153,116.9897,马来西亚,沙巴州,兰瑙,,
6.1073,116.9941,马来西亚,沙巴州,兰瑙,,
6.1073,116.9759,马来西亚,沙巴州,兰瑙,,SEKOLAH KEBANGSAAN KAINGARAN RANAU
6.0941,116.9597,马来西亚,沙巴州,兰瑙,,
6.1007,116.9811,马来西亚,沙巴州,兰瑙,,SEKOLAH KEBANGSAAN KAINGARAN RANAU
4.8905,101.8739,马来西亚,吉兰丹州,Lojing,,
5.1509,101.9954,马来西亚,吉兰丹州,话望生县,,
5.1276,102.0242,马来西亚,吉兰丹州,话望生县,,
5.1078,101.9745,马来西亚,吉兰丹州,话望生县,,
5.0956,101.9737,马来西亚,吉兰丹州,话望生县,,
5.0828,101.9696,马来西亚,吉兰丹州,话望生县,,
4.9438,101.7848,马来西亚,吉兰丹州,Lojing,,
4.9516,101.9319,马来西亚,吉兰丹州,话望生县,,
4.954,101.9632,马来西亚,吉兰丹州,话望生县,,
4.9165,101.7874,马来西亚,吉兰丹州,Lojing,,
4.9066,101.8224,马来西亚,吉兰丹州,Lojing,,
4.9049,101.9691,马来西亚,吉兰丹州,话望生县,,
4.89655,101.97025,马来西亚,吉兰丹州,话望生县,,
5.0295,102.1543,马来西亚,吉兰丹州,话望生县,,
5.0944,102.0509,马来西亚,吉兰丹州,话望生县,,
5.0327,102.0501,马来西亚,吉兰丹州,话望生县,,
5.0565,102.0705,马来西亚,吉兰丹州,话望生县,,
5.0601,102.0725,马来西亚,吉兰丹州,话望生县,,
5.0362,102.189,马来西亚,吉兰丹州,话望生县,,
5.0059,102.2742,马来西亚,吉兰丹州,话望生县,,
5.0023,102.2332,马来西亚,吉兰丹州,话望生县,,
5.0128,102.2327,马来西亚,吉兰丹州,话望生县,,
5.0018,102.064,马来西亚,吉兰丹州,话望生县,,
4.9689,102.2008,马来西亚,吉兰丹州,话望生县,,
4.9576,102.0826,马来西亚,吉兰丹州,话望生县,,
4.9401,102.047,马来西亚,吉兰丹州,话望生县,,
4.9281,102.0421,马来西亚,吉兰丹州,话望生县,,
4.9516,102.0533,马来西亚,吉兰丹州,话望生县,,
4.9344,102.1969,马来西亚,吉兰丹州,话望生县,,
4.9107,102.1701,马来西亚,吉兰丹州,话望生县,,
4.9124,102.0862,马来西亚,吉兰丹州,话望生县,,
5.0963,102.2859,马来西亚,吉兰丹州,话望生县,,
5.1533,102.8991,马来西亚,登嘉樓州,,Pekan Kuala Ping,
5.1434,103.0953,马来西亚,登嘉樓州,马江县,哇加打北,
5.1048,103.1016,马来西亚,登嘉樓州,马江县,,
5.12175,103.08812,马来西亚,登嘉樓州,马江县,,
5.1168,103.0857,马来西亚,登嘉樓州,马江县,哇加打北,
5.1323,103.0839,马来西亚,登嘉樓州,马江县,,
5.1055,102.8884,马来西亚,登嘉樓州,,,
5.0805,102.8831,马来西亚,登嘉樓州,,,
5.0968,103.0798,马来西亚,登嘉樓州,,,
5.09727,103.08368,马来西亚,登嘉樓州,,Kampung Tanah Lot Batu 18,
5.0842,103.1053,马来西亚,登嘉樓州,马江县,,
5.0627,103.0998,马来西亚,登嘉樓州,,,
5.0665,103.068,马来西亚,登嘉樓州,,,
5.048,103.0586,马来西亚,登嘉樓州,,,
5.037,103.0445,马来西亚,登嘉樓州,,Kampung Batu 23,Kampung Bukit Tok Bat
5.0716,103.0363,马来西亚,登嘉樓州,,Kampung Batu 23,
5.0697,103.0264,马来西亚,登嘉樓州,,Kampung Batu 23,Kampung Batu 24
5.0405,103.0018,马来西亚,登嘉樓州,,,
5.0594,102.9342,马来西亚,登嘉樓州,,,
4.9244,103.1104,马来西亚,登嘉樓州,龙运县,,
4.9475,103.0623,马来西亚,登嘉樓州,,,
4.9682,103.0427,马来西亚,登嘉樓州,,,
4.9481,102.9713,马来西亚,登嘉樓州,,,
4.893,103.0631,马来西亚,登嘉樓州,,,
5.0817,103.0735,马来西亚,登嘉樓州,,,
4.9095,103.0098,马来西亚,登嘉樓州,,,
5.0895,103.0933,马来西亚,登嘉樓州,马江县,,
5.1404,103.1331,马来西亚,登嘉樓州,马江县,,
5.1417,103.1379,马来西亚,登嘉樓州,马江县,,
5.1455,103.238,马来西亚,登嘉樓州,马江县,,
5.0943,103.2585,马来西亚,登嘉樓州,马江县,,
5.09,103.1603,马来西亚,登嘉樓州,马江县,,
5.0911,103.1555,马来西亚,登嘉樓州,马江县,,
5.0502,103.1733,马来西亚,登嘉樓州,马江县,,
5.0329,103.2867,马来西亚,登嘉樓州,马江县,,
5.0244,103.2972,马来西亚,登嘉樓州,马江县,,
5.0226,103.2949,马来西亚,登嘉樓州,马江县,,
5.0188,103.3026,马来西亚,登嘉樓州,马江县,,
5.0177,103.2982,马来西亚,登嘉樓州,马江县,,
5.0077,103.3029,马来西亚,登嘉樓州,马江县,,
4.9894,103.308,马来西亚,登嘉樓州,马江县,,
5.0306,103.2731,马来西亚,登嘉樓州,马江县,,
5.0324,103.2624,马来西亚,登嘉樓州,马江县,,
4.9923,103.147,马来西亚,登嘉樓州,,,
5.0015,103.1423,马来西亚,登嘉樓州,,,
4.9959,103.1311,马来西亚,登嘉樓州,,,
4.9864,103.1448,马来西亚,登嘉樓州,,,
4.9531,103.1584,马来西亚,登嘉樓州,,,
4.9729,103.2962,马来西亚,登嘉樓州,马江县,,
4.9714,103.3045,马来西亚,登嘉樓州,马江县,,
4.9006,103.19,马来西亚,登嘉樓州,龙运县,,
5.02559,103.12777,马来西亚,登嘉樓州,,,
4.8511,101.1867,马来西亚,霹雳州,江沙县,,
4.8433,101.2107,马来西亚,霹雳州,江沙县,,
4.8276,101.2023,马来西亚,霹雳州,江沙县,,
4.8318,101.1964,马来西亚,霹雳州,江沙县,,
4.8375,101.1959,马来西亚,霹雳州,江沙县,,
4.8096,101.1357,马来西亚,霹雳州,江沙县,,
4.8282,101.0975,马来西亚,霹雳州,江沙县,,
4.8213,101.0961,马来西亚,霹雳州,江沙县,,
4.8179,101.0974,马来西亚,霹雳州,江沙县,,
4.817,101.0905,马来西亚,霹雳州,江沙县,,
4.8133,101.0915,马来西亚,霹雳州,江沙县,,
4.8156,101.0848,马来西亚,霹雳州,江沙县,,Taman Seri Taman
4.8163,101.0808,马来西亚,霹雳州,江沙县,,Taman Happy
4.8179,101.086,马来西亚,霹雳州,江沙县,,
4.8226,101.088,马来西亚,霹雳州,江沙县,,
4.8241,101.0791,马来西亚,霹雳州,江沙县,,Taman Bukit Medan
4.8259,101.0842,马来西亚,霹雳州,江沙县,,
4.8298,101.0811,马来西亚,霹雳州,江沙县,,
4.8279,101.075,马来西亚,霹雳州,江沙县,,
4.8252,101.0737,马来西亚,霹雳州,江沙县,,
4.8198,101.0772,马来西亚,霹雳州,江沙县,,Taman Bukit Medan
4.8107,101.0806,马来西亚,霹雳州,江沙县,,
4.8065,101.0856,马来西亚,霹雳州,江沙县,,Taman Tun Sambanthan
4.8096,101.0946,马来西亚,霹雳州,江沙县,,
4.8015,101.0947,马来西亚,霹雳州,江沙县,,
4.8041,101.0975,马来西亚,霹雳州,江沙县,,
4.8206,101.0631,马来西亚,霹雳州,江沙县,,
4.8357,101.0086,马来西亚,霹雳州,江沙县,,
4.842,100.9923,马来西亚,霹雳州,江沙县,,沙叻花园
4.8513,100.9595,马来西亚,霹雳州,江沙县,,
4.8372,100.9593,马来西亚,霹雳州,江沙县,宁罗,Kampung Karai
4.8343,100.9616,马来西亚,霹雳州,江沙县,宁罗,Desa Seri Iskandar
4.8329,100.9684,马来西亚,霹雳州,江沙县,宁罗,加赖新村
4.8391,100.9854,马来西亚,霹雳州,江沙县,,Kampung Perik
4.7871,100.9621,马来西亚,霹雳州,江沙县,Kota Lama Kanan,Kampung Kandang Hulu
4.7784,100.9672,马来西亚,霹雳州,江沙县,,Kampung Kepala Bendang
4.7665,100.9679,马来西亚,霹雳州,江沙县,,
4.7863,101.1174,马来西亚,霹雳州,江沙县,,Ladang Dovenby
4.784,101.118,马来西亚,霹雳州,江沙县,,Ladang Dovenby
4.7451,101.1199,马来西亚,霹雳州,近打县,,
4.7694,101.1651,马来西亚,霹雳州,近打县,,
4.7975,101.1835,马来西亚,霹雳州,江沙县,,
4.8021,101.2151,马来西亚,霹雳州,江沙县,,
4.8002,101.2183,马来西亚,霹雳州,江沙县,,
4.7931,101.2291,马来西亚,霹雳州,江沙县,,
4.725,101.1385,马来西亚,霹雳州,近打县,,
4.7264,101.1471,马来西亚,霹雳州,近打县,,
4.7237,101.1294,马来西亚,霹雳州,近打县,,
4.7298,101.1318,马来西亚,霹雳州,近打县,,
4.7276,101.1261,马来西亚,霹雳州,近打县,,
4.7282,101.1148,马来西亚,霹雳州,近打县,,
4.7243,101.1171,马来西亚,霹雳州,近打县,,Taman Emas
4.7114,101.1111,马来西亚,霹雳州,近打县,,
4.7182,101.1178,马来西亚,霹雳州,近打县,,
4.7138,101.1216,马来西亚,霹雳州,近打县,,
4.7044,101.1216,马来西亚,霹雳州,近打县,,
4.7067,101.1118,马来西亚,霹雳州,近打县,,
4.7055,101.1076,马来西亚,霹雳州,近打县,,
4.695,100.964,马来西亚,霹雳州,江沙县,,Kampung Rambai Tujuh
4.6519,101.066,马来西亚,霹雳州,近打县,,Taman Meru 2A
4.6613,101.0712,马来西亚,霹雳州,近打县,美露拉也,Taman Jati
4.6965,101.0877,马来西亚,霹雳州,近打县,,
4.6649,101.0937,马来西亚,霹雳州,近打县,,
4.6514,101.1018,马来西亚,霹雳州,近打县,,
4.6559,101.0953,马来西亚,霹雳州,近打县,,Taman Tasek Mewah
4.6598,101.0958,马来西亚,霹雳州,近打县,,
4.6692,101.0985,马来西亚,霹雳州,近打县,,
4.6651,101.1055,马来西亚,霹雳州,近打县,,Taman Bertuah
4.6717,101.1091,马来西亚,霹雳州,近打县,,
4.6762,101.1186,马来西亚,霹雳州,近打县,佳邦,Taman Klebang Jaya
4.6516,101.1078,马来西亚,霹雳州,近打县,打昔,Taman Tasek Jaya
4.648,101.1137,马来西亚,霹雳州,近打县,打昔,
4.6449,101.1132,马来西亚,霹雳州,近打县,打昔,
4.6504,101.1428,马来西亚,霹雳州,近打县,,Villa Medan Desa Perpaduan (M.D.P)
4.6518,101.1551,马来西亚,霹雳州,近打县,,Kampung Tersusun Batu 8
4.6541,101.1584,马来西亚,霹雳州,近打县,,Kampung Tersusun Batu 8
4.6567,101.1432,马来西亚,霹雳州,近打县,,丽皇城
4.6616,101.152,马来西亚,霹雳州,近打县,,Taman Berjaya
4.6637,101.1597,马来西亚,霹雳州,近打县,,Jothy Garden
4.6661,101.1617,马来西亚,霹雳州,近打县,,Taman Chong Kwee
4.6612,101.1653,马来西亚,霹雳州,近打县,,Taman Indah
4.6631,101.1683,马来西亚,霹雳州,近打县,,
4.6652,101.1649,马来西亚,霹雳州,近打县,,
4.6676,101.1652,马来西亚,霹雳州,近打县,,
4.6697,101.1591,马来西亚,霹雳州,近打县,,North Ward
4.666,101.1518,马来西亚,霹雳州,近打县,,
4.6874,101.1608,马来西亚,霹雳州,近打县,,
4.6619,101.1755,马来西亚,霹雳州,近打县,,Rancangan Perumahan Awam 2 Ulu Kinta
4.695,101.1869,马来西亚,霹雳州,近打县,,
4.6738,101.2101,马来西亚,霹雳州,近打县,,
4.6394,101.1569,马来西亚,霹雳州,近打县,,
4.6409,101.1546,马来西亚,霹雳州,近打县,,Arena Perpaduan Sentosa
4.6361,101.1517,马来西亚,霹雳州,近打县,,Villa Perpaduan
4.6293,101.1466,马来西亚,霹雳州,近打县,,
4.6279,101.1504,马来西亚,霹雳州,近打县,,
4.6202,101.1452,马来西亚,霹雳州,近打县,打扪,Taman Koperasi Perdana
4.6156,101.1444,马来西亚,霹雳州,近打县,打扪,
4.6101,101.147,马来西亚,霹雳州,近打县,打扪,
4.6104,101.1451,马来西亚,霹雳州,近打县,打扪,
4.6083,101.1354,马来西亚,霹雳州,近打县,打扪,Taman Tambun
4.6105,101.1261,马来西亚,霹雳州,近打县,新都,Taman Perak
4.6098,101.1206,马来西亚,霹雳州,近打县,怡保花园,福利花园
4.6096,101.106,马来西亚,霹雳州,近打县,怡保花园,
4.6135,101.1294,马来西亚,霹雳州,近打县,打扪,Taman Kaya
4.6181,101.1291,马来西亚,霹雳州,近打县,新都,Taman Perak
4.6177,101.1261,马来西亚,霹雳州,近打县,新都,Taman Ipoh Timur
4.615,101.12,马来西亚,霹雳州,近打县,新都,
4.6162,101.1132,马来西亚,霹雳州,近打县,,
4.6199,101.1262,马来西亚,霹雳州,近打县,新都,Taman Ipoh Timur
4.6225,101.1261,马来西亚,霹雳州,近打县,新都,Taman Desa Bercham
4.6246,101.1251,马来西亚,霹雳州,近打县,新都,Taman Sri Kurau
4.6265,101.1298,马来西亚,霹雳州,近打县,巴占,Taman Bercham Jaya
4.6308,101.1294,马来西亚,霹雳州,近打县,巴占,Taman Lindungan Bercham Indah
4.6351,101.1284,马来西亚,霹雳州,近打县,,
4.6354,101.1372,马来西亚,霹雳州,近打县,巴占,Taman Seri Bercham
4.6448,101.1322,马来西亚,霹雳州,近打县,巴占,大众花园
4.6495,101.1335,马来西亚,霹雳州,近打县,巴占,
4.6471,101.1291,马来西亚,霹雳州,近打县,巴占,大众花园
4.6448,101.1285,马来西亚,霹雳州,近打县,巴占,Anjung Bercham Utara
4.6427,101.1294,马来西亚,霹雳州,近打县,,
4.6392,101.1285,马来西亚,霹雳州,近打县,,
4.6363,101.1211,马来西亚,霹雳州,近打县,打昔,Kampung Tersusun Tasek
4.6316,101.1181,马来西亚,霹雳州,近打县,打昔,Taman Tasek Indra
4.6298,101.1207,马来西亚,霹雳州,近打县,新都,巴占顺荣花园
4.6319,101.1267,马来西亚,霹雳州,近打县,,
4.627,101.124,马来西亚,霹雳州,近打县,新都,Taman Ria
4.6275,101.1147,马来西亚,霹雳州,近打县,新都,Taman Anda
4.6245,101.108,马来西亚,霹雳州,近打县,新都,美菱丽花园
4.6159,101.1028,马来西亚,霹雳州,近打县,怡保花园,Taman Star
4.6353,101.0856,马来西亚,霹雳州,近打县,,永安园
4.6372,101.0786,马来西亚,霹雳州,近打县,,Kampung Dato' Ahmad Said Tambahan 3
4.6306,101.0728,马来西亚,霹雳州,近打县,九洞,
4.6138,101.0646,马来西亚,霹雳州,近打县,Manjoi,Kampung Tengku Hussein Baru
4.6256,101.0697,马来西亚,霹雳州,近打县,Manjoi,
4.6102,101.0492,马来西亚,霹雳州,近打县,斯里宾,
4.618,101.0532,马来西亚,霹雳州,近打县,斯里宾,Taman Silibin Saujana
4.6232,101.0556,马来西亚,霹雳州,近打县,斯里宾,
4.61135,101.11146,马来西亚,霹雳州,近打县,怡保花园,
4.8107,101.5607,马来西亚,吉兰丹州,Lojing,,
4.7676,101.7551,马来西亚,吉兰丹州,Lojing,,
4.7603,101.7567,马来西亚,吉兰丹州,Lojing,,
4.6983,101.6235,马来西亚,吉兰丹州,Lojing,,
4.8411,101.9476,马来西亚,吉兰丹州,话望生县,,
4.6338,102.0005,马来西亚,彭亨州,立卑县,,
4.87611,101.959,马来西亚,吉兰丹州,话望生县,,
4.7891,102.0111,马来西亚,吉兰丹州,话望生县,,
4.7891,102.0057,马来西亚,吉兰丹州,话望生县,,
4.7718,101.9231,马来西亚,吉兰丹州,话望生县,,
4.7702,102.0113,马来西亚,吉兰丹州,话望生县,,
4.703,102.0056,马来西亚,彭亨州,立卑县,,
4.6733,101.99981,马来西亚,彭亨州,立卑县,,
4.6762,101.9991,马来西亚,彭亨州,立卑县,,
4.6776,102.0025,马来西亚,彭亨州,立卑县,,
4.681,102.0116,马来西亚,彭亨州,立卑县,,
4.6845,102.0095,马来西亚,彭亨州,立卑县,,
4.6851,102.0038,马来西亚,彭亨州,立卑县,,
4.6835,102.0015,马来西亚,彭亨州,立卑县,,
4.6968,102.0024,马来西亚,彭亨州,立卑县,,
4.653,101.9988,马来西亚,彭亨州,立卑县,,
4.6465,101.9928,马来西亚,彭亨州,立卑县,,
4.6264,101.9892,马来西亚,彭亨州,立卑县,,
4.7431,103.0937,马来西亚,登嘉樓州,龙运县,,
4.7343,103.0886,马来西亚,登嘉樓州,龙运县,,
4.24631,118.63069,马来西亚,沙巴州,仙本那,,
4.8263,103.4,马来西亚,登嘉樓州,龙运县,,
4.7751,103.423,马来西亚,登嘉樓州,龙运县,,
4.7782,103.4142,马来西亚,登嘉樓州,龙运县,,
4.7821,103.4035,马来西亚,登嘉樓州,龙运县,,
4.7613,103.4212,马来西亚,登嘉樓州,龙运县,Kampung Teluk Lipat,
4.7584,103.42,马来西亚,登嘉樓州,龙运县,Kampung Teluk Lipat,Taman Sura Jetty
4.7571,103.4072,马来西亚,登嘉樓州,龙运县,Taman Maidam,
4.7683,103.4064,马来西亚,登嘉樓州,龙运县,,
4.7457,103.4091,马来西亚,登嘉樓州,龙运县,Taman Rakyat,Taman Gong Pasir
4.7251,103.42,马来西亚,登嘉樓州,龙运县,,Taman Sri Dungun
4.7159,103.4292,马来西亚,登嘉樓州,龙运县,Kampung Sura Tengah,
4.6416,103.4381,马来西亚,登嘉樓州,龙运县,,Kampung Cacar
4.6862,103.3966,马来西亚,登嘉樓州,龙运县,,
4.6662,103.419,马来西亚,登嘉樓州,龙运县,,
4.668,103.425,马来西亚,登嘉樓州,龙运县,,
4.6528,103.4226,马来西亚,登嘉樓州,龙运县,,Kampung Tebing Tembah
4.6531,103.4283,马来西亚,登嘉樓州,龙运县,,Taman Kejora
4.6361,103.4283,马来西亚,登嘉樓州,龙运县,,
4.6296,103.439,马来西亚,登嘉樓州,龙运县,,Taman Seri Bayu
4.5957,101.4327,马来西亚,吉兰丹州,Lojing,,
4.5735,101.2534,马来西亚,霹雳州,近打县,,
4.5688,101.2791,马来西亚,霹雳州,近打县,,
4.5684,101.4064,马来西亚,彭亨州,金马仑高原县,,
4.5164,101.4139,马来西亚,彭亨州,金马仑高原县,,
4.5268,101.4844,马来西亚,彭亨州,金马仑高原县,,
4.4866,101.2343,马来西亚,霹雳州,金宝县,,
4.4993,101.3278,马来西亚,霹雳州,金宝县,,
4.4853,101.3248,马来西亚,霹雳州,金宝县,,
4.4879,101.3698,马来西亚,彭亨州,金马仑高原县,,
4.484,101.3712,马来西亚,彭亨州,金马仑高原县,,
4.5253,101.4874,马来西亚,彭亨州,金马仑高原县,,
4.47945,101.38001,马来西亚,彭亨州,金马仑高原县,,Kampung Taman Sedia
4.48004,101.38188,马来西亚,彭亨州,金马仑高原县,,
4.4701,101.2561,马来西亚,霹雳州,金宝县,,
4.4794,101.2368,马来西亚,霹雳州,金宝县,,
4.4428,101.242,马来西亚,霹雳州,金宝县,,
4.3424,101.3349,马来西亚,霹雳州,马登巴冷县,,
4.3736,102.065,马来西亚,彭亨州,立卑县,,
4.5184,102.5798,马来西亚,彭亨州,而连突县,,
4.5181,102.4832,马来西亚,彭亨州,而连突县,,
4.518,102.4744,马来西亚,彭亨州,而连突县,,
4.4518,102.4819,马来西亚,彭亨州,而连突县,,
4.4599,102.4894,马来西亚,彭亨州,而连突县,,
4.3853,102.3984,马来西亚,彭亨州,而连突县,,
4.1255,102.3702,马来西亚,彭亨州,而连突县,,
4.2053,102.3849,马来西亚,彭亨州,而连突县,,
4.0791,102.3879,马来西亚,彭亨州,而连突县,,
4.1875,102.3936,马来西亚,彭亨州,而连突县,,
4.1788,102.3742,马来西亚,彭亨州,而连突县,,
4.1556,102.3436,马来西亚,彭亨州,而连突县,,
4.161,102.3577,马来西亚,彭亨州,而连突县,,
4.1571,102.3526,马来西亚,彭亨州,而连突县,,
4.1484,102.3509,马来西亚,彭亨州,而连突县,,
4.1627,102.3726,马来西亚,彭亨州,而连突县,,
4.1309,102.3896,马来西亚,彭亨州,而连突县,,
4.1333,102.3601,马来西亚,彭亨州,而连突县,,
4.1311,102.3447,马来西亚,彭亨州,而连突县,,
4.1152,102.329,马来西亚,彭亨州,而连突县,,
4.1133,102.344,马来西亚,彭亨州,而连突县,,
4.1166,102.3615,马来西亚,彭亨州,而连突县,,
4.1119,102.3657,马来西亚,彭亨州,而连突县,,
4.1065,102.3634,马来西亚,彭亨州,而连突县,,
4.0914,102.3193,马来西亚,彭亨州,而连突县,,
4.0752,102.3146,马来西亚,彭亨州,而连突县,,
4.0789,102.3213,马来西亚,彭亨州,而连突县,,
4.0895,102.3551,马来西亚,彭亨州,而连突县,,
4.3289,103.1221,马来西亚,登嘉樓州,甘马挽县,,
4.0449,100.8162,马来西亚,霹雳州,中霹雳县,,
4.0632,100.915,马来西亚,霹雳州,中霹雳县,,
4.0613,100.9275,马来西亚,霹雳州,下霹雳县,,
4.0467,100.9187,马来西亚,霹雳州,中霹雳县,,
4.045,100.9494,马来西亚,霹雳州,下霹雳县,,
4.0318,100.931,马来西亚,霹雳州,下霹雳县,,
4.0216,100.9128,马来西亚,霹雳州,下霹雳县,,Kampung Sungai Rubana
4.0393,100.9051,马来西亚,霹雳州,中霹雳县,,Kampung Sungai Ranggam
4.0162,100.8912,马来西亚,霹雳州,中霹雳县,,
3.9874,100.775,马来西亚,霹雳州,峇眼拿督县,,
4.0036,100.8772,马来西亚,霹雳州,中霹雳县,,
4.0002,100.8837,马来西亚,霹雳州,中霹雳县,,
3.9977,100.9233,马来西亚,霹雳州,下霹雳县,,Kampung Sarang Tiong
3.9749,100.8094,马来西亚,霹雳州,峇眼拿督县,,
3.9663,100.8066,马来西亚,霹雳州,峇眼拿督县,,Kampung Sungai Pergam
3.9616,100.8101,马来西亚,霹雳州,峇眼拿督县,,Kampung Sungai Pergam
3.9823,100.7528,马来西亚,霹雳州,峇眼拿督县,,
3.9747,100.7326,马来西亚,霹雳州,峇眼拿督县,,
3.9697,100.7266,马来西亚,霹雳州,峇眼拿督县,,
3.9575,100.713,马来西亚,霹雳州,峇眼拿督县,,Kampung Sungai Betul
3.9357,100.7302,马来西亚,霹雳州,峇眼拿督县,,
3.9556,100.7471,马来西亚,霹雳州,峇眼拿督县,,
3.9418,100.7514,马来西亚,霹雳州,峇眼拿督县,,
3.9403,100.7462,马来西亚,霹雳州,峇眼拿督县,,Simpang Tiga
3.952,100.7554,马来西亚,霹雳州,峇眼拿督县,,
3.9382,100.7543,马来西亚,霹雳州,峇眼拿督县,,Simpang Tiga
3.9432,100.7618,马来西亚,霹雳州,峇眼拿督县,,
3.9437,100.7796,马来西亚,霹雳州,峇眼拿督县,,Taman Bagan Pasir
3.9535,100.7815,马来西亚,霹雳州,峇眼拿督县,,Taman Bagan Pasir
3.9457,100.8094,马来西亚,霹雳州,峇眼拿督县,,
3.9544,100.8111,马来西亚,霹雳州,峇眼拿督县,,
3.9475,100.869,马来西亚,霹雳州,峇眼拿督县,,
3.9455,100.8788,马来西亚,霹雳州,峇眼拿督县,,
3.9397,100.8931,马来西亚,霹雳州,峇眼拿督县,,
3.9357,100.8845,马来西亚,霹雳州,峇眼拿督县,,
3.9294,100.768,马来西亚,霹雳州,峇眼拿督县,,
3.9323,100.7651,马来西亚,霹雳州,峇眼拿督县,,
3.9354,100.7599,马来西亚,霹雳州,峇眼拿督县,,Simpang Tiga
3.9336,100.7432,马来西亚,霹雳州,峇眼拿督县,,
3.9193,100.7164,马来西亚,霹雳州,峇眼拿督县,,Kampung Sungai Lanchang
3.8976,100.7243,马来西亚,霹雳州,峇眼拿督县,,双怡仗
3.8958,100.7546,马来西亚,霹雳州,峇眼拿督县,,
3.8913,100.7734,马来西亚,霹雳州,峇眼拿督县,,Taman Bagan Pasir
3.8959,100.9313,马来西亚,霹雳州,峇眼拿督县,,
3.8947,100.9329,马来西亚,霹雳州,峇眼拿督县,,新邦安拔
3.8907,100.9353,马来西亚,霹雳州,峇眼拿督县,,Taman Sri Iskandar
3.8901,100.9374,马来西亚,霹雳州,峇眼拿督县,,
3.8855,100.9367,马来西亚,霹雳州,峇眼拿督县,,Desa Intan Baru
3.8952,100.9444,马来西亚,霹雳州,峇眼拿督县,,
3.8907,100.9071,马来西亚,霹雳州,峇眼拿督县,,
3.8511,100.8705,马来西亚,雪兰莪州,沙白安南县,,
3.8529,100.9057,马来西亚,雪兰莪州,沙白安南县,,
3.8267,100.8525,马来西亚,雪兰莪州,沙白安南县,,
3.8316,100.8507,马来西亚,雪兰莪州,沙白安南县,,
3.8307,100.8428,马来西亚,雪兰莪州,沙白安南县,,
3.8166,100.8355,马来西亚,雪兰莪州,沙白安南县,,
3.8105,100.8966,马来西亚,雪兰莪州,沙白安南县,,
3.8003,100.8328,马来西亚,雪兰莪州,沙白安南县,,
3.9126,102.7942,马来西亚,彭亨州,关丹县,,
3.9094,102.7831,马来西亚,彭亨州,关丹县,,
3.9171,102.6994,马来西亚,彭亨州,而连突县,,
3.9626,102.5925,马来西亚,彭亨州,而连突县,,
3.9272,102.5963,马来西亚,彭亨州,而连突县,,
3.9168,102.5997,马来西亚,彭亨州,而连突县,,
3.8933,102.5964,马来西亚,彭亨州,而连突县,,
3.8281,102.591,马来西亚,彭亨州,马兰县,,
3.823,102.6352,马来西亚,彭亨州,马兰县,,
3.8795,102.7323,马来西亚,彭亨州,而连突县,,
3.9033,102.7968,马来西亚,彭亨州,关丹县,,
3.9052,102.8113,马来西亚,彭亨州,关丹县,,
3.9114,103.1228,马来西亚,彭亨州,关丹县,,
3.9266,103.0699,马来西亚,彭亨州,关丹县,,
3.9424,103.0453,马来西亚,彭亨州,关丹县,,
3.9272,103.0456,马来西亚,彭亨州,关丹县,,
3.9216,103.0371,马来西亚,彭亨州,关丹县,,
3.9259,103.0369,马来西亚,彭亨州,关丹县,,
3.9627,103.0369,马来西亚,彭亨州,关丹县,,
3.9252,103.0349,马来西亚,彭亨州,关丹县,,
3.9199,103.0319,马来西亚,彭亨州,关丹县,,
3.9162,103.0266,马来西亚,彭亨州,关丹县,,
3.9024,103.0281,马来西亚,彭亨州,关丹县,,
3.8948,103.0361,马来西亚,彭亨州,关丹县,,
2.4291,101.9262,马来西亚,森美兰州,波德申县,,
2.4285,101.9239,马来西亚,森美兰州,波德申县,,Kampung Bukit Tembok
2.4261,101.9343,马来西亚,森美兰州,波德申县,,
2.4228,101.9745,马来西亚,森美兰州,波德申县,,
2.421,101.8942,马来西亚,森美兰州,波德申县,直落不兰律,
2.4213,101.8897,马来西亚,森美兰州,波德申县,直落不兰律,
2.3897,101.9825,马来西亚,马六甲州,亚罗牙也县,,
2.3868,101.9689,马来西亚,马六甲州,亚罗牙也县,,
2.3866,101.9763,马来西亚,马六甲州,亚罗牙也县,,
2.37167,102.00757,马来西亚,马六甲州,亚罗牙也县,,
2.37102,102.03754,马来西亚,马六甲州,亚罗牙也县,,
2.364,102.0416,马来西亚,马六甲州,亚罗牙也县,,
2.4373,102.0305,马来西亚,森美兰州,波德申县,,
2.4326,102.0373,马来西亚,森美兰州,林茂县,,
2.2686,103.4265,马来西亚,柔佛州,居銮县,,
2.2073,103.4327,马来西亚,柔佛州,居銮县,,
2.224,103.4865,马来西亚,柔佛州,居銮县,,
2.4321,103.5485,马来西亚,柔佛州,丰盛港县,,
2.2815,103.531,马来西亚,柔佛州,居銮县,,
2.1975,103.5268,马来西亚,柔佛州,居銮县,,
2.2324,103.5538,马来西亚,柔佛州,居銮县,,
2.2269,103.5573,马来西亚,柔佛州,居銮县,,
2.2148,103.536,马来西亚,柔佛州,居銮县,,
2.2098,103.545,马来西亚,柔佛州,居銮县,,
2.3846,103.6014,马来西亚,柔佛州,丰盛港县,,
2.2704,103.6017,马来西亚,柔佛州,居銮县,,
2.2641,103.6025,马来西亚,柔佛州,居銮县,,
2.2763,103.6064,马来西亚,柔佛州,居銮县,,
2.2366,103.5823,马来西亚,柔佛州,居銮县,,
2.3672,103.6591,马来西亚,柔佛州,丰盛港县,,
2.3426,103.6193,马来西亚,柔佛州,居銮县,,
4.7223,103.4253,马来西亚,登嘉樓州,龙运县,Kampung Sura Tengah,
4.3862,102.4021,马来西亚,彭亨州,而连突县,,
2.1596,103.4243,马来西亚,柔佛州,居銮县,,
2.1071,103.3975,马来西亚,柔佛州,居銮县,,Taman Perdana
2.1002,103.3961,马来西亚,柔佛州,居銮县,,
2.0345,103.4229,马来西亚,柔佛州,居銮县,,
2.0923,103.4899,马来西亚,柔佛州,居銮县,,
1.9435,103.4646,马来西亚,柔佛州,居銮县,,
2.0762,103.5006,马来西亚,柔佛州,居銮县,,
1.9166,103.5231,马来西亚,柔佛州,居銮县,,
2.0811,103.9445,马来西亚,柔佛州,丰盛港县,,
2.0735,103.9386,马来西亚,柔佛州,丰盛港县,,
2.0921,103.9913,马来西亚,柔佛州,丰盛港县,,
2.0567,103.9862,马来西亚,柔佛州,丰盛港县,,
1.9924,103.9983,马来西亚,柔佛州,哥打丁宜县,,
1.9938,104.0877,马来西亚,柔佛州,哥打丁宜县,,
1.9198,104.0705,马来西亚,柔佛州,哥打丁宜县,,
1.9181,104.0803,马来西亚,柔佛州,哥打丁宜县,,
1.911,104.0644,马来西亚,柔佛州,哥打丁宜县,,
1.902,104.0618,马来西亚,柔佛州,哥打丁宜县,,
5.4943,115.5371,马来西亚,沙巴州,瓜拉班尤,,
5.253,115.6319,马来西亚,沙巴州,保佛,,
5.3343,115.5072,马来西亚,沙巴州,保佛,,
5.4739,115.5201,马来西亚,沙巴州,瓜拉班尤,,
5.4691,115.513,马来西亚,沙巴州,瓜拉班尤,,
5.4661,115.5143,马来西亚,沙巴州,瓜拉班尤,,
5.4499,115.6048,马来西亚,沙巴州,保佛,,
5.448,115.6167,马来西亚,沙巴州,保佛,,
5.4459,115.6456,马来西亚,沙巴州,保佛,,
5.4341,115.6633,马来西亚,沙巴州,保佛,,
5.4404,115.5944,马来西亚,沙巴州,保佛,,
5.4318,115.6464,马来西亚,沙巴州,保佛,,
5.4286,115.6584,马来西亚,沙巴州,保佛,,
5.4301,115.6574,马来西亚,沙巴州,保佛,,
5.4258,115.6597,马来西亚,沙巴州,保佛,,
5.2647,115.6477,马来西亚,沙巴州,保佛,,
5.4089,115.6676,马来西亚,沙巴州,保佛,,
5.3998,115.6247,马来西亚,沙巴州,保佛,,
5.3926,115.5941,马来西亚,沙巴州,保佛,,
5.3918,115.6911,马来西亚,沙巴州,保佛,,
5.387,115.6967,马来西亚,沙巴州,保佛,,
5.3909,115.7023,马来西亚,沙巴州,保佛,,
5.3941,115.7323,马来西亚,沙巴州,保佛,,
5.3884,115.6768,马来西亚,沙巴州,保佛,,
5.3837,115.5526,马来西亚,沙巴州,保佛,,
5.3756,115.6122,马来西亚,沙巴州,保佛,,
5.3706,115.6787,马来西亚,沙巴州,保佛,,
5.375,115.6872,马来西亚,沙巴州,保佛,,
5.3777,115.7006,马来西亚,沙巴州,保佛,,
5.366,115.7043,马来西亚,沙巴州,保佛,,
5.365,115.6622,马来西亚,沙巴州,保佛,,
5.3612,115.6639,马来西亚,沙巴州,保佛,,
5.3657,115.628,马来西亚,沙巴州,保佛,,
5.3529,115.5821,马来西亚,沙巴州,保佛,,
5.3568,115.5938,马来西亚,沙巴州,保佛,,
5.36,115.6004,马来西亚,沙巴州,保佛,,
5.3532,115.605,马来西亚,沙巴州,保佛,,
5.3579,115.6377,马来西亚,沙巴州,保佛,,
5.3539,115.655,马来西亚,沙巴州,保佛,,
5.3551,115.6984,马来西亚,沙巴州,保佛,,
5.3557,115.7138,马来西亚,沙巴州,保佛,,
5.3542,115.7219,马来西亚,沙巴州,保佛,,
5.3564,115.7259,马来西亚,沙巴州,保佛,,
5.3489,115.7196,马来西亚,沙巴州,保佛,,
5.3502,115.7017,马来西亚,沙巴州,保佛,,
5.3508,115.6389,马来西亚,沙巴州,保佛,,
5.3486,115.6087,马来西亚,沙巴州,保佛,,
5.3431,115.5983,马来西亚,沙巴州,保佛,,
5.3479,115.5223,马来西亚,沙巴州,保佛,,
5.3506,115.5272,马来西亚,沙巴州,保佛,,
5.3352,115.5351,马来西亚,沙巴州,保佛,,
5.3353,115.5557,马来西亚,沙巴州,保佛,,
5.338,115.5723,马来西亚,沙巴州,保佛,,
5.3366,115.6095,马来西亚,沙巴州,保佛,,
5.3312,115.6055,马来西亚,沙巴州,保佛,,
5.3292,115.5649,马来西亚,沙巴州,保佛,,
5.3315,115.5161,马来西亚,沙巴州,保佛,,
5.3228,115.6076,马来西亚,沙巴州,保佛,,
5.304,115.5825,马来西亚,沙巴州,保佛,,
5.289,115.5674,马来西亚,沙巴州,保佛,,
5.2745,115.6531,马来西亚,沙巴州,保佛,,
5.4535,116.1813,马来西亚,沙巴州,根地咬,,
5.4614,116.2152,马来西亚,沙巴州,根地咬,,
5.3382,116.1504,马来西亚,沙巴州,根地咬,,
5.3405,116.1521,马来西亚,沙巴州,根地咬,,
5.3457,116.147,马来西亚,沙巴州,根地咬,,
5.3494,116.1334,马来西亚,沙巴州,根地咬,,
5.3324,116.1578,马来西亚,沙巴州,根地咬,,
5.382,116.1946,马来西亚,沙巴州,根地咬,,
5.4484,116.1489,马来西亚,沙巴州,根地咬,,
5.4431,116.1649,马来西亚,沙巴州,根地咬,,
5.4379,116.1783,马来西亚,沙巴州,根地咬,,
5.4444,116.1877,马来西亚,沙巴州,根地咬,,
5.4354,116.1757,马来西亚,沙巴州,根地咬,,
5.4326,116.1748,马来西亚,沙巴州,根地咬,,
5.4293,116.1779,马来西亚,沙巴州,根地咬,,
5.4266,116.1787,马来西亚,沙巴州,根地咬,,
5.4274,116.1854,马来西亚,沙巴州,根地咬,,
5.423,116.1746,马来西亚,沙巴州,根地咬,,
5.4245,116.1846,马来西亚,沙巴州,根地咬,,
5.4162,116.1774,马来西亚,沙巴州,根地咬,,
5.4295,116.1961,马来西亚,沙巴州,根地咬,,
5.4399,116.2045,马来西亚,沙巴州,根地咬,,
5.3954,116.1504,马来西亚,沙巴州,根地咬,,
5.4005,116.1612,马来西亚,沙巴州,根地咬,,
5.3738,116.1671,马来西亚,沙巴州,根地咬,,
5.3789,116.1811,马来西亚,沙巴州,根地咬,,
5.4061,116.1826,马来西亚,沙巴州,根地咬,,
5.3986,116.2136,马来西亚,沙巴州,根地咬,,
5.3962,116.2422,马来西亚,沙巴州,根地咬,,
5.3779,116.2434,马来西亚,沙巴州,根地咬,,
5.3645,116.2209,马来西亚,沙巴州,根地咬,,
5.4043,116.2498,马来西亚,沙巴州,根地咬,,
5.3309,116.0938,马来西亚,沙巴州,根地咬,,
5.3279,116.1137,马来西亚,沙巴州,根地咬,,
5.3177,116.1348,马来西亚,沙巴州,根地咬,,
5.3282,116.142,马来西亚,沙巴州,根地咬,,
5.3527,116.1559,马来西亚,沙巴州,根地咬,,
5.3483,116.1891,马来西亚,沙巴州,根地咬,,
5.3592,116.1934,马来西亚,沙巴州,根地咬,,
5.3574,116.2069,马来西亚,沙巴州,根地咬,,
5.3544,116.2053,马来西亚,沙巴州,根地咬,,
5.3424,116.1988,马来西亚,沙巴州,根地咬,,
5.348,116.2118,马来西亚,沙巴州,根地咬,,
5.3144,116.1832,马来西亚,沙巴州,根地咬,,
5.318,116.2017,马来西亚,沙巴州,根地咬,,
5.3,116.0358,马来西亚,沙巴州,根地咬,,
5.3039,116.1326,马来西亚,沙巴州,根地咬,,
5.3041,116.1496,马来西亚,沙巴州,根地咬,,
5.256,116.1428,马来西亚,沙巴州,根地咬,,
5.2541,116.163,马来西亚,沙巴州,根地咬,,
5.36811,116.1876,马来西亚,沙巴州,根地咬,,
5.36473,116.14549,马来西亚,沙巴州,根地咬,,
5.0055,116.8573,马来西亚,沙巴州,东革,,
5.4124,116.2004,马来西亚,沙巴州,根地咬,,
5.286,116.1633,马来西亚,沙巴州,根地咬,,
5.2808,116.198,马来西亚,沙巴州,根地咬,,
5.2639,116.1457,马来西亚,沙巴州,根地咬,,
5.34376,116.12924,马来西亚,沙巴州,根地咬,,
6.99,116.7715,马来西亚,沙巴州,古达,,
6.96701,116.78879,马来西亚,沙巴州,古达,,
6.9681,116.8082,马来西亚,沙巴州,古达,,
6.9606,116.8246,马来西亚,沙巴州,古达,,
6.95494,116.7261,马来西亚,沙巴州,古达,,
6.94059,116.75898,马来西亚,沙巴州,古达,,
6.93805,116.77022,马来西亚,沙巴州,古达,,
6.924,116.8118,马来西亚,沙巴州,古达,Taman Seri Awana,
6.9342,116.8348,马来西亚,沙巴州,古达,Taman Seri Awana,
6.9123,116.7911,马来西亚,沙巴州,古达,,
6.8948,116.7591,马来西亚,沙巴州,古达,,
6.8881,116.8122,马来西亚,沙巴州,古达,,
6.8834,116.8404,马来西亚,沙巴州,古达,,
6.8823,116.8446,马来西亚,沙巴州,古达,,
6.8668,116.7798,马来西亚,沙巴州,古达,,
6.8687,116.7676,马来西亚,沙巴州,古达,,
6.8561,116.8428,马来西亚,沙巴州,古达,,
6.8476,116.8452,马来西亚,沙巴州,古达,,
6.8399,116.806,马来西亚,沙巴州,古达,,
6.8351,116.7913,马来西亚,沙巴州,古达,,
6.8257,116.7786,马来西亚,沙巴州,古达,,
6.7999,116.8183,马来西亚,沙巴州,古达,,
6.8133,116.8142,马来西亚,沙巴州,古达,,
6.8012,116.798,马来西亚,沙巴州,古达,,
6.8073,116.7724,马来西亚,沙巴州,古达,,
6.7742,116.7576,马来西亚,沙巴州,古达,,
6.773,116.832,马来西亚,沙巴州,古达,,
6.7632,116.8288,马来西亚,沙巴州,古达,,
6.7608,116.841,马来西亚,沙巴州,古达,,
6.4064,117.3824,马来西亚,沙巴州,比鲁兰,,
6.3775,117.2953,马来西亚,沙巴州,比鲁兰,,
6.2892,117.4191,马来西亚,沙巴州,比鲁兰,,
6.2921,117.4298,马来西亚,沙巴州,比鲁兰,,
6.2901,117.4307,马来西亚,沙巴州,比鲁兰,,
6.292,117.4435,马来西亚,沙巴州,比鲁兰,,
6.2969,117.4725,马来西亚,沙巴州,比鲁兰,,
6.2329,117.3076,马来西亚,沙巴州,比鲁兰,,
6.2319,117.307,马来西亚,沙巴州,比鲁兰,,
6.2282,117.2978,马来西亚,沙巴州,比鲁兰,,
6.0408,117.3442,马来西亚,沙巴州,比鲁兰,,
5.2802,103.1247,马来西亚,登嘉樓州,瓜拉登嘉楼,,
5.3636,103.1239,马来西亚,登嘉樓州,瓜拉尼鲁斯县,,
5.3318,103.1428,马来西亚,登嘉樓州,瓜拉登嘉楼,峇都布洛,Kampung Ladang
5.3382,103.145,马来西亚,登嘉樓州,瓜拉登嘉楼,,
5.3368,103.1468,马来西亚,登嘉樓州,瓜拉登嘉楼,,
5.3293,103.1507,马来西亚,登嘉樓州,瓜拉登嘉楼,峇都布洛,
5.3271,103.139,马来西亚,登嘉樓州,瓜拉登嘉楼,,
5.3688,103.1227,马来西亚,登嘉樓州,瓜拉尼鲁斯县,,
5.3455,103.1244,马来西亚,登嘉樓州,瓜拉尼鲁斯县,,Kampung Batin
5.3588,103.1265,马来西亚,登嘉樓州,瓜拉尼鲁斯县,,
5.3102,103.1616,马来西亚,登嘉樓州,瓜拉登嘉楼,Kampung Mengabang Tengah,
5.1716,103.1915,马来西亚,登嘉樓州,马江县,,
5.315,103.1588,马来西亚,登嘉樓州,瓜拉登嘉楼,峇都布洛,
5.3156,103.1367,马来西亚,登嘉樓州,瓜拉登嘉楼,,
5.3144,103.1235,马来西亚,登嘉樓州,瓜拉登嘉楼,Cabang Tiga,Kampung Losong Haji Su
5.313,103.1233,马来西亚,登嘉樓州,瓜拉登嘉楼,Cabang Tiga,
5.3069,103.1244,马来西亚,登嘉樓州,瓜拉登嘉楼,Kampung Tok Ku Kir,
5.3043,103.123,马来西亚,登嘉樓州,瓜拉登嘉楼县,Kampung Tok Ku Kir,
5.2992,103.1292,马来西亚,登嘉樓州,瓜拉登嘉楼县,Kampung Tok Ku Kir,
5.2972,103.1687,马来西亚,登嘉樓州,瓜拉登嘉楼,,
5.2927,103.1672,马来西亚,登嘉樓州,瓜拉登嘉楼,Kampung Mengabang Tengah,Taman Seri Bayu
5.2886,103.1649,马来西亚,登嘉樓州,瓜拉登嘉楼,,Taman Seri Bayu
5.2866,103.1633,马来西亚,登嘉樓州,瓜拉登嘉楼,,
5.2874,103.1456,马来西亚,登嘉樓州,瓜拉登嘉楼县,,
5.2904,103.1289,马来西亚,登嘉樓州,瓜拉登嘉楼,,
5.2919,103.127,马来西亚,登嘉樓州,瓜拉登嘉楼县,,
5.2833,103.1684,马来西亚,登嘉樓州,瓜拉登嘉楼,,
5.2794,103.1638,马来西亚,登嘉樓州,瓜拉登嘉楼,,
5.2762,103.1612,马来西亚,登嘉樓州,瓜拉登嘉楼,,
5.2747,103.1682,马来西亚,登嘉樓州,瓜拉登嘉楼,,
5.2726,103.1806,马来西亚,登嘉樓州,瓜拉登嘉楼,,Kampung Masjid Besar
5.2695,103.1824,马来西亚,登嘉樓州,瓜拉登嘉楼,,Kampung Pandak
5.2655,103.1791,马来西亚,登嘉樓州,瓜拉登嘉楼,,
5.2672,103.1754,马来西亚,登嘉樓州,瓜拉登嘉楼,,
5.2655,103.1695,马来西亚,登嘉樓州,瓜拉登嘉楼,,Kampung Masjid Besar
5.2539,103.1808,马来西亚,登嘉樓州,马江县,Chendering,
5.2507,103.182,马来西亚,登嘉樓州,马江县,Chendering,
5.256,103.1822,马来西亚,登嘉樓州,马江县,Chendering,Kampung Rhu Dua
5.2865,103.1682,马来西亚,登嘉樓州,瓜拉登嘉楼,,
5.2244,103.1963,马来西亚,登嘉樓州,马江县,,Kampung Rhu Dua
5.2165,103.1278,马来西亚,登嘉樓州,瓜拉登嘉楼县,,
5.2091,103.2094,马来西亚,登嘉樓州,马江县,,
5.197,103.2054,马来西亚,登嘉樓州,马江县,,
5.1865,103.2193,马来西亚,登嘉樓州,马江县,,
5.1587,103.1838,马来西亚,登嘉樓州,马江县,,
4.351,101.0125,马来西亚,霹雳州,近打县,,爱育德纳
4.5987,101.0855,马来西亚,霹雳州,近打县,,
4.5954,101.1275,马来西亚,霹雳州,近打县,,白兰园
4.5852,100.9648,马来西亚,霹雳州,江沙县,,
4.5857,100.9708,马来西亚,霹雳州,江沙县,,
4.6004,101.0582,马来西亚,霹雳州,近打县,斯里宾,第一花园
4.5964,101.0542,马来西亚,霹雳州,近打县,,第一花园
4.606,101.0709,马来西亚,霹雳州,近打县,Manjoi,Taman Lim
4.6051,101.0806,马来西亚,霹雳州,近打县,,
4.5789,101.0987,马来西亚,霹雳州,近打县,,鸣山花园
4.5811,101.1202,马来西亚,霹雳州,近打县,昆仑喇叭,拉萨基镇
4.5771,101.1256,马来西亚,霹雳州,近打县,昆仑喇叭,怡保卫星市
4.5712,101.1288,马来西亚,霹雳州,近打县,昆仑喇叭,喇叭实地亚
4.5682,101.1282,马来西亚,霹雳州,近打县,昆仑喇叭,Taman Rapat Indah
4.5781,101.1173,马来西亚,霹雳州,近打县,昆仑喇叭,Kampung Sungai Rokam
4.5704,101.0888,马来西亚,霹雳州,近打县,,
4.5842,101.0787,马来西亚,霹雳州,近打县,,Taman Bendahara
4.5801,101.0752,马来西亚,霹雳州,近打县,,Tebing Tinggi Village
4.5764,101.0795,马来西亚,霹雳州,近打县,,
4.5821,101.0647,马来西亚,霹雳州,近打县,,
4.5524,101.0412,马来西亚,霹雳州,近打县,,
4.561,101.0638,马来西亚,霹雳州,近打县,,
4.558,101.0658,马来西亚,霹雳州,近打县,,
4.5601,101.0751,马来西亚,霹雳州,近打县,,沙田园
4.555,101.0778,马来西亚,霹雳州,近打县,,Taman Pengkalan Jaya
4.5589,101.0758,马来西亚,霹雳州,近打县,,沙田园
4.5489,101.074,马来西亚,霹雳州,近打县,,
4.5611,101.1103,马来西亚,霹雳州,近打县,昆仑喇叭,
4.5352,101.207,马来西亚,霹雳州,近打县,,
4.5343,101.1403,马来西亚,霹雳州,近打县,新邦波赖,Kampung Tanjong
4.5428,101.0452,马来西亚,霹雳州,近打县,,
4.541,101.0493,马来西亚,霹雳州,近打县,,
4.5275,101.1279,马来西亚,霹雳州,近打县,新邦波赖,Kg. Baru Simpang Pulai
4.5107,101.129,马来西亚,霹雳州,近打县,,
4.5053,101.0883,马来西亚,霹雳州,近打县,,
4.5064,101.0793,马来西亚,霹雳州,近打县,,
4.5017,101.0737,马来西亚,霹雳州,近打县,,
4.5069,101.0486,马来西亚,霹雳州,近打县,,
4.4861,101.0398,马来西亚,霹雳州,近打县,,Taman Cempaka
4.502,101.0799,马来西亚,霹雳州,近打县,,
4.4953,101.1198,马来西亚,霹雳州,近打县,,Taman Raia Kemasik
4.48,101.0434,马来西亚,霹雳州,近打县,,
4.4684,100.9948,马来西亚,霹雳州,近打县,,
4.4599,100.9956,马来西亚,霹雳州,近打县,,Bandar Baru Siputeh
4.4739,101.0476,马来西亚,霹雳州,近打县,,RPT Tasek Permai
4.464,101.046,马来西亚,霹雳州,近打县,,
4.4569,101.1524,马来西亚,霹雳州,金宝县,,
4.4547,101.1606,马来西亚,霹雳州,金宝县,,
4.4658,101.1798,马来西亚,霹雳州,金宝县,,
4.4585,101.1884,马来西亚,霹雳州,金宝县,,
4.4552,101.1927,马来西亚,霹雳州,金宝县,,
4.466,101.2223,马来西亚,霹雳州,金宝县,,
4.441,101.1846,马来西亚,霹雳州,金宝县,,
4.4517,101.1667,马来西亚,霹雳州,金宝县,,
4.4512,101.1427,马来西亚,霹雳州,金宝县,,
4.4541,101.0397,马来西亚,霹雳州,近打县,,
4.4456,100.9606,马来西亚,霹雳州,近打县,,
4.4247,101.0619,马来西亚,霹雳州,金宝县,,
4.4333,101.1765,马来西亚,霹雳州,金宝县,,
4.4235,100.9926,马来西亚,霹雳州,近打县,,Rumah Murah Tronoh
4.4182,100.9624,马来西亚,霹雳州,近打县,,那拉新村
4.3927,101.0051,马来西亚,霹雳州,近打县,,百利新村
4.3916,100.9992,马来西亚,霹雳州,近打县,,
4.3653,101.1287,马来西亚,霹雳州,金宝县,,Kampung Tualang Sekah
4.3717,101.1453,马来西亚,霹雳州,金宝县,,
4.3792,101.142,马来西亚,霹雳州,金宝县,,
4.3478,101.1068,马来西亚,霹雳州,金宝县,,Kampung Changkat Baru
4.3583,101.1285,马来西亚,霹雳州,金宝县,,Kampung Tualang Sekah
4.3513,101.1257,马来西亚,霹雳州,金宝县,,Kampung Tanjong Bangkong
4.3461,101.124,马来西亚,霹雳州,金宝县,,Kampung Tanjong Bangkong
1.8464,103.6408,马来西亚,柔佛州,哥打丁宜县,,
1.6297,103.6272,马来西亚,柔佛州,古来县,沙令,Taman Pancasila
1.6285,103.4633,马来西亚,柔佛州,古来县,,
1.7336,103.6497,马来西亚,柔佛州,古来县,,
1.7682,103.5215,马来西亚,柔佛州,古来县,,
1.6818,103.5151,马来西亚,柔佛州,古来县,,
1.6649,103.5156,马来西亚,柔佛州,古来县,,
1.7858,103.5379,马来西亚,柔佛州,古来县,,
1.7757,103.5561,马来西亚,柔佛州,古来县,,
1.7555,103.5526,马来西亚,柔佛州,古来县,,
1.6773,103.5296,马来西亚,柔佛州,古来县,,
1.8631,103.6273,马来西亚,柔佛州,哥打丁宜县,,
1.6744,103.6115,马来西亚,柔佛州,古来县,,Taman Cantik
1.6727,103.6107,马来西亚,柔佛州,古来县,,Taman Cantik
1.6701,103.6088,马来西亚,柔佛州,古来县,,Taman Kulaijaya
1.6705,103.6023,马来西亚,柔佛州,古来县,,Taman Mas 2
1.6672,103.6041,马来西亚,柔佛州,古来县,,Taman Mas
1.666,103.5922,马来西亚,柔佛州,古来县,,
1.6685,103.5882,马来西亚,柔佛州,古来县,,
1.6621,103.5921,马来西亚,柔佛州,古来县,,Taman Kulai Utama
1.6606,103.5868,马来西亚,柔佛州,古来县,,
1.6561,103.5907,马来西亚,柔佛州,古来县,,Taman Bersatu
1.6543,103.5942,马来西亚,柔佛州,古来县,,Taman Bersatu
1.649,103.6171,马来西亚,柔佛州,古来县,,
1.6474,103.6199,马来西亚,柔佛州,古来县,,
1.6448,103.6192,马来西亚,柔佛州,古来县,,
1.6464,103.6217,马来西亚,柔佛州,古来县,,
1.7884,103.6369,马来西亚,柔佛州,古来县,,
1.7304,103.643,马来西亚,柔佛州,古来县,,
2.1608,103.1436,马来西亚,柔佛州,居銮县,,
2.1578,103.1642,马来西亚,柔佛州,居銮县,,
2.1688,103.2668,马来西亚,柔佛州,居銮县,,
2.14,103.3457,马来西亚,柔佛州,居銮县,,
2.1438,103.2357,马来西亚,柔佛州,居銮县,,
2.0944,103.2706,马来西亚,柔佛州,居銮县,,
2.0915,103.2772,马来西亚,柔佛州,居銮县,,
2.0722,103.3092,马来西亚,柔佛州,居銮县,,
2.066,103.2297,马来西亚,柔佛州,居銮县,,
2.071,103.1434,马来西亚,柔佛州,峇株巴辖县,,
2.0542,103.3181,马来西亚,柔佛州,居銮县,,
2.0458,103.3169,马来西亚,柔佛州,居銮县,,长隆园
2.0445,103.3188,马来西亚,柔佛州,居銮县,,
2.0461,103.3263,马来西亚,柔佛州,居銮县,,
2.0512,103.3336,马来西亚,柔佛州,居銮县,,
2.0531,103.3354,马来西亚,柔佛州,居銮县,,
2.0509,103.338,马来西亚,柔佛州,居銮县,,
2.0539,103.3429,马来西亚,柔佛州,居銮县,,
2.0471,103.342,马来西亚,柔佛州,居銮县,,
2.0515,103.3466,马来西亚,柔佛州,居銮县,,Taman Makmur
2.0577,103.3443,马来西亚,柔佛州,居銮县,,
2.0572,103.3511,马来西亚,柔佛州,居銮县,,Taman Makmur
2.0543,103.353,马来西亚,柔佛州,居銮县,,
2.04118,103.3456,马来西亚,柔佛州,居銮县,,
2.0425,103.3325,马来西亚,柔佛州,居銮县,,
2.0267,103.3034,马来西亚,柔佛州,居銮县,,
2.0218,103.3021,马来西亚,柔佛州,居銮县,,Taman Bintang
2.0201,103.3025,马来西亚,柔佛州,居銮县,,Taman Bintang
2.0206,103.2856,马来西亚,柔佛州,居銮县,,Taman Desa
2.0105,103.3196,马来西亚,柔佛州,居銮县,,
2.0055,103.3195,马来西亚,柔佛州,居銮县,,
2.03402,103.34607,马来西亚,柔佛州,居銮县,,
1.9206,103.1614,马来西亚,柔佛州,峇株巴辖县,,
1.9135,103.1976,马来西亚,柔佛州,居銮县,,
1.9227,103.175,马来西亚,柔佛州,峇株巴辖县,,
1.9574,103.2081,马来西亚,柔佛州,峇株巴辖县,,
1.906,103.2178,马来西亚,柔佛州,居銮县,,
1.981,103.2344,马来西亚,柔佛州,峇株巴辖县,,
1.9725,103.2436,马来西亚,柔佛州,居銮县,,
1.9809,103.2439,马来西亚,柔佛州,峇株巴辖县,,
2.0179,103.341,马来西亚,柔佛州,居銮县,,
2.0277,103.235,马来西亚,柔佛州,居銮县,,
2.1636,103.8685,马来西亚,柔佛州,丰盛港县,,
2.1607,103.9076,马来西亚,柔佛州,丰盛港县,,
2.1685,103.9124,马来西亚,柔佛州,丰盛港县,,
2.1398,103.8791,马来西亚,柔佛州,丰盛港县,,
2.0817,103.8907,马来西亚,柔佛州,丰盛港县,,
2.0103,103.8609,马来西亚,柔佛州,哥打丁宜县,,
1.9583,103.8728,马来西亚,柔佛州,哥打丁宜县,,
2.0164,103.9151,马来西亚,柔佛州,哥打丁宜县,,
1.5117,103.7644,马来西亚,柔佛州,新山县,,
1.5156,103.7551,马来西亚,柔佛州,新山县,班兰,Kampung Melayu Majidee
1.5006,103.7152,马来西亚,柔佛州,新山县,乌达新镇,Taman Orkid
1.5052,103.772,马来西亚,柔佛州,新山县,,
1.5033,103.7684,马来西亚,柔佛州,新山县,,
1.4997,103.7673,马来西亚,柔佛州,新山县,,南钥城
1.4957,103.7632,马来西亚,柔佛州,新山县,,Taman Perbadanan Islam
1.4934,103.7451,马来西亚,柔佛州,新山县,拉庆,Kampung Datok Onn Larkin
1.4942,103.7773,马来西亚,柔佛州,新山县,,大丰花园
1.4927,103.7692,马来西亚,柔佛州,新山县,,
1.4901,103.7614,马来西亚,柔佛州,新山县,,Kebun Teh
1.4842,103.7588,马来西亚,柔佛州,新山县,,世纪花园
1.4873,103.7527,马来西亚,柔佛州,新山县,,Taman Dato Onn
1.4861,103.725,马来西亚,柔佛州,新山县,乌达新镇,南滨园
1.479,103.759,马来西亚,柔佛州,新山县,,
1.4837,103.7217,马来西亚,柔佛州,新山县,,
1.4739,103.7395,马来西亚,柔佛州,新山县,北湖,龙舌花园
1.6067,103.8007,马来西亚,柔佛州,新山县,,
1.4625,103.7353,马来西亚,柔佛州,新山县,,
1.4651,103.7526,马来西亚,柔佛州,新山县,,Kampung Kubur
1.4567,103.7571,马来西亚,柔佛州,新山县,,
1.4621,103.7681,马来西亚,柔佛州,新山县,,
1.4645,103.7718,马来西亚,柔佛州,新山县,,
1.4679,103.7679,马来西亚,柔佛州,新山县,,武吉查卡
1.5893,103.8145,马来西亚,柔佛州,新山县,,Taman Bertuan
1.5888,103.8194,马来西亚,柔佛州,新山县,,Taman Kasih
1.5648,103.8114,马来西亚,柔佛州,新山县,烈光镇,
1.5559,103.8047,马来西亚,柔佛州,新山县,烈光镇,
1.542,103.7987,马来西亚,柔佛州,新山县,柔佛再也花园,
1.5422,103.8194,马来西亚,柔佛州,新山县,,
1.5237,103.7991,马来西亚,柔佛州,新山县,,和谐园
1.5204,103.7943,马来西亚,柔佛州,新山县,百合花园,
1.5117,103.8073,马来西亚,柔佛州,新山县,,
1.491,103.7869,马来西亚,柔佛州,新山县,,龙园
1.4943,103.8059,马来西亚,柔佛州,新山县,百万镇,
1.5119,103.7968,马来西亚,柔佛州,新山县,,Sunway Lenang Heights
1.6021,103.845,马来西亚,柔佛州,哥打丁宜县,,
1.5937,103.8495,马来西亚,柔佛州,新山县,,Taman Tiram Baru
1.6051,103.8225,马来西亚,柔佛州,新山县,,
1.6004,103.8173,马来西亚,柔佛州,新山县,,
1.5981,103.8233,马来西亚,柔佛州,新山县,,Taman Tiram Baru
1.5909,103.822,马来西亚,柔佛州,新山县,,Taman Kasih
1.502,103.8424,马来西亚,柔佛州,新山县,,
1.4991,103.8541,马来西亚,柔佛州,新山县,长春山庄,
1.4953,103.8611,马来西亚,柔佛州,新山县,长春山庄,长春岭
1.4874,103.8493,马来西亚,柔佛州,新山县,,
1.486,103.8663,马来西亚,柔佛州,新山县,长春山庄,
1.5855,103.8408,马来西亚,柔佛州,新山县,,
1.6071,103.8821,马来西亚,柔佛州,哥打丁宜县,,
1.4972,103.9062,马来西亚,柔佛州,新山县,,Taman Nusa Damai
1.4959,103.8788,马来西亚,柔佛州,新山县,至达城,
1.4913,103.884,马来西亚,柔佛州,新山县,,
1.4877,103.9103,马来西亚,柔佛州,新山县,,珍达娜花园
1.4753,103.9025,马来西亚,柔佛州,新山县,,武吉达丽雅花园
1.4743,103.8961,马来西亚,柔佛州,新山县,,玫瑰花园
1.5415,103.7513,马来西亚,柔佛州,新山县,,Taman Delima Indah
1.6064,103.809,马来西亚,柔佛州,新山县,,Taman Bukit Tiram
1.7782,103.2453,马来西亚,柔佛州,居銮县,,
1.68,103.1555,马来西亚,柔佛州,峇株巴辖县,,Taman Dato Jalal
1.6687,103.1873,马来西亚,柔佛州,峇株巴辖县,,
1.6765,103.1656,马来西亚,柔佛州,峇株巴辖县,,
1.6656,103.186,马来西亚,柔佛州,峇株巴辖县,,
1.6588,103.1993,马来西亚,柔佛州,笨珍县,,
1.8694,103.2348,马来西亚,柔佛州,居銮县,,
1.8577,103.2119,马来西亚,柔佛州,居銮县,,
1.7726,103.2481,马来西亚,柔佛州,居銮县,,
1.7227,103.2488,马来西亚,柔佛州,笨珍县,,
1.7488,103.2502,马来西亚,柔佛州,笨珍县,,
1.741,103.2722,马来西亚,柔佛州,居銮县,,
1.8773,103.251,马来西亚,柔佛州,居銮县,,
1.8114,103.2587,马来西亚,柔佛州,居銮县,,
1.7244,103.2781,马来西亚,柔佛州,笨珍县,,
1.7158,103.2745,马来西亚,柔佛州,笨珍县,,
1.7082,103.2718,马来西亚,柔佛州,笨珍县,,
1.709,103.3032,马来西亚,柔佛州,笨珍县,,
1.7018,103.2753,马来西亚,柔佛州,笨珍县,,
1.6429,103.2777,马来西亚,柔佛州,笨珍县,,Kampung Parit Gantong
1.6365,103.3108,马来西亚,柔佛州,笨珍县,,
1.6421,103.307,马来西亚,柔佛州,笨珍县,,
1.6641,103.3152,马来西亚,柔佛州,笨珍县,,
1.7004,103.3007,马来西亚,柔佛州,笨珍县,,
1.884,103.2994,马来西亚,柔佛州,居銮县,,
1.8671,103.3048,马来西亚,柔佛州,居銮县,,
1.8368,103.3259,马来西亚,柔佛州,居銮县,,
1.8267,103.2988,马来西亚,柔佛州,居銮县,,
1.8203,103.3038,马来西亚,柔佛州,居銮县,,Taman Sentosa
1.8082,103.3073,马来西亚,柔佛州,居銮县,,
1.7849,103.3048,马来西亚,柔佛州,居銮县,,
1.7564,103.2889,马来西亚,柔佛州,居銮县,,
1.7505,103.2992,马来西亚,柔佛州,居銮县,,
1.7467,103.2997,马来西亚,柔佛州,居銮县,,
1.7396,103.3002,马来西亚,柔佛州,笨珍县,,
1.7174,103.3135,马来西亚,柔佛州,笨珍县,,
1.7201,103.3239,马来西亚,柔佛州,笨珍县,,
1.7107,103.3098,马来西亚,柔佛州,笨珍县,,
1.6687,103.3542,马来西亚,柔佛州,笨珍县,,
1.8686,103.3358,马来西亚,柔佛州,居銮县,,
1.8565,103.3359,马来西亚,柔佛州,居銮县,,
1.7811,103.3599,马来西亚,柔佛州,居銮县,,
1.7565,103.3543,马来西亚,柔佛州,居銮县,,
1.7411,103.3544,马来西亚,柔佛州,居銮县,,
1.7356,103.3389,马来西亚,柔佛州,居銮县,,Kampung Paya
1.7264,103.3475,马来西亚,柔佛州,居銮县,,
1.7315,103.3647,马来西亚,柔佛州,居銮县,,
1.7076,103.3428,马来西亚,柔佛州,笨珍县,,
1.8159,103.3904,马来西亚,柔佛州,居銮县,,
1.7694,103.3945,马来西亚,柔佛州,居銮县,,
1.7604,103.3829,马来西亚,柔佛州,居銮县,,
1.7485,103.3804,马来西亚,柔佛州,居銮县,,
1.8212,103.7237,马来西亚,柔佛州,哥打丁宜县,,
1.7837,103.6824,马来西亚,柔佛州,哥打丁宜县,,
1.8244,103.7649,马来西亚,柔佛州,哥打丁宜县,,
1.7582,103.772,马来西亚,柔佛州,哥打丁宜县,,
1.7631,103.7852,马来西亚,柔佛州,哥打丁宜县,,
1.7387,103.7802,马来西亚,柔佛州,哥打丁宜县,,
1.7404,103.8086,马来西亚,柔佛州,哥打丁宜县,,
1.7388,103.8142,马来西亚,柔佛州,哥打丁宜县,,
1.734,103.8431,马来西亚,柔佛州,哥打丁宜县,,
1.7928,103.8711,马来西亚,柔佛州,哥打丁宜县,,
1.7389,103.8866,马来西亚,柔佛州,哥打丁宜县,,成功花园
1.7291,103.8883,马来西亚,柔佛州,哥打丁宜县,,
1.7227,103.8905,马来西亚,柔佛州,哥打丁宜县,,
4.598,101.9901,马来西亚,彭亨州,立卑县,,
4.5588,101.9869,马来西亚,彭亨州,立卑县,,
4.4873,101.9474,马来西亚,彭亨州,立卑县,,
4.4824,101.9587,马来西亚,彭亨州,立卑县,,
4.4376,101.9021,马来西亚,彭亨州,立卑县,,
4.4141,101.9295,马来西亚,彭亨州,立卑县,,
4.3942,101.9257,马来西亚,彭亨州,立卑县,,
4.3658,101.9284,马来西亚,彭亨州,立卑县,,
4.3526,103.3915,马来西亚,登嘉樓州,甘马挽县,,
4.4184,103.385,马来西亚,登嘉樓州,甘马挽县,,
4.5171,103.3894,马来西亚,登嘉樓州,甘马挽县,,
4.539,103.3901,马来西亚,登嘉樓州,甘马挽县,,
4.5762,103.3081,马来西亚,登嘉樓州,龙运县,,
4.5777,103.3219,马来西亚,登嘉樓州,龙运县,,
4.5636,103.3107,马来西亚,登嘉樓州,甘马挽县,,
4.4302,103.2286,马来西亚,登嘉樓州,甘马挽县,,
4.4385,103.2141,马来西亚,登嘉樓州,甘马挽县,,
4.4023,103.2573,马来西亚,登嘉樓州,甘马挽县,,
4.3556,103.2461,马来西亚,登嘉樓州,甘马挽县,,
4.3462,103.2578,马来西亚,登嘉樓州,甘马挽县,,
4.3792,103.3227,马来西亚,登嘉樓州,甘马挽县,,
2.0114,103.2937,马来西亚,柔佛州,居銮县,,Taman Kluang Barat
4.5067,103.4363,马来西亚,登嘉樓州,甘马挽县,Taman Kertih Dahlia 4,Taman Wan Adnan
4.4778,103.4342,马来西亚,登嘉樓州,甘马挽县,Taman Kektus,
4.4382,103.4506,马来西亚,登嘉樓州,甘马挽县,,
4.4385,103.436,马来西亚,登嘉樓州,甘马挽县,,
4.4307,103.4526,马来西亚,登嘉樓州,甘马挽县,,
4.4278,103.4431,马来西亚,登嘉樓州,甘马挽县,,Kg Tok Kaya Kanan
4.4224,103.4437,马来西亚,登嘉樓州,甘马挽县,,Kampung Baru Kiri
4.4255,103.4515,马来西亚,登嘉樓州,甘马挽县,,Kampung Lubuk Kawah
4.4228,103.4554,马来西亚,登嘉樓州,甘马挽县,,
4.4207,103.4524,马来西亚,登嘉樓州,甘马挽县,,Bandar Pelancungan Pantai Kijal
4.4171,103.4496,马来西亚,登嘉樓州,甘马挽县,,Kampung Bukit Kukuran
4.414,103.4471,马来西亚,登嘉樓州,甘马挽县,,Kampung Bukit Kukuran
4.3613,103.4642,马来西亚,登嘉樓州,甘马挽县,,Taman Kijal Mentauh 2
4.3547,103.467,马来西亚,登嘉樓州,甘马挽县,,
4.3431,103.4807,马来西亚,登嘉樓州,甘马挽县,,
4.3461,103.4685,马来西亚,登嘉樓州,甘马挽县,,
4.3771,103.4152,马来西亚,登嘉樓州,甘马挽县,,
4.4083,103.3965,马来西亚,登嘉樓州,甘马挽县,,
4.4069,103.3964,马来西亚,登嘉樓州,甘马挽县,,
4.4089,103.4101,马来西亚,登嘉樓州,甘马挽县,,
4.406,103.4093,马来西亚,登嘉樓州,甘马挽县,,
4.4652,103.4027,马来西亚,登嘉樓州,甘马挽县,,
4.61013,103.44343,马来西亚,登嘉樓州,龙运县,Taman Murni Perdana,Taman Sejati 1
4.3133,100.7644,马来西亚,霹雳州,曼绒县,,
4.2971,100.7534,马来西亚,霹雳州,曼绒县,,
4.2853,100.7485,马来西亚,霹雳州,曼绒县,,RPA 2
4.2677,100.733,马来西亚,霹雳州,曼绒县,,Taman Sungai Wangi
4.267,100.7215,马来西亚,霹雳州,曼绒县,,Taman Seri Wangi
4.2586,100.7206,马来西亚,霹雳州,曼绒县,,Kampung Sungai Wangi
4.262,100.727,马来西亚,霹雳州,曼绒县,,Taman Seri Wangi
4.2275,100.6947,马来西亚,霹雳州,曼绒县,,
4.2174,100.6934,马来西亚,霹雳州,曼绒县,,Pekan Sitiawan
4.2096,100.6953,马来西亚,霹雳州,曼绒县,,Taman Maju Indah
4.2116,100.7014,马来西亚,霹雳州,曼绒县,,
4.2103,100.7004,马来西亚,霹雳州,曼绒县,,
4.2074,100.7003,马来西亚,霹雳州,曼绒县,,
4.2056,100.701,马来西亚,霹雳州,曼绒县,,
4.2029,100.701,马来西亚,霹雳州,曼绒县,,
4.2012,100.6964,马来西亚,霹雳州,曼绒县,,
4.1889,100.706,马来西亚,霹雳州,曼绒县,,甘文阁
4.1918,100.7061,马来西亚,霹雳州,曼绒县,,甘文阁
4.1964,100.7097,马来西亚,霹雳州,曼绒县,,
4.2967,100.7007,马来西亚,霹雳州,曼绒县,,
4.0916,100.7688,马来西亚,霹雳州,曼绒县,,
4.1548,100.7307,马来西亚,霹雳州,曼绒县,,
4.1145,100.786,马来西亚,霹雳州,曼绒县,,Kampung Batu 14 Lekir
4.1095,100.7892,马来西亚,霹雳州,曼绒县,,Kampung Batu 14 Lekir
4.1156,100.7641,马来西亚,霹雳州,曼绒县,,
4.147,100.9449,马来西亚,霹雳州,中霹雳县,,
4.1575,100.9217,马来西亚,霹雳州,中霹雳县,,Kampung Changkat Lada
4.1545,100.9205,马来西亚,霹雳州,中霹雳县,,Kampung Changkat Lada
4.1369,100.8989,马来西亚,霹雳州,中霹雳县,,
4.1742,100.9368,马来西亚,霹雳州,中霹雳县,,Kampung Pasir Salak
4.1175,100.9596,马来西亚,霹雳州,中霹雳县,,Kampung Bukit Chawi
4.1652,100.9557,马来西亚,霹雳州,中霹雳县,,
4.1804,100.9434,马来西亚,霹雳州,中霹雳县,,Kampung Teluk
4.1773,100.9518,马来西亚,霹雳州,中霹雳县,,Kampung Teluk
4.1876,100.9431,马来西亚,霹雳州,中霹雳县,,Pekan Kampong Gajah
4.1807,100.9462,马来西亚,霹雳州,中霹雳县,,
4.1846,100.9211,马来西亚,霹雳州,中霹雳县,,
4.1799,100.9267,马来西亚,霹雳州,中霹雳县,,
4.186,100.9329,马来西亚,霹雳州,中霹雳县,,Pekan Kampong Gajah
4.1948,100.9252,马来西亚,霹雳州,中霹雳县,,Pekan Kampong Gajah
4.1963,100.9487,马来西亚,霹雳州,中霹雳县,,Kampung Setia
4.2056,100.9067,马来西亚,霹雳州,中霹雳县,,
4.2069,100.9164,马来西亚,霹雳州,中霹雳县,,Pekan Kampong Gajah
4.2038,100.9179,马来西亚,霹雳州,中霹雳县,,Pekan Kampong Gajah
4.2134,100.9239,马来西亚,霹雳州,中霹雳县,,Pekan Kampong Gajah
4.222,100.9211,马来西亚,霹雳州,中霹雳县,,
4.26,100.9046,马来西亚,霹雳州,中霹雳县,,
4.2791,100.8821,马来西亚,霹雳州,中霹雳县,,
4.2767,100.883,马来西亚,霹雳州,中霹雳县,,
4.3265,100.8508,马来西亚,霹雳州,中霹雳县,,
4.3337,100.851,马来西亚,霹雳州,中霹雳县,,
4.325,100.9522,马来西亚,霹雳州,中霹雳县,,
4.3346,100.8912,马来西亚,霹雳州,中霹雳县,Bota Kanan,
4.3339,100.8838,马来西亚,霹雳州,中霹雳县,,
4.1263,100.7638,马来西亚,霹雳州,曼绒县,,Taman Mohd Wazir
4.1272,100.7633,马来西亚,霹雳州,曼绒县,,Taman Mohd Wazir
4.2825,101.5111,马来西亚,彭亨州,立卑县,,
4.2585,101.5474,马来西亚,彭亨州,立卑县,,
4.31,101.6189,马来西亚,彭亨州,立卑县,,
4.2689,101.6828,马来西亚,彭亨州,立卑县,,
4.2596,101.6962,马来西亚,彭亨州,立卑县,,
4.265,101.6942,马来西亚,彭亨州,立卑县,,
4.2486,101.708,马来西亚,彭亨州,立卑县,,
4.2546,101.7015,马来西亚,彭亨州,立卑县,,
4.2599,101.7149,马来西亚,彭亨州,立卑县,,
4.1664,101.5591,马来西亚,彭亨州,立卑县,,
4.1463,101.5498,马来西亚,彭亨州,立卑县,,
4.1425,101.6482,马来西亚,彭亨州,立卑县,,
4.1285,101.7074,马来西亚,彭亨州,立卑县,,
4.0641,101.8002,马来西亚,彭亨州,劳勿县,,
3.9804,101.7835,马来西亚,彭亨州,劳勿县,峇都马林,
3.9773,101.7837,马来西亚,彭亨州,劳勿县,峇都马林,
3.959,101.7949,马来西亚,彭亨州,劳勿县,,
3.978,101.7603,马来西亚,彭亨州,劳勿县,,
4.012,101.6568,马来西亚,彭亨州,劳勿县,,
3.9887,101.645,马来西亚,彭亨州,劳勿县,,
4.0476,101.6795,马来西亚,彭亨州,劳勿县,,
4.0257,101.7213,马来西亚,彭亨州,劳勿县,,
4.0081,101.7326,马来西亚,彭亨州,劳勿县,,
3.9585,101.8227,马来西亚,彭亨州,劳勿县,,
3.9397,101.8399,马来西亚,彭亨州,劳勿县,,
3.8293,101.8381,马来西亚,彭亨州,劳勿县,,
3.8001,101.8714,马来西亚,彭亨州,劳勿县,,
3.8059,101.8652,马来西亚,彭亨州,劳勿县,,
3.8065,101.8481,马来西亚,彭亨州,劳勿县,,
3.811,101.8463,马来西亚,彭亨州,劳勿县,,Taman Maju Indah
3.8235,101.8395,马来西亚,彭亨州,劳勿县,,
3.819,101.8424,马来西亚,彭亨州,劳勿县,,Taman Maju Indah
4.023,101.8794,马来西亚,彭亨州,劳勿县,,
4.0149,101.8824,马来西亚,彭亨州,劳勿县,,
4.009,101.8818,马来西亚,彭亨州,劳勿县,,
3.9775,101.8802,马来西亚,彭亨州,劳勿县,,
3.971,101.8777,马来西亚,彭亨州,劳勿县,,
3.9471,101.8668,马来西亚,彭亨州,劳勿县,,
3.947,101.8804,马来西亚,彭亨州,劳勿县,,
3.866,101.8803,马来西亚,彭亨州,劳勿县,,
4.0466,101.8956,马来西亚,彭亨州,劳勿县,,
4.04,101.9033,马来西亚,彭亨州,劳勿县,,
4.0342,101.9078,马来西亚,彭亨州,劳勿县,,
4.0264,101.9023,马来西亚,彭亨州,劳勿县,,
4.0209,101.9128,马来西亚,彭亨州,劳勿县,,
4.0153,101.8939,马来西亚,彭亨州,劳勿县,,
4.0085,101.8883,马来西亚,彭亨州,劳勿县,,
4.0034,101.8998,马来西亚,彭亨州,劳勿县,,
4.0092,101.911,马来西亚,彭亨州,劳勿县,,
4.01,101.9183,马来西亚,彭亨州,劳勿县,,
4.0044,101.9161,马来西亚,彭亨州,劳勿县,,
4.0034,101.9108,马来西亚,彭亨州,劳勿县,,
3.9878,101.8971,马来西亚,彭亨州,劳勿县,,
3.9796,101.9117,马来西亚,彭亨州,劳勿县,,
3.9709,101.8991,马来西亚,彭亨州,劳勿县,,
3.966,101.911,马来西亚,彭亨州,劳勿县,,
3.9238,101.9008,马来西亚,彭亨州,劳勿县,,
3.8911,101.8975,马来西亚,彭亨州,劳勿县,,
3.8857,101.8915,马来西亚,彭亨州,劳勿县,,
3.8539,101.8923,马来西亚,彭亨州,劳勿县,,
3.8259,101.9163,马来西亚,彭亨州,劳勿县,,
4.0603,101.926,马来西亚,彭亨州,劳勿县,,
4.0485,101.9335,马来西亚,彭亨州,劳勿县,,
4.0455,101.9282,马来西亚,彭亨州,劳勿县,,
4.0421,101.928,马来西亚,彭亨州,劳勿县,,
4.0498,101.9417,马来西亚,彭亨州,劳勿县,,
4.0398,101.9353,马来西亚,彭亨州,劳勿县,,
4.0374,101.9451,马来西亚,彭亨州,立卑县,,
4.0386,101.9193,马来西亚,彭亨州,劳勿县,,
4.0363,101.9201,马来西亚,彭亨州,劳勿县,,
4.0185,101.9378,马来西亚,彭亨州,劳勿县,,
4.0135,101.9353,马来西亚,彭亨州,劳勿县,,
4.0112,101.9345,马来西亚,彭亨州,劳勿县,,
3.9641,101.9433,马来西亚,彭亨州,立卑县,,
3.8259,101.9265,马来西亚,彭亨州,劳勿县,,
3.8274,101.9427,马来西亚,彭亨州,劳勿县,,
3.8087,101.9395,马来西亚,彭亨州,劳勿县,,
4.0388,101.9559,马来西亚,彭亨州,立卑县,,
4.0345,101.9627,马来西亚,彭亨州,立卑县,,
4.0217,101.963,马来西亚,彭亨州,立卑县,,
4.0188,101.9646,马来西亚,彭亨州,立卑县,,
4.00897,101.97608,马来西亚,彭亨州,立卑县,,
3.99976,101.98518,马来西亚,彭亨州,立卑县,,
3.907,101.9683,马来西亚,彭亨州,劳勿县,,
4.0546,102.0112,马来西亚,彭亨州,立卑县,,
4.041,102.0017,马来西亚,彭亨州,立卑县,,
4.0409,101.9921,马来西亚,彭亨州,立卑县,,
3.9433,102.0099,马来西亚,彭亨州,劳勿县,,
3.9401,102.0156,马来西亚,彭亨州,劳勿县,,
3.9351,102.0082,马来西亚,彭亨州,劳勿县,,
3.9307,102.0107,马来西亚,彭亨州,劳勿县,,
3.9208,101.9934,马来西亚,彭亨州,劳勿县,,
3.893,101.9946,马来西亚,彭亨州,劳勿县,,
3.8829,101.9935,马来西亚,彭亨州,劳勿县,,
4.0426,102.0256,马来西亚,彭亨州,立卑县,,
4.032,102.0243,马来西亚,彭亨州,立卑县,,
4.0265,102.0313,马来西亚,彭亨州,立卑县,,
4.01048,102.01511,马来西亚,彭亨州,立卑县,,
4.0179,102.0405,马来西亚,彭亨州,立卑县,,
3.9487,102.0201,马来西亚,彭亨州,劳勿县,,
3.945,102.02,马来西亚,彭亨州,劳勿县,,
3.9431,102.0192,马来西亚,彭亨州,劳勿县,,
3.9331,102.0183,马来西亚,彭亨州,劳勿县,,
3.9329,102.028,马来西亚,彭亨州,劳勿县,,
4.0242,101.925,马来西亚,彭亨州,劳勿县,,
4.0178,102.049,马来西亚,彭亨州,立卑县,,
4.0161,102.0547,马来西亚,彭亨州,立卑县,,
4.0093,102.0579,马来西亚,彭亨州,立卑县,,
4.0181,102.0649,马来西亚,彭亨州,立卑县,,
3.993,102.0792,马来西亚,彭亨州,立卑县,,
3.994,102.0877,马来西亚,彭亨州,立卑县,,
3.9986,102.0853,马来西亚,彭亨州,立卑县,,
4.0115,102.0832,马来西亚,彭亨州,立卑县,,
4.0076,102.0859,马来西亚,彭亨州,立卑县,,
4.0099,102.0922,马来西亚,彭亨州,立卑县,,
4.0042,102.0876,马来西亚,彭亨州,立卑县,,
4.002,102.0862,马来西亚,彭亨州,立卑县,,
4.0006,102.1057,马来西亚,彭亨州,立卑县,,
3.9988,102.1224,马来西亚,彭亨州,而连突县,,
3.9756,102.1469,马来西亚,彭亨州,而连突县,,
3.891,102.1773,马来西亚,彭亨州,而连突县,,
3.8938,102.2047,马来西亚,彭亨州,而连突县,,
3.8756,102.1974,马来西亚,彭亨州,而连突县,,
3.9803,102.1717,马来西亚,彭亨州,而连突县,,
4.0562,102.2365,马来西亚,彭亨州,立卑县,,
4.0486,102.224,马来西亚,彭亨州,立卑县,,
4.0545,102.2219,马来西亚,彭亨州,立卑县,,
3.924,102.2038,马来西亚,彭亨州,而连突县,,
3.8973,102.2134,马来西亚,彭亨州,而连突县,,
3.8916,102.2157,马来西亚,彭亨州,而连突县,,
3.8797,102.204,马来西亚,彭亨州,而连突县,,
3.8736,102.215,马来西亚,彭亨州,淡马鲁县,,
3.8094,102.2312,马来西亚,彭亨州,淡马鲁县,,
4.0636,102.2451,马来西亚,彭亨州,立卑县,,
3.9181,102.2703,马来西亚,彭亨州,而连突县,,
3.7655,100.9723,马来西亚,雪兰莪州,沙白安南县,,Taman Raya 2
3.6786,100.9729,马来西亚,雪兰莪州,沙白安南县,Panchang Bedena,Taman Cahaya
3.7552,100.9817,马来西亚,雪兰莪州,沙白安南县,,
3.7597,100.9782,马来西亚,雪兰莪州,沙白安南县,,Taman Muhibbah
3.7638,100.9877,马来西亚,雪兰莪州,沙白安南县,,
3.7807,100.9982,马来西亚,雪兰莪州,沙白安南县,,
3.7727,100.9927,马来西亚,雪兰莪州,沙白安南县,,
4.0464,103.2874,马来西亚,登嘉樓州,甘马挽县,,
3.9688,103.4147,马来西亚,彭亨州,关丹县,,
3.958,103.3878,马来西亚,彭亨州,关丹县,,Kompleks Perumahan TLDM Seberang Balok
3.9392,103.3615,马来西亚,彭亨州,关丹县,Kampung Balok Baru,Taman Balok Pelangi
3.8897,103.3641,马来西亚,彭亨州,关丹县,,Taman Batu Hitam
3.9171,103.3072,马来西亚,彭亨州,关丹县,,
3.9322,103.306,马来西亚,登嘉樓州,甘马挽县,,
3.956,103.3082,马来西亚,登嘉樓州,甘马挽县,,
3.9932,103.2792,马来西亚,登嘉樓州,甘马挽县,,
3.8803,103.1311,马来西亚,彭亨州,关丹县,,
3.8777,103.1311,马来西亚,彭亨州,关丹县,,
3.8863,103.1673,马来西亚,彭亨州,关丹县,,
3.8814,103.1726,马来西亚,彭亨州,关丹县,,
3.8686,103.2064,马来西亚,彭亨州,关丹县,,
3.8724,103.2098,马来西亚,彭亨州,关丹县,,
3.8669,103.2166,马来西亚,彭亨州,关丹县,,
3.8328,103.2624,马来西亚,彭亨州,关丹县,英迪拉马哥打,
3.8814,103.2646,马来西亚,彭亨州,关丹县,尚城,
3.8999,103.3151,马来西亚,登嘉樓州,甘马挽县,,
3.9018,103.314,马来西亚,彭亨州,关丹县,,
3.8219,103.3037,马来西亚,彭亨州,关丹县,英迪拉马哥打,
3.7995,103.3068,马来西亚,彭亨州,关丹县,Bukit Setongkol,Taman LKNP Bukit Setongkol
3.8022,103.3075,马来西亚,彭亨州,关丹县,Bukit Setongkol,Taman LKNP Bukit Setongkol
3.8047,103.3016,马来西亚,彭亨州,关丹县,Bukit Setongkol,Taman LKNP Bukit Setongkol
3.8088,103.3032,马来西亚,彭亨州,关丹县,Bukit Setongkol,
3.8105,103.3482,马来西亚,彭亨州,关丹县,Kampung Kubang Buaya,
3.8131,103.3717,马来西亚,彭亨州,关丹县,,
3.8251,103.3229,马来西亚,彭亨州,关丹县,,
3.8282,103.3334,马来西亚,彭亨州,关丹县,Kampung Kubang Buaya,
3.8525,103.3628,马来西亚,彭亨州,关丹县,,Kampung Darat Sekolah
3.8527,103.335,马来西亚,彭亨州,关丹县,,
3.8548,103.365,马来西亚,彭亨州,关丹县,,
3.8564,103.3637,马来西亚,彭亨州,关丹县,,Kampung Darat Sekolah
3.8581,103.3683,马来西亚,彭亨州,关丹县,,
3.8613,103.3667,马来西亚,彭亨州,关丹县,,
3.8626,103.3654,马来西亚,彭亨州,关丹县,,
3.866,103.367,马来西亚,彭亨州,关丹县,,
3.6967,100.9584,马来西亚,雪兰莪州,沙白安南县,Panchang Bedena,Taman Koi
3.7698,100.8743,马来西亚,雪兰莪州,沙白安南县,,
3.757,100.9054,马来西亚,雪兰莪州,沙白安南县,,
3.7288,101.0181,马来西亚,雪兰莪州,沙白安南县,,
3.758,101.0078,马来西亚,雪兰莪州,沙白安南县,,
3.7895,101.0106,马来西亚,雪兰莪州,沙白安南县,,
3.7891,101.0378,马来西亚,霹雳州,峇眼拿督县,,
3.7777,101.0283,马来西亚,雪兰莪州,沙白安南县,,
3.74666,101.05471,马来西亚,雪兰莪州,沙白安南县,,
3.7299,101.1093,马来西亚,雪兰莪州,沙白安南县,,
3.7295,101.1342,马来西亚,雪兰莪州,沙白安南县,,
3.7435,101.1461,马来西亚,霹雳州,峇眼拿督县,,
3.7481,101.1482,马来西亚,霹雳州,峇眼拿督县,,
3.752,101.1421,马来西亚,霹雳州,峇眼拿督县,,
3.7581,101.1605,马来西亚,霹雳州,峇眼拿督县,,
3.7387,101.1706,马来西亚,霹雳州,峇眼拿督县,,
3.732,101.1947,马来西亚,霹雳州,峇眼拿督县,,
3.7378,101.2274,马来西亚,霹雳州,峇眼拿督县,,
3.7576,101.2054,马来西亚,霹雳州,峇眼拿督县,,
3.7068,101.1897,马来西亚,雪兰莪州,沙白安南县,,
3.7243,101.1467,马来西亚,雪兰莪州,沙白安南县,,
3.7138,101.1248,马来西亚,雪兰莪州,沙白安南县,,
3.7107,101.11,马来西亚,雪兰莪州,沙白安南县,,
3.6753,100.9794,马来西亚,雪兰莪州,沙白安南县,,
3.6633,101.0471,马来西亚,雪兰莪州,沙白安南县,,
3.6864,101.0422,马来西亚,雪兰莪州,沙白安南县,,
3.7138,101.0114,马来西亚,雪兰莪州,沙白安南县,,
3.6603,101.005,马来西亚,雪兰莪州,沙白安南县,,
3.6448,101.0237,马来西亚,雪兰莪州,沙白安南县,,
3.6403,101.0198,马来西亚,雪兰莪州,沙白安南县,,
3.6782,100.9834,马来西亚,雪兰莪州,沙白安南县,,Taman Penggawa
3.6633,100.9884,马来西亚,雪兰莪州,沙白安南县,,
3.6667,100.9979,马来西亚,雪兰莪州,沙白安南县,,Taman Purnama 1
3.6675,100.9894,马来西亚,雪兰莪州,沙白安南县,,Taman Berkat
3.6702,100.9868,马来西亚,雪兰莪州,沙白安南县,,Taman Berkat
3.6734,100.9743,马来西亚,雪兰莪州,沙白安南县,,
3.5317,102.0793,马来西亚,彭亨州,淡马鲁县,,
3.7862,102.2369,马来西亚,彭亨州,淡马鲁县,,
3.5323,102.1365,马来西亚,彭亨州,淡马鲁县,,
3.539,102.166,马来西亚,彭亨州,淡马鲁县,,
3.5424,102.1568,马来西亚,彭亨州,淡马鲁县,,
3.5306,102.1691,马来西亚,彭亨州,淡马鲁县,,
3.7934,102.2339,马来西亚,彭亨州,淡马鲁县,,
3.5508,102.1604,马来西亚,彭亨州,淡马鲁县,,
3.5588,102.1588,马来西亚,彭亨州,淡马鲁县,,
3.588,102.1925,马来西亚,彭亨州,淡马鲁县,,
3.621,102.2994,马来西亚,彭亨州,淡马鲁县,,
3.6338,102.31,马来西亚,彭亨州,淡马鲁县,,
3.6839,102.3129,马来西亚,彭亨州,淡马鲁县,,
3.7304,102.2991,马来西亚,彭亨州,淡马鲁县,,
3.7307,102.2932,马来西亚,彭亨州,淡马鲁县,,
3.7305,102.2859,马来西亚,彭亨州,淡马鲁县,,
3.7328,102.2806,马来西亚,彭亨州,淡马鲁县,,
3.7526,102.2535,马来西亚,彭亨州,淡马鲁县,,
3.7503,102.2602,马来西亚,彭亨州,淡马鲁县,,
3.5269,102.785,马来西亚,彭亨州,马兰县,,
3.5293,102.682,马来西亚,彭亨州,马兰县,,
3.7865,102.6351,马来西亚,彭亨州,马兰县,,
3.7816,102.6419,马来西亚,彭亨州,马兰县,,
3.7347,102.6417,马来西亚,彭亨州,马兰县,,
3.5335,102.5865,马来西亚,彭亨州,马兰县,,
3.5269,102.6014,马来西亚,彭亨州,马兰县,,
3.5291,102.6354,马来西亚,彭亨州,马兰县,,
3.5294,102.6534,马来西亚,彭亨州,马兰县,,
3.5427,102.6571,马来西亚,彭亨州,马兰县,,
3.5339,102.6788,马来西亚,彭亨州,马兰县,,
3.5344,102.6852,马来西亚,彭亨州,马兰县,,
3.6491,102.6893,马来西亚,彭亨州,马兰县,,
3.5451,102.6349,马来西亚,彭亨州,马兰县,,
3.5513,102.6352,马来西亚,彭亨州,马兰县,,
3.5531,102.6536,马来西亚,彭亨州,马兰县,,
3.5689,102.627,马来西亚,彭亨州,马兰县,,
3.6841,102.6627,马来西亚,彭亨州,马兰县,,
3.5647,102.679,马来西亚,彭亨州,马兰县,,
3.5654,102.7217,马来西亚,彭亨州,马兰县,,
3.5841,102.7293,马来西亚,彭亨州,马兰县,,
3.5932,102.7733,马来西亚,彭亨州,马兰县,,
3.7751,102.6439,马来西亚,彭亨州,马兰县,,
3.5754,102.7764,马来西亚,彭亨州,马兰县,,
3.5952,102.7423,马来西亚,彭亨州,马兰县,,
3.5786,102.8001,马来西亚,彭亨州,马兰县,,
3.6251,103.1247,马来西亚,彭亨州,关丹县,,
3.5366,103.4562,马来西亚,彭亨州,北根县,,
3.7955,103.3203,马来西亚,彭亨州,关丹县,,
3.5406,103.3833,马来西亚,彭亨州,北根县,,
3.7703,103.2704,马来西亚,彭亨州,关丹县,,
3.7736,103.2284,马来西亚,彭亨州,关丹县,,
3.7746,103.2391,马来西亚,彭亨州,关丹县,,达士花园
3.7783,103.2369,马来西亚,彭亨州,关丹县,,
3.7975,103.2071,马来西亚,彭亨州,关丹县,,
3.7874,103.2282,马来西亚,彭亨州,关丹县,,
3.7869,103.2527,马来西亚,彭亨州,关丹县,,
3.7974,103.2695,马来西亚,彭亨州,关丹县,,
3.7971,103.2647,马来西亚,彭亨州,关丹县,,Bukit Rangin
3.7822,103.273,马来西亚,彭亨州,关丹县,,
3.7957,103.2749,马来西亚,彭亨州,关丹县,,
3.7875,103.2836,马来西亚,彭亨州,关丹县,,
3.7974,103.3022,马来西亚,彭亨州,关丹县,Bukit Setongkol,
3.7898,103.2983,马来西亚,彭亨州,关丹县,,
3.7963,103.3057,马来西亚,彭亨州,关丹县,Bukit Setongkol,
3.7946,103.3332,马来西亚,彭亨州,关丹县,丹绒弄波,
3.7863,103.3313,马来西亚,彭亨州,关丹县,,
3.7636,103.3252,马来西亚,彭亨州,关丹县,,
3.761,103.3064,马来西亚,彭亨州,关丹县,,
3.7564,103.3098,马来西亚,彭亨州,关丹县,,
3.7522,103.2674,马来西亚,彭亨州,关丹县,,Taman Seri Inderapura
3.7706,103.252,马来西亚,彭亨州,关丹县,,
3.759,103.2386,马来西亚,彭亨州,关丹县,,
3.7545,103.2427,马来西亚,彭亨州,关丹县,,
3.7562,103.2035,马来西亚,彭亨州,关丹县,,
3.7609,103.166,马来西亚,彭亨州,关丹县,,
3.7426,103.1772,马来西亚,彭亨州,关丹县,,
3.7504,103.1941,马来西亚,彭亨州,关丹县,,
3.7468,103.1938,马来西亚,彭亨州,关丹县,,Taman Seri Mahkota Jaya
3.7504,103.218,马来西亚,彭亨州,关丹县,,
3.7316,103.2007,马来西亚,彭亨州,关丹县,,
3.7143,103.2702,马来西亚,彭亨州,关丹县,Indera Sempurna,
3.7334,103.3043,马来西亚,彭亨州,关丹县,,
3.7332,103.3149,马来西亚,彭亨州,关丹县,,
3.7227,103.3216,马来西亚,彭亨州,关丹县,,
3.726,103.3082,马来西亚,彭亨州,关丹县,,
3.7011,103.2728,马来西亚,彭亨州,关丹县,,
3.7106,103.1623,马来西亚,彭亨州,关丹县,,
3.7168,103.1297,马来西亚,彭亨州,关丹县,,
3.643,103.2944,马来西亚,彭亨州,关丹县,,
3.6449,103.3041,马来西亚,彭亨州,关丹县,,
3.6412,103.3569,马来西亚,彭亨州,关丹县,,
3.6362,103.3648,马来西亚,彭亨州,关丹县,,
3.6188,103.3739,马来西亚,彭亨州,关丹县,,
3.6128,103.3432,马来西亚,彭亨州,关丹县,,
3.6346,103.3165,马来西亚,彭亨州,关丹县,,
3.5952,103.343,马来西亚,彭亨州,北根县,,
3.6041,103.3854,马来西亚,彭亨州,关丹县,,
3.5716,103.397,马来西亚,彭亨州,北根县,,
3.5636,103.3996,马来西亚,彭亨州,北根县,,
3.5636,103.3785,马来西亚,彭亨州,北根县,,
3.5744,103.3774,马来西亚,彭亨州,北根县,,
3.567,103.2694,马来西亚,彭亨州,北根县,,
3.5603,103.2689,马来西亚,彭亨州,北根县,,
3.5451,103.1969,马来西亚,彭亨州,北根县,,
3.5288,103.2023,马来西亚,彭亨州,北根县,,
3.5439,103.2234,马来西亚,彭亨州,北根县,,
3.5413,103.2269,马来西亚,彭亨州,北根县,,
3.5391,103.2299,马来西亚,彭亨州,北根县,,
3.5537,103.2342,马来西亚,彭亨州,北根县,,
3.5433,103.2425,马来西亚,彭亨州,北根县,,
3.5447,103.3338,马来西亚,彭亨州,北根县,,
3.5386,103.3403,马来西亚,彭亨州,北根县,,
3.5615,103.3406,马来西亚,彭亨州,北根县,,
3.5424,103.379,马来西亚,彭亨州,北根县,,
3.5555,103.3772,马来西亚,彭亨州,北根县,,
3.5592,103.3814,马来西亚,彭亨州,北根县,,
3.5513,103.3864,马来西亚,彭亨州,北根县,,Taman Mentiga Jaya
3.5463,103.3875,马来西亚,彭亨州,北根县,,
3.5404,103.3833,马来西亚,彭亨州,北根县,,
3.534,103.3815,马来西亚,彭亨州,北根县,柏拉姆,
3.5315,103.3912,马来西亚,彭亨州,北根县,柏拉姆,
3.5275,103.3908,马来西亚,彭亨州,北根县,柏拉姆,
3.5342,103.4339,马来西亚,彭亨州,北根县,,
3.5304,103.4516,马来西亚,彭亨州,北根县,,
3.4889,101.21,马来西亚,雪兰莪州,瓜拉雪兰莪县,,
3.4401,101.1676,马来西亚,雪兰莪州,瓜拉雪兰莪县,,
3.3977,101.1719,马来西亚,雪兰莪州,瓜拉雪兰莪县,,
3.364,101.2067,马来西亚,雪兰莪州,瓜拉雪兰莪县,,
3.379,101.1865,马来西亚,雪兰莪州,瓜拉雪兰莪县,,
3.9717,103.3675,马来西亚,彭亨州,关丹县,,
3.7497,101.0574,马来西亚,雪兰莪州,沙白安南县,,
3.5141,102.2015,马来西亚,彭亨州,淡马鲁县,,
3.4894,102.3063,马来西亚,彭亨州,淡马鲁县,,Taman Desa Saujana
3.4971,102.263,马来西亚,彭亨州,淡马鲁县,,
3.4943,102.2498,马来西亚,彭亨州,淡马鲁县,,
3.5024,102.2019,马来西亚,彭亨州,淡马鲁县,,
3.4931,102.1595,马来西亚,彭亨州,淡马鲁县,,
3.4848,102.0917,马来西亚,彭亨州,文冬县,,
3.4729,102.1219,马来西亚,彭亨州,淡马鲁县,,
3.4845,102.2315,马来西亚,彭亨州,淡马鲁县,,
3.4605,102.1935,马来西亚,彭亨州,淡马鲁县,,
3.4022,102.0684,马来西亚,彭亨州,文冬县,,
3.3256,102.0606,马来西亚,彭亨州,文冬县,,
3.3007,102.06,马来西亚,彭亨州,文冬县,,
3.2907,102.2234,马来西亚,彭亨州,文冬县,,
3.289,102.0855,马来西亚,彭亨州,文冬县,,
3.2569,102.2052,马来西亚,彭亨州,文冬县,,
3.4529,103.128,马来西亚,彭亨州,北根县,,
3.4456,103.133,马来西亚,彭亨州,北根县,,
3.4322,103.1402,马来西亚,彭亨州,北根县,,
3.4226,103.1449,马来西亚,彭亨州,北根县,,
3.4176,103.148,马来西亚,彭亨州,北根县,,
3.3994,103.1511,马来西亚,彭亨州,北根县,,
3.3926,103.1567,马来西亚,彭亨州,北根县,,
3.3771,103.1589,马来西亚,彭亨州,北根县,,
3.4921,103.1294,马来西亚,彭亨州,北根县,,
3.3368,103.1831,马来西亚,彭亨州,北根县,,
3.4995,103.3879,马来西亚,彭亨州,北根县,Kampung Mengkasar,
3.5151,103.2367,马来西亚,彭亨州,北根县,,
3.4945,103.3946,马来西亚,彭亨州,北根县,Kampung Parit Tengah,
3.5188,103.3927,马来西亚,彭亨州,北根县,柏拉姆,
3.5118,103.3995,马来西亚,彭亨州,北根县,Taman Sri Maulana,
3.4928,103.3865,马来西亚,彭亨州,北根县,Kampung Parit Tengah,
3.4915,103.384,马来西亚,彭亨州,北根县,Kampung Parit Tengah,
3.4957,103.3761,马来西亚,彭亨州,北根县,Kampung Mengkasar,
3.4842,103.3532,马来西亚,彭亨州,北根县,,
3.4876,103.3699,马来西亚,彭亨州,北根县,Kampung Mengkasar,
3.4778,103.3984,马来西亚,彭亨州,北根县,Kampung Parit Tengah,
3.4729,103.3815,马来西亚,彭亨州,北根县,,
3.4667,103.4015,马来西亚,彭亨州,北根县,,
3.4929,103.418,马来西亚,彭亨州,北根县,,
3.438,103.4191,马来西亚,彭亨州,北根县,,
3.4253,103.4201,马来西亚,彭亨州,北根县,,
3.2811,103.433,马来西亚,彭亨州,北根县,,
3.3941,103.4224,马来西亚,彭亨州,北根县,,
3.5097,103.4734,马来西亚,彭亨州,北根县,,
3.4915,103.4519,马来西亚,彭亨州,北根县,,
3.4953,103.455,马来西亚,彭亨州,北根县,,
3.2221,101.9168,马来西亚,雪兰莪州,乌鲁冷岳县,,
3.181,101.9842,马来西亚,森美兰州,日叻务县,,
3.159,101.9977,马来西亚,森美兰州,日叻务县,,
3.1754,101.9884,马来西亚,森美兰州,日叻务县,,
3.0131,101.8038,马来西亚,雪兰莪州,乌鲁冷岳县,,Jenaris
3.1291,101.8389,马来西亚,雪兰莪州,乌鲁冷岳县,,
3.1302,101.8288,马来西亚,雪兰莪州,乌鲁冷岳县,,Taman Sri Kundang
3.1018,101.8063,马来西亚,雪兰莪州,乌鲁冷岳县,,Taman Sri Nanding
3.0786,101.784,马来西亚,雪兰莪州,乌鲁冷岳县,,
3.0702,101.7756,马来西亚,雪兰莪州,乌鲁冷岳县,蕉赖,Taman Mas 3
2.9888,102.0259,马来西亚,森美兰州,日叻务县,,
2.997,101.9008,马来西亚,雪兰莪州,乌鲁冷岳县,,
3.1205,102.04,马来西亚,森美兰州,日叻务县,,
3.167,101.775,马来西亚,雪兰莪州,鹅唛县,,Taman Tun Abdul Razak
3.1454,101.7803,马来西亚,雪兰莪州,乌鲁冷岳县,,Taman Bukit Ampang
3.1445,101.7759,马来西亚,雪兰莪州,乌鲁冷岳县,,哥沙花园
3.1462,101.7888,马来西亚,雪兰莪州,乌鲁冷岳县,,
3.1447,101.7897,马来西亚,雪兰莪州,乌鲁冷岳县,,
3.1435,101.7848,马来西亚,雪兰莪州,乌鲁冷岳县,,
3.1408,101.7859,马来西亚,雪兰莪州,乌鲁冷岳县,,
3.1392,101.7771,马来西亚,雪兰莪州,乌鲁冷岳县,,Taman Bukit Ampang
3.1362,101.7766,马来西亚,雪兰莪州,乌鲁冷岳县,,
3.1347,101.777,马来西亚,雪兰莪州,乌鲁冷岳县,,Taman Dagang Jaya
3.1327,101.7877,马来西亚,雪兰莪州,乌鲁冷岳县,,慕丽雅再也花园
3.1291,101.7748,马来西亚,雪兰莪州,乌鲁冷岳县,,
3.1252,101.7767,马来西亚,雪兰莪州,乌鲁冷岳县,,Taman Dagang
3.1206,101.7747,马来西亚,雪兰莪州,乌鲁冷岳县,,Taman Melur
3.1433,101.9172,马来西亚,雪兰莪州,乌鲁冷岳县,,
3.1428,102.0331,马来西亚,森美兰州,日叻务县,,
3.026,101.7859,马来西亚,雪兰莪州,乌鲁冷岳县,,Taman Sekamat
3.1511,101.9086,马来西亚,雪兰莪州,乌鲁冷岳县,,
3.1633,101.9031,马来西亚,雪兰莪州,乌鲁冷岳县,,
2.9933,101.7836,马来西亚,雪兰莪州,乌鲁冷岳县,,
2.9915,101.7786,马来西亚,雪兰莪州,乌鲁冷岳县,锡米山,锡米山新村
2.9885,101.7952,马来西亚,雪兰莪州,乌鲁冷岳县,,武吉美华花园
2.9866,101.8012,马来西亚,雪兰莪州,乌鲁冷岳县,,武吉美华花园
3.0022,101.8033,马来西亚,雪兰莪州,乌鲁冷岳县,,
2.9985,101.8033,马来西亚,雪兰莪州,乌鲁冷岳县,,
2.9896,101.8087,马来西亚,雪兰莪州,乌鲁冷岳县,,
2.9864,101.8076,马来西亚,雪兰莪州,乌鲁冷岳县,,Taman Permai
2.9857,101.8182,马来西亚,雪兰莪州,乌鲁冷岳县,,Taman Asa Jaya
2.9953,101.8131,马来西亚,雪兰莪州,乌鲁冷岳县,,加影金山岭
2.991,101.8333,马来西亚,雪兰莪州,乌鲁冷岳县,,
3.1363,101.8332,马来西亚,雪兰莪州,乌鲁冷岳县,,Taman Desa Sentosa
3.1627,101.8464,马来西亚,雪兰莪州,乌鲁冷岳县,,呀吃十八哩
3.1667,101.8475,马来西亚,雪兰莪州,乌鲁冷岳县,,呀吃十八哩
3.1646,101.8472,马来西亚,雪兰莪州,乌鲁冷岳县,,呀吃十八哩
3.1308,101.9069,马来西亚,雪兰莪州,乌鲁冷岳县,,
3.2113,101.869,马来西亚,雪兰莪州,乌鲁冷岳县,,
3.1662,101.8856,马来西亚,雪兰莪州,乌鲁冷岳县,,
3.1575,101.895,马来西亚,雪兰莪州,乌鲁冷岳县,,
3.1521,101.8947,马来西亚,雪兰莪州,乌鲁冷岳县,,
3.242,102.1356,马来西亚,彭亨州,文冬县,,
3.2428,102.2254,马来西亚,彭亨州,文冬县,,
3.2248,102.2185,马来西亚,彭亨州,文冬县,,
3.2449,102.2487,马来西亚,彭亨州,文冬县,,
3.2034,102.3067,马来西亚,彭亨州,百乐县,,
3.1802,102.2747,马来西亚,彭亨州,文冬县,,
3.1891,102.2112,马来西亚,彭亨州,文冬县,,
3.2062,102.1567,马来西亚,彭亨州,文冬县,,
3.2159,102.1535,马来西亚,彭亨州,文冬县,,
3.1711,102.2049,马来西亚,彭亨州,文冬县,,
3.1141,102.2422,马来西亚,森美兰州,日叻务县,,
3.1089,102.2422,马来西亚,森美兰州,日叻务县,,
3.1031,102.258,马来西亚,森美兰州,日叻务县,,
3.0975,102.2171,马来西亚,森美兰州,日叻务县,,
3.1032,102.2075,马来西亚,森美兰州,日叻务县,,
3.1052,102.2151,马来西亚,森美兰州,日叻务县,,
3.114,102.2245,马来西亚,森美兰州,日叻务县,,
3.0999,102.0688,马来西亚,森美兰州,日叻务县,,
3.1143,102.0529,马来西亚,森美兰州,日叻务县,,
3.1214,102.0473,马来西亚,森美兰州,日叻务县,,
3.0794,102.1007,马来西亚,森美兰州,日叻务县,,
3.0837,102.2119,马来西亚,森美兰州,日叻务县,,
3.0441,102.25,马来西亚,森美兰州,日叻务县,,
3.0856,102.2452,马来西亚,森美兰州,日叻务县,,
3.0142,102.2976,马来西亚,森美兰州,日叻务县,,
3.0204,102.267,马来西亚,森美兰州,日叻务县,,
3.0251,102.2388,马来西亚,森美兰州,日叻务县,,
3.0298,102.2336,马来西亚,森美兰州,日叻务县,,
2.9848,102.1985,马来西亚,森美兰州,日叻务县,,
2.9968,102.1854,马来西亚,森美兰州,日叻务县,,
2.9866,102.1694,马来西亚,森美兰州,日叻务县,,
3.0058,102.1124,马来西亚,森美兰州,日叻务县,,
2.9946,102.103,马来西亚,森美兰州,日叻务县,,
3.0045,102.1084,马来西亚,森美兰州,日叻务县,,
3.0201,102.0811,马来西亚,森美兰州,日叻务县,,
2.9853,102.0526,马来西亚,森美兰州,日叻务县,,
2.9929,102.0715,马来西亚,森美兰州,日叻务县,,Taman Desa Permai
2.9965,102.0685,马来西亚,森美兰州,日叻务县,,Taman Mawar
2.9855,102.0686,马来西亚,森美兰州,日叻务县,,Taman Nagamas
3.249,102.4091,马来西亚,彭亨州,百乐县,,
3.2523,102.4181,马来西亚,彭亨州,百乐县,,
3.2315,102.917,马来西亚,彭亨州,云冰县,,
3.2301,102.3494,马来西亚,彭亨州,百乐县,,
3.2317,102.3276,马来西亚,彭亨州,百乐县,,
3.2329,102.4562,马来西亚,彭亨州,百乐县,,
3.2124,102.4701,马来西亚,彭亨州,百乐县,,
3.2382,102.5318,马来西亚,彭亨州,百乐县,,
3.1978,102.573,马来西亚,彭亨州,百乐县,,
3.198,102.5746,马来西亚,彭亨州,百乐县,,
3.1425,102.3265,马来西亚,彭亨州,百乐县,,
3.1289,102.3602,马来西亚,彭亨州,百乐县,,
3.1318,102.3622,马来西亚,彭亨州,百乐县,,
3.1393,102.3655,马来西亚,彭亨州,百乐县,,
3.1044,102.3827,马来西亚,森美兰州,仁保县,,双溪镭新村
3.1244,102.4017,马来西亚,彭亨州,百乐县,,
3.1145,102.4068,马来西亚,彭亨州,百乐县,,
3.0941,102.473,马来西亚,彭亨州,百乐县,,
3.0691,102.4064,马来西亚,森美兰州,仁保县,,
3.09304,102.38313,马来西亚,森美兰州,仁保县,,
3.0051,102.4391,马来西亚,森美兰州,仁保县,,
2.9997,102.3965,马来西亚,森美兰州,仁保县,,
3.0839,102.362,马来西亚,森美兰州,仁保县,,
3.0841,102.3456,马来西亚,森美兰州,仁保县,,
3.0878,102.3415,马来西亚,森美兰州,仁保县,,
3.0272,102.37,马来西亚,森美兰州,仁保县,,
3.1933,103.0495,马来西亚,彭亨州,云冰县,,
3.1654,102.9854,马来西亚,彭亨州,云冰县,,
3.149,102.9347,马来西亚,彭亨州,云冰县,,
3.1241,103.0309,马来西亚,彭亨州,云冰县,,
3.0937,102.974,马来西亚,彭亨州,云冰县,,
3.0961,102.9363,马来西亚,彭亨州,云冰县,,
3.0753,102.9358,马来西亚,彭亨州,云冰县,,
3.0691,103.1072,马来西亚,彭亨州,云冰县,,
3.0535,102.9951,马来西亚,彭亨州,云冰县,,
3.0267,103.0322,马来西亚,彭亨州,云冰县,,
3.0209,103.4139,马来西亚,彭亨州,北根县,,
2.9924,103.4287,马来西亚,彭亨州,北根县,,
3.1271,103.4115,马来西亚,彭亨州,北根县,,
3.25,103.1329,马来西亚,彭亨州,北根县,,
3.2468,103.1901,马来西亚,彭亨州,北根县,,
3.2378,103.1925,马来西亚,彭亨州,北根县,,
3.2318,103.1979,马来西亚,彭亨州,北根县,,
3.2028,103.4273,马来西亚,彭亨州,北根县,,
3.2273,103.2168,马来西亚,彭亨州,北根县,,
3.2194,103.1471,马来西亚,彭亨州,北根县,,
3.2043,103.1894,马来西亚,彭亨州,北根县,,
3.1419,103.4302,马来西亚,彭亨州,北根县,,
3.1794,103.4197,马来西亚,彭亨州,北根县,,
3.1697,103.4093,马来西亚,彭亨州,北根县,,
3.1727,103.1446,马来西亚,彭亨州,北根县,,
3.1246,103.1603,马来西亚,彭亨州,北根县,,
3.0986,103.1952,马来西亚,彭亨州,北根县,,
3.0945,103.2084,马来西亚,彭亨州,北根县,,
3.106,103.4363,马来西亚,彭亨州,北根县,,
3.0873,103.4352,马来西亚,彭亨州,北根县,,
3.0731,103.4315,马来西亚,彭亨州,北根县,,
3.0695,103.4299,马来西亚,彭亨州,北根县,,
3.0772,103.2546,马来西亚,彭亨州,北根县,,
3.0614,103.2104,马来西亚,彭亨州,北根县,,
3.0415,103.3952,马来西亚,彭亨州,北根县,,
3.0413,103.4273,马来西亚,彭亨州,北根县,,
3.0345,103.4244,马来西亚,彭亨州,北根县,,
3.0165,103.4271,马来西亚,彭亨州,北根县,,
3.0246,103.3913,马来西亚,彭亨州,北根县,,
3.0223,103.2348,马来西亚,彭亨州,北根县,,
3.0431,103.1994,马来西亚,彭亨州,北根县,,
3.0302,103.1686,马来西亚,彭亨州,北根县,,
2.989,103.422,马来西亚,彭亨州,北根县,,
3.0054,103.4225,马来西亚,彭亨州,北根县,,
2.9738,101.516,马来西亚,雪兰莪州,巴生县,,
2.9744,101.526,马来西亚,雪兰莪州,巴生县,,
2.9622,101.6178,马来西亚,雪兰莪州,雪邦县,,
2.968,101.6705,马来西亚,布城,布城,,
2.9715,101.6928,马来西亚,布城,布城,,
2.9752,101.726,马来西亚,雪兰莪州,雪邦县,,
2.9214,101.5758,马来西亚,雪兰莪州,瓜拉冷岳县,,
2.9365,101.667,马来西亚,雪兰莪州,雪邦县,,
2.9271,101.6966,马来西亚,布城,布城,,
2.9154,101.7113,马来西亚,雪兰莪州,雪邦县,,
2.927,101.7232,马来西亚,雪兰莪州,雪邦县,,
2.8974,101.6616,马来西亚,布城,布城,,
2.8959,101.5771,马来西亚,雪兰莪州,瓜拉冷岳县,,
2.8702,101.5582,马来西亚,雪兰莪州,瓜拉冷岳县,,
2.825,101.5331,马来西亚,雪兰莪州,瓜拉冷岳县,,
2.8315,101.5342,马来西亚,雪兰莪州,瓜拉冷岳县,,Taman Bakti
2.8339,101.5315,马来西亚,雪兰莪州,瓜拉冷岳县,,Taman Periang
2.8687,101.597,马来西亚,雪兰莪州,瓜拉冷岳县,,
2.8806,101.6688,马来西亚,雪兰莪州,雪邦县,,Kampung Dato Ahmad Razali
2.7113,101.5229,马来西亚,雪兰莪州,瓜拉冷岳县,,
2.797,101.6824,马来西亚,雪兰莪州,雪邦县,,
2.8108,101.6703,马来西亚,雪兰莪州,瓜拉冷岳县,,
2.7379,101.7235,马来西亚,雪兰莪州,雪邦县,,
2.8702,101.7216,马来西亚,雪兰莪州,雪邦县,,
2.8438,101.708,马来西亚,雪兰莪州,雪邦县,,
2.8433,101.7381,马来西亚,雪兰莪州,雪邦县,,
2.8139,101.7358,马来西亚,雪兰莪州,雪邦县,,
2.7761,101.7548,马来西亚,雪兰莪州,雪邦县,沙叻,Rumah Murah Salak
2.7973,101.7739,马来西亚,森美兰州,芙蓉县,,
2.9584,102.8938,马来西亚,彭亨州,云冰县,,
2.9802,102.9284,马来西亚,彭亨州,云冰县,,
2.9725,102.9896,马来西亚,彭亨州,云冰县,,
2.9618,102.9829,马来西亚,彭亨州,云冰县,,
2.958,102.9871,马来西亚,彭亨州,云冰县,,
2.9505,103.0369,马来西亚,彭亨州,云冰县,,
2.9752,103.09,马来西亚,彭亨州,云冰县,,
2.9261,103.1109,马来西亚,彭亨州,云冰县,,
2.8734,103.1066,马来西亚,彭亨州,云冰县,,
2.8515,102.9882,马来西亚,彭亨州,云冰县,,
2.8629,102.9752,马来西亚,彭亨州,云冰县,,
2.8967,102.8984,马来西亚,彭亨州,云冰县,,
2.8984,102.9158,马来西亚,彭亨州,云冰县,,
2.9055,102.912,马来西亚,彭亨州,云冰县,,
2.9066,102.8763,马来西亚,彭亨州,云冰县,,
2.895,102.8737,马来西亚,彭亨州,云冰县,,
2.7687,102.9589,马来西亚,彭亨州,云冰县,,
2.7079,101.4662,马来西亚,雪兰莪州,瓜拉冷岳县,,
2.6611,101.5666,马来西亚,雪兰莪州,瓜拉冷岳县,,Taman Mutiara
2.662,101.5571,马来西亚,雪兰莪州,瓜拉冷岳县,,
2.6599,101.5577,马来西亚,雪兰莪州,瓜拉冷岳县,,
2.6763,101.5916,马来西亚,雪兰莪州,瓜拉冷岳县,,
2.7106,102.3276,马来西亚,森美兰州,瓜拉庇劳县,,
2.7091,102.3366,马来西亚,森美兰州,瓜拉庇劳县,,
2.7102,102.3572,马来西亚,森美兰州,瓜拉庇劳县,,
2.7066,102.3663,马来西亚,森美兰州,瓜拉庇劳县,,
2.6904,102.3557,马来西亚,森美兰州,仁保县,,
2.6704,101.5936,马来西亚,雪兰莪州,瓜拉冷岳县,,
2.6655,101.6914,马来西亚,雪兰莪州,雪邦县,双溪比力,
2.6831,101.75,马来西亚,雪兰莪州,雪邦县,,Taman Murni
2.6597,101.7599,马来西亚,森美兰州,波德申县,,
2.6479,101.7479,马来西亚,森美兰州,波德申县,,Taman Merpati
2.6365,101.737,马来西亚,森美兰州,波德申县,,
2.6224,101.7592,马来西亚,森美兰州,波德申县,,
2.6026,101.7701,马来西亚,森美兰州,波德申县,朱湖,
2.6,101.6986,马来西亚,雪兰莪州,雪邦县,,Taman Seri Bayu
2.6363,101.708,马来西亚,雪兰莪州,雪邦县,双溪比力,Taman Sri Sungai Pelek
2.6388,101.7116,马来西亚,雪兰莪州,雪邦县,双溪比力,Taman Tenteram
2.6419,101.7183,马来西亚,雪兰莪州,雪邦县,双溪比力,Taman Sri Siantan
2.6463,101.7084,马来西亚,雪兰莪州,雪邦县,双溪比力,
2.6839,101.693,马来西亚,雪兰莪州,雪邦县,,
2.7054,102.3383,马来西亚,森美兰州,瓜拉庇劳县,,
2.6901,102.3208,马来西亚,森美兰州,瓜拉庇劳县,,
2.6489,102.3323,马来西亚,森美兰州,瓜拉庇劳县,,
2.5677,102.3446,马来西亚,森美兰州,淡边县,,
2.5708,102.3635,马来西亚,森美兰州,淡边县,,
2.5773,102.3643,马来西亚,森美兰州,淡边县,,
2.5603,102.4222,马来西亚,森美兰州,淡边县,,
2.5641,102.4636,马来西亚,森美兰州,淡边县,,
2.6942,102.5052,马来西亚,森美兰州,仁保县,,
2.6581,102.5346,马来西亚,森美兰州,淡边县,,
2.6428,102.4833,马来西亚,森美兰州,淡边县,,
2.6551,102.5242,马来西亚,森美兰州,淡边县,,
2.5173,102.4855,马来西亚,森美兰州,淡边县,,
2.706,102.3194,马来西亚,森美兰州,瓜拉庇劳县,,
2.506,102.481,马来西亚,森美兰州,淡边县,,
2.4957,102.4703,马来西亚,森美兰州,淡边县,,
2.4995,102.4743,马来西亚,森美兰州,淡边县,,
2.4876,102.4712,马来西亚,森美兰州,淡边县,,
2.4806,102.463,马来西亚,森美兰州,淡边县,,
2.4538,102.3398,马来西亚,马六甲州,亚罗牙也县,,
2.4692,102.4239,马来西亚,马六甲州,野新县,,
2.5488,102.425,马来西亚,森美兰州,淡边县,,
2.5475,102.4208,马来西亚,森美兰州,淡边县,,
2.5133,102.4029,马来西亚,森美兰州,淡边县,,Taman Sri Asahan
2.6845,102.6207,马来西亚,森美兰州,仁保县,,
2.667,102.6419,马来西亚,柔佛州,昔加末县,,
2.6485,102.6685,马来西亚,柔佛州,昔加末县,,
2.6408,102.6916,马来西亚,柔佛州,昔加末县,,
2.6106,102.671,马来西亚,柔佛州,昔加末县,,
2.6378,102.5904,马来西亚,森美兰州,淡边县,,
2.6226,102.5927,马来西亚,森美兰州,淡边县,,
2.6399,102.6415,马来西亚,柔佛州,昔加末县,,
2.568,102.7083,马来西亚,柔佛州,昔加末县,,
2.5679,102.7083,马来西亚,柔佛州,昔加末县,,
2.5872,102.6206,马来西亚,森美兰州,淡边县,,
2.5146,102.7186,马来西亚,柔佛州,昔加末县,,
2.4483,102.6836,马来西亚,柔佛州,昔加末县,,
2.4705,102.6995,马来西亚,柔佛州,昔加末县,,
2.4572,102.6542,马来西亚,柔佛州,昔加末县,,
2.4657,102.6275,马来西亚,柔佛州,东甲县,,
2.684,102.785,马来西亚,柔佛州,昔加末县,,
2.6946,102.7428,马来西亚,柔佛州,昔加末县,,Kampung Orang Asli Putting
2.6607,102.7401,马来西亚,柔佛州,昔加末县,,
2.6437,102.7611,马来西亚,柔佛州,昔加末县,,
2.6373,102.7715,马来西亚,柔佛州,昔加末县,,
2.5866,102.8369,马来西亚,柔佛州,昔加末县,,
2.5779,102.8188,马来西亚,柔佛州,昔加末县,,
2.5741,102.7559,马来西亚,柔佛州,昔加末县,,
2.5291,102.8545,马来西亚,柔佛州,昔加末县,,Madoi
2.5086,102.8355,马来西亚,柔佛州,昔加末县,,
2.5117,102.8451,马来西亚,柔佛州,昔加末县,,
2.5069,102.837,马来西亚,柔佛州,昔加末县,,
2.4862,102.8545,马来西亚,柔佛州,昔加末县,,
2.4859,102.8496,马来西亚,柔佛州,昔加末县,,
2.4448,102.8429,马来西亚,柔佛州,昔加末县,,
2.4696,102.7597,马来西亚,柔佛州,昔加末县,,
2.4995,102.8178,马来西亚,柔佛州,昔加末县,,
2.5007,102.8,马来西亚,柔佛州,昔加末县,,
2.4901,102.7958,马来西亚,柔佛州,昔加末县,,Taman Gemereh
2.486,102.7925,马来西亚,柔佛州,昔加末县,,Taman Bunga Raya
2.48,102.7848,马来西亚,柔佛州,昔加末县,,
2.4942,102.7823,马来西亚,柔佛州,昔加末县,,
2.505,102.7951,马来西亚,柔佛州,昔加末县,,
2.5167,102.7942,马来西亚,柔佛州,昔加末县,,
2.5301,102.7637,马来西亚,柔佛州,昔加末县,,Kampung Sanglang
2.5461,102.7556,马来西亚,柔佛州,昔加末县,,
2.5492,102.7668,马来西亚,柔佛州,昔加末县,,
2.5514,102.7702,马来西亚,柔佛州,昔加末县,,
2.5505,102.7735,马来西亚,柔佛州,昔加末县,,
2.5487,102.7769,马来西亚,柔佛州,昔加末县,,
2.5397,102.8035,马来西亚,柔佛州,昔加末县,,
2.5364,102.8073,马来西亚,柔佛州,昔加末县,,
2.5365,102.8117,马来西亚,柔佛州,昔加末县,,
2.534,102.8086,马来西亚,柔佛州,昔加末县,,
2.5303,102.8152,马来西亚,柔佛州,昔加末县,,
2.5215,102.8072,马来西亚,柔佛州,昔加末县,,
1.6118,104.2588,马来西亚,柔佛州,哥打丁宜县,,
2.6457,103.7497,马来西亚,柔佛州,丰盛港县,,
2.6284,103.748,马来西亚,柔佛州,丰盛港县,,
2.629,103.7402,马来西亚,柔佛州,丰盛港县,,
2.6286,103.7317,马来西亚,柔佛州,丰盛港县,,
2.6422,103.6891,马来西亚,柔佛州,丰盛港县,,Taman Endau Makmur
2.6137,103.6733,马来西亚,柔佛州,丰盛港县,,
2.5069,103.8257,马来西亚,柔佛州,丰盛港县,,
2.5002,103.817,马来西亚,柔佛州,丰盛港县,,
2.5112,103.7938,马来西亚,柔佛州,丰盛港县,,
2.4912,103.803,马来西亚,柔佛州,丰盛港县,,
2.45838,103.82024,马来西亚,柔佛州,丰盛港县,,Taman Emas
2.4597,103.8247,马来西亚,柔佛州,丰盛港县,,
1.3734,104.271,马来西亚,柔佛州,哥打丁宜县,,
1.3598,104.2104,马来西亚,柔佛州,哥打丁宜县,,
4.965,115.4961,马来西亚,沙巴州,实必丹,,
4.9061,115.4368,马来西亚,砂拉越州,老越,,
4.9625,115.8974,马来西亚,沙巴州,丹南,,
4.9935,115.9237,马来西亚,沙巴州,丹南,,
4.9491,115.5304,马来西亚,砂拉越州,老越,,
4.9656,115.5374,马来西亚,砂拉越州,老越,,
4.9648,115.5546,马来西亚,砂拉越州,老越,,
4.9584,115.572,马来西亚,砂拉越州,老越,,
4.9492,115.69,马来西亚,沙巴州,实必丹,,
4.74903,115.27479,马来西亚,砂拉越州,老越,,
4.7192,115.3058,马来西亚,砂拉越州,老越,,
4.6949,115.3135,马来西亚,砂拉越州,老越,,
4.6997,115.3376,马来西亚,砂拉越州,老越,,
4.6938,115.3585,马来西亚,砂拉越州,老越,,
4.7453,115.4029,马来西亚,砂拉越州,老越,,
4.9821,115.8931,马来西亚,沙巴州,丹南,,
4.9941,115.952,马来西亚,沙巴州,丹南,,
4.9333,115.89,马来西亚,沙巴州,丹南,,
4.9407,115.8984,马来西亚,沙巴州,丹南,,
4.9399,115.9038,马来西亚,沙巴州,丹南,,
4.9279,115.901,马来西亚,沙巴州,丹南,,
4.9431,115.9376,马来西亚,沙巴州,丹南,,
4.9256,115.9286,马来西亚,沙巴州,丹南,,
4.9004,115.9457,马来西亚,沙巴州,丹南,,
4.8904,115.8897,马来西亚,沙巴州,丹南,,
4.8889,115.9102,马来西亚,沙巴州,丹南,,
4.8806,115.9092,马来西亚,沙巴州,丹南,,
4.875,115.9051,马来西亚,沙巴州,丹南,,
4.863,115.896,马来西亚,沙巴州,丹南,,
4.8607,115.8784,马来西亚,沙巴州,丹南,,
4.8527,115.8815,马来西亚,沙巴州,丹南,,
4.8477,115.8793,马来西亚,沙巴州,丹南,,
4.30758,115.49511,马来西亚,砂拉越州,老越,,
4.648,115.3221,马来西亚,砂拉越州,老越,,
4.648,115.3244,马来西亚,砂拉越州,老越,,
4.4786,117.5859,马来西亚,沙巴州,加拉巴干,,
4.2598,117.6751,马来西亚,沙巴州,加拉巴干,,
4.4716,117.8148,马来西亚,沙巴州,斗湖,,
4.27811,117.86965,马来西亚,沙巴州,斗湖,,Kampung Tanjung Batu Keramat
4.4295,117.7648,马来西亚,沙巴州,斗湖,,
4.4252,117.7703,马来西亚,沙巴州,斗湖,,
4.3671,117.8586,马来西亚,沙巴州,斗湖,,
4.2642,117.897,马来西亚,沙巴州,斗湖,,Taman Wong Siew Khiun
4.2835,117.8975,马来西亚,沙巴州,斗湖,,
4.2743,117.8844,马来西亚,沙巴州,斗湖,,
4.27186,117.87025,马来西亚,沙巴州,斗湖,,Kampung Tanjung Batu Laut
5.5844,115.5748,马来西亚,沙巴州,瓜拉班尤,,
4.2424,117.7588,马来西亚,沙巴州,加拉巴干,,
5.9764,116.0764,马来西亚,沙巴州,亚庇,,
5.9973,116.0631,马来西亚,沙巴州,亚庇,,
5.9766,116.1972,马来西亚,沙巴州,亚庇,,
5.9176,116.0638,马来西亚,沙巴州,兵南邦,,Taman Olivia Phase 2
5.9163,116.0857,马来西亚,沙巴州,兵南邦,,
5.9478,116.1143,马来西亚,沙巴州,亚庇,,Taman Tun Fuad Stephens
5.9225,116.0971,马来西亚,沙巴州,兵南邦,,
5.9145,116.1163,马来西亚,沙巴州,兵南邦,,
5.9178,116.115,马来西亚,沙巴州,兵南邦,,
5.8827,116.0831,马来西亚,沙巴州,兵南邦,,
5.8973,116.0805,马来西亚,沙巴州,兵南邦,,
5.8985,116.0906,马来西亚,沙巴州,兵南邦,,
5.9065,116.0778,马来西亚,沙巴州,兵南邦,,
5.9039,116.1066,马来西亚,沙巴州,兵南邦,,
5.9051,116.1117,马来西亚,沙巴州,兵南邦,,
5.8903,116.0993,马来西亚,沙巴州,兵南邦,,
5.8968,116.1358,马来西亚,沙巴州,兵南邦,,
5.8541,116.0658,马来西亚,沙巴州,必打丹,,
5.9922,116.3691,马来西亚,沙巴州,斗亚兰,,
5.9737,116.3028,马来西亚,沙巴州,斗亚兰,,
5.9385,116.4914,马来西亚,沙巴州,兰瑙,,
5.9276,116.3395,马来西亚,沙巴州,斗亚兰,,
5.9272,116.2967,马来西亚,沙巴州,斗亚兰,,
5.9085,116.3027,马来西亚,沙巴州,斗亚兰,,
5.8872,116.3212,马来西亚,沙巴州,斗亚兰,,
5.8734,116.4455,马来西亚,沙巴州,担布南,,
5.8842,116.2851,马来西亚,沙巴州,斗亚兰,,
5.7535,116.3763,马来西亚,沙巴州,担布南,,
5.7504,116.4585,马来西亚,沙巴州,担布南,,
5.7832,116.4241,马来西亚,沙巴州,担布南,,
5.9792,116.3126,马来西亚,沙巴州,斗亚兰,,
5.9586,116.3498,马来西亚,沙巴州,斗亚兰,,
5.8989,116.4522,马来西亚,沙巴州,担布南,,
5.9749,116.6933,马来西亚,沙巴州,兰瑙,,
5.9675,116.693,马来西亚,沙巴州,兰瑙,,
5.9581,116.6761,马来西亚,沙巴州,兰瑙,,
5.9541,116.6708,马来西亚,沙巴州,兰瑙,,
5.9623,116.666,马来西亚,沙巴州,兰瑙,,
5.9526,116.6472,马来西亚,沙巴州,兰瑙,,
5.9722,116.6351,马来西亚,沙巴州,兰瑙,,
5.9572,116.6251,马来西亚,沙巴州,兰瑙,,
5.9499,116.6126,马来西亚,沙巴州,兰瑙,,
5.96759,116.59936,马来西亚,沙巴州,兰瑙,,
5.9624,116.5853,马来西亚,沙巴州,兰瑙,,
5.9581,116.5467,马来西亚,沙巴州,兰瑙,,
5.9319,116.5079,马来西亚,沙巴州,兰瑙,,
5.9406,116.5167,马来西亚,沙巴州,兰瑙,,
5.9315,116.5212,马来西亚,沙巴州,兰瑙,,
5.9438,116.6079,马来西亚,沙巴州,兰瑙,,
5.9418,116.6495,马来西亚,沙巴州,兰瑙,,Pekan Ranau
5.9288,116.6591,马来西亚,沙巴州,兰瑙,,
5.9465,116.6933,马来西亚,沙巴州,兰瑙,,
2.24167,102.85109,马来西亚,柔佛州,麻坡县,,
5.4562,116.2649,马来西亚,沙巴州,根地咬,,
5.4513,116.2604,马来西亚,沙巴州,根地咬,,
5.4449,116.2578,马来西亚,沙巴州,根地咬,,
5.4459,116.2697,马来西亚,沙巴州,根地咬,,
5.4227,116.2609,马来西亚,沙巴州,根地咬,,
5.3587,116.4981,马来西亚,沙巴州,根地咬,,
5.3449,116.44,马来西亚,沙巴州,根地咬,,
5.3368,116.4918,马来西亚,沙巴州,根地咬,,
5.2386,116.1448,马来西亚,沙巴州,根地咬,,
5.2356,116.1375,马来西亚,沙巴州,根地咬,,
5.0936,116.2217,马来西亚,沙巴州,根地咬,,
5.0801,116.0941,马来西亚,沙巴州,根地咬,,
5.0673,116.2044,马来西亚,沙巴州,根地咬,,
5.0639,116.1989,马来西亚,沙巴州,根地咬,,
5.0545,116.2026,马来西亚,沙巴州,根地咬,,
5.0475,116.2097,马来西亚,沙巴州,根地咬,,
5.2299,116.3636,马来西亚,沙巴州,根地咬,,
5.1914,116.3227,马来西亚,沙巴州,根地咬,,
5.2011,116.3426,马来西亚,沙巴州,根地咬,,
5.1715,116.3837,马来西亚,沙巴州,根地咬,,
5.1538,116.3724,马来西亚,沙巴州,根地咬,,
5.1357,116.3606,马来西亚,沙巴州,根地咬,,
5.1484,116.3222,马来西亚,沙巴州,根地咬,,
5.1399,116.2923,马来西亚,沙巴州,根地咬,,
5.1391,116.2828,马来西亚,沙巴州,根地咬,,
5.1302,116.2908,马来西亚,沙巴州,根地咬,,
5.136,116.2926,马来西亚,沙巴州,根地咬,,
5.1273,116.3914,马来西亚,沙巴州,根地咬,,
5.0969,116.2961,马来西亚,沙巴州,根地咬,,
5.7888,117.9631,马来西亚,沙巴州,山打根县,,
5.783,117.9707,马来西亚,沙巴州,山打根,,
5.7741,117.9873,马来西亚,沙巴州,山打根,,
5.7317,117.8248,马来西亚,沙巴州,山打根县,,
5.7273,117.8165,马来西亚,沙巴州,山打根县,,
5.6978,117.8959,马来西亚,沙巴州,山打根县,,
5.6743,117.9332,马来西亚,沙巴州,山打根县,,
6.96478,116.7301,马来西亚,沙巴州,古达,,
6.95953,116.74859,马来西亚,沙巴州,古达,,
6.8772,116.7432,马来西亚,沙巴州,古达,,
6.8628,116.6788,马来西亚,沙巴州,古达,,
6.8551,116.6614,马来西亚,沙巴州,古达,,
6.8224,116.7502,马来西亚,沙巴州,古达,,
6.7533,116.662,马来西亚,沙巴州,古达,,
6.7525,116.7156,马来西亚,沙巴州,古达,,
6.7662,116.7114,马来西亚,沙巴州,古达,,
6.78,116.6769,马来西亚,沙巴州,古达,,
6.8227,116.6912,马来西亚,沙巴州,古达,,
6.8401,116.6866,马来西亚,沙巴州,古达,,
6.845,116.7009,马来西亚,沙巴州,古达,,
6.8076,116.7196,马来西亚,沙巴州,古达,,
6.8735,116.7292,马来西亚,沙巴州,古达,,
6.8715,116.7193,马来西亚,沙巴州,古达,,
6.8585,116.6965,马来西亚,沙巴州,古达,,
6.8285,116.7205,马来西亚,沙巴州,古达,,
6.8103,116.7426,马来西亚,沙巴州,古达,,
6.7465,116.7348,马来西亚,沙巴州,古达,,
6.7322,116.7206,马来西亚,沙巴州,古达,,
6.658,116.7237,马来西亚,沙巴州,哥打马鲁都,,
6.9936,117.1475,马来西亚,沙巴州,必达士,,
6.98822,117.16074,马来西亚,沙巴州,必达士,,
6.96127,117.13769,马来西亚,沙巴州,必达士,,
6.94812,117.16196,马来西亚,沙巴州,必达士,,
6.9539,117.1702,马来西亚,沙巴州,必达士,,
6.8914,117.09474,马来西亚,沙巴州,必达士,,
6.86097,117.24742,马来西亚,沙巴州,必达士,,
6.8256,117.2615,马来西亚,沙巴州,,,
6.85301,117.21489,马来西亚,沙巴州,必达士,,
6.85535,117.24047,马来西亚,沙巴州,必达士,,
6.8292,117.2308,马来西亚,沙巴州,必达士,,
6.8295,117.0295,马来西亚,沙巴州,必达士,,
6.79136,117.09394,马来西亚,沙巴州,必达士,,
6.7663,117.09512,马来西亚,沙巴州,必达士,,
6.77195,117.11349,马来西亚,沙巴州,必达士,,
6.7632,117.0711,马来西亚,沙巴州,必达士,,
6.7616,117.0363,马来西亚,沙巴州,必达士,,
6.4165,117.0612,马来西亚,沙巴州,哥打马鲁都,,
6.3341,117.171,马来西亚,沙巴州,比鲁兰,,
6.3188,117.1623,马来西亚,沙巴州,比鲁兰,,
6.3086,117.1511,马来西亚,沙巴州,比鲁兰,,
6.3293,117.0215,马来西亚,沙巴州,比鲁兰,,
6.316,117.0536,马来西亚,沙巴州,比鲁兰,,
6.3007,117.024,马来西亚,沙巴州,比鲁兰,,
6.2873,117.0258,马来西亚,沙巴州,比鲁兰,,
6.2835,117.0178,马来西亚,沙巴州,比鲁兰,,
6.2675,117.0465,马来西亚,沙巴州,比鲁兰,,
6.2906,117.099,马来西亚,沙巴州,比鲁兰,,
6.2687,117.0883,马来西亚,沙巴州,比鲁兰,,
6.268,117.0939,马来西亚,沙巴州,比鲁兰,,
6.2636,117.0871,马来西亚,沙巴州,比鲁兰,,
6.2553,117.1024,马来西亚,沙巴州,比鲁兰,,
6.253,117.108,马来西亚,沙巴州,比鲁兰,,
6.3196,117.2068,马来西亚,沙巴州,比鲁兰,,
6.319,117.2051,马来西亚,沙巴州,比鲁兰,,
6.3139,117.2124,马来西亚,沙巴州,比鲁兰,,
6.285,117.1772,马来西亚,沙巴州,比鲁兰,,
6.2771,117.213,马来西亚,沙巴州,比鲁兰,,
5.4101,102.8261,马来西亚,登嘉樓州,士兆县,,
5.3553,102.7761,马来西亚,登嘉樓州,士兆县,,
5.3187,102.8322,马来西亚,登嘉樓州,士兆县,,
5.1126,102.342,马来西亚,吉兰丹州,话望生县,,
5.1019,102.35,马来西亚,吉兰丹州,话望生县,,
5.0833,102.3533,马来西亚,吉兰丹州,话望生县,,
5.0149,102.3985,马来西亚,吉兰丹州,话望生县,,
5.0097,102.3819,马来西亚,吉兰丹州,话望生县,,
4.9786,102.3698,马来西亚,吉兰丹州,话望生县,,
4.5782,100.6857,马来西亚,霹雳州,拉律峇登司南马县,,
4.5502,100.6619,马来西亚,霹雳州,拉律峇登司南马县,,
4.5458,100.6686,马来西亚,霹雳州,拉律峇登司南马县,,
4.473,100.627,马来西亚,霹雳州,曼绒县,,
4.4591,100.6792,马来西亚,霹雳州,曼绒县,,
4.4462,100.6333,马来西亚,霹雳州,曼绒县,,
4.4131,100.6393,马来西亚,霹雳州,曼绒县,,
4.3987,100.6318,马来西亚,霹雳州,曼绒县,,
4.396,100.6382,马来西亚,霹雳州,曼绒县,,
4.3702,100.6232,马来西亚,霹雳州,曼绒县,,
4.4966,101.582,马来西亚,彭亨州,金马仑高原县,,
4.4417,101.557,马来西亚,彭亨州,金马仑高原县,,
4.4444,101.5649,马来西亚,彭亨州,金马仑高原县,,
4.45,101.5758,马来西亚,彭亨州,金马仑高原县,,
4.4683,101.59,马来西亚,彭亨州,金马仑高原县,,
4.4452,101.5817,马来西亚,彭亨州,金马仑高原县,,
4.4585,101.6082,马来西亚,彭亨州,立卑县,,
4.4571,101.6057,马来西亚,彭亨州,立卑县,,
4.424,101.5218,马来西亚,彭亨州,金马仑高原县,,
4.4331,101.5394,马来西亚,彭亨州,金马仑高原县,,
4.4207,101.5087,马来西亚,彭亨州,金马仑高原县,,
4.4136,101.6942,马来西亚,彭亨州,立卑县,,
4.4099,101.7127,马来西亚,彭亨州,立卑县,,
4.4092,101.7267,马来西亚,彭亨州,立卑县,,
4.4146,101.5967,马来西亚,彭亨州,金马仑高原县,,
4.3964,101.7234,马来西亚,彭亨州,立卑县,,
4.3925,101.725,马来西亚,彭亨州,立卑县,,
4.3548,101.523,马来西亚,彭亨州,金马仑高原县,,
4.2396,100.5714,马来西亚,霹雳州,曼绒县,,邦咯
4.1808,100.6556,马来西亚,霹雳州,曼绒县,,
4.1841,100.6517,马来西亚,霹雳州,曼绒县,,Kampung Dato' Seri Kamaruddin
4.3044,100.6217,马来西亚,霹雳州,曼绒县,,
4.1942,100.6847,马来西亚,霹雳州,曼绒县,,Taman Mutiara
4.2932,100.6398,马来西亚,霹雳州,曼绒县,,
4.2435,100.6773,马来西亚,霹雳州,曼绒县,,
4.2348,100.6809,马来西亚,霹雳州,曼绒县,,
4.2461,100.6581,马来西亚,霹雳州,曼绒县,,
4.2605,100.6618,马来西亚,霹雳州,曼绒县,,
4.2564,100.6335,马来西亚,霹雳州,曼绒县,,
4.2337,100.6397,马来西亚,霹雳州,曼绒县,,
4.2293,100.6426,马来西亚,霹雳州,曼绒县,,
4.1967,100.6853,马来西亚,霹雳州,曼绒县,,Taman Sri Krishnan
4.1754,100.6904,马来西亚,霹雳州,曼绒县,,
4.211,100.5725,马来西亚,霹雳州,曼绒县,,邦咯
4.2153,100.6408,马来西亚,霹雳州,曼绒县,,
4.2086,100.618,马来西亚,霹雳州,曼绒县,,
4.2229,100.6435,马来西亚,霹雳州,曼绒县,,
4.1988,100.6488,马来西亚,霹雳州,曼绒县,,
4.1924,100.6603,马来西亚,霹雳州,曼绒县,,Fasa 2C
4.189,100.6692,马来西亚,霹雳州,曼绒县,,
4.2026,100.6744,马来西亚,霹雳州,曼绒县,,Fasa 1A
4.1743,102.1888,马来西亚,彭亨州,立卑县,,
4.1493,102.1776,马来西亚,彭亨州,立卑县,,
4.1913,102.1889,马来西亚,彭亨州,立卑县,,
4.1732,102.1625,马来西亚,彭亨州,立卑县,,
4.1917,102.1542,马来西亚,彭亨州,立卑县,,
4.184,102.1317,马来西亚,彭亨州,立卑县,,
4.1883,102.1375,马来西亚,彭亨州,立卑县,,
4.1924,102.0963,马来西亚,彭亨州,立卑县,,
4.1974,102.0923,马来西亚,彭亨州,立卑县,,
4.1833,102.0926,马来西亚,彭亨州,立卑县,,
4.1671,102.0853,马来西亚,彭亨州,立卑县,,
4.1817,102.0828,马来西亚,彭亨州,立卑县,,
4.1844,102.0723,马来西亚,彭亨州,立卑县,,
4.1805,102.0598,马来西亚,彭亨州,立卑县,,
4.1925,102.0499,马来西亚,彭亨州,立卑县,,
4.1764,102.0443,马来西亚,彭亨州,立卑县,,
4.1752,102.0515,马来西亚,彭亨州,立卑县,,
4.1716,102.047,马来西亚,彭亨州,立卑县,,
4.2118,102.0967,马来西亚,彭亨州,立卑县,,
4.0853,102.2458,马来西亚,彭亨州,立卑县,,
4.0831,102.2539,马来西亚,彭亨州,立卑县,,
4.0813,102.2796,马来西亚,彭亨州,立卑县,,
4.1308,102.1897,马来西亚,彭亨州,立卑县,,
4.1214,102.1753,马来西亚,彭亨州,立卑县,,
4.109,102.1727,马来西亚,彭亨州,立卑县,,
4.1053,102.1598,马来西亚,彭亨州,立卑县,,
4.0968,102.177,马来西亚,彭亨州,立卑县,,
4.1808,102.1908,马来西亚,彭亨州,立卑县,,
4.2273,103.3366,马来西亚,登嘉樓州,朱盖,,
4.2273,103.3722,马来西亚,登嘉樓州,朱盖,,
4.3258,103.3628,马来西亚,登嘉樓州,甘马挽县,,
4.3048,103.36,马来西亚,登嘉樓州,甘马挽县,,
4.2509,103.2729,马来西亚,登嘉樓州,甘马挽县,,
4.2676,103.2502,马来西亚,登嘉樓州,甘马挽县,,
4.2554,103.2132,马来西亚,登嘉樓州,甘马挽县,,
4.2216,103.2896,马来西亚,登嘉樓州,甘马挽县,,
4.2084,103.1634,马来西亚,登嘉樓州,甘马挽县,,
4.1393,103.237,马来西亚,登嘉樓州,甘马挽县,,
4.1219,103.3888,马来西亚,彭亨州,关丹县,,
4.1039,103.2847,马来西亚,登嘉樓州,甘马挽县,,
4.1525,103.3908,马来西亚,彭亨州,关丹县,,
4.1179,103.3597,马来西亚,彭亨州,关丹县,,
4.0989,103.3479,马来西亚,彭亨州,关丹县,,
4.0477,100.9673,马来西亚,霹雳州,中霹雳县,,
3.9887,100.9918,马来西亚,霹雳州,下霹雳县,,
3.9614,100.9694,马来西亚,霹雳州,下霹雳县,,
3.9584,100.9736,马来西亚,霹雳州,下霹雳县,,
3.805,100.9911,马来西亚,霹雳州,峇眼拿督县,,
4.042,101.0177,马来西亚,霹雳州,下霹雳县,Bandar Lama,芭尾
4.0458,101.0351,马来西亚,霹雳州,下霹雳县,,
3.9951,101.0013,马来西亚,霹雳州,下霹雳县,峇达拉必,
3.9986,101.0072,马来西亚,霹雳州,下霹雳县,峇达拉必,
3.8067,101.0255,马来西亚,霹雳州,峇眼拿督县,,
4.0634,101.0463,马来西亚,霹雳州,下霹雳县,,
4.0526,101.0568,马来西亚,霹雳州,下霹雳县,,
4.047,101.0526,马来西亚,霹雳州,下霹雳县,,
4.0375,101.0464,马来西亚,霹雳州,下霹雳县,,
4.0323,101.045,马来西亚,霹雳州,下霹雳县,,
4.0271,101.0402,马来西亚,霹雳州,下霹雳县,,Kampung Bahagia
4.0055,101.0441,马来西亚,霹雳州,下霹雳县,,Taman Cicely
3.7977,101.0354,马来西亚,霹雳州,峇眼拿督县,,
4.0588,101.0786,马来西亚,霹雳州,下霹雳县,,Kampung Sungai Manik
4.0545,101.1023,马来西亚,霹雳州,下霹雳县,,Kampung Sungai Tukang Sidin
4.0253,101.0742,马来西亚,霹雳州,下霹雳县,,Kampung Sungai Kerawai
4.0495,101.1362,马来西亚,霹雳州,下霹雳县,,
4.028,101.132,马来西亚,霹雳州,下霹雳县,,五丰村
3.9819,101.1218,马来西亚,霹雳州,下霹雳县,,曾吉容
4.0651,101.1649,马来西亚,霹雳州,下霹雳县,,Kampung Sungai Pelawan
3.9998,101.1672,马来西亚,霹雳州,下霹雳县,,
4.0289,101.1985,马来西亚,霹雳州,下霹雳县,,
3.8739,101.2063,马来西亚,霹雳州,下霹雳县,,
3.8108,101.2207,马来西亚,霹雳州,峇眼拿督县,,
4.011,101.1792,马来西亚,霹雳州,下霹雳县,,Kampung Baru Batu 13
4.0166,102.3315,马来西亚,彭亨州,而连突县,,
4.0,102.3408,马来西亚,彭亨州,而连突县,,
3.9963,102.3434,马来西亚,彭亨州,而连突县,,
3.9459,102.3278,马来西亚,彭亨州,而连突县,,
3.9017,102.3305,马来西亚,彭亨州,而连突县,,
3.878,102.3298,马来西亚,彭亨州,而连突县,,
3.8198,102.3461,马来西亚,彭亨州,而连突县,,
3.9674,102.3496,马来西亚,彭亨州,而连突县,,
4.0624,102.3433,马来西亚,彭亨州,而连突县,,
4.035,102.3814,马来西亚,彭亨州,而连突县,,Desa Seri Puding
4.0164,102.3519,马来西亚,彭亨州,而连突县,,
4.0043,102.3641,马来西亚,彭亨州,而连突县,,
3.9962,102.3606,马来西亚,彭亨州,而连突县,,
3.9933,102.3783,马来西亚,彭亨州,而连突县,,
3.9663,102.3614,马来西亚,彭亨州,而连突县,,
3.9604,102.3616,马来西亚,彭亨州,而连突县,,
3.9342,102.3535,马来西亚,彭亨州,而连突县,,
3.912,102.377,马来西亚,彭亨州,而连突县,,Taman Saujana Indah
3.887,102.3647,马来西亚,彭亨州,而连突县,Kampung Temin,
3.8932,102.3856,马来西亚,彭亨州,而连突县,Kampung Temin,
3.8017,102.3618,马来西亚,彭亨州,淡马鲁县,,
3.8033,102.3827,马来西亚,彭亨州,而连突县,,
3.9727,102.3934,马来西亚,彭亨州,而连突县,,
3.9391,102.4129,马来西亚,彭亨州,而连突县,,
3.8455,102.4029,马来西亚,彭亨州,而连突县,,
3.9781,102.4305,马来西亚,彭亨州,而连突县,,
3.9539,102.4394,马来西亚,彭亨州,而连突县,,
3.9561,102.4311,马来西亚,彭亨州,而连突县,,
3.9527,102.4324,马来西亚,彭亨州,而连突县,,
3.9381,102.4329,马来西亚,彭亨州,而连突县,,
3.9257,102.4297,马来西亚,彭亨州,而连突县,,
3.9171,102.4169,马来西亚,彭亨州,而连突县,,
3.9057,102.4453,马来西亚,彭亨州,而连突县,,
3.8311,102.4289,马来西亚,彭亨州,而连突县,,
3.8055,102.4264,马来西亚,彭亨州,而连突县,,
3.8164,102.4694,马来西亚,彭亨州,马兰县,,
3.8734,102.5129,马来西亚,彭亨州,而连突县,,
3.8584,102.4914,马来西亚,彭亨州,马兰县,,
3.868,102.5228,马来西亚,彭亨州,而连突县,,
3.8703,102.5291,马来西亚,彭亨州,而连突县,,
3.8689,102.5423,马来西亚,彭亨州,而连突县,,
3.8309,102.5472,马来西亚,彭亨州,马兰县,,
3.5747,101.6584,马来西亚,雪兰莪州,乌鲁雪兰莪县,,Taman Padang Tembak
3.548,101.6592,马来西亚,雪兰莪州,乌鲁雪兰莪县,,Taman Ampang Pecah
3.5445,101.6599,马来西亚,雪兰莪州,乌鲁雪兰莪县,,高峰花园
3.5709,101.6447,马来西亚,雪兰莪州,乌鲁雪兰莪县,,
3.5659,101.646,马来西亚,雪兰莪州,乌鲁雪兰莪县,,Taman Arif Utama
3.5689,101.644,马来西亚,雪兰莪州,乌鲁雪兰莪县,,
3.6981,101.5182,马来西亚,霹雳州,慕亚林县,,Taman Intan Setia
3.6964,101.5169,马来西亚,霹雳州,慕亚林县,,Taman Intan Setia
3.6963,101.5055,马来西亚,霹雳州,慕亚林县,,Taman Pelangi
3.56,101.6472,马来西亚,雪兰莪州,乌鲁雪兰莪县,,Taman Teratai
3.6982,101.5297,马来西亚,霹雳州,慕亚林县,,
3.6936,101.5232,马来西亚,霹雳州,慕亚林县,,Taman Sri Indah
3.5599,101.6434,马来西亚,雪兰莪州,乌鲁雪兰莪县,,
3.6904,101.5137,马来西亚,霹雳州,慕亚林县,,Taman Hijau
3.6892,101.5153,马来西亚,霹雳州,慕亚林县,,
3.6882,101.5159,马来西亚,霹雳州,慕亚林县,,
3.6723,101.5219,马来西亚,雪兰莪州,乌鲁雪兰莪县,,Taman Hulu Bernam
3.674,101.5237,马来西亚,雪兰莪州,乌鲁雪兰莪县,,Taman Hulu Bernam
3.6711,101.5277,马来西亚,雪兰莪州,乌鲁雪兰莪县,,Taman Hulu Bernam
3.6693,101.5309,马来西亚,雪兰莪州,乌鲁雪兰莪县,,Kampung Kilang Papan
3.6669,101.53,马来西亚,雪兰莪州,乌鲁雪兰莪县,,Taman Goldenwood
3.6689,101.5261,马来西亚,雪兰莪州,乌鲁雪兰莪县,,Taman Goldenwood
3.6687,101.5202,马来西亚,雪兰莪州,乌鲁雪兰莪县,,Kampung Seri Geriang
3.6664,101.5288,马来西亚,雪兰莪州,乌鲁雪兰莪县,,Taman Goldenwood
3.5727,101.6655,马来西亚,雪兰莪州,乌鲁雪兰莪县,,Taman Seruling
3.6434,101.5657,马来西亚,雪兰莪州,乌鲁雪兰莪县,,
3.6396,101.5777,马来西亚,雪兰莪州,乌鲁雪兰莪县,,Kampung Pasir Putih
3.6229,101.5863,马来西亚,雪兰莪州,乌鲁雪兰莪县,,
3.5954,101.6024,马来西亚,雪兰莪州,乌鲁雪兰莪县,,
3.5967,101.6143,马来西亚,雪兰莪州,乌鲁雪兰莪县,,
3.5672,101.6232,马来西亚,雪兰莪州,乌鲁雪兰莪县,,
3.6916,101.7496,马来西亚,彭亨州,劳勿县,,
3.5795,101.7058,马来西亚,雪兰莪州,乌鲁雪兰莪县,,
3.5392,101.6579,马来西亚,雪兰莪州,乌鲁雪兰莪县,,Taman Damai Utama
3.5595,101.6556,马来西亚,雪兰莪州,乌鲁雪兰莪县,,Kampung Kelapa
3.5577,101.6492,马来西亚,雪兰莪州,乌鲁雪兰莪县,,Kampung Dagang Setia
3.5404,101.6745,马来西亚,雪兰莪州,乌鲁雪兰莪县,,
3.561,101.6695,马来西亚,雪兰莪州,乌鲁雪兰莪县,,Taman Selesa
3.5644,101.6695,马来西亚,雪兰莪州,乌鲁雪兰莪县,,Taman Selesa
3.5663,101.6649,马来西亚,雪兰莪州,乌鲁雪兰莪县,,新古毛新村
3.5744,101.6543,马来西亚,雪兰莪州,乌鲁雪兰莪县,,Kampung Orang Asli Tun Abdul Razak
3.6905,101.5176,马来西亚,霹雳州,慕亚林县,,
3.6595,101.5415,马来西亚,雪兰莪州,乌鲁雪兰莪县,安南再也,Kampung Jelutong Tambahan
3.6588,102.0039,马来西亚,彭亨州,劳勿县,,
3.7857,101.8564,马来西亚,彭亨州,劳勿县,,利民花园
3.6127,101.8781,马来西亚,彭亨州,文冬县,,
3.7576,102.0088,马来西亚,彭亨州,劳勿县,,
3.7376,101.809,马来西亚,彭亨州,劳勿县,,
3.6072,101.9089,马来西亚,彭亨州,文冬县,,
3.6547,101.848,马来西亚,彭亨州,劳勿县,,
3.6212,101.9009,马来西亚,彭亨州,文冬县,,
3.6578,101.8933,马来西亚,彭亨州,文冬县,,
3.5368,101.9596,马来西亚,彭亨州,文冬县,,
3.6083,101.9644,马来西亚,彭亨州,劳勿县,,
3.7103,101.8207,马来西亚,彭亨州,劳勿县,,
3.6671,101.8904,马来西亚,彭亨州,文冬县,,
3.6926,101.8646,马来西亚,彭亨州,劳勿县,,
3.7545,101.9136,马来西亚,彭亨州,劳勿县,,
3.7305,101.8107,马来西亚,彭亨州,劳勿县,,
3.7057,102.9483,马来西亚,彭亨州,关丹县,,
3.6819,103.0254,马来西亚,彭亨州,关丹县,,
3.7168,103.0258,马来西亚,彭亨州,关丹县,,
3.7153,103.0087,马来西亚,彭亨州,关丹县,,
3.6725,102.9134,马来西亚,彭亨州,关丹县,,
3.654,103.0879,马来西亚,彭亨州,关丹县,,
3.6445,103.1159,马来西亚,彭亨州,关丹县,,
3.5964,103.0098,马来西亚,彭亨州,北根县,,
3.534,102.9171,马来西亚,彭亨州,北根县,,
3.5316,103.0807,马来西亚,彭亨州,北根县,,
3.539,103.0958,马来西亚,彭亨州,北根县,,
3.5648,103.0988,马来西亚,彭亨州,北根县,,
3.6582,102.9898,马来西亚,彭亨州,关丹县,,
3.6469,103.0851,马来西亚,彭亨州,关丹县,,
3.692,102.9924,马来西亚,彭亨州,关丹县,,
3.4861,101.6952,马来西亚,雪兰莪州,乌鲁雪兰莪县,,
3.4919,101.6292,马来西亚,雪兰莪州,乌鲁雪兰莪县,,叻思新村
3.4515,101.5608,马来西亚,雪兰莪州,乌鲁雪兰莪县,,
3.4739,101.6385,马来西亚,雪兰莪州,乌鲁雪兰莪县,,民友路新村
3.4722,101.6411,马来西亚,雪兰莪州,乌鲁雪兰莪县,,
3.4632,101.6393,马来西亚,雪兰莪州,乌鲁雪兰莪县,,
3.4699,101.6507,马来西亚,雪兰莪州,乌鲁雪兰莪县,,
3.4655,101.6481,马来西亚,雪兰莪州,乌鲁雪兰莪县,峇冬加里旺城,
3.4686,101.6639,马来西亚,雪兰莪州,乌鲁雪兰莪县,,Taman Genting Permai
3.4343,101.6626,马来西亚,雪兰莪州,乌鲁雪兰莪县,,
3.4222,101.6631,马来西亚,雪兰莪州,乌鲁雪兰莪县,,
3.4261,101.6595,马来西亚,雪兰莪州,乌鲁雪兰莪县,,
3.4438,101.6603,马来西亚,雪兰莪州,乌鲁雪兰莪县,,
3.4472,101.6524,马来西亚,雪兰莪州,乌鲁雪兰莪县,,
3.4428,101.6315,马来西亚,雪兰莪州,乌鲁雪兰莪县,,
3.4208,101.5423,马来西亚,雪兰莪州,乌鲁雪兰莪县,,
3.3686,101.5653,马来西亚,雪兰莪州,乌鲁雪兰莪县,,Alamanda Parklands
3.3677,101.6096,马来西亚,雪兰莪州,乌鲁雪兰莪县,,Taman Cempaka
3.3565,101.5916,马来西亚,雪兰莪州,乌鲁雪兰莪县,,
3.3555,101.5791,马来西亚,雪兰莪州,乌鲁雪兰莪县,,
3.3594,101.5603,马来西亚,雪兰莪州,乌鲁雪兰莪县,,Taman Ehsan Ibu
3.3497,101.5718,马来西亚,雪兰莪州,乌鲁雪兰莪县,,
3.3423,101.5898,马来西亚,雪兰莪州,鹅唛县,,
3.2934,101.7315,马来西亚,雪兰莪州,鹅唛县,,Taman Permai Jaya
3.2538,101.68,马来西亚,雪兰莪州,鹅唛县,,Kampung Nakhoda
3.25676,101.67504,马来西亚,雪兰莪州,鹅唛县,,Taman Jasa
3.2615,101.5525,马来西亚,雪兰莪州,鹅唛县,,
3.256,101.5512,马来西亚,雪兰莪州,鹅唛县,,
3.2562,101.5271,马来西亚,雪兰莪州,鹅唛县,,
3.2857,101.546,马来西亚,雪兰莪州,鹅唛县,,
3.2815,101.5472,马来西亚,雪兰莪州,鹅唛县,,
3.2812,101.7294,马来西亚,雪兰莪州,鹅唛县,,Taman Permai Jaya
3.3018,101.7349,马来西亚,雪兰莪州,鹅唛县,,
3.3008,101.6943,马来西亚,雪兰莪州,鹅唛县,,
3.3069,101.5962,马来西亚,雪兰莪州,鹅唛县,,
3.3085,101.5896,马来西亚,雪兰莪州,鹅唛县,,
3.3127,101.5801,马来西亚,雪兰莪州,鹅唛县,,
3.3201,101.5651,马来西亚,雪兰莪州,鹅唛县,,Taman Sri Rawang
3.3141,101.5801,马来西亚,雪兰莪州,鹅唛县,,
3.3153,101.5681,马来西亚,雪兰莪州,鹅唛县,,Amethyst 2
3.322,101.5318,马来西亚,雪兰莪州,鹅唛县,,Anggun 2
3.3121,101.5964,马来西亚,雪兰莪州,鹅唛县,,
3.3268,101.577,马来西亚,雪兰莪州,鹅唛县,,Taman Seri Hijau
3.3277,101.5719,马来西亚,雪兰莪州,鹅唛县,,好路花园
3.5072,102.3357,马来西亚,彭亨州,淡马鲁县,,
3.5007,102.3256,马来西亚,彭亨州,淡马鲁县,,
3.4949,102.3294,马来西亚,彭亨州,淡马鲁县,,
3.4835,102.3265,马来西亚,彭亨州,淡马鲁县,,Taman Saga
3.4783,102.3384,马来西亚,彭亨州,淡马鲁县,,Taman Bukit Bendera
3.4924,102.3552,马来西亚,彭亨州,淡马鲁县,,
3.4833,102.3601,马来西亚,彭亨州,淡马鲁县,,
3.4802,102.3605,马来西亚,彭亨州,淡马鲁县,,
3.4748,102.3642,马来西亚,彭亨州,淡马鲁县,,
3.4711,102.364,马来西亚,彭亨州,淡马鲁县,Songsang,
3.4601,102.3757,马来西亚,彭亨州,淡马鲁县,Songsang,Taman Sri Kemuning
3.4705,102.3761,马来西亚,彭亨州,淡马鲁县,Songsang,Taman Semantan Indah
3.4734,102.3833,马来西亚,彭亨州,淡马鲁县,Songsang,Taman Sri Semantan
3.4835,102.3754,马来西亚,彭亨州,淡马鲁县,Songsang,
3.4841,102.3864,马来西亚,彭亨州,淡马鲁县,Songsang,Kampung Megat Segama
3.5099,102.3915,马来西亚,彭亨州,淡马鲁县,,
3.5034,102.3979,马来西亚,彭亨州,淡马鲁县,,
3.5198,102.3972,马来西亚,彭亨州,淡马鲁县,,
3.515,102.4171,马来西亚,彭亨州,淡马鲁县,,Taman Keladan Indah
3.4953,102.3984,马来西亚,彭亨州,淡马鲁县,,
3.4931,102.3987,马来西亚,彭亨州,淡马鲁县,,
3.4899,102.4124,马来西亚,彭亨州,淡马鲁县,,
3.4872,102.4171,马来西亚,彭亨州,淡马鲁县,,
3.5043,102.4299,马来西亚,彭亨州,淡马鲁县,,
3.5114,102.4266,马来西亚,彭亨州,淡马鲁县,,
3.4712,102.4357,马来西亚,彭亨州,淡马鲁县,,
3.4701,102.4186,马来西亚,彭亨州,淡马鲁县,,Kampung Batu Satu
3.4701,102.4061,马来西亚,彭亨州,淡马鲁县,,
3.4583,102.4262,马来西亚,彭亨州,淡马鲁县,,
3.4608,102.4091,马来西亚,彭亨州,淡马鲁县,,Kampung Batu Satu
3.4551,102.4064,马来西亚,彭亨州,淡马鲁县,,Kampung Batu Satu
3.4593,102.4,马来西亚,彭亨州,淡马鲁县,,Kampung Batu Satu
3.4684,102.3867,马来西亚,彭亨州,淡马鲁县,Songsang,
3.4442,102.407,马来西亚,彭亨州,淡马鲁县,,
3.4375,102.414,马来西亚,彭亨州,淡马鲁县,,
3.4343,102.3983,马来西亚,彭亨州,淡马鲁县,,
3.497,102.4419,马来西亚,彭亨州,淡马鲁县,,
3.4884,102.4286,马来西亚,彭亨州,淡马鲁县,,
3.4793,102.4351,马来西亚,彭亨州,淡马鲁县,,
3.4554,102.429,马来西亚,彭亨州,淡马鲁县,,
3.4485,102.4271,马来西亚,彭亨州,淡马鲁县,,
3.4645,102.4703,马来西亚,彭亨州,淡马鲁县,,
3.458,102.4734,马来西亚,彭亨州,淡马鲁县,,
3.4662,102.4806,马来西亚,彭亨州,淡马鲁县,,
3.4863,102.4646,马来西亚,彭亨州,淡马鲁县,,
3.5219,102.5552,马来西亚,彭亨州,马兰县,,
3.5172,102.5548,马来西亚,彭亨州,马兰县,,
3.4443,102.4354,马来西亚,彭亨州,淡马鲁县,,
3.445,102.4429,马来西亚,彭亨州,淡马鲁县,,Taman Seberang Temerloh
3.4395,102.4413,马来西亚,彭亨州,淡马鲁县,,
3.4224,102.4419,马来西亚,彭亨州,淡马鲁县,,
3.4097,102.4187,马来西亚,彭亨州,淡马鲁县,,
3.4359,102.4535,马来西亚,彭亨州,淡马鲁县,,Taman Seberang Temerloh
3.4495,102.4569,马来西亚,彭亨州,淡马鲁县,,
3.4548,102.4724,马来西亚,彭亨州,淡马鲁县,,
3.4656,102.4887,马来西亚,彭亨州,淡马鲁县,,
3.4212,102.4964,马来西亚,彭亨州,淡马鲁县,,
3.4429,102.5159,马来西亚,彭亨州,百乐县,,
3.4924,102.5494,马来西亚,彭亨州,马兰县,,
3.4976,102.5561,马来西亚,彭亨州,马兰县,,
3.4834,102.5489,马来西亚,彭亨州,马兰县,,
3.4789,102.5606,马来西亚,彭亨州,马兰县,,
3.4573,102.572,马来西亚,彭亨州,马兰县,,
3.4179,102.5671,马来西亚,彭亨州,百乐县,,
3.4145,102.5555,马来西亚,彭亨州,百乐县,,
3.5075,102.571,马来西亚,彭亨州,马兰县,,Taman Jaya Diri
3.5002,102.5807,马来西亚,彭亨州,马兰县,,
3.5053,102.5721,马来西亚,彭亨州,马兰县,,Taman Jaya Diri
3.5006,102.5762,马来西亚,彭亨州,马兰县,,
3.4003,102.4257,马来西亚,彭亨州,淡马鲁县,,
3.3986,102.4306,马来西亚,彭亨州,淡马鲁县,,
3.3904,102.4384,马来西亚,彭亨州,淡马鲁县,,
3.3769,102.4385,马来西亚,彭亨州,淡马鲁县,,
3.3699,102.4461,马来西亚,彭亨州,淡马鲁县,,
3.3972,102.5292,马来西亚,彭亨州,百乐县,,
3.3925,102.5258,马来西亚,彭亨州,百乐县,,
3.3483,102.5162,马来西亚,彭亨州,百乐县,,
3.3374,102.5238,马来西亚,彭亨州,百乐县,,
3.3454,102.4928,马来西亚,彭亨州,百乐县,,
3.3282,102.4528,马来西亚,彭亨州,百乐县,,
3.3388,102.4505,马来西亚,彭亨州,百乐县,,
3.4331,102.432,马来西亚,彭亨州,淡马鲁县,,
3.3959,102.4343,马来西亚,彭亨州,淡马鲁县,,
3.4181,102.4187,马来西亚,彭亨州,淡马鲁县,,
3.3954,102.4158,马来西亚,彭亨州,淡马鲁县,,
3.3969,102.4237,马来西亚,彭亨州,淡马鲁县,,
3.3888,102.4348,马来西亚,彭亨州,淡马鲁县,,
3.3849,102.4367,马来西亚,彭亨州,淡马鲁县,,
3.3793,102.4354,马来西亚,彭亨州,淡马鲁县,,
3.369,102.424,马来西亚,彭亨州,淡马鲁县,,
3.4059,102.3938,马来西亚,彭亨州,淡马鲁县,,
3.4065,102.3844,马来西亚,彭亨州,淡马鲁县,,
3.4076,102.3902,马来西亚,彭亨州,淡马鲁县,,
3.4185,102.3824,马来西亚,彭亨州,淡马鲁县,,
3.3291,102.4476,马来西亚,彭亨州,百乐县,百乐,
3.2987,102.4622,马来西亚,彭亨州,百乐县,百乐,
3.2859,102.4172,马来西亚,彭亨州,百乐县,,
3.2651,102.4459,马来西亚,彭亨州,百乐县,百乐,
3.3211,102.4723,马来西亚,彭亨州,百乐县,,
3.3067,102.4723,马来西亚,彭亨州,百乐县,百乐,
3.3279,102.4811,马来西亚,彭亨州,百乐县,,
3.3395,102.5271,马来西亚,彭亨州,百乐县,,
3.3493,102.5219,马来西亚,彭亨州,百乐县,,
3.3665,102.5245,马来西亚,彭亨州,百乐县,,
3.3274,102.5592,马来西亚,彭亨州,百乐县,,
3.296,102.5453,马来西亚,彭亨州,百乐县,,
3.3207,102.5715,马来西亚,彭亨州,百乐县,,
3.3439,102.5736,马来西亚,彭亨州,百乐县,,
3.3577,102.5665,马来西亚,彭亨州,百乐县,,
3.3785,102.5715,马来西亚,彭亨州,百乐县,,
3.3878,102.5835,马来西亚,彭亨州,百乐县,,
3.3999,102.5817,马来西亚,彭亨州,百乐县,,
3.388,102.5321,马来西亚,彭亨州,百乐县,,
3.418,102.5777,马来西亚,彭亨州,百乐县,,
3.5214,102.5889,马来西亚,彭亨州,马兰县,,
3.5116,102.6103,马来西亚,彭亨州,马兰县,,
3.5164,102.6155,马来西亚,彭亨州,马兰县,,
3.5094,102.6216,马来西亚,彭亨州,马兰县,,
3.5227,102.6476,马来西亚,彭亨州,马兰县,,
3.5113,102.7032,马来西亚,彭亨州,马兰县,,
3.5234,102.8236,马来西亚,彭亨州,马兰县,,
3.4997,102.6035,马来西亚,彭亨州,马兰县,,
3.5009,102.7348,马来西亚,彭亨州,马兰县,,
3.5021,102.7454,马来西亚,彭亨州,马兰县,,
3.4992,102.7647,马来西亚,彭亨州,马兰县,,
3.4787,102.8484,马来西亚,彭亨州,北根县,,
3.4976,102.8328,马来西亚,彭亨州,马兰县,,
3.4674,102.8534,马来西亚,彭亨州,北根县,,
3.4753,102.6201,马来西亚,彭亨州,马兰县,,
3.4901,102.5858,马来西亚,彭亨州,马兰县,,
3.4313,102.5883,马来西亚,彭亨州,百乐县,,
3.4843,102.5876,马来西亚,彭亨州,马兰县,,
3.4807,102.5971,马来西亚,彭亨州,马兰县,,
3.4801,102.5857,马来西亚,彭亨州,马兰县,,
3.4769,102.5851,马来西亚,彭亨州,马兰县,,
3.4738,102.5925,马来西亚,彭亨州,马兰县,,
3.4728,102.5876,马来西亚,彭亨州,马兰县,,
3.4636,102.593,马来西亚,彭亨州,马兰县,,
3.4553,102.625,马来西亚,彭亨州,马兰县,,
3.4463,102.6177,马来西亚,彭亨州,马兰县,,
3.4527,102.6076,马来西亚,彭亨州,马兰县,,
3.4447,102.6082,马来西亚,彭亨州,马兰县,,
3.4393,102.6208,马来西亚,彭亨州,马兰县,,
3.4443,102.5884,马来西亚,彭亨州,马兰县,,
3.4524,102.5858,马来西亚,彭亨州,马兰县,,
3.2745,102.8516,马来西亚,彭亨州,云冰县,,
3.397,102.5853,马来西亚,彭亨州,百乐县,,
3.3754,102.6296,马来西亚,彭亨州,百乐县,,
3.3681,102.6637,马来西亚,彭亨州,马兰县,,
3.3382,102.6125,马来西亚,彭亨州,百乐县,,
3.3141,102.6523,马来西亚,彭亨州,百乐县,,
3.5256,102.6601,马来西亚,彭亨州,马兰县,,
3.4807,102.6264,马来西亚,彭亨州,马兰县,,
2.9838,102.6063,马来西亚,彭亨州,百乐县,,
3.5261,102.9186,马来西亚,彭亨州,北根县,,
3.52,103.0947,马来西亚,彭亨州,北根县,,
3.4789,103.0117,马来西亚,彭亨州,北根县,,
3.4796,102.9989,马来西亚,彭亨州,北根县,,
3.4967,102.908,马来西亚,彭亨州,北根县,,
3.4571,102.8743,马来西亚,彭亨州,北根县,,
3.4984,103.1219,马来西亚,彭亨州,北根县,,
3.4631,102.8889,马来西亚,彭亨州,北根县,,
3.4455,103.0311,马来西亚,彭亨州,北根县,,
3.4564,103.0392,马来西亚,彭亨州,北根县,,
3.4587,103.0609,马来西亚,彭亨州,北根县,,
3.4682,103.0111,马来西亚,彭亨州,北根县,,
3.4741,102.9838,马来西亚,彭亨州,北根县,,
3.4779,102.9741,马来西亚,彭亨州,北根县,,
3.4839,102.9389,马来西亚,彭亨州,北根县,,
3.4367,103.0392,马来西亚,彭亨州,北根县,,
3.3906,102.9114,马来西亚,彭亨州,北根县,,
3.4676,103.0053,马来西亚,彭亨州,北根县,,
3.3771,102.9328,马来西亚,彭亨州,北根县,,
3.3854,102.9494,马来西亚,彭亨州,北根县,,
3.3729,102.9568,马来西亚,彭亨州,北根县,,
3.3684,102.9501,马来西亚,彭亨州,北根县,,
3.3867,103.1174,马来西亚,彭亨州,北根县,,
3.4229,103.0744,马来西亚,彭亨州,北根县,,
3.3569,103.0712,马来西亚,彭亨州,北根县,,
3.3236,103.014,马来西亚,彭亨州,北根县,,
3.4376,102.9337,马来西亚,彭亨州,北根县,,
3.4843,102.9186,马来西亚,彭亨州,北根县,,
3.3603,103.0112,马来西亚,彭亨州,北根县,,
3.371,103.0303,马来西亚,彭亨州,北根县,,
3.3702,103.0408,马来西亚,彭亨州,北根县,,
3.3932,103.0233,马来西亚,彭亨州,北根县,,
3.4151,103.0104,马来西亚,彭亨州,北根县,,
3.4066,103.0198,马来西亚,彭亨州,北根县,,
3.3511,103.0326,马来西亚,彭亨州,北根县,,
3.0003,102.659,马来西亚,彭亨州,百乐县,,
3.0257,102.6738,马来西亚,彭亨州,百乐县,,
3.0219,102.6553,马来西亚,彭亨州,百乐县,,
3.0252,102.6552,马来西亚,彭亨州,百乐县,,
3.0271,102.656,马来西亚,彭亨州,百乐县,,
3.0363,102.6674,马来西亚,彭亨州,百乐县,,
3.0323,102.6193,马来西亚,彭亨州,百乐县,,
3.0311,102.6496,马来西亚,彭亨州,百乐县,,
3.0127,102.6386,马来西亚,彭亨州,百乐县,,
3.0004,102.6289,马来西亚,彭亨州,百乐县,,
2.9927,102.6205,马来西亚,彭亨州,百乐县,,
2.9885,102.5859,马来西亚,彭亨州,百乐县,,
2.9804,101.7785,马来西亚,雪兰莪州,乌鲁冷岳县,,Taman Kajang Raya
2.9802,101.7887,马来西亚,雪兰莪州,乌鲁冷岳县,锡米山,Taman Sri Reko
2.9717,101.7889,马来西亚,雪兰莪州,乌鲁冷岳县,加影新城,
2.964,101.7902,马来西亚,雪兰莪州,乌鲁冷岳县,,
2.9006,101.78,马来西亚,雪兰莪州,乌鲁冷岳县,,Taman Angsana Bangi
2.9153,101.8578,马来西亚,雪兰莪州,乌鲁冷岳县,,
2.9328,101.8519,马来西亚,雪兰莪州,乌鲁冷岳县,,
2.9424,101.8402,马来西亚,雪兰莪州,乌鲁冷岳县,,
2.9561,101.8407,马来西亚,雪兰莪州,乌鲁冷岳县,,Taman Semenyih
2.9599,101.8437,马来西亚,雪兰莪州,乌鲁冷岳县,,Taman Sahabat
2.9621,101.8489,马来西亚,雪兰莪州,乌鲁冷岳县,,Taman Semenyih
2.9676,101.8471,马来西亚,雪兰莪州,乌鲁冷岳县,,
2.9152,101.9058,马来西亚,森美兰州,芙蓉县,,
2.8913,101.8716,马来西亚,雪兰莪州,乌鲁冷岳县,,
2.848,101.8295,马来西亚,森美兰州,芙蓉县,,
2.8572,101.8455,马来西亚,森美兰州,芙蓉县,,
2.8334,101.8507,马来西亚,森美兰州,芙蓉县,,
2.8639,101.8946,马来西亚,森美兰州,芙蓉县,,
2.9219,101.9434,马来西亚,森美兰州,芙蓉县,,
2.9191,101.9405,马来西亚,森美兰州,芙蓉县,,
2.9161,101.935,马来西亚,森美兰州,芙蓉县,,
2.9007,101.9546,马来西亚,森美兰州,芙蓉县,,
2.9476,101.8526,马来西亚,雪兰莪州,乌鲁冷岳县,,
2.9155,102.0426,马来西亚,森美兰州,日叻务县,,
2.9137,102.038,马来西亚,森美兰州,日叻务县,,
2.9089,102.0274,马来西亚,森美兰州,日叻务县,,
2.9103,102.0313,马来西亚,森美兰州,日叻务县,,
2.9069,102.0316,马来西亚,森美兰州,日叻务县,,
2.8836,102.0212,马来西亚,森美兰州,日叻务县,,
2.8565,101.9267,马来西亚,森美兰州,芙蓉县,,
2.7164,101.9943,马来西亚,森美兰州,芙蓉县,,Taman Tasik Jaya
2.7292,102.0102,马来西亚,森美兰州,芙蓉县,,
2.7433,101.9726,马来西亚,森美兰州,芙蓉县,,Taman Kayu Manis
2.741,101.9697,马来西亚,森美兰州,芙蓉县,小甘密,Taman Desa Permai
2.7225,101.9481,马来西亚,森美兰州,芙蓉县,拉杭,
2.7121,101.9566,马来西亚,森美兰州,芙蓉县,拉杭,Taman Bidara
2.719,101.9659,马来西亚,森美兰州,芙蓉县,安邦岸,Taman Dato Shahbandar
2.7267,101.9796,马来西亚,森美兰州,芙蓉县,芭蕾,
2.7248,101.9727,马来西亚,森美兰州,芙蓉县,安邦岸,Gedong Lalang 162
2.7159,101.9897,马来西亚,森美兰州,芙蓉县,芭蕾,Kampung Sentosa
2.7277,101.9861,马来西亚,森美兰州,芙蓉县,芭蕾,Taman Paroi Jaya
2.7423,101.9587,马来西亚,森美兰州,芙蓉县,小甘密,Taman Megaway
2.7462,101.9543,马来西亚,森美兰州,芙蓉县,小甘密,
2.7484,101.9623,马来西亚,森美兰州,芙蓉县,小甘密,
2.7562,101.9668,马来西亚,森美兰州,芙蓉县,小甘密,
2.7528,101.9612,马来西亚,森美兰州,芙蓉县,小甘密,Taman Sri Penaga Fasa 1
2.7431,101.9513,马来西亚,森美兰州,芙蓉县,沉香,
2.7437,101.9339,马来西亚,森美兰州,芙蓉县,沉香,
2.7209,101.9214,马来西亚,森美兰州,芙蓉县,罗白,Taman Bukit Labu
2.7148,101.9233,马来西亚,森美兰州,芙蓉县,亚沙,Taman Permai
2.719,101.9333,马来西亚,森美兰州,芙蓉县,亚沙,
2.7132,101.923,马来西亚,森美兰州,芙蓉县,亚沙,Taman Permai
2.7633,101.9821,马来西亚,森美兰州,芙蓉县,,
2.7489,101.9191,马来西亚,森美兰州,芙蓉县,,Taman Kotamas
2.7615,101.9348,马来西亚,森美兰州,芙蓉县,,Taman Desa Temiang
2.7972,101.9943,马来西亚,森美兰州,芙蓉县,,
2.7758,101.9917,马来西亚,森美兰州,芙蓉县,,
2.7488,101.8371,马来西亚,森美兰州,芙蓉县,,
2.72736,101.78316,马来西亚,森美兰州,芙蓉县,,
2.8204,101.9058,马来西亚,森美兰州,芙蓉县,,Taman Bukit Mantin / Taman Sr Mawar
2.8243,101.8926,马来西亚,森美兰州,芙蓉县,,Taman Gading Jaya
2.7217,101.901,马来西亚,森美兰州,芙蓉县,,
2.7202,101.918,马来西亚,森美兰州,芙蓉县,,
2.7349,101.9196,马来西亚,森美兰州,芙蓉县,罗白,
2.8033,101.7996,马来西亚,森美兰州,芙蓉县,,
2.7319,102.1688,马来西亚,森美兰州,瓜拉庇劳县,,
2.7263,102.176,马来西亚,森美兰州,瓜拉庇劳县,,
2.7156,102.1627,马来西亚,森美兰州,瓜拉庇劳县,,
2.7494,102.1639,马来西亚,森美兰州,瓜拉庇劳县,,
2.7135,102.1804,马来西亚,森美兰州,瓜拉庇劳县,,
2.7127,102.1891,马来西亚,森美兰州,瓜拉庇劳县,,
2.7281,102.1913,马来西亚,森美兰州,瓜拉庇劳县,Ampang Tinggi,
2.7312,102.1896,马来西亚,森美兰州,瓜拉庇劳县,,
2.7158,102.2386,马来西亚,森美兰州,瓜拉庇劳县,,Taman Bukit Intan
2.7188,102.2451,马来西亚,森美兰州,瓜拉庇劳县,,Taman Bahagia Delima
2.7161,102.2432,马来西亚,森美兰州,瓜拉庇劳县,,Taman Bahagia Delima
2.7225,102.2502,马来西亚,森美兰州,瓜拉庇劳县,,Taman Bahagia Delima
2.7285,102.2616,马来西亚,森美兰州,瓜拉庇劳县,,
2.7215,102.263,马来西亚,森美兰州,瓜拉庇劳县,,
2.7468,102.3104,马来西亚,森美兰州,瓜拉庇劳县,,
2.7648,102.2644,马来西亚,森美兰州,瓜拉庇劳县,,
2.7784,102.2865,马来西亚,森美兰州,瓜拉庇劳县,,
2.7842,102.2735,马来西亚,森美兰州,瓜拉庇劳县,,
2.7884,102.2664,马来西亚,森美兰州,瓜拉庇劳县,,
2.7964,102.2858,马来西亚,森美兰州,瓜拉庇劳县,,
2.9259,102.2133,马来西亚,森美兰州,日叻务县,,
2.9307,102.2224,马来西亚,森美兰州,日叻务县,,
2.9442,102.238,马来西亚,森美兰州,日叻务县,,Taman Sri Pertang
2.9439,102.2539,马来西亚,森美兰州,日叻务县,,Kampung Batu 17
2.9645,102.1446,马来西亚,森美兰州,日叻务县,,
2.9692,102.1228,马来西亚,森美兰州,日叻务县,,
2.9746,102.1289,马来西亚,森美兰州,日叻务县,,
2.9514,102.062,马来西亚,森美兰州,日叻务县,,古打灵
2.9462,102.0633,马来西亚,森美兰州,日叻务县,,古打灵
2.9488,102.0548,马来西亚,森美兰州,日叻务县,,
2.9511,102.0542,马来西亚,森美兰州,日叻务县,,
2.9492,102.0486,马来西亚,森美兰州,日叻务县,,
2.9451,102.0459,马来西亚,森美兰州,日叻务县,,
2.9435,102.0649,马来西亚,森美兰州,日叻务县,,Taman Dato' Undang Abu Bakar
2.9809,102.0521,马来西亚,森美兰州,日叻务县,,
2.9755,102.0593,马来西亚,森美兰州,日叻务县,,
2.9705,102.0589,马来西亚,森美兰州,日叻务县,,Taman Jati
2.9785,102.0636,马来西亚,森美兰州,日叻务县,,Taman Sri Kenaboi
2.9352,102.0645,马来西亚,森美兰州,日叻务县,,Taman Dato' Undang Abdullah
2.9327,102.0641,马来西亚,森美兰州,日叻务县,,Taman Dato' Undang Abdullah
2.9127,102.0488,马来西亚,森美兰州,日叻务县,,
2.915,102.0566,马来西亚,森美兰州,日叻务县,,
2.9478,102.0728,马来西亚,森美兰州,日叻务县,,
2.9423,102.0815,马来西亚,森美兰州,日叻务县,,Taman Bandar Tinggi
2.9353,102.073,马来西亚,森美兰州,日叻务县,,
2.9315,102.0798,马来西亚,森美兰州,日叻务县,,
2.9347,102.082,马来西亚,森美兰州,日叻务县,,
2.9307,102.0768,马来西亚,森美兰州,日叻务县,,
2.9283,102.0775,马来西亚,森美兰州,日叻务县,,
2.9243,102.0853,马来西亚,森美兰州,日叻务县,,
2.9197,102.0804,马来西亚,森美兰州,日叻务县,,
2.9156,102.0857,马来西亚,森美兰州,日叻务县,,
2.919,102.2206,马来西亚,森美兰州,日叻务县,,
2.8744,102.2397,马来西亚,森美兰州,瓜拉庇劳县,,
2.8729,102.247,马来西亚,森美兰州,瓜拉庇劳县,,
2.8664,102.2327,马来西亚,森美兰州,瓜拉庇劳县,,
2.8638,102.2424,马来西亚,森美兰州,瓜拉庇劳县,,
2.8625,102.25,马来西亚,森美兰州,瓜拉庇劳县,,
2.8592,102.2501,马来西亚,森美兰州,瓜拉庇劳县,,
2.8618,102.2379,马来西亚,森美兰州,瓜拉庇劳县,,
2.8614,102.2274,马来西亚,森美兰州,瓜拉庇劳县,,
2.8608,102.2237,马来西亚,森美兰州,瓜拉庇劳县,,
2.8571,102.2215,马来西亚,森美兰州,瓜拉庇劳县,,
2.8644,102.2094,马来西亚,森美兰州,瓜拉庇劳县,,
2.8582,102.2161,马来西亚,森美兰州,瓜拉庇劳县,,
2.8598,102.1954,马来西亚,森美兰州,瓜拉庇劳县,,
2.7993,102.265,马来西亚,森美兰州,瓜拉庇劳县,,
2.8168,102.2792,马来西亚,森美兰州,瓜拉庇劳县,,
2.8513,102.2535,马来西亚,森美兰州,瓜拉庇劳县,,
2.7378,102.2209,马来西亚,森美兰州,瓜拉庇劳县,Ampang Tinggi,Taman Bukit Ara
2.7445,102.2155,马来西亚,森美兰州,瓜拉庇劳县,Ampang Tinggi,
2.748,102.2201,马来西亚,森美兰州,瓜拉庇劳县,,
2.7562,102.218,马来西亚,森美兰州,瓜拉庇劳县,,
2.7948,102.2377,马来西亚,森美兰州,瓜拉庇劳县,,
2.7636,102.1673,马来西亚,森美兰州,瓜拉庇劳县,,
2.7769,102.173,马来西亚,森美兰州,瓜拉庇劳县,,
2.7826,102.1655,马来西亚,森美兰州,瓜拉庇劳县,,
2.8137,102.1761,马来西亚,森美兰州,瓜拉庇劳县,,
2.824,102.2577,马来西亚,森美兰州,瓜拉庇劳县,,
2.821,102.2648,马来西亚,森美兰州,瓜拉庇劳县,,
2.8213,102.2712,马来西亚,森美兰州,瓜拉庇劳县,,
2.841,102.2619,马来西亚,森美兰州,瓜拉庇劳县,,
2.8469,102.2731,马来西亚,森美兰州,瓜拉庇劳县,,
2.8364,102.2864,马来西亚,森美兰州,瓜拉庇劳县,,
2.7552,102.304,马来西亚,森美兰州,瓜拉庇劳县,,
2.7711,102.2898,马来西亚,森美兰州,瓜拉庇劳县,,
2.8059,102.3115,马来西亚,森美兰州,瓜拉庇劳县,,Taman Sri Gelugor
2.8174,102.3137,马来西亚,森美兰州,瓜拉庇劳县,,
2.8385,102.309,马来西亚,森美兰州,仁保县,,
2.8336,102.3087,马来西亚,森美兰州,仁保县,,
2.84885,102.3062,马来西亚,森美兰州,仁保县,,
2.7671,102.281,马来西亚,森美兰州,瓜拉庇劳县,,
2.8608,102.2856,马来西亚,森美兰州,瓜拉庇劳县,,
2.8904,102.2953,马来西亚,森美兰州,仁保县,,
2.8898,102.2843,马来西亚,森美兰州,仁保县,,
2.8958,102.2843,马来西亚,森美兰州,仁保县,,
2.9617,102.1284,马来西亚,森美兰州,日叻务县,,
2.736,102.1877,马来西亚,森美兰州,瓜拉庇劳县,,Taman Pemarak
2.7446,102.2036,马来西亚,森美兰州,瓜拉庇劳县,,
2.7493,102.1899,马来西亚,森美兰州,瓜拉庇劳县,,
2.7493,102.2094,马来西亚,森美兰州,瓜拉庇劳县,,
2.8653,102.2681,马来西亚,森美兰州,瓜拉庇劳县,,
2.7175,102.2387,马来西亚,森美兰州,瓜拉庇劳县,,Taman Bukit Intan
2.7218,102.2478,马来西亚,森美兰州,瓜拉庇劳县,,Taman Bahagia Delima
2.7301,102.2442,马来西亚,森美兰州,瓜拉庇劳县,,Taman Bahagia Delima
2.7344,102.2325,马来西亚,森美兰州,瓜拉庇劳县,,
2.7338,102.2236,马来西亚,森美兰州,瓜拉庇劳县,Ampang Tinggi,
2.7394,102.2404,马来西亚,森美兰州,瓜拉庇劳县,,Taman Sema
2.7454,102.193,马来西亚,森美兰州,瓜拉庇劳县,,
2.7548,102.2516,马来西亚,森美兰州,瓜拉庇劳县,,
2.7489,102.2583,马来西亚,森美兰州,瓜拉庇劳县,,
2.7551,102.2391,马来西亚,森美兰州,瓜拉庇劳县,,
2.7511,102.245,马来西亚,森美兰州,瓜拉庇劳县,,
2.7272,102.2191,马来西亚,森美兰州,瓜拉庇劳县,Ampang Tinggi,
2.7123,102.2327,马来西亚,森美兰州,瓜拉庇劳县,,Taman Bahagia Delima
2.8642,102.2027,马来西亚,森美兰州,瓜拉庇劳县,,
2.9682,103.3729,马来西亚,彭亨州,北根县,,
2.967,103.3839,马来西亚,彭亨州,北根县,,
2.9063,103.3794,马来西亚,彭亨州,云冰县,,
2.9019,103.3746,马来西亚,彭亨州,云冰县,,
2.9788,102.441,马来西亚,森美兰州,仁保县,,
2.8673,102.7062,马来西亚,彭亨州,百乐县,,
2.9806,102.7829,马来西亚,彭亨州,云冰县,,
2.9522,102.4559,马来西亚,森美兰州,仁保县,,
2.9402,102.4528,马来西亚,森美兰州,仁保县,,
2.9436,102.3844,马来西亚,森美兰州,仁保县,,
2.94,102.3819,马来西亚,森美兰州,仁保县,,
2.9297,102.3765,马来西亚,森美兰州,仁保县,,
2.9307,102.3321,马来西亚,森美兰州,仁保县,,
2.8467,102.3321,马来西亚,森美兰州,仁保县,,
2.8365,102.5229,马来西亚,森美兰州,仁保县,,
2.8722,102.4875,马来西亚,森美兰州,仁保县,,
2.8757,102.4749,马来西亚,森美兰州,仁保县,,
2.871,102.4594,马来西亚,森美兰州,仁保县,,
2.9046,102.3992,马来西亚,森美兰州,仁保县,,
2.9237,102.4415,马来西亚,森美兰州,仁保县,,
2.8308,102.3287,马来西亚,森美兰州,仁保县,,
2.82583,102.32849,马来西亚,森美兰州,仁保县,,
2.834,102.3372,马来西亚,森美兰州,仁保县,,
2.8352,102.3506,马来西亚,森美兰州,仁保县,,
2.8166,102.3506,马来西亚,森美兰州,仁保县,,
2.8138,102.3592,马来西亚,森美兰州,仁保县,,
2.8108,102.3489,马来西亚,森美兰州,仁保县,,
2.7795,102.331,马来西亚,森美兰州,瓜拉庇劳县,,
2.7767,102.3216,马来西亚,森美兰州,瓜拉庇劳县,,
2.7877,102.3586,马来西亚,森美兰州,仁保县,,
2.8006,102.3509,马来西亚,森美兰州,仁保县,,
2.8059,102.3589,马来西亚,森美兰州,仁保县,,
2.793,102.3515,马来西亚,森美兰州,仁保县,,
2.8019,102.3625,马来西亚,森美兰州,仁保县,,
2.8071,102.3726,马来西亚,森美兰州,仁保县,,Taman Tunku Puan Chik
2.8124,102.4144,马来西亚,森美兰州,仁保县,,
2.7886,102.5823,马来西亚,森美兰州,仁保县,,
2.8175,102.4617,马来西亚,森美兰州,仁保县,,
2.7902,102.4551,马来西亚,森美兰州,仁保县,,
2.7221,102.4569,马来西亚,森美兰州,仁保县,,
2.7288,102.4566,马来西亚,森美兰州,仁保县,,
2.7365,102.4678,马来西亚,森美兰州,仁保县,,
2.7441,102.4445,马来西亚,森美兰州,仁保县,,
2.8661,102.5205,马来西亚,森美兰州,仁保县,,
2.845,102.8419,马来西亚,彭亨州,云冰县,,
2.8786,102.7538,马来西亚,彭亨州,云冰县,,
2.822,102.6707,马来西亚,森美兰州,仁保县,,
2.7817,102.6936,马来西亚,柔佛州,昔加末县,,
2.7614,102.7381,马来西亚,柔佛州,昔加末县,,
2.7478,102.751,马来西亚,柔佛州,昔加末县,,
2.7262,102.7454,马来西亚,柔佛州,昔加末县,,
2.7684,102.7706,马来西亚,柔佛州,昔加末县,,
2.7127,102.7696,马来西亚,柔佛州,昔加末县,,
2.7227,102.7504,马来西亚,柔佛州,昔加末县,,
2.8357,102.586,马来西亚,森美兰州,仁保县,,
2.8874,102.6182,马来西亚,森美兰州,仁保县,,
2.7605,102.7204,马来西亚,柔佛州,昔加末县,,
2.767,102.7253,马来西亚,柔佛州,昔加末县,,
2.8966,103.3787,马来西亚,彭亨州,云冰县,,
2.8912,103.3711,马来西亚,彭亨州,云冰县,,
2.8466,103.3705,马来西亚,彭亨州,云冰县,,
2.8993,103.3444,马来西亚,彭亨州,云冰县,,
2.8927,103.2996,马来西亚,彭亨州,云冰县,,
2.8927,103.1277,马来西亚,彭亨州,云冰县,,
2.7005,101.9306,马来西亚,森美兰州,芙蓉县,,亚沙新村
2.697,101.9543,马来西亚,森美兰州,芙蓉县,,
2.702,101.9655,马来西亚,森美兰州,芙蓉县,拉杭,
2.7028,101.9748,马来西亚,森美兰州,芙蓉县,新那旺,Taman Guru Melayu
2.7014,101.9685,马来西亚,森美兰州,芙蓉县,新那旺,
2.7067,101.9769,马来西亚,森美兰州,芙蓉县,新那旺,Taman Guru Melayu
2.7088,101.9785,马来西亚,森美兰州,芙蓉县,新那旺,Taman Guru Melayu
2.6976,101.9853,马来西亚,森美兰州,芙蓉县,新那旺,
2.6949,101.946,马来西亚,森美兰州,芙蓉县,,
2.6926,101.9295,马来西亚,森美兰州,芙蓉县,,Taman Bukit Chedang
2.6824,101.9369,马来西亚,森美兰州,芙蓉县,翠谷山,
2.6713,101.9159,马来西亚,森美兰州,芙蓉县,,
2.6772,101.9315,马来西亚,森美兰州,芙蓉县,翠谷山,
2.6768,101.9458,马来西亚,森美兰州,芙蓉县,翠谷山,Taman Rasah Jaya
2.6715,101.9888,马来西亚,森美兰州,芙蓉县,双溪芽笃,
2.6771,101.9932,马来西亚,森美兰州,芙蓉县,,
2.56497,101.81532,马来西亚,森美兰州,波德申县,,Taman Sentosa 2
2.5535,101.7935,马来西亚,森美兰州,波德申县,,Taman Tanjung
2.5504,101.7995,马来西亚,森美兰州,波德申县,,
2.5433,102.0351,马来西亚,森美兰州,林茂县,,
2.5435,101.8005,马来西亚,森美兰州,波德申县,Kampung Gelam,Taman Samudra
2.52638,101.81203,马来西亚,森美兰州,波德申县,,Taman Mewah
2.5193,101.8236,马来西亚,森美兰州,波德申县,,Taman Raja Zainal Kuarters TNB
2.5141,101.973,马来西亚,森美兰州,波德申县,,
2.4954,101.8471,马来西亚,森美兰州,波德申县,西鲁沙,Bandar Tentera
2.5015,101.8425,马来西亚,森美兰州,波德申县,西鲁沙,Taman Sri Pinang
2.484,101.8655,马来西亚,森美兰州,波德申县,,Kampung Sawah Sunggala
2.4815,101.8624,马来西亚,森美兰州,波德申县,,Bandar Sunggala
2.45294,101.86081,马来西亚,森美兰州,波德申县,,Rumah Rakyat Teluk Kemang
2.4546,101.8638,马来西亚,森美兰州,波德申县,直落甘望,Rumah Rakyat Teluk Kemang
2.5096,101.8369,马来西亚,森美兰州,波德申县,西鲁沙,Taman Dato Haji Abdul Samad
2.7039,102.1623,马来西亚,森美兰州,瓜拉庇劳县,,
2.6602,102.1598,马来西亚,森美兰州,瓜拉庇劳县,,
2.7054,102.1745,马来西亚,森美兰州,瓜拉庇劳县,,
2.5792,102.0946,马来西亚,森美兰州,林茂县,,
2.5771,102.0564,马来西亚,森美兰州,林茂县,,
2.5828,102.1264,马来西亚,森美兰州,林茂县,,
2.5868,102.1167,马来西亚,森美兰州,林茂县,,
2.5242,102.111,马来西亚,森美兰州,林茂县,,
2.508,102.1161,马来西亚,森美兰州,林茂县,,
2.4924,102.1189,马来西亚,森美兰州,林茂县,,
2.4792,102.0617,马来西亚,森美兰州,林茂县,,
2.4809,102.0602,马来西亚,森美兰州,林茂县,,
2.456,102.2369,马来西亚,马六甲州,亚罗牙也县,,
2.5188,102.0659,马来西亚,森美兰州,林茂县,,
2.4442,102.0561,马来西亚,森美兰州,林茂县,,
2.4517,102.0571,马来西亚,森美兰州,林茂县,,
2.4419,102.0734,马来西亚,马六甲州,亚罗牙也县,,Taman Setia Jaya
2.4424,102.1031,马来西亚,马六甲州,亚罗牙也县,,
2.4528,102.1183,马来西亚,马六甲州,亚罗牙也县,,
2.508,102.1476,马来西亚,森美兰州,林茂县,,
2.5345,102.147,马来西亚,森美兰州,林茂县,,
2.5419,102.1484,马来西亚,森美兰州,林茂县,,
2.5322,102.1654,马来西亚,森美兰州,林茂县,,
2.5008,102.1605,马来西亚,森美兰州,林茂县,,
2.4859,102.0769,马来西亚,森美兰州,林茂县,,
2.4799,102.2208,马来西亚,森美兰州,淡边县,,Taman Woon
2.6567,102.3071,马来西亚,森美兰州,瓜拉庇劳县,,
2.653,102.3025,马来西亚,森美兰州,瓜拉庇劳县,,
2.6752,102.2806,马来西亚,森美兰州,瓜拉庇劳县,,
2.7011,102.2675,马来西亚,森美兰州,瓜拉庇劳县,,
2.6962,102.2536,马来西亚,森美兰州,瓜拉庇劳县,,
2.7089,102.2645,马来西亚,森美兰州,瓜拉庇劳县,,
2.4661,102.2424,马来西亚,森美兰州,淡边县,,
2.7036,102.2456,马来西亚,森美兰州,瓜拉庇劳县,,
2.7045,102.2398,马来西亚,森美兰州,瓜拉庇劳县,,
2.4652,102.2213,马来西亚,马六甲州,亚罗牙也县,,
2.6845,102.2132,马来西亚,森美兰州,瓜拉庇劳县,,
2.7091,102.1872,马来西亚,森美兰州,瓜拉庇劳县,,
2.7048,102.1954,马来西亚,森美兰州,瓜拉庇劳县,,
2.6881,102.1891,马来西亚,森美兰州,瓜拉庇劳县,,
2.6826,102.1833,马来西亚,森美兰州,瓜拉庇劳县,,
2.6732,102.1823,马来西亚,森美兰州,瓜拉庇劳县,,
2.6706,102.1805,马来西亚,森美兰州,瓜拉庇劳县,,
2.4668,102.2393,马来西亚,森美兰州,淡边县,,
2.6384,102.3122,马来西亚,森美兰州,瓜拉庇劳县,,
2.6369,102.2967,马来西亚,森美兰州,瓜拉庇劳县,,
2.4709,102.2375,马来西亚,森美兰州,淡边县,,
2.6341,102.2802,马来西亚,森美兰州,瓜拉庇劳县,,
2.643,102.2526,马来西亚,森美兰州,瓜拉庇劳县,,
2.6438,102.2462,马来西亚,森美兰州,瓜拉庇劳县,,
2.6378,102.242,马来西亚,森美兰州,瓜拉庇劳县,,
2.6422,102.2401,马来西亚,森美兰州,瓜拉庇劳县,,
2.5659,102.305,马来西亚,森美兰州,瓜拉庇劳县,,
2.5538,102.2832,马来西亚,森美兰州,瓜拉庇劳县,,
2.5633,102.2593,马来西亚,森美兰州,瓜拉庇劳县,,
2.5699,102.2687,马来西亚,森美兰州,瓜拉庇劳县,,
2.5717,102.2657,马来西亚,森美兰州,瓜拉庇劳县,,
2.5739,102.2634,马来西亚,森美兰州,瓜拉庇劳县,,
2.5844,102.2641,马来西亚,森美兰州,瓜拉庇劳县,,
2.5887,102.269,马来西亚,森美兰州,瓜拉庇劳县,,
2.607,102.2714,马来西亚,森美兰州,瓜拉庇劳县,,
2.606,102.2817,马来西亚,森美兰州,瓜拉庇劳县,,
2.6098,102.2792,马来西亚,森美兰州,瓜拉庇劳县,,
2.6129,102.2781,马来西亚,森美兰州,瓜拉庇劳县,,
2.624,102.2727,马来西亚,森美兰州,瓜拉庇劳县,,
2.6264,102.2569,马来西亚,森美兰州,瓜拉庇劳县,,
2.6264,102.2468,马来西亚,森美兰州,瓜拉庇劳县,,
2.6297,102.2445,马来西亚,森美兰州,瓜拉庇劳县,,
2.6246,102.2357,马来西亚,森美兰州,瓜拉庇劳县,,
2.6173,102.2119,马来西亚,森美兰州,瓜拉庇劳县,,
2.616,102.2046,马来西亚,森美兰州,瓜拉庇劳县,,
2.5806,102.1691,马来西亚,森美兰州,林茂县,,
2.6204,102.262,马来西亚,森美兰州,瓜拉庇劳县,,
2.6179,102.2679,马来西亚,森美兰州,瓜拉庇劳县,,
2.5936,102.2506,马来西亚,森美兰州,瓜拉庇劳县,,
2.5942,102.2622,马来西亚,森美兰州,瓜拉庇劳县,,
2.5784,102.2505,马来西亚,森美兰州,瓜拉庇劳县,,
2.5734,102.2439,马来西亚,森美兰州,瓜拉庇劳县,,
2.572,102.2578,马来西亚,森美兰州,瓜拉庇劳县,,
2.5589,102.2388,马来西亚,森美兰州,瓜拉庇劳县,,
2.547,102.2234,马来西亚,森美兰州,瓜拉庇劳县,,
2.5345,102.1742,马来西亚,森美兰州,林茂县,,
2.4971,102.1909,马来西亚,森美兰州,林茂县,,
2.5469,102.2729,马来西亚,森美兰州,瓜拉庇劳县,,
2.5478,102.2679,马来西亚,森美兰州,瓜拉庇劳县,,
2.446,102.3001,马来西亚,马六甲州,亚罗牙也县,,
2.4802,102.2441,马来西亚,森美兰州,淡边县,,Taman Indah
2.4789,102.2316,马来西亚,森美兰州,淡边县,,
2.444,103.0416,马来西亚,柔佛州,昔加末县,,
2.5543,102.8839,马来西亚,柔佛州,昔加末县,,
2.5291,102.8847,马来西亚,柔佛州,昔加末县,,
2.4543,102.9194,马来西亚,柔佛州,昔加末县,,
2.5359,102.8592,马来西亚,柔佛州,昔加末县,,
2.5341,102.8667,马来西亚,柔佛州,昔加末县,,
2.6933,102.9456,马来西亚,彭亨州,云冰县,,
2.6956,102.952,马来西亚,彭亨州,云冰县,,
2.523,102.9533,马来西亚,柔佛州,昔加末县,,
2.4972,102.9566,马来西亚,柔佛州,昔加末县,,
2.5914,102.9061,马来西亚,柔佛州,昔加末县,,
2.6864,102.9599,马来西亚,彭亨州,云冰县,,
2.5454,103.0059,马来西亚,柔佛州,昔加末县,,
2.5056,103.0176,马来西亚,柔佛州,昔加末县,,
2.6176,103.0024,马来西亚,彭亨州,云冰县,,
2.6331,103.0124,马来西亚,彭亨州,云冰县,,
2.6319,103.0306,马来西亚,彭亨州,云冰县,,
2.6218,103.0255,马来西亚,彭亨州,云冰县,,
2.4934,103.0542,马来西亚,柔佛州,昔加末县,,
2.4489,103.0792,马来西亚,柔佛州,昔加末县,,
2.4434,102.9029,马来西亚,柔佛州,昔加末县,,
2.65184,103.43359,马来西亚,彭亨州,云冰县,,
2.68078,103.57815,马来西亚,彭亨州,云冰县,,
2.58774,103.64508,马来西亚,柔佛州,丰盛港县,,
2.56955,103.60662,马来西亚,彭亨州,云冰县,,
2.6755,103.62008,马来西亚,彭亨州,云冰县,丹绒哥莫,
2.66481,103.61805,马来西亚,彭亨州,云冰县,丹绒哥莫,Taman Wawasan 1
2.65016,103.58196,马来西亚,彭亨州,云冰县,,
2.64055,103.64108,马来西亚,柔佛州,丰盛港县,,Taman Dato' Ajib
2.66149,103.42718,马来西亚,彭亨州,云冰县,,
2.6457,103.43161,马来西亚,彭亨州,云冰县,,
2.66131,103.43544,马来西亚,彭亨州,云冰县,,
2.61465,103.45792,马来西亚,彭亨州,云冰县,,
2.67276,103.6049,马来西亚,彭亨州,云冰县,丹绒哥莫,
2.61276,103.63231,马来西亚,柔佛州,丰盛港县,,
2.7051,103.44098,马来西亚,彭亨州,云冰县,,
2.44599,103.9749,马来西亚,柔佛州,丰盛港县,,
2.45495,103.97449,马来西亚,柔佛州,丰盛港县,,
2.48977,103.95058,马来西亚,柔佛州,丰盛港县,,
2.47472,103.96302,马来西亚,柔佛州,丰盛港县,,
2.51853,103.97618,马来西亚,柔佛州,丰盛港县,,
2.2092,102.244,马来西亚,马六甲州,马六甲中央县,,
2.4395,102.3003,马来西亚,马六甲州,亚罗牙也县,,
2.4123,102.3016,马来西亚,马六甲州,亚罗牙也县,,
2.4197,102.1937,马来西亚,马六甲州,亚罗牙也县,,
2.4201,102.0774,马来西亚,马六甲州,亚罗牙也县,,
2.4104,102.199,马来西亚,马六甲州,亚罗牙也县,,
2.4066,102.2494,马来西亚,马六甲州,亚罗牙也县,,
2.3841,102.2772,马来西亚,马六甲州,亚罗牙也县,,
2.3932,102.2138,马来西亚,马六甲州,亚罗牙也县,,
2.403,102.2123,马来西亚,马六甲州,亚罗牙也县,,
2.4011,102.2009,马来西亚,马六甲州,亚罗牙也县,,
2.3785,102.198,马来西亚,马六甲州,亚罗牙也县,,
2.3889,102.2064,马来西亚,马六甲州,亚罗牙也县,,Taman Kelemak Utama
2.3881,102.2121,马来西亚,马六甲州,亚罗牙也县,,
2.3825,102.2189,马来西亚,马六甲州,亚罗牙也县,,Pengkalan
2.3834,102.2143,马来西亚,马六甲州,亚罗牙也县,,Taman Seri Bayu 3
2.3776,102.2159,马来西亚,马六甲州,亚罗牙也县,,Pengkalan
2.4007,102.2536,马来西亚,马六甲州,亚罗牙也县,,
2.3747,102.2302,马来西亚,马六甲州,亚罗牙也县,,
2.3725,102.2247,马来西亚,马六甲州,亚罗牙也县,,Taman Sri Pengkalan
2.3712,102.2156,马来西亚,马六甲州,亚罗牙也县,,Taman Sutera
2.3651,102.2057,马来西亚,马六甲州,亚罗牙也县,,Taman Seri Kelemak
2.3646,102.0967,马来西亚,马六甲州,亚罗牙也县,,
2.3608,102.0765,马来西亚,马六甲州,亚罗牙也县,,
2.3662,102.0635,马来西亚,马六甲州,亚罗牙也县,,
2.3441,102.0692,马来西亚,马六甲州,亚罗牙也县,,明光花园
2.3506,102.1052,马来西亚,马六甲州,亚罗牙也县,,
2.3452,102.1109,马来西亚,马六甲州,亚罗牙也县,,
2.3493,102.114,马来西亚,马六甲州,亚罗牙也县,,
2.3552,102.1385,马来西亚,马六甲州,亚罗牙也县,,
2.347,102.1287,马来西亚,马六甲州,亚罗牙也县,,
2.3559,102.201,马来西亚,马六甲州,亚罗牙也县,,
2.3465,102.2043,马来西亚,马六甲州,亚罗牙也县,,
2.3491,102.246,马来西亚,马六甲州,亚罗牙也县,,
2.3299,102.2815,马来西亚,马六甲州,亚罗牙也县,,
2.3364,102.2553,马来西亚,马六甲州,亚罗牙也县,,
2.3379,102.1101,马来西亚,马六甲州,亚罗牙也县,,
2.3405,102.111,马来西亚,马六甲州,亚罗牙也县,,Taman Sungai Baru Ulu
2.2169,102.2099,马来西亚,马六甲州,马六甲中央县,,Taman Klebang Jaya
2.3147,102.2518,马来西亚,马六甲州,马六甲中央县,,
2.3205,102.2525,马来西亚,马六甲州,马六甲中央县,,
2.3271,102.2581,马来西亚,马六甲州,亚罗牙也县,,
2.3211,102.2821,马来西亚,马六甲州,亚罗牙也县,榴梿洞葛,Taman Merak
2.3085,102.3005,马来西亚,马六甲州,亚罗牙也县,榴梿洞葛,Taman Murai Jaya
2.3113,102.281,马来西亚,马六甲州,亚罗牙也县,榴梿洞葛,Pekan Durian Tunggal
2.3051,102.2563,马来西亚,马六甲州,马六甲中央县,,
2.309,102.2184,马来西亚,马六甲州,马六甲中央县,,Taman Paya Rumput Indah
2.3064,102.2144,马来西亚,马六甲州,马六甲中央县,,
2.2898,102.1332,马来西亚,马六甲州,马六甲中央县,,
2.2815,102.2099,马来西亚,马六甲州,马六甲中央县,,Taman Bertam Jaya
2.2618,102.2408,马来西亚,马六甲州,马六甲中央县,,
2.2535,102.1913,马来西亚,马六甲州,马六甲中央县,,
2.2534,102.1959,马来西亚,马六甲州,马六甲中央县,,
2.2654,102.1574,马来西亚,马六甲州,马六甲中央县,,
2.2613,102.1516,马来西亚,马六甲州,马六甲中央县,,
2.2568,102.1561,马来西亚,马六甲州,马六甲中央县,,
2.2766,102.1327,马来西亚,马六甲州,马六甲中央县,,
2.2446,102.1563,马来西亚,马六甲州,马六甲中央县,,
2.2413,102.1433,马来西亚,马六甲州,马六甲中央县,,
2.2535,102.2224,马来西亚,马六甲州,马六甲中央县,,Taman Cheng Permai
2.2382,102.2583,马来西亚,马六甲州,马六甲中央县,,Taman Melaka Baru
2.246,102.3007,马来西亚,马六甲州,马六甲中央县,,
2.2277,102.3105,马来西亚,马六甲州,马六甲中央县,,
2.2243,102.2691,马来西亚,马六甲州,马六甲中央县,,
2.2259,102.2666,马来西亚,马六甲州,马六甲中央县,,Taman Desa Baru
2.2258,102.2612,马来西亚,马六甲州,马六甲中央县,,
2.2245,102.2405,马来西亚,马六甲州,马六甲中央县,,
2.2324,102.2258,马来西亚,马六甲州,马六甲中央县,玛琳再也,亚洲花园
2.2356,102.2209,马来西亚,马六甲州,马六甲中央县,玛琳再也,亚洲花园
2.2289,102.2025,马来西亚,马六甲州,马六甲中央县,,
2.2295,102.2266,马来西亚,马六甲州,马六甲中央县,,
2.2195,102.1555,马来西亚,马六甲州,马六甲中央县,,
2.2207,102.1738,马来西亚,马六甲州,马六甲中央县,,
2.2183,102.2279,马来西亚,马六甲州,马六甲中央县,,Taman Seri Pandan
2.2147,102.2329,马来西亚,马六甲州,马六甲中央县,,Taman Kesidang
2.2107,102.218,马来西亚,马六甲州,马六甲中央县,,Taman Seri Pandan 1
2.2203,102.2367,马来西亚,马六甲州,马六甲中央县,,Taman Anika
2.2157,102.2379,马来西亚,马六甲州,马六甲中央县,,Taman Kesidang
2.213,102.232,马来西亚,马六甲州,马六甲中央县,,Taman Kenanga
2.2112,102.2253,马来西亚,马六甲州,马六甲中央县,,Taman Pandan Mawar
2.2161,102.2418,马来西亚,马六甲州,马六甲中央县,,Taman Kenanga Mewah
2.22001,102.26091,马来西亚,马六甲州,马六甲中央县,,
2.2103,102.2456,马来西亚,马六甲州,马六甲中央县,,
2.2164,102.2622,马来西亚,马六甲州,马六甲中央县,,
2.2111,102.2609,马来西亚,马六甲州,马六甲中央县,,
2.2107,102.2718,马来西亚,马六甲州,马六甲中央县,,
2.2148,102.2674,马来西亚,马六甲州,马六甲中央县,,新河花园
2.2243,102.2736,马来西亚,马六甲州,马六甲中央县,,Taman Delima Raya
2.2147,102.2726,马来西亚,马六甲州,马六甲中央县,,
2.2222,102.3002,马来西亚,马六甲州,马六甲中央县,,武吉加迪花园
2.2216,102.307,马来西亚,马六甲州,马六甲中央县,,
2.2109,102.3114,马来西亚,马六甲州,马六甲中央县,,Taman Penghulu Jabar
2.2084,102.3138,马来西亚,马六甲州,马六甲中央县,,
2.2103,102.3046,马来西亚,马六甲州,马六甲中央县,,
2.2014,102.2917,马来西亚,马六甲州,马六甲中央县,,
2.2076,102.2814,马来西亚,马六甲州,马六甲中央县,,
2.2068,102.2765,马来西亚,马六甲州,马六甲中央县,,
2.2083,102.2637,马来西亚,马六甲州,马六甲中央县,,
2.2084,102.2615,马来西亚,马六甲州,马六甲中央县,,
2.2043,102.2549,马来西亚,马六甲州,马六甲中央县,,Taman Wan Shaw / Taman Bendahara
2.2005,102.2446,马来西亚,马六甲州,马六甲中央县,,
2.2057,102.2404,马来西亚,马六甲州,马六甲中央县,,Taman Sri Siantan
2.2041,102.2289,马来西亚,马六甲州,马六甲中央县,,Taman Limbongan Jaya
2.1985,102.2411,马来西亚,马六甲州,马六甲中央县,,
2.1969,102.2467,马来西亚,马六甲州,马六甲中央县,,哥打拉沙马那花园
2.1907,102.2571,马来西亚,马六甲州,马六甲中央县,,
2.1964,102.2538,马来西亚,马六甲州,马六甲中央县,,Kampung Jawa
2.1858,102.2659,马来西亚,马六甲州,马六甲中央县,,Taman Kampung Atap
2.1843,102.2759,马来西亚,马六甲州,马六甲中央县,,Taman Padang Temu Indah
2.1951,102.2968,马来西亚,马六甲州,马六甲中央县,,
2.1893,102.3126,马来西亚,马六甲州,马六甲中央县,,
2.2082,102.3571,马来西亚,马六甲州,马六甲中央县,,
2.1727,102.3174,马来西亚,马六甲州,马六甲中央县,,
2.1777,102.3341,马来西亚,马六甲州,马六甲中央县,,
2.1762,102.3626,马来西亚,马六甲州,野新县,,
2.1932,102.3732,马来西亚,马六甲州,马六甲中央县,,
2.2051,102.3405,马来西亚,马六甲州,马六甲中央县,,
2.2092,102.3481,马来西亚,马六甲州,马六甲中央县,,
2.2044,102.3488,马来西亚,马六甲州,马六甲中央县,,Kampung Bukit Gadong
2.2699,102.3653,马来西亚,马六甲州,野新县,,
2.2613,102.4035,马来西亚,马六甲州,野新县,,
2.2586,102.3797,马来西亚,马六甲州,野新县,望万,
2.2155,102.4021,马来西亚,马六甲州,野新县,,
2.2018,102.3836,马来西亚,马六甲州,马六甲中央县,,
2.219,102.4539,马来西亚,马六甲州,野新县,,
2.2728,102.4418,马来西亚,马六甲州,野新县,,
2.2587,102.4264,马来西亚,马六甲州,野新县,,Ladang Jasin Lalang
2.1781,102.5531,马来西亚,柔佛州,东甲县,,Taman Seri Gemilang
2.1775,102.5612,马来西亚,柔佛州,东甲县,,
2.1705,102.5498,马来西亚,柔佛州,东甲县,,Taman Kangkar Indah
2.1788,102.517,马来西亚,柔佛州,东甲县,,Taman Sentosa
2.1855,102.5071,马来西亚,柔佛州,东甲县,,
2.2056,102.4924,马来西亚,柔佛州,东甲县,,
2.2105,102.5027,马来西亚,柔佛州,东甲县,,
2.198,102.3275,马来西亚,马六甲州,马六甲中央县,,
2.2118,102.4629,马来西亚,马六甲州,野新县,,
2.2696,102.5431,马来西亚,柔佛州,东甲县,,Taman Happy
2.2736,102.5385,马来西亚,柔佛州,东甲县,,
2.274,102.5294,马来西亚,柔佛州,东甲县,,Taman Intan Tangkak
2.2752,102.5338,马来西亚,柔佛州,东甲县,,Taman Maju Jaya
2.2886,102.4667,马来西亚,马六甲州,野新县,,
2.296,102.4641,马来西亚,马六甲州,野新县,,
2.2967,102.4975,马来西亚,马六甲州,野新县,,
2.3017,102.5159,马来西亚,柔佛州,东甲县,,
2.2927,102.4133,马来西亚,马六甲州,野新县,,
2.2901,102.4299,马来西亚,马六甲州,野新县,,
2.348,102.4289,马来西亚,马六甲州,野新县,,
2.354,102.4154,马来西亚,马六甲州,野新县,,
2.3406,102.5151,马来西亚,柔佛州,东甲县,,
2.3499,102.518,马来西亚,柔佛州,东甲县,,
2.3679,102.515,马来西亚,马六甲州,野新县,,Taman Kasturi
2.3844,102.5089,马来西亚,马六甲州,野新县,,Rumah Awam Pondok Batang
2.4292,102.4665,马来西亚,马六甲州,野新县,,
2.3791,102.4071,马来西亚,马六甲州,野新县,,
2.3785,102.3914,马来西亚,马六甲州,野新县,,
2.3784,102.3727,马来西亚,马六甲州,野新县,,
2.385,102.3525,马来西亚,马六甲州,野新县,,
2.4307,102.3479,马来西亚,马六甲州,野新县,,
2.3823,102.318,马来西亚,马六甲州,亚罗牙也县,,
2.3806,102.3317,马来西亚,马六甲州,亚罗牙也县,,
2.4281,102.3293,马来西亚,马六甲州,亚罗牙也县,,
2.4356,102.4172,马来西亚,马六甲州,野新县,,
2.3224,102.4596,马来西亚,马六甲州,野新县,,
2.3143,102.437,马来西亚,马六甲州,野新县,,
2.4353,102.6789,马来西亚,柔佛州,昔加末县,,
2.4201,102.66,马来西亚,柔佛州,昔加末县,,
2.4113,102.7275,马来西亚,柔佛州,东甲县,,
2.4125,102.7392,马来西亚,柔佛州,昔加末县,,
2.4343,102.8069,马来西亚,柔佛州,昔加末县,,
2.3936,102.7602,马来西亚,柔佛州,东甲县,,
2.3353,102.666,马来西亚,柔佛州,东甲县,,
2.3465,102.6765,马来西亚,柔佛州,东甲县,,
2.3617,102.7929,马来西亚,柔佛州,东甲县,,
2.3462,102.8512,马来西亚,柔佛州,麻坡县,,
2.3446,102.8433,马来西亚,柔佛州,麻坡县,,
2.3319,102.8195,马来西亚,柔佛州,麻坡县,,
2.3385,102.7918,马来西亚,柔佛州,东甲县,,
2.3402,102.8052,马来西亚,柔佛州,东甲县,,
2.3369,102.7231,马来西亚,柔佛州,东甲县,,
2.3123,102.734,马来西亚,柔佛州,东甲县,,
2.3119,102.7194,马来西亚,柔佛州,东甲县,,
2.3387,102.6959,马来西亚,柔佛州,东甲县,,
2.3128,102.6843,马来西亚,柔佛州,东甲县,,
2.2734,102.8463,马来西亚,柔佛州,麻坡县,,
2.2445,102.84045,马来西亚,柔佛州,麻坡县,Batu 28,
2.2596,102.771,马来西亚,柔佛州,东甲县,,
2.2551,102.7851,马来西亚,柔佛州,东甲县,,
2.2538,102.7679,马来西亚,柔佛州,东甲县,,
2.2389,102.7388,马来西亚,柔佛州,东甲县,,
2.2324,102.7859,马来西亚,柔佛州,麻坡县,,
2.2287,102.7719,马来西亚,柔佛州,东甲县,,
2.231,102.7423,马来西亚,柔佛州,东甲县,,
2.2257,102.7314,马来西亚,柔佛州,东甲县,,
2.2029,102.8098,马来西亚,柔佛州,麻坡县,,
2.2006,102.8106,马来西亚,柔佛州,麻坡县,,
2.2103,102.7833,马来西亚,柔佛州,麻坡县,,
2.251,102.8342,马来西亚,柔佛州,麻坡县,Batu 28,
2.197,102.7847,马来西亚,柔佛州,麻坡县,,
2.179,102.7607,马来西亚,柔佛州,麻坡县,,
2.19,102.7063,马来西亚,柔佛州,麻坡县,,
2.1774,102.705,马来西亚,柔佛州,麻坡县,,
5.3668,102.7591,马来西亚,登嘉樓州,士兆县,,
3.4846,102.8482,马来西亚,彭亨州,马兰县,,
3.4882,102.7428,马来西亚,彭亨州,马兰县,,
2.7261,101.9965,马来西亚,森美兰州,芙蓉县,,Taman Ampangan
2.7481,101.973,马来西亚,森美兰州,芙蓉县,小甘密,Taman Warisan Puteri
2.8896,103.2231,马来西亚,彭亨州,云冰县,,
2.4224,102.2584,马来西亚,马六甲州,亚罗牙也县,,
2.2339,102.1783,马来西亚,马六甲州,马六甲中央县,,
2.3967,103.673,马来西亚,柔佛州,丰盛港县,,
2.175,103.0,马来西亚,柔佛州,峇株巴辖县,,
2.174,103.014,马来西亚,柔佛州,峇株巴辖县,,
2.28,103.114,马来西亚,柔佛州,昔加末县,,
2.3223,103.2123,马来西亚,柔佛州,昔加末县,,
2.3208,103.1865,马来西亚,柔佛州,昔加末县,,
2.3287,103.1655,马来西亚,柔佛州,昔加末县,,
2.329,103.089,马来西亚,柔佛州,昔加末县,,
2.308,103.097,马来西亚,柔佛州,昔加末县,,
2.193,103.094,马来西亚,柔佛州,昔加末县,,
2.197,103.074,马来西亚,柔佛州,昔加末县,,
2.225,103.073,马来西亚,柔佛州,昔加末县,,
2.252,103.064,马来西亚,柔佛州,昔加末县,,
2.233,103.043,马来西亚,柔佛州,昔加末县,,Taman Chaah Jaya
2.237,103.045,马来西亚,柔佛州,昔加末县,,
2.248,103.045,马来西亚,柔佛州,昔加末县,,
2.246,103.04,马来西亚,柔佛州,昔加末县,,
2.252,103.042,马来西亚,柔佛州,昔加末县,,
2.258,103.04,马来西亚,柔佛州,昔加末县,,
2.307,103.045,马来西亚,柔佛州,昔加末县,,
2.339,103.039,马来西亚,柔佛州,昔加末县,,
2.343,103.038,马来西亚,柔佛州,昔加末县,,
2.402,103.029,马来西亚,柔佛州,昔加末县,,
2.392,103.02,马来西亚,柔佛州,昔加末县,,
2.357,103.027,马来西亚,柔佛州,昔加末县,,
2.368,102.862,马来西亚,柔佛州,麻坡县,,
2.374,102.861,马来西亚,柔佛州,麻坡县,,
2.28,103.027,马来西亚,柔佛州,昔加末县,,
2.418,102.908,马来西亚,柔佛州,昔加末县,,
2.296,102.967,马来西亚,柔佛州,麻坡县,,
2.255,103.014,马来西亚,柔佛州,昔加末县,,
2.187,103.037,马来西亚,柔佛州,昔加末县,,
2.21,103.035,马来西亚,柔佛州,昔加末县,,
2.1834,103.1979,马来西亚,柔佛州,居銮县,,
2.19,103.256,马来西亚,柔佛州,居銮县,,
2.1759,103.2205,马来西亚,柔佛州,居銮县,,
2.4414,103.8317,马来西亚,柔佛州,丰盛港县,,
2.313,104.0991,马来西亚,柔佛州,丰盛港县,,
2.4018,103.8607,马来西亚,柔佛州,丰盛港县,,
2.4058,103.8622,马来西亚,柔佛州,丰盛港县,,Kampung Teluk Iskandar
2.4166,103.8563,马来西亚,柔佛州,丰盛港县,,Kampung Teluk Iskandar
2.42,103.8553,马来西亚,柔佛州,丰盛港县,,
2.3453,103.8413,马来西亚,柔佛州,丰盛港县,,
2.3812,103.7152,马来西亚,柔佛州,丰盛港县,,
2.1656,102.3173,马来西亚,马六甲州,马六甲中央县,,
2.1573,102.3201,马来西亚,马六甲州,马六甲中央县,,
2.1629,102.4333,马来西亚,马六甲州,野新县,,
2.1561,102.4782,马来西亚,马六甲州,野新县,,
2.1301,102.4988,马来西亚,马六甲州,野新县,,
2.1459,102.4107,马来西亚,马六甲州,野新县,,
2.1459,102.3923,马来西亚,马六甲州,野新县,,
2.1461,102.3589,马来西亚,马六甲州,野新县,,
2.1375,102.3998,马来西亚,马六甲州,野新县,,
2.1392,102.4053,马来西亚,马六甲州,野新县,,
2.1256,102.4546,马来西亚,马六甲州,野新县,,
2.1263,102.519,马来西亚,马六甲州,野新县,,
2.1543,102.5686,马来西亚,柔佛州,东甲县,,
2.139,102.5704,马来西亚,柔佛州,东甲县,,
2.1361,102.5582,马来西亚,柔佛州,东甲县,,Taman Setia
2.1215,102.5554,马来西亚,柔佛州,东甲县,,Taman Sayang
2.0739,102.5498,马来西亚,柔佛州,东甲县,,Taman Tun Syed Nasir
2.1054,102.5275,马来西亚,柔佛州,东甲县,,
2.0708,102.5514,马来西亚,柔佛州,东甲县,,
2.067,102.5473,马来西亚,柔佛州,东甲县,,
2.0684,102.5421,马来西亚,柔佛州,东甲县,,
2.0787,102.569,马来西亚,柔佛州,麻坡县,,Taman Muar
2.0714,102.5726,马来西亚,柔佛州,麻坡县,,Taman Beteng
2.0776,102.5819,马来西亚,柔佛州,麻坡县,,
2.0745,102.5814,马来西亚,柔佛州,麻坡县,,
2.0651,102.58,马来西亚,柔佛州,麻坡县,,
2.0551,102.5796,马来西亚,柔佛州,麻坡县,,
2.0554,102.5812,马来西亚,柔佛州,麻坡县,,
2.047,102.5783,马来西亚,柔佛州,麻坡县,,
2.0447,102.5825,马来西亚,柔佛州,麻坡县,,
2.0445,102.5813,马来西亚,柔佛州,麻坡县,,
2.0384,102.5834,马来西亚,柔佛州,麻坡县,,
2.0414,102.5801,马来西亚,柔佛州,麻坡县,,
2.0394,102.5817,马来西亚,柔佛州,麻坡县,,
2.0358,102.5752,马来西亚,柔佛州,麻坡县,,
2.0368,102.5696,马来西亚,柔佛州,麻坡县,,
2.0346,102.5804,马来西亚,柔佛州,麻坡县,,
2.0317,102.58,马来西亚,柔佛州,麻坡县,,
2.0332,102.5793,马来西亚,柔佛州,麻坡县,,
2.0327,102.5623,马来西亚,柔佛州,麻坡县,,Taman Joned Perdana
2.0381,102.5555,马来西亚,柔佛州,麻坡县,,
2.0316,102.5616,马来西亚,柔佛州,麻坡县,,Taman Joned Perdana
2.0269,102.5645,马来西亚,柔佛州,麻坡县,,Taman Joned Perdana
2.0282,102.5736,马来西亚,柔佛州,麻坡县,,
2.0279,102.5825,马来西亚,柔佛州,麻坡县,,
2.0248,102.5769,马来西亚,柔佛州,麻坡县,,
2.0201,102.5817,马来西亚,柔佛州,麻坡县,,
2.1674,102.3273,马来西亚,马六甲州,马六甲中央县,,
2.0495,102.5724,马来西亚,柔佛州,麻坡县,,
2.05622,102.58318,马来西亚,柔佛州,麻坡县,,
2.1525,102.6204,马来西亚,柔佛州,东甲县,,
2.1361,102.6228,马来西亚,柔佛州,东甲县,,
2.1308,102.6367,马来西亚,柔佛州,东甲县,,
2.1421,102.6421,马来西亚,柔佛州,麻坡县,,
2.1531,102.6558,马来西亚,柔佛州,麻坡县,,
2.1564,102.7054,马来西亚,柔佛州,麻坡县,,
2.1343,102.7233,马来西亚,柔佛州,麻坡县,,
2.1253,102.7144,马来西亚,柔佛州,麻坡县,,
2.1146,102.6244,马来西亚,柔佛州,麻坡县,,
2.0986,102.6183,马来西亚,柔佛州,麻坡县,,
2.0912,102.619,马来西亚,柔佛州,麻坡县,,
2.0496,102.5943,马来西亚,柔佛州,麻坡县,,Taman Pertama Indah
2.091,102.6399,马来西亚,柔佛州,麻坡县,,
2.0905,102.6467,马来西亚,柔佛州,麻坡县,,
2.0825,102.6414,马来西亚,柔佛州,麻坡县,,
2.0868,102.6124,马来西亚,柔佛州,麻坡县,,
2.0851,102.5905,马来西亚,柔佛州,麻坡县,,
2.1087,102.5969,马来西亚,柔佛州,麻坡县,,
2.0682,102.5966,马来西亚,柔佛州,麻坡县,,美岭花园
2.069,102.6049,马来西亚,柔佛州,麻坡县,,
2.0675,102.6011,马来西亚,柔佛州,麻坡县,,
2.0619,102.6052,马来西亚,柔佛州,麻坡县,,
2.0605,102.6109,马来西亚,柔佛州,麻坡县,,
2.0589,102.6166,马来西亚,柔佛州,麻坡县,,
2.0595,102.6192,马来西亚,柔佛州,麻坡县,,
2.0718,102.637,马来西亚,柔佛州,麻坡县,,
2.0666,102.6394,马来西亚,柔佛州,麻坡县,,
2.0697,102.6508,马来西亚,柔佛州,麻坡县,,
2.0659,102.6653,马来西亚,柔佛州,麻坡县,,
2.0562,102.6661,马来西亚,柔佛州,麻坡县,,
2.0441,102.6604,马来西亚,柔佛州,麻坡县,,
2.0486,102.6672,马来西亚,柔佛州,麻坡县,,
2.0393,102.6341,马来西亚,柔佛州,麻坡县,,
2.0445,102.6495,马来西亚,柔佛州,麻坡县,,
2.0401,102.6453,马来西亚,柔佛州,麻坡县,,
2.051,102.6397,马来西亚,柔佛州,麻坡县,,
2.046,102.6357,马来西亚,柔佛州,麻坡县,,
2.0353,102.6072,马来西亚,柔佛州,麻坡县,,
2.0252,102.5928,马来西亚,柔佛州,麻坡县,,
2.0197,102.5925,马来西亚,柔佛州,麻坡县,,Taman Amansari
2.017,102.5953,马来西亚,柔佛州,麻坡县,巴力峇九,
2.0244,102.6175,马来西亚,柔佛州,麻坡县,,
2.0104,102.6336,马来西亚,柔佛州,麻坡县,,
2.0546,102.5921,马来西亚,柔佛州,麻坡县,,Taman Pertama Indah
1.9314,102.6688,马来西亚,柔佛州,麻坡县,,
1.9363,102.6643,马来西亚,柔佛州,麻坡县,,
1.9432,102.6676,马来西亚,柔佛州,麻坡县,,
1.9545,102.6482,马来西亚,柔佛州,麻坡县,,
1.9582,102.6883,马来西亚,柔佛州,麻坡县,,
2.0052,102.5912,马来西亚,柔佛州,麻坡县,,
2.1524,102.8188,马来西亚,柔佛州,麻坡县,,
2.1266,102.7647,马来西亚,柔佛州,麻坡县,,
2.1266,102.743,马来西亚,柔佛州,麻坡县,,
2.1092,102.7652,马来西亚,柔佛州,麻坡县,,
2.1174,102.7884,马来西亚,柔佛州,麻坡县,,
2.0705,102.8437,马来西亚,柔佛州,麻坡县,,
1.9113,102.7635,马来西亚,柔佛州,麻坡县,,
1.9077,102.7609,马来西亚,柔佛州,麻坡县,,
1.8971,102.7709,马来西亚,柔佛州,麻坡县,,
1.8992,102.7633,马来西亚,柔佛州,麻坡县,,
1.9194,102.7315,马来西亚,柔佛州,麻坡县,,
2.0599,102.5906,马来西亚,柔佛州,麻坡县,,
2.0613,102.5866,马来西亚,柔佛州,麻坡县,,
2.0604,102.5997,马来西亚,柔佛州,麻坡县,,
2.0586,102.594,马来西亚,柔佛州,麻坡县,,Taman Pertama Indah
2.0565,102.5939,马来西亚,柔佛州,麻坡县,,Taman Pertama Indah
2.0569,102.5922,马来西亚,柔佛州,麻坡县,,
2.046,102.5915,马来西亚,柔佛州,麻坡县,,
2.0463,102.588,马来西亚,柔佛州,麻坡县,,
1.9933,102.6056,马来西亚,柔佛州,麻坡县,巴力峇九,
2.0061,102.6421,马来西亚,柔佛州,麻坡县,,
2.0051,102.6365,马来西亚,柔佛州,麻坡县,巴力峇九,
1.9973,102.6409,马来西亚,柔佛州,麻坡县,,
1.9956,102.6546,马来西亚,柔佛州,麻坡县,,
1.9935,102.6432,马来西亚,柔佛州,麻坡县,,
1.9267,102.7699,马来西亚,柔佛州,麻坡县,,
1.9449,102.7689,马来西亚,柔佛州,麻坡县,,
1.957,102.7328,马来西亚,柔佛州,麻坡县,,
1.9855,102.8141,马来西亚,柔佛州,麻坡县,,
1.9911,102.7546,马来西亚,柔佛州,麻坡县,,
2.0121,102.8096,马来西亚,柔佛州,麻坡县,,
2.021,102.7414,马来西亚,柔佛州,麻坡县,,
2.0674,102.9811,马来西亚,柔佛州,峇株巴辖县,,
2.1479,103.0021,马来西亚,柔佛州,峇株巴辖县,,
2.1529,103.0347,马来西亚,柔佛州,峇株巴辖县,,
2.1636,103.085,马来西亚,柔佛州,峇株巴辖县,,
2.1298,102.9949,马来西亚,柔佛州,峇株巴辖县,,
2.1116,103.0236,马来西亚,柔佛州,峇株巴辖县,,
2.1154,103.056,马来西亚,柔佛州,峇株巴辖县,,
2.0954,102.9537,马来西亚,柔佛州,峇株巴辖县,,
2.0695,102.9476,马来西亚,柔佛州,峇株巴辖县,,
2.0612,103.1222,马来西亚,柔佛州,峇株巴辖县,,
1.9031,103.0706,马来西亚,柔佛州,峇株巴辖县,,
2.0502,102.9,马来西亚,柔佛州,峇株巴辖县,,
2.049,102.8751,马来西亚,柔佛州,峇株巴辖县,,
2.0357,102.9266,马来西亚,柔佛州,峇株巴辖县,,
2.0438,102.9894,马来西亚,柔佛州,峇株巴辖县,,
2.0386,102.9873,马来西亚,柔佛州,峇株巴辖县,,
2.0305,102.9942,马来西亚,柔佛州,峇株巴辖县,,
2.0263,102.9944,马来西亚,柔佛州,峇株巴辖县,,
2.0225,102.9943,马来西亚,柔佛州,峇株巴辖县,,
2.0223,103.0753,马来西亚,柔佛州,峇株巴辖县,,Taman Kota Mas
2.0168,103.0704,马来西亚,柔佛州,峇株巴辖县,,Taman Sri Aman
2.0078,103.066,马来西亚,柔佛州,峇株巴辖县,,万地苑
2.0091,103.0726,马来西亚,柔佛州,峇株巴辖县,,
2.0201,103.0605,马来西亚,柔佛州,峇株巴辖县,,東方花園
2.0078,103.0531,马来西亚,柔佛州,峇株巴辖县,,Taman Indah
2.0302,103.0544,马来西亚,柔佛州,峇株巴辖县,,
2.0068,103.0016,马来西亚,柔佛州,峇株巴辖县,,
2.0028,102.9953,马来西亚,柔佛州,峇株巴辖县,,
1.9966,102.9963,马来西亚,柔佛州,峇株巴辖县,,
2.002,102.8654,马来西亚,柔佛州,峇株巴辖县,,
1.976,102.8801,马来西亚,柔佛州,峇株巴辖县,,
1.9863,102.9147,马来西亚,柔佛州,峇株巴辖县,,
1.9908,103.002,马来西亚,柔佛州,峇株巴辖县,,
1.9879,102.994,马来西亚,柔佛州,峇株巴辖县,,
1.9771,103.0623,马来西亚,柔佛州,峇株巴辖县,,
1.98,103.0645,马来西亚,柔佛州,峇株巴辖县,,
1.9804,103.0596,马来西亚,柔佛州,峇株巴辖县,,
1.9737,103.0566,马来西亚,柔佛州,峇株巴辖县,,
1.9743,103.0401,马来西亚,柔佛州,峇株巴辖县,,
1.96,102.969,马来西亚,柔佛州,峇株巴辖县,,
1.9556,102.977,马来西亚,柔佛州,峇株巴辖县,,
1.9502,103.0294,马来西亚,柔佛州,峇株巴辖县,,
1.9693,103.0439,马来西亚,柔佛州,峇株巴辖县,,
1.9642,103.0574,马来西亚,柔佛州,峇株巴辖县,,
1.9548,103.0625,马来西亚,柔佛州,峇株巴辖县,,
1.9293,103.0973,马来西亚,柔佛州,峇株巴辖县,,
1.93,103.0904,马来西亚,柔佛州,峇株巴辖县,,
1.933,103.0818,马来西亚,柔佛州,峇株巴辖县,,
1.9379,103.0469,马来西亚,柔佛州,峇株巴辖县,,
1.9386,103.0357,马来西亚,柔佛州,峇株巴辖县,,
1.945,103.038,马来西亚,柔佛州,峇株巴辖县,,
1.9375,103.0181,马来西亚,柔佛州,峇株巴辖县,,
1.9416,103.0198,马来西亚,柔佛州,峇株巴辖县,,
1.9444,103.0216,马来西亚,柔佛州,峇株巴辖县,,
1.9489,103.0165,马来西亚,柔佛州,峇株巴辖县,,Taman Indah
1.9045,103.0378,马来西亚,柔佛州,峇株巴辖县,,
1.9263,102.9559,马来西亚,柔佛州,峇株巴辖县,,
1.9291,103.0577,马来西亚,柔佛州,峇株巴辖县,,
1.9248,103.0627,马来西亚,柔佛州,峇株巴辖县,,
1.9206,103.0712,马来西亚,柔佛州,峇株巴辖县,,
1.9213,103.0865,马来西亚,柔佛州,峇株巴辖县,,
1.9308,103.1093,马来西亚,柔佛州,峇株巴辖县,,
1.9064,103.124,马来西亚,柔佛州,峇株巴辖县,,
1.9119,103.1211,马来西亚,柔佛州,峇株巴辖县,,
1.9165,102.8752,马来西亚,柔佛州,峇株巴辖县,,
1.9072,102.9518,马来西亚,柔佛州,峇株巴辖县,中江,Taman Bistari
1.9023,103.0119,马来西亚,柔佛州,峇株巴辖县,,
1.9123,103.0308,马来西亚,柔佛州,峇株巴辖县,,
1.9172,103.0783,马来西亚,柔佛州,峇株巴辖县,,
1.9011,103.1042,马来西亚,柔佛州,峇株巴辖县,,
1.89337,102.87593,马来西亚,柔佛州,峇株巴辖县,,
1.6303,104.0863,马来西亚,柔佛州,哥打丁宜县,,
1.864,103.117,马来西亚,柔佛州,峇株巴辖县,,Taman Bunga Cempaka Biru
1.8603,103.1023,马来西亚,柔佛州,峇株巴辖县,,Taman Maju
1.8675,102.9767,马来西亚,柔佛州,峇株巴辖县,,Taman Megah
1.8611,102.9459,马来西亚,柔佛州,峇株巴辖县,,Taman Flora
1.8615,102.9241,马来西亚,柔佛州,峇株巴辖县,,
1.8511,102.9179,马来西亚,柔佛州,峇株巴辖县,,
1.8473,102.929,马来西亚,柔佛州,峇株巴辖县,,
1.8541,102.9361,马来西亚,柔佛州,峇株巴辖县,,Kampung Merdeka
1.8513,102.9386,马来西亚,柔佛州,峇株巴辖县,,Kampung Merdeka
1.8487,102.9477,马来西亚,柔佛州,峇株巴辖县,,
1.8427,102.9478,马来西亚,柔佛州,峇株巴辖县,,Taman Kemajuan
1.8616,102.9562,马来西亚,柔佛州,峇株巴辖县,,Taman Pasifik Selatan
1.8601,102.9568,马来西亚,柔佛州,峇株巴辖县,,
1.8603,102.9646,马来西亚,柔佛州,峇株巴辖县,,Perumahan Kastam Batu Pahat
1.8597,103.0272,马来西亚,柔佛州,峇株巴辖县,,
1.8359,102.8671,马来西亚,柔佛州,峇株巴辖县,,
1.8294,102.955,马来西亚,柔佛州,峇株巴辖县,,Taman Bandar
1.8417,102.9381,马来西亚,柔佛州,峇株巴辖县,,
1.8444,102.9406,马来西亚,柔佛州,峇株巴辖县,,Taman Tanjong
1.8353,102.9386,马来西亚,柔佛州,峇株巴辖县,,
1.8333,102.9256,马来西亚,柔佛州,峇株巴辖县,,Taman Joseph / Taman Ampuan
1.798,103.0103,马来西亚,柔佛州,峇株巴辖县,,
1.7779,102.9671,马来西亚,柔佛州,峇株巴辖县,,
1.772,103.9808,马来西亚,柔佛州,哥打丁宜县,,
1.71,103.958,马来西亚,柔佛州,哥打丁宜县,,
1.7061,103.9756,马来西亚,柔佛州,哥打丁宜县,,
1.6451,103.9411,马来西亚,柔佛州,新山县,,
1.8599,103.9984,马来西亚,柔佛州,哥打丁宜县,,
1.7031,103.9876,马来西亚,柔佛州,哥打丁宜县,,Ayer Tawar 3
1.6445,103.9857,马来西亚,柔佛州,哥打丁宜县,,
1.8839,104.0417,马来西亚,柔佛州,哥打丁宜县,,
1.8717,104.0306,马来西亚,柔佛州,哥打丁宜县,,
1.8764,104.0389,马来西亚,柔佛州,哥打丁宜县,,
1.8599,104.0247,马来西亚,柔佛州,哥打丁宜县,,
1.6773,104.0239,马来西亚,柔佛州,哥打丁宜县,,
1.6796,104.0505,马来西亚,柔佛州,哥打丁宜县,,
1.8715,104.1014,马来西亚,柔佛州,哥打丁宜县,,
1.8286,104.0706,马来西亚,柔佛州,哥打丁宜县,,
1.6979,104.1145,马来西亚,柔佛州,哥打丁宜县,,Lok Heng
1.6105,103.2677,马来西亚,柔佛州,笨珍县,,
1.6271,103.3094,马来西亚,柔佛州,笨珍县,,
1.6203,103.3165,马来西亚,柔佛州,笨珍县,,
1.6197,103.3099,马来西亚,柔佛州,笨珍县,,
1.5909,103.3136,马来西亚,柔佛州,笨珍县,,
1.5769,103.3259,马来西亚,柔佛州,笨珍县,,
1.5965,103.3162,马来西亚,柔佛州,笨珍县,,
1.6061,103.3201,马来西亚,柔佛州,笨珍县,亚逸峇礼,
1.6108,103.3299,马来西亚,柔佛州,笨珍县,,
1.6141,103.3351,马来西亚,柔佛州,笨珍县,,
1.6183,103.3285,马来西亚,柔佛州,笨珍县,,
1.5984,103.3578,马来西亚,柔佛州,笨珍县,,
1.5989,103.3352,马来西亚,柔佛州,笨珍县,亚逸峇礼,
1.5942,103.3533,马来西亚,柔佛州,笨珍县,亚逸峇礼,
1.5925,103.3472,马来西亚,柔佛州,笨珍县,,
1.6145,103.3775,马来西亚,柔佛州,笨珍县,,
1.6208,103.384,马来西亚,柔佛州,笨珍县,,
1.5822,103.3869,马来西亚,柔佛州,笨珍县,,
1.4978,103.3851,马来西亚,柔佛州,笨珍县,大笨珍,Kampung Permata
1.4983,103.3913,马来西亚,柔佛州,笨珍县,大笨珍,
1.5225,103.377,马来西亚,柔佛州,笨珍县,,
1.2866,103.4956,马来西亚,柔佛州,笨珍县,,
1.2895,103.5056,马来西亚,柔佛州,笨珍县,,
1.2943,103.501,马来西亚,柔佛州,笨珍县,,
1.2931,103.4953,马来西亚,柔佛州,笨珍县,,
1.309,103.4791,马来西亚,柔佛州,笨珍县,,
1.3026,103.4869,马来西亚,柔佛州,笨珍县,,
1.3218,103.5048,马来西亚,柔佛州,笨珍县,,
1.3181,103.508,马来西亚,柔佛州,笨珍县,,
1.3246,103.5208,马来西亚,柔佛州,笨珍县,,
1.3354,103.5246,马来西亚,柔佛州,笨珍县,,
1.3463,103.5188,马来西亚,柔佛州,笨珍县,,
1.3437,103.521,马来西亚,柔佛州,笨珍县,,
1.3414,103.4601,马来西亚,柔佛州,笨珍县,,Taman Laksamana
1.3875,103.5999,马来西亚,柔佛州,新山县,,
1.3603,103.4877,马来西亚,柔佛州,笨珍县,,
1.3652,103.4368,马来西亚,柔佛州,笨珍县,,
1.6268,103.626,马来西亚,柔佛州,古来县,沙令,Taman Sutera
1.6026,103.4797,马来西亚,柔佛州,笨珍县,,
1.605,103.4757,马来西亚,柔佛州,笨珍县,,
1.5925,103.433,马来西亚,柔佛州,笨珍县,,
1.588,103.4301,马来西亚,柔佛州,笨珍县,,
1.5876,103.4634,马来西亚,柔佛州,笨珍县,,
1.5883,103.4716,马来西亚,柔佛州,笨珍县,,
1.5938,103.5101,马来西亚,柔佛州,古来县,,
1.5896,103.6436,马来西亚,柔佛州,古来县,士乃,大吉花园
1.59,103.6508,马来西亚,柔佛州,古来县,士乃,Kampung Jaya Sepakat
1.5665,103.6197,马来西亚,柔佛州,古来县,,Taman Sri Pulai
1.5801,103.4442,马来西亚,柔佛州,笨珍县,,
1.5788,103.5006,马来西亚,柔佛州,笨珍县,,
1.5651,103.4995,马来西亚,柔佛州,笨珍县,,
1.5682,103.4886,马来西亚,柔佛州,笨珍县,,
1.5644,103.4812,马来西亚,柔佛州,笨珍县,,
1.576,103.4672,马来西亚,柔佛州,笨珍县,,
1.5648,103.426,马来西亚,柔佛州,笨珍县,,
1.5575,103.4019,马来西亚,柔佛州,笨珍县,,
1.5591,103.4337,马来西亚,柔佛州,笨珍县,,
1.5581,103.4853,马来西亚,柔佛州,笨珍县,,
1.5527,103.491,马来西亚,柔佛州,笨珍县,,
1.5395,103.654,马来西亚,柔佛州,新山县,,Taman Sri Puteri
1.54526,103.41052,马来西亚,柔佛州,笨珍县,,
1.5231,103.661,马来西亚,柔佛州,新山县,皇后花园,
1.5415,103.4895,马来西亚,柔佛州,笨珍县,,
1.5326,103.5021,马来西亚,柔佛州,笨珍县,,
1.5397,103.5017,马来西亚,柔佛州,笨珍县,,
1.5389,103.4959,马来西亚,柔佛州,笨珍县,,
1.5342,103.4956,马来西亚,柔佛州,笨珍县,,
1.5346,103.4917,马来西亚,柔佛州,笨珍县,,
1.5248,103.4731,马来西亚,柔佛州,笨珍县,,
1.5257,103.4426,马来西亚,柔佛州,笨珍县,,
1.5378,103.4139,马来西亚,柔佛州,笨珍县,,
1.5263,103.3967,马来西亚,柔佛州,笨珍县,,
1.5171,103.397,马来西亚,柔佛州,笨珍县,,
1.5122,103.4266,马来西亚,柔佛州,笨珍县,,
1.5124,103.4409,马来西亚,柔佛州,笨珍县,,
1.4968,103.4019,马来西亚,柔佛州,笨珍县,小笨珍,
1.4901,103.4041,马来西亚,柔佛州,笨珍县,,
1.4988,103.4185,马来西亚,柔佛州,笨珍县,,
1.5039,103.4453,马来西亚,柔佛州,笨珍县,,
1.5207,103.4848,马来西亚,柔佛州,笨珍县,,
1.5132,103.4997,马来西亚,柔佛州,笨珍县,,
1.5099,103.4927,马来西亚,柔佛州,笨珍县,,
1.5058,103.497,马来西亚,柔佛州,笨珍县,,
1.511,103.5033,马来西亚,柔佛州,笨珍县,,
1.505,103.6456,马来西亚,柔佛州,新山县,,新东方花园
1.4883,103.6383,马来西亚,柔佛州,新山县,安乐市,
1.4872,103.5453,马来西亚,柔佛州,笨珍县,,
1.4972,103.5289,马来西亚,柔佛州,笨珍县,,
1.4918,103.5302,马来西亚,柔佛州,笨珍县,,
1.4926,103.5184,马来西亚,柔佛州,笨珍县,,
1.4818,103.4365,马来西亚,柔佛州,笨珍县,,Taman Pontian Perdana
1.485,103.4138,马来西亚,柔佛州,笨珍县,,好运花园
1.5451,103.6559,马来西亚,柔佛州,新山县,,Taman Sri Puteri
1.5411,103.6264,马来西亚,柔佛州,新山县,大学城,
1.5061,103.4021,马来西亚,柔佛州,笨珍县,,
1.4919,103.4469,马来西亚,柔佛州,笨珍县,,
1.4771,103.5583,马来西亚,柔佛州,笨珍县,,
1.4791,103.5091,马来西亚,柔佛州,笨珍县,,
1.4753,103.4803,马来西亚,柔佛州,笨珍县,,
1.48289,103.4104,马来西亚,柔佛州,笨珍县,,Kampung Duku
1.47655,103.41111,马来西亚,柔佛州,笨珍县,,
1.4656,103.5249,马来西亚,柔佛州,笨珍县,,
1.465,103.5054,马来西亚,柔佛州,笨珍县,,
1.458,103.4918,马来西亚,柔佛州,笨珍县,,
1.4424,103.41,马来西亚,柔佛州,笨珍县,,Taman Rambah
1.4459,103.4368,马来西亚,柔佛州,笨珍县,,
1.4592,103.5698,马来西亚,柔佛州,新山县,,
1.4522,103.5837,马来西亚,柔佛州,新山县,,
1.4428,103.52,马来西亚,柔佛州,笨珍县,,
1.4343,103.4589,马来西亚,柔佛州,笨珍县,,
1.425,103.4201,马来西亚,柔佛州,笨珍县,,
1.4147,103.4177,马来西亚,柔佛州,笨珍县,,
1.418,103.4314,马来西亚,柔佛州,笨珍县,,
1.4221,103.4405,马来西亚,柔佛州,笨珍县,,
1.4125,103.4433,马来西亚,柔佛州,笨珍县,,
1.4188,103.4734,马来西亚,柔佛州,笨珍县,,
1.4417,103.5923,马来西亚,柔佛州,新山县,,
1.4279,103.6588,马来西亚,柔佛州,新山县,公主港,Nakhoda
1.4029,103.425,马来西亚,柔佛州,笨珍县,,
1.4071,103.4278,马来西亚,柔佛州,笨珍县,,
1.4125,103.5684,马来西亚,柔佛州,新山县,,
1.379,103.4619,马来西亚,柔佛州,笨珍县,,
1.3775,103.5885,马来西亚,柔佛州,新山县,,
1.4011,103.5896,马来西亚,柔佛州,新山县,,
1.3883,103.4391,马来西亚,柔佛州,笨珍县,,
1.3811,103.4474,马来西亚,柔佛州,笨珍县,,
1.3862,103.4859,马来西亚,柔佛州,笨珍县,,
1.3756,103.4813,马来西亚,柔佛州,笨珍县,,
2.3929,103.8513,马来西亚,柔佛州,丰盛港县,,Taman Sri Pantai
2.1616,102.3413,马来西亚,马六甲州,野新县,,
1.6017,103.6398,马来西亚,柔佛州,古来县,士乃,
5.32913,101.04947,马来西亚,霹雳州,上霹靂县,,
5.31748,101.14524,马来西亚,霹雳州,上霹靂县,,
5.49872,101.18868,马来西亚,霹雳州,上霹靂县,,
5.45612,101.22317,马来西亚,霹雳州,上霹靂县,,
5.45135,101.21069,马来西亚,霹雳州,上霹靂县,,
5.33007,101.99012,马来西亚,吉兰丹州,瓜拉吉赖县,,
1.53934,103.45054,马来西亚,柔佛州,笨珍县,,
2.8215,102.3217,马来西亚,森美兰州,仁保县,,
2.6526,102.3076,马来西亚,森美兰州,瓜拉庇劳县,,
4.2021,101.25117,马来西亚,霹雳州,马登巴冷县,,Kampung Ampang
6.6574,117.3273,马来西亚,沙巴州,比鲁兰,,
5.42229,119.21079,马来西亚,沙巴州,拿笃,,
5.4133,101.9631,马来西亚,吉兰丹州,瓜拉吉赖县,,
5.267,102.9669,马来西亚,登嘉樓州,瓜拉尼鲁斯县,,
3.3294,114.5956,马来西亚,砂拉越州,德朗乌山,,
5.1148,103.1148,马来西亚,登嘉樓州,马江县,,
5.0594,103.0783,马来西亚,登嘉樓州,,,
4.8269,100.9646,马来西亚,霹雳州,江沙县,宁罗,Desa Seri Iskandar
4.51773,101.42561,马来西亚,彭亨州,金马仑高原县,,直冷甲花园
1.6286,103.3061,马来西亚,柔佛州,笨珍县,,
4.169,101.5809,马来西亚,彭亨州,立卑县,,
3.9477,103.2385,马来西亚,彭亨州,关丹县,,
3.9508,103.194,马来西亚,彭亨州,关丹县,,
3.5047,103.3856,马来西亚,彭亨州,北根县,Kampung Mengkasar,
3.5019,103.3867,马来西亚,彭亨州,北根县,Kampung Mengkasar,
3.0607,102.3716,马来西亚,森美兰州,仁保县,,
3.1406,103.4124,马来西亚,彭亨州,北根县,,
3.1435,103.4116,马来西亚,彭亨州,北根县,,
2.6221,102.8263,马来西亚,柔佛州,昔加末县,,
1.4449,104.2935,马来西亚,柔佛州,哥打丁宜县,,
4.8037,115.9928,马来西亚,沙巴州,丹南,,
5.9315,117.9113,马来西亚,沙巴州,山打根县,,
5.9369,117.9284,马来西亚,沙巴州,山打根县,,
5.7957,117.9173,马来西亚,沙巴州,山打根县,,
5.7353,117.9366,马来西亚,沙巴州,山打根县,,
4.8878,102.3338,马来西亚,吉兰丹州,话望生县,,
4.2519,103.1264,马来西亚,登嘉樓州,甘马挽县,,
4.1715,103.1807,马来西亚,登嘉樓州,甘马挽县,,
3.7446,101.9845,马来西亚,彭亨州,劳勿县,双溪吉流新村,
2.7409,102.3454,马来西亚,森美兰州,瓜拉庇劳县,,
2.3266,102.1872,马来西亚,马六甲州,亚罗牙也县,,
2.3081,102.1881,马来西亚,马六甲州,马六甲中央县,,
2.2448,102.3368,马来西亚,马六甲州,野新县,,
2.2588,102.453,马来西亚,马六甲州,野新县,,
2.1279,102.4218,马来西亚,马六甲州,野新县,,
2.1355,102.431,马来西亚,马六甲州,野新县,,
2.0158,102.7971,马来西亚,柔佛州,麻坡县,,
2.078,102.9324,马来西亚,柔佛州,峇株巴辖县,,
2.0417,102.9413,马来西亚,柔佛州,峇株巴辖县,,
1.7623,103.1064,马来西亚,柔佛州,峇株巴辖县,,
1.7535,103.0043,马来西亚,柔佛州,峇株巴辖县,,
6.2649,116.2556,马来西亚,沙巴州,斗亚兰,,
5.3118,103.1099,马来西亚,登嘉樓州,瓜拉登嘉楼,Kampung Losong Haji Mat Shafie,Kampung Losong Bukit Tangki Air
5.212,103.0245,马来西亚,登嘉樓州,,,
5.3073,103.0837,马来西亚,登嘉樓州,瓜拉登嘉楼县,Kampung Manir,
4.8688,101.0968,马来西亚,霹雳州,江沙县,,
4.7525,103.4148,马来西亚,登嘉樓州,龙运县,Kampung Teluk Lipat,
5.3436,115.7004,马来西亚,沙巴州,保佛,,
5.2911,103.1629,马来西亚,登嘉樓州,瓜拉登嘉楼县,,Taman Seri Bayu
4.6019,101.0585,马来西亚,霹雳州,近打县,斯里宾,第一花园
4.4058,103.2538,马来西亚,登嘉樓州,甘马挽县,,
3.9748,102.1698,马来西亚,彭亨州,而连突县,,
3.8924,103.3633,马来西亚,彭亨州,关丹县,,Taman Batu Hitam
3.6634,103.3511,马来西亚,彭亨州,关丹县,,
3.5256,103.3914,马来西亚,彭亨州,北根县,柏拉姆,
3.5099,103.3943,马来西亚,彭亨州,北根县,Taman Sri Maulana,Perumahan Dato' Shahbandar
3.4369,103.4235,马来西亚,彭亨州,北根县,,
2.6746,101.7633,马来西亚,森美兰州,波德申县,,Ladang Tanah Merah Linesite A3 A4 Division
5.8915,117.9256,马来西亚,沙巴州,山打根县,16英里,
4.3023,103.2591,马来西亚,登嘉樓州,甘马挽县,,
4.0298,101.0642,马来西亚,霹雳州,下霹雳县,,
3.9062,102.4349,马来西亚,彭亨州,而连突县,,
3.3291,102.4212,马来西亚,彭亨州,百乐县,,
2.9443,101.8356,马来西亚,雪兰莪州,乌鲁冷岳县,,
2.7515,101.9441,马来西亚,森美兰州,芙蓉县,,
2.9658,102.1222,马来西亚,森美兰州,日叻务县,,
2.9104,103.394,马来西亚,彭亨州,云冰县,,
2.5284,102.0335,马来西亚,森美兰州,林茂县,,Taman Ixora
2.6727,102.2815,马来西亚,森美兰州,瓜拉庇劳县,,
2.4791,102.1888,马来西亚,马六甲州,亚罗牙也县,,
2.6217,102.2679,马来西亚,森美兰州,瓜拉庇劳县,,
2.5431,102.1476,马来西亚,森美兰州,林茂县,,
2.5014,102.1752,马来西亚,森美兰州,林茂县,,
2.4569,102.2758,马来西亚,马六甲州,亚罗牙也县,,
2.4045,102.1647,马来西亚,马六甲州,亚罗牙也县,,
2.21422,102.25503,马来西亚,马六甲州,马六甲中央县,,Taman Peringgit Jaya
2.2353,102.3488,马来西亚,马六甲州,野新县,,
2.3417,102.3704,马来西亚,马六甲州,野新县,,
2.1549,102.3507,马来西亚,马六甲州,野新县,,
2.1157,102.475,马来西亚,马六甲州,野新县,,
1.9765,102.6621,马来西亚,柔佛州,麻坡县,,
2.0274,102.7676,马来西亚,柔佛州,麻坡县,,
1.8548,103.0317,马来西亚,柔佛州,峇株巴辖县,,
1.6268,103.6197,马来西亚,柔佛州,古来县,,成业花园
1.5453,103.6605,马来西亚,柔佛州,新山县,,Taman Jaya
2.65619,114.56045,马来西亚,砂拉越州,布拉甲,,
2.54132,114.93555,马来西亚,砂拉越州,布拉甲,,
2.67332,114.47472,马来西亚,砂拉越州,布拉甲,,
2.6252,114.12621,马来西亚,砂拉越州,布拉甲,,
2.46251,114.25066,马来西亚,砂拉越州,布拉甲,,
2.86361,114.9058,马来西亚,砂拉越州,德朗乌山,,
2.8588,103.25,马来西亚,彭亨州,云冰县,,
1.342,112.10893,马来西亚,砂拉越州,鲁勃安都,,
1.17125,111.87036,马来西亚,砂拉越州,鲁勃安都,,
1.20619,111.9415,马来西亚,砂拉越州,鲁勃安都,,
1.22793,111.78445,马来西亚,砂拉越州,鲁勃安都,,
1.47158,111.43127,马来西亚,砂拉越州,木中,,
1.26879,111.38765,马来西亚,砂拉越州,斯里阿曼,,
1.28081,111.15102,马来西亚,砂拉越州,斯里阿曼,,
1.23649,111.15725,马来西亚,砂拉越州,斯里阿曼,,
1.13307,111.18384,马来西亚,砂拉越州,斯里阿曼,,
1.13843,111.04355,马来西亚,砂拉越州,斯里阿曼,,
1.20122,111.02156,马来西亚,砂拉越州,斯里阿曼,,
1.26479,111.02612,马来西亚,砂拉越州,实文然,,
2.35439,111.4108,马来西亚,砂拉越州,,丹绒玛尼,
2.35687,111.23084,马来西亚,砂拉越州,,丹绒玛尼,
2.332,111.67286,马来西亚,砂拉越州,诗巫,,
2.35895,111.51405,马来西亚,砂拉越州,,,
1.31328,110.40686,马来西亚,砂拉越州,古晋,,
1.48908,109.92259,马来西亚,砂拉越州,伦乐,,
1.78715,109.82449,马来西亚,砂拉越州,伦乐,,
1.5222,111.25893,马来西亚,砂拉越州,木中,,
1.57269,111.34257,马来西亚,砂拉越州,浮刹,,
1.71594,111.78775,马来西亚,砂拉越州,巴干,,
1.75326,111.81898,马来西亚,砂拉越州,芦楼,,
1.79544,112.25997,马来西亚,砂拉越州,加拿逸,,
1.82575,113.67477,马来西亚,砂拉越州,武吉玛邦,,
1.87302,113.51912,马来西亚,砂拉越州,武吉玛邦,,
1.98753,112.39063,马来西亚,砂拉越州,加拿逸,,
1.87947,112.30958,马来西亚,砂拉越州,加拿逸,,
2.50258,111.70082,马来西亚,砂拉越州,玛都,,
2.04183,112.12457,马来西亚,砂拉越州,加拿逸,,
2.13992,112.15423,马来西亚,砂拉越州,加拿逸,,
2.28645,112.20092,马来西亚,砂拉越州,实兰沟,,
2.33344,112.08199,马来西亚,砂拉越州,诗巫,,
2.34107,112.16803,马来西亚,砂拉越州,实兰沟,,
2.41478,112.20767,马来西亚,砂拉越州,实兰沟,,
2.43064,112.3219,马来西亚,砂拉越州,实兰沟,,
2.30466,112.5627,马来西亚,砂拉越州,实兰沟,,
2.04712,112.711,马来西亚,砂拉越州,加帛,,
2.00542,112.68927,马来西亚,砂拉越州,加帛,,
2.26531,113.09187,马来西亚,砂拉越州,加帛,,
2.16458,113.06896,马来西亚,砂拉越州,加帛,,
2.14138,113.08335,马来西亚,砂拉越州,加帛,,
2.02657,113.1691,马来西亚,砂拉越州,武吉玛邦,,
2.05799,113.3497,马来西亚,砂拉越州,武吉玛邦,,
2.34371,113.29126,马来西亚,砂拉越州,加帛,,
2.5196,113.60483,马来西亚,砂拉越州,布拉甲,,
2.6831,113.01614,马来西亚,砂拉越州,达岛,,
2.60133,113.16227,马来西亚,砂拉越州,达岛,,
2.70041,112.95328,马来西亚,砂拉越州,达岛,,
2.71133,112.69911,马来西亚,砂拉越州,实兰沟,,
2.61332,112.54265,马来西亚,砂拉越州,实兰沟,,
2.60917,112.05103,马来西亚,砂拉越州,拉叻,,
2.53314,112.22761,马来西亚,砂拉越州,实兰沟,,
2.64148,112.1854,马来西亚,砂拉越州,沐胶,,
2.63528,112.25536,马来西亚,砂拉越州,沐胶,,
2.63507,111.70487,马来西亚,砂拉越州,玛都,,
2.70213,111.28775,马来西亚,砂拉越州,,,
2.77837,111.78367,马来西亚,砂拉越州,玛都,,
2.7678,111.9292,马来西亚,砂拉越州,拉叻,,
2.88634,111.99642,马来西亚,砂拉越州,沐胶,,
2.75561,112.36599,马来西亚,砂拉越州,沐胶,,
2.86424,112.37898,马来西亚,砂拉越州,沐胶,,
2.90134,112.50559,马来西亚,砂拉越州,沐胶,,
2.83167,112.5292,马来西亚,砂拉越州,沐胶,,
2.7378,112.63429,马来西亚,砂拉越州,实兰沟,,
2.81042,112.6585,马来西亚,砂拉越州,实兰沟,,
2.97079,113.59335,马来西亚,砂拉越州,实包勿,,
2.83617,113.75187,马来西亚,砂拉越州,布拉甲,,
3.05996,112.71644,马来西亚,砂拉越州,达岛,,
3.02399,112.81684,马来西亚,砂拉越州,达岛,,
3.1632,113.32126,马来西亚,砂拉越州,实包勿,,
3.14519,113.33779,马来西亚,砂拉越州,实包勿,,
3.20807,113.12879,马来西亚,砂拉越州,民都鲁,,
3.13988,113.10016,马来西亚,砂拉越州,民都鲁,,
3.21293,113.774,马来西亚,砂拉越州,实包勿,,
3.24363,113.79703,马来西亚,砂拉越州,实包勿,,
3.27758,113.83924,马来西亚,砂拉越州,实包勿,,
3.82325,113.75368,马来西亚,砂拉越州,苏必士,,
3.90029,113.76313,马来西亚,砂拉越州,苏必士,,
4.44061,102.63519,马来西亚,彭亨州,而连突县,,
3.42383,101.4597,马来西亚,雪兰莪州,瓜拉雪兰莪县,,
4.37029,103.44178,马来西亚,登嘉樓州,甘马挽县,,
4.56314,102.58124,马来西亚,彭亨州,而连突县,,
2.74088,103.4532,马来西亚,彭亨州,云冰县,,
2.71401,103.55479,马来西亚,彭亨州,云冰县,,
3.20286,103.43548,马来西亚,彭亨州,北根县,,
3.48169,102.17781,马来西亚,彭亨州,淡马鲁县,,
3.48722,102.22583,马来西亚,彭亨州,淡马鲁县,,
3.41009,103.01024,马来西亚,彭亨州,北根县,,
3.55083,102.43909,马来西亚,彭亨州,淡马鲁县,,
3.69511,102.43255,马来西亚,彭亨州,淡马鲁县,,
3.5144,102.5725,马来西亚,彭亨州,马兰县,,
3.4839,102.592,马来西亚,彭亨州,马兰县,,
2.2836,102.78,马来西亚,柔佛州,东甲县,,
2.0375,102.6535,马来西亚,柔佛州,麻坡县,,
4.36361,113.99191,马来西亚,砂拉越州,美里,廉律,
5.3769,103.0386,马来西亚,登嘉樓州,瓜拉尼鲁斯县,,
4.7513,101.1519,马来西亚,霹雳州,近打县,,
4.1604,102.3749,马来西亚,彭亨州,而连突县,,
3.954,100.7413,马来西亚,霹雳州,峇眼拿督县,,
3.9366,100.7799,马来西亚,霹雳州,峇眼拿督县,,
3.8493,100.9101,马来西亚,雪兰莪州,沙白安南县,,
3.8084,100.8405,马来西亚,雪兰莪州,沙白安南县,,
5.4473,115.6446,马来西亚,沙巴州,保佛,,
5.4537,116.2357,马来西亚,沙巴州,根地咬,,
5.3741,116.1257,马来西亚,沙巴州,根地咬,,
5.3589,116.1527,马来西亚,沙巴州,根地咬,,
5.2897,116.1379,马来西亚,沙巴州,根地咬,,
5.2937,103.1593,马来西亚,登嘉樓州,瓜拉登嘉楼县,,
4.5767,101.1219,马来西亚,霹雳州,近打县,昆仑喇叭,怡保卫星市
1.6669,103.5792,马来西亚,柔佛州,古来县,,Taman Kota Kulai
1.6674,103.584,马来西亚,柔佛州,古来县,,Taman Kota Kulai
1.6654,103.59,马来西亚,柔佛州,古来县,,
2.1491,103.9124,马来西亚,柔佛州,丰盛港县,,
1.4893,103.9308,马来西亚,柔佛州,新山县,,
1.7839,103.3139,马来西亚,柔佛州,居銮县,,Kampung Paya
1.7862,103.3396,马来西亚,柔佛州,居銮县,,
4.5162,103.444,马来西亚,登嘉樓州,甘马挽县,Taman Kertih Dahlia 4,Kampung Tengah
4.1909,100.7576,马来西亚,霹雳州,曼绒县,,Felcra Lekir
4.0894,100.7913,马来西亚,霹雳州,曼绒县,,
4.1022,100.7899,马来西亚,霹雳州,曼绒县,,
4.3317,100.7151,马来西亚,霹雳州,曼绒县,,
4.1232,100.7678,马来西亚,霹雳州,曼绒县,,Kampung Batu 10 Lekir
4.1268,100.7585,马来西亚,霹雳州,曼绒县,,Taman Mohd Wazir
4.0482,101.9878,马来西亚,彭亨州,立卑县,,
3.9723,103.2866,马来西亚,登嘉樓州,甘马挽县,,
3.9044,103.1242,马来西亚,彭亨州,关丹县,,
3.7331,101.0656,马来西亚,雪兰莪州,沙白安南县,,
3.6281,102.8223,马来西亚,彭亨州,马兰县,,
3.778,103.2907,马来西亚,彭亨州,关丹县,,
3.747,103.147,马来西亚,彭亨州,关丹县,,
3.7393,103.3213,马来西亚,彭亨州,关丹县,,
3.6977,103.3366,马来西亚,彭亨州,关丹县,,
3.4989,102.293,马来西亚,彭亨州,淡马鲁县,,Taman Mentakab Indah
3.4334,102.0594,马来西亚,彭亨州,文冬县,,
3.5074,103.2472,马来西亚,彭亨州,北根县,,
3.0172,102.0378,马来西亚,森美兰州,日叻务县,,
3.1437,101.7783,马来西亚,雪兰莪州,乌鲁冷岳县,,
3.1402,101.7779,马来西亚,雪兰莪州,乌鲁冷岳县,,Taman Bukit Ampang
3.1306,101.7796,马来西亚,雪兰莪州,乌鲁冷岳县,,
3.1518,101.793,马来西亚,雪兰莪州,乌鲁冷岳县,,
3.1367,101.7841,马来西亚,雪兰莪州,乌鲁冷岳县,,
3.1272,101.7791,马来西亚,雪兰莪州,乌鲁冷岳县,,
2.992,102.0568,马来西亚,森美兰州,日叻务县,,
2.9837,102.0667,马来西亚,森美兰州,日叻务县,,Taman Titi
3.2011,102.3828,马来西亚,彭亨州,百乐县,,
3.191,102.4724,马来西亚,彭亨州,百乐县,,
2.9451,101.7735,马来西亚,雪兰莪州,乌鲁冷岳县,,
2.7555,101.7474,马来西亚,雪兰莪州,雪邦县,,
2.717,101.7441,马来西亚,雪兰莪州,雪邦县,,
2.5827,102.3663,马来西亚,森美兰州,淡边县,,
2.5761,102.372,马来西亚,森美兰州,淡边县,,
2.5631,102.3943,马来西亚,森美兰州,淡边县,,
2.6055,102.4052,马来西亚,森美兰州,淡边县,,
2.6902,102.5187,马来西亚,森美兰州,仁保县,,
2.5849,102.626,马来西亚,柔佛州,昔加末县,,
2.5796,102.6438,马来西亚,柔佛州,昔加末县,,
2.4939,102.8517,马来西亚,柔佛州,昔加末县,,焜明园
2.4585,102.8502,马来西亚,柔佛州,昔加末县,,
2.5471,102.7871,马来西亚,柔佛州,昔加末县,,
2.5318,102.8272,马来西亚,柔佛州,昔加末县,,
4.9001,115.9156,马来西亚,沙巴州,丹南,,
4.9725,115.5864,马来西亚,砂拉越州,老越,,
5.5093,115.5048,马来西亚,沙巴州,瓜拉班尤,,
5.8547,116.0596,马来西亚,沙巴州,必打丹,,
5.332,116.5006,马来西亚,沙巴州,根地咬,,
6.9064,116.7123,马来西亚,沙巴州,古达,,
6.9066,116.7448,马来西亚,沙巴州,古达,,
6.764,116.7451,马来西亚,沙巴州,古达,,
6.7926,116.6864,马来西亚,沙巴州,古达,,
4.361,100.5807,马来西亚,霹雳州,曼绒县,,
4.2646,100.6013,马来西亚,霹雳州,曼绒县,,
4.2087,100.6278,马来西亚,霹雳州,曼绒县,,Taman Lumut Mewah
3.9912,100.9659,马来西亚,霹雳州,下霹雳县,,
3.9922,100.9923,马来西亚,霹雳州,下霹雳县,峇达拉必,
4.0155,101.1277,马来西亚,霹雳州,下霹雳县,,
3.9306,102.3264,马来西亚,彭亨州,而连突县,,
3.9465,102.3624,马来西亚,彭亨州,而连突县,,
3.8271,102.4067,马来西亚,彭亨州,而连突县,,
3.9595,102.4256,马来西亚,彭亨州,而连突县,,
3.9349,102.5115,马来西亚,彭亨州,而连突县,,
3.9221,102.507,马来西亚,彭亨州,而连突县,,
3.5784,101.735,马来西亚,雪兰莪州,乌鲁雪兰莪县,,
3.7868,101.87,马来西亚,彭亨州,劳勿县,,
3.6409,102.861,马来西亚,彭亨州,马兰县,,
3.5135,101.6334,马来西亚,雪兰莪州,乌鲁雪兰莪县,,Kampung Melayu Rasa Tambahan
3.3684,101.5895,马来西亚,雪兰莪州,乌鲁雪兰莪县,,Taman Melati
3.363,101.6244,马来西亚,雪兰莪州,乌鲁雪兰莪县,,Desa Melor
3.27786,101.51418,马来西亚,雪兰莪州,鹅唛县,,
3.5081,102.3707,马来西亚,彭亨州,淡马鲁县,,
3.5239,102.4114,马来西亚,彭亨州,淡马鲁县,,
3.4824,102.5131,马来西亚,彭亨州,马兰县,,
3.507,102.5264,马来西亚,彭亨州,马兰县,,
3.4317,102.442,马来西亚,彭亨州,淡马鲁县,,
3.4119,102.3857,马来西亚,彭亨州,淡马鲁县,,
3.2604,102.5672,马来西亚,彭亨州,百乐县,,
3.5249,102.6961,马来西亚,彭亨州,马兰县,,
3.4391,102.5927,马来西亚,彭亨州,马兰县,,
3.4612,103.0482,马来西亚,彭亨州,北根县,,
2.977,101.7888,马来西亚,雪兰莪州,乌鲁冷岳县,加影新城,Taman Sri Reko
2.7235,102.2749,马来西亚,森美兰州,瓜拉庇劳县,,
2.7239,102.2873,马来西亚,森美兰州,瓜拉庇劳县,,
2.73,102.2747,马来西亚,森美兰州,瓜拉庇劳县,,Kampung Dioh Tengah
2.7923,102.2856,马来西亚,森美兰州,瓜拉庇劳县,,
2.7644,102.3005,马来西亚,森美兰州,瓜拉庇劳县,,
2.7499,102.2534,马来西亚,森美兰州,瓜拉庇劳县,,
2.9001,102.3139,马来西亚,森美兰州,仁保县,,
2.955,102.3804,马来西亚,森美兰州,仁保县,,
2.8612,102.3301,马来西亚,森美兰州,仁保县,,
2.8166,102.4286,马来西亚,森美兰州,仁保县,,Taman Margosa Maju
2.7138,102.6825,马来西亚,柔佛州,昔加末县,,
2.7311,102.5861,马来西亚,森美兰州,仁保县,,
2.7438,102.6514,马来西亚,森美兰州,仁保县,,
2.56637,101.82255,马来西亚,森美兰州,波德申县,芦骨,
2.5435,101.8949,马来西亚,森美兰州,波德申县,,
2.5184,101.8279,马来西亚,森美兰州,波德申县,,Taman PD Utama
2.4857,102.0181,马来西亚,森美兰州,波德申县,,甘榜彭加兰榴梿
2.6282,102.0634,马来西亚,森美兰州,林茂县,,Taman Desa Permai Pedas
2.4668,102.0542,马来西亚,森美兰州,林茂县,,
2.6926,102.2642,马来西亚,森美兰州,瓜拉庇劳县,,
2.6356,102.2897,马来西亚,森美兰州,瓜拉庇劳县,,
2.4832,102.2313,马来西亚,森美兰州,淡边县,,
2.4909,102.8623,马来西亚,柔佛州,昔加末县,,
2.4625,102.8809,马来西亚,柔佛州,昔加末县,,
2.71151,103.57352,马来西亚,彭亨州,云冰县,,
2.3395,102.1776,马来西亚,马六甲州,亚罗牙也县,,
2.3281,102.1312,马来西亚,马六甲州,亚罗牙也县,,Taman Masjid Tanah
2.3312,102.0832,马来西亚,马六甲州,亚罗牙也县,,Taman Bidara Permai
2.2496,102.17,马来西亚,马六甲州,马六甲中央县,,
2.2446,102.2352,马来西亚,马六甲州,马六甲中央县,玛琳再也,Taman Industri Malim Jaya
2.1846,102.5787,马来西亚,柔佛州,东甲县,,
2.1854,102.5712,马来西亚,柔佛州,东甲县,,
2.2256,102.5404,马来西亚,柔佛州,东甲县,,
2.2802,102.5449,马来西亚,柔佛州,东甲县,,Taman Indah / Permata
2.3812,102.3917,马来西亚,马六甲州,野新县,,
2.4228,102.6636,马来西亚,柔佛州,昔加末县,,
2.4255,102.676,马来西亚,柔佛州,昔加末县,,
2.2453,102.8513,马来西亚,柔佛州,麻坡县,,
2.17,103.014,马来西亚,柔佛州,峇株巴辖县,,
2.38,102.917,马来西亚,柔佛州,麻坡县,,
2.4164,103.85333,马来西亚,柔佛州,丰盛港县,,
2.1599,102.431,马来西亚,马六甲州,野新县,,
2.1458,102.4894,马来西亚,马六甲州,野新县,,
2.1469,102.4435,马来西亚,马六甲州,野新县,,
2.1458,102.4296,马来西亚,马六甲州,野新县,,Taman Merlimau Jaya
2.1491,102.4136,马来西亚,马六甲州,野新县,,
2.0749,102.5716,马来西亚,柔佛州,麻坡县,,Taman Muar
2.1663,102.6002,马来西亚,柔佛州,东甲县,,
2.151,102.5985,马来西亚,柔佛州,东甲县,,
2.0695,102.6223,马来西亚,柔佛州,麻坡县,,Taman Naib Johan Harmoni
2.014,102.6234,马来西亚,柔佛州,麻坡县,巴力峇九,Taman Parit Bakar Indah
2.0084,102.6133,马来西亚,柔佛州,麻坡县,巴力峇九,
1.9988,102.5965,马来西亚,柔佛州,麻坡县,巴力峇九,Taman Aman
2.1585,102.7591,马来西亚,柔佛州,麻坡县,,
1.9868,102.7911,马来西亚,柔佛州,麻坡县,,
1.9131,103.0888,马来西亚,柔佛州,峇株巴辖县,,
1.8518,103.9745,马来西亚,柔佛州,哥打丁宜县,,
1.7518,103.0283,马来西亚,柔佛州,峇株巴辖县,,Taman Senggarang Cahaya
1.6264,103.3432,马来西亚,柔佛州,笨珍县,,
1.6184,103.3554,马来西亚,柔佛州,笨珍县,亚逸峇礼,
1.602,103.3581,马来西亚,柔佛州,笨珍县,,
1.6127,103.6609,马来西亚,柔佛州,古来县,,
1.6132,103.6554,马来西亚,柔佛州,古来县,士乃,Taman Bintang Utama
1.5478,103.646,马来西亚,柔佛州,新山县,,Taman Desa Skudai
1.4972,103.6307,马来西亚,柔佛州,新山县,,Taman Skudai Baru 2
1.4442,103.4747,马来西亚,柔佛州,笨珍县,,
5.39896,101.98065,马来西亚,吉兰丹州,瓜拉吉赖县,,
1.88377,112.54105,马来西亚,砂拉越州,桑坡,,
2.40832,113.40696,马来西亚,砂拉越州,布拉甲,,
2.77736,112.58145,马来西亚,砂拉越州,实兰沟,,
4.53085,102.64771,马来西亚,彭亨州,而连突县,,
2.15315,102.43664,马来西亚,马六甲州,野新县,,Taman Merlimau Emas Seksyen 2
2.1836,103.3915,马来西亚,柔佛州,居銮县,,
3.05121,101.62199,马来西亚,雪兰莪州,八打灵县,蒲种再也,Rajawali
1.9421,114.77733,马来西亚,砂拉越州,武吉玛邦,,
2.95881,101.3895,马来西亚,雪兰莪州,巴生县,,
1.5431,103.649,马来西亚,柔佛州,新山县,,Taman Sri Skudai
3.43792,102.42404,马来西亚,彭亨州,淡马鲁县,,Taman Perindu
4.86247,100.79265,马来西亚,霹雳州,拉律峇登司南马县,,
4.47422,101.37767,马来西亚,彭亨州,金马仑高原县,,
4.48243,101.37939,马来西亚,彭亨州,金马仑高原县,,
5.02828,115.93988,马来西亚,沙巴州,丹南,,
5.01327,115.90696,马来西亚,沙巴州,丹南,,
4.988,115.92276,马来西亚,沙巴州,丹南,,
6.0472,116.7156,马来西亚,沙巴州,兰瑙,,
6.0371,116.7166,马来西亚,沙巴州,兰瑙,,
4.51354,101.42879,马来西亚,彭亨州,金马仑高原县,,
5.25618,116.37315,马来西亚,沙巴州,根地咬,,
5.25896,116.37453,马来西亚,沙巴州,根地咬,,
5.2596,116.37367,马来西亚,沙巴州,根地咬,,
5.26665,116.3798,马来西亚,沙巴州,根地咬,,
5.27199,116.37551,马来西亚,沙巴州,根地咬,,
5.27191,116.3753,马来西亚,沙巴州,根地咬,,
3.26032,101.64976,马来西亚,雪兰莪州,鹅唛县,,Puncak Templer
5.57362,102.21405,马来西亚,吉兰丹州,瓜拉吉赖县,,
5.51969,102.74605,马来西亚,登嘉樓州,士兆县,,
5.82901,102.55238,马来西亚,登嘉樓州,勿述县,,
2.49917,112.32194,马来西亚,砂拉越州,实兰沟,,
2.10986,102.32976,马来西亚,马六甲州,野新县,,
5.63256,116.46186,马来西亚,沙巴州,担布南,,
6.02141,116.5479,马来西亚,沙巴州,兰瑙,,
6.00314,116.52748,马来西亚,沙巴州,兰瑙,,
6.42288,99.6701,马来西亚,吉打州,浮罗交怡县,,
4.99437,100.66086,马来西亚,霹雳州,吉辇县,,
6.11056,102.23336,马来西亚,吉兰丹州,哥打峇鲁县,,
4.88398,101.9648,马来西亚,吉兰丹州,话望生县,,Kampong Baru Gua Musang
4.84699,101.96772,马来西亚,吉兰丹州,话望生县,,
2.21778,102.25061,马来西亚,马六甲州,马六甲中央县,,Taman Seri Cempaka
2.21512,102.25963,马来西亚,马六甲州,马六甲中央县,,
6.97741,116.77597,马来西亚,沙巴州,古达,,
6.98594,116.72943,马来西亚,沙巴州,古达,,
7.0061,116.74085,马来西亚,沙巴州,古达,,
7.01058,116.76839,马来西亚,沙巴州,古达,,
6.97084,116.81457,马来西亚,沙巴州,古达,,
7.28717,117.06383,马来西亚,沙巴州,古达,,
7.23848,116.86842,马来西亚,沙巴州,古达,,
7.19818,116.86799,马来西亚,沙巴州,古达,,
7.1121,117.08575,马来西亚,沙巴州,古达,,
7.23646,116.89536,马来西亚,沙巴州,古达,,
7.23249,116.89501,马来西亚,沙巴州,古达,,
7.23898,116.91894,马来西亚,沙巴州,古达,,
7.25986,117.07015,马来西亚,沙巴州,古达,,
7.25479,117.08137,马来西亚,沙巴州,古达,,
7.24417,117.06669,马来西亚,沙巴州,古达,,
7.22753,117.06094,马来西亚,沙巴州,古达,,
7.17605,117.06136,马来西亚,沙巴州,古达,,
7.16759,117.08238,马来西亚,沙巴州,古达,,
7.15208,117.07038,马来西亚,沙巴州,古达,,
7.1353,117.06516,马来西亚,沙巴州,古达,,
7.137,117.07136,马来西亚,沙巴州,古达,,
7.14388,117.06926,马来西亚,沙巴州,古达,,
7.10859,117.08359,马来西亚,沙巴州,古达,,
7.31294,117.11715,马来西亚,沙巴州,古达,,
6.94303,117.19398,马来西亚,沙巴州,必达士,,
6.91911,117.13265,马来西亚,沙巴州,必达士,,
6.91552,117.11031,马来西亚,沙巴州,必达士,,
6.91115,117.10212,马来西亚,沙巴州,必达士,,
6.90411,117.0951,马来西亚,沙巴州,必达士,,
6.8695,117.09782,马来西亚,沙巴州,必达士,,
6.8978,117.176,马来西亚,沙巴州,必达士,,
6.83745,117.13222,马来西亚,沙巴州,必达士,,
6.83209,117.16457,马来西亚,沙巴州,必达士,,
6.80719,117.16688,马来西亚,沙巴州,必达士,,
6.77723,117.16483,马来西亚,沙巴州,必达士,,
6.77356,117.17027,马来西亚,沙巴州,必达士,,
6.76824,117.17979,马来西亚,沙巴州,必达士,,
6.7795,117.18033,马来西亚,沙巴州,必达士,,
6.77782,117.20653,马来西亚,沙巴州,必达士,,
6.78746,117.2135,马来西亚,沙巴州,必达士,,
7.21773,117.31345,马来西亚,沙巴州,,,
7.22538,117.31421,马来西亚,沙巴州,古达,,
7.22517,117.31849,马来西亚,沙巴州,,,
7.2214,117.32358,马来西亚,沙巴州,,,
7.2333,117.31962,马来西亚,沙巴州,,,
7.20861,117.31137,马来西亚,沙巴州,,,
7.23024,117.30047,马来西亚,沙巴州,古达,,
7.14076,117.0978,马来西亚,沙巴州,,,
7.12079,117.09083,马来西亚,沙巴州,古达,,
7.23196,117.21951,马来西亚,沙巴州,古达,,
7.26124,117.27258,马来西亚,沙巴州,,,
7.19859,117.16906,马来西亚,沙巴州,古达,,
7.20921,117.18736,马来西亚,沙巴州,古达,,
7.21926,117.20599,马来西亚,沙巴州,古达,,
7.17009,117.14104,马来西亚,沙巴州,古达,,
7.17679,117.1493,马来西亚,沙巴州,古达,,
7.18129,117.15577,马来西亚,沙巴州,古达,,
7.19066,117.14861,马来西亚,沙巴州,古达,,
7.34899,117.27225,马来西亚,沙巴州,古达,,
7.34369,117.28329,马来西亚,沙巴州,古达,,
7.34973,117.26325,马来西亚,沙巴州,古达,,
7.35961,117.23908,马来西亚,沙巴州,古达,,
7.35926,117.22284,马来西亚,沙巴州,古达,,
7.35089,117.20353,马来西亚,沙巴州,古达,,
7.3416,117.1622,马来西亚,沙巴州,,,
7.33549,117.14445,马来西亚,沙巴州,古达,,
7.32787,117.13273,马来西亚,沙巴州,古达,,
7.30667,117.11024,马来西亚,沙巴州,古达,,
4.24902,115.59796,马来西亚,砂拉越州,老越,,
4.2703,115.51764,马来西亚,砂拉越州,老越,,
3.22664,115.19839,马来西亚,砂拉越州,德朗乌山,,
3.2073,115.18504,马来西亚,砂拉越州,德朗乌山,,
0.97526,110.80593,马来西亚,砂拉越州,西连,,
0.9394,110.68876,马来西亚,砂拉越州,西连,,
1.06812,110.90661,马来西亚,砂拉越州,实文然,,
1.07794,110.92033,马来西亚,砂拉越州,实文然,,
1.06907,110.88175,马来西亚,砂拉越州,实文然,,
1.06721,110.88644,马来西亚,砂拉越州,实文然,,
1.05424,110.87174,马来西亚,砂拉越州,实文然,,
1.07588,111.00389,马来西亚,砂拉越州,斯里阿曼,,
1.07054,111.01285,马来西亚,砂拉越州,斯里阿曼,,
1.08279,111.03771,马来西亚,砂拉越州,斯里阿曼,,
1.08297,111.03593,马来西亚,砂拉越州,斯里阿曼,,
1.08161,111.06086,马来西亚,砂拉越州,斯里阿曼,,
1.0776,111.11044,马来西亚,砂拉越州,斯里阿曼,,
1.08402,111.10262,马来西亚,砂拉越州,斯里阿曼,,
1.08288,111.11061,马来西亚,砂拉越州,斯里阿曼,,
1.4843,109.94976,马来西亚,砂拉越州,伦乐,,
1.46274,109.95478,马来西亚,砂拉越州,伦乐,,
1.47671,109.98076,马来西亚,砂拉越州,伦乐,,
1.27548,110.05624,马来西亚,砂拉越州,石隆门,,
1.18026,110.2188,马来西亚,砂拉越州,古晋,,
1.23574,110.2198,马来西亚,砂拉越州,古晋,,
1.0788,111.01192,马来西亚,砂拉越州,斯里阿曼,,
1.07322,111.01224,马来西亚,砂拉越州,斯里阿曼,,
1.07392,111.01755,马来西亚,砂拉越州,斯里阿曼,,
1.07454,111.02487,马来西亚,砂拉越州,斯里阿曼,,
1.07208,111.01685,马来西亚,砂拉越州,斯里阿曼,,
1.11297,110.40148,马来西亚,砂拉越州,打必禄,,
1.11542,110.41287,马来西亚,砂拉越州,打必禄,,
1.12051,110.41394,马来西亚,砂拉越州,打必禄,,
1.13689,111.22633,马来西亚,砂拉越州,斯里阿曼,,
1.13262,111.24404,马来西亚,砂拉越州,斯里阿曼,,
1.12096,111.24242,马来西亚,砂拉越州,斯里阿曼,,
1.07497,111.13322,马来西亚,砂拉越州,斯里阿曼,,
1.09863,111.23121,马来西亚,砂拉越州,斯里阿曼,,
1.12324,111.11017,马来西亚,砂拉越州,斯里阿曼,,
1.1163,111.08819,马来西亚,砂拉越州,斯里阿曼,,
1.1179,111.06261,马来西亚,砂拉越州,斯里阿曼,,
1.11257,111.05365,马来西亚,砂拉越州,斯里阿曼,,
1.66023,110.43755,马来西亚,砂拉越州,古晋,,Skim Penempatan Semula Bako
1.67562,110.44931,马来西亚,砂拉越州,古晋,,
1.67137,110.32518,马来西亚,砂拉越州,古晋,柏特拉再也,
1.69207,110.3267,马来西亚,砂拉越州,古晋,柏特拉再也,
1.09027,111.10922,马来西亚,砂拉越州,斯里阿曼,,
1.08056,111.06321,马来西亚,砂拉越州,斯里阿曼,,
1.08492,111.18505,马来西亚,砂拉越州,斯里阿曼,,
1.08869,111.19667,马来西亚,砂拉越州,斯里阿曼,Lachau,
1.04587,111.82925,马来西亚,砂拉越州,鲁勃安都,,
1.04506,111.83573,马来西亚,砂拉越州,鲁勃安都,,
1.0451,111.83957,马来西亚,砂拉越州,鲁勃安都,,
1.02483,111.83524,马来西亚,砂拉越州,鲁勃安都,,
1.0539,111.85268,马来西亚,砂拉越州,鲁勃安都,,
1.12705,111.69364,马来西亚,砂拉越州,鲁勃安都,,
1.13037,111.67826,马来西亚,砂拉越州,鲁勃安都,,
1.10444,111.74157,马来西亚,砂拉越州,鲁勃安都,,
1.1348,111.82168,马来西亚,砂拉越州,鲁勃安都,,
1.13235,111.8227,马来西亚,砂拉越州,鲁勃安都,,
1.12983,111.82019,马来西亚,砂拉越州,鲁勃安都,,
1.12424,111.82791,马来西亚,砂拉越州,鲁勃安都,,
1.10407,111.83579,马来西亚,砂拉越州,鲁勃安都,,
1.1054,111.81674,马来西亚,砂拉越州,鲁勃安都,,
1.10051,111.81318,马来西亚,砂拉越州,鲁勃安都,,
1.07677,111.75939,马来西亚,砂拉越州,鲁勃安都,,
1.1105,111.80846,马来西亚,砂拉越州,鲁勃安都,,
1.11808,111.80501,马来西亚,砂拉越州,鲁勃安都,,
1.11615,111.85154,马来西亚,砂拉越州,鲁勃安都,,
1.19326,111.84174,马来西亚,砂拉越州,鲁勃安都,,
1.23983,111.819,马来西亚,砂拉越州,鲁勃安都,,
1.14309,111.791,马来西亚,砂拉越州,鲁勃安都,,
1.16098,111.7227,马来西亚,砂拉越州,鲁勃安都,,
1.18204,111.74804,马来西亚,砂拉越州,鲁勃安都,,
1.22285,111.69466,马来西亚,砂拉越州,鲁勃安都,,
1.22987,111.78362,马来西亚,砂拉越州,鲁勃安都,,
1.23794,111.78679,马来西亚,砂拉越州,鲁勃安都,,
1.04186,111.80537,马来西亚,砂拉越州,鲁勃安都,,
3.22207,114.55968,马来西亚,砂拉越州,柏鲁鲁,,
3.02623,113.91146,马来西亚,砂拉越州,布拉甲,,
2.91871,113.91657,马来西亚,砂拉越州,布拉甲,,
6.05896,117.33743,马来西亚,沙巴州,比鲁兰,,
5.99819,102.37893,马来西亚,吉兰丹州,万捷县,,
4.03163,101.37164,马来西亚,霹雳州,马登巴冷县,,
2.38316,111.42004,马来西亚,砂拉越州,,,
2.38344,102.19792,马来西亚,马六甲州,亚罗牙也县,,
1.55424,110.58705,马来西亚,砂拉越州,,,
4.27578,103.22623,马来西亚,登嘉樓州,甘马挽县,,
3.3806,102.01247,马来西亚,彭亨州,文冬县,,
5.3405,103.03199,马来西亚,登嘉樓州,瓜拉尼鲁斯县,,
3.85556,103.09123,马来西亚,彭亨州,关丹县,,
1.67815,103.55799,马来西亚,柔佛州,古来县,,
2.70284,111.98925,马来西亚,砂拉越州,拉叻,,
5.04801,102.77823,马来西亚,登嘉樓州,,,
3.04023,102.11391,马来西亚,森美兰州,日叻务县,,
2.84695,102.46726,马来西亚,森美兰州,仁保县,,
3.85496,101.83485,马来西亚,彭亨州,劳勿县,,
2.11241,111.69864,马来西亚,砂拉越州,马拉端,,
5.22242,100.81814,马来西亚,霹雳州,拉律峇登司南马县,,
5.06709,103.21305,马来西亚,登嘉樓州,马江县,,
2.63749,111.7042,马来西亚,砂拉越州,玛都,,
2.24019,102.25232,马来西亚,马六甲州,马六甲中央县,,
3.33322,103.18392,马来西亚,彭亨州,北根县,,
4.2643,100.90971,马来西亚,霹雳州,中霹雳县,,
6.50503,100.24207,马来西亚,玻璃市州,,,
2.2729,102.63885,马来西亚,柔佛州,东甲县,,
1.32606,110.85025,马来西亚,砂拉越州,实文然,,
3.13269,101.68549,马来西亚,吉隆坡,吉隆坡,,
6.15986,100.50837,马来西亚,吉打州,波各先那县,,
4.34482,101.91593,马来西亚,彭亨州,立卑县,,
5.4339,101.29601,马来西亚,霹雳州,上霹靂县,,
2.55071,102.4599,马来西亚,森美兰州,淡边县,,
2.90522,101.6838,马来西亚,布城,布城,,
2.56144,102.10003,马来西亚,森美兰州,林茂县,,
5.7465,102.24805,马来西亚,吉兰丹州,马樟县,,
5.30907,115.21779,马来西亚,纳闽,纳闽市,,
3.6157,102.6661,马来西亚,彭亨州,马兰县,,
1.79098,111.66017,马来西亚,砂拉越州,巴干,,
5.8361,102.38834,马来西亚,吉兰丹州,巴西富地县,,
5.87963,116.05652,马来西亚,沙巴州,必打丹,,
5.36403,100.46034,马来西亚,槟城州,威中县,,
2.75181,101.91826,马来西亚,森美兰州,芙蓉县,,
1.82192,111.9387,马来西亚,砂拉越州,芦楼,,
5.01021,100.56226,马来西亚,霹雳州,吉辇县,,
2.29717,102.43437,马来西亚,马六甲州,野新县,,
5.12486,117.01317,马来西亚,沙巴州,东革,,
2.73025,102.21243,马来西亚,森美兰州,瓜拉庇劳县,,
4.67181,103.14205,马来西亚,登嘉樓州,龙运县,,
4.94548,101.96184,马来西亚,吉兰丹州,话望生县,,
3.93365,101.02522,马来西亚,霹雳州,下霹雳县,,
4.32595,100.70581,马来西亚,霹雳州,曼绒县,,
4.61866,116.46305,马来西亚,沙巴州,纳巴湾,,
2.53433,101.8922,马来西亚,森美兰州,波德申县,,
2.52861,102.38986,马来西亚,森美兰州,淡边县,,Taman Impian Jaya
3.19933,101.58027,马来西亚,雪兰莪州,八打灵县,,
3.19869,101.58478,马来西亚,雪兰莪州,八打灵县,白沙罗达迈,
3.197,101.60004,马来西亚,雪兰莪州,八打灵县,白沙罗达迈,
3.18751,101.59487,马来西亚,雪兰莪州,八打灵县,白沙罗达迈,
5.68501,100.36832,马来西亚,吉打州,瓜拉姆达县,,
5.69164,100.38763,马来西亚,吉打州,瓜拉姆达县,,
5.68009,100.39615,马来西亚,吉打州,瓜拉姆达县,,
6.43377,100.43802,马来西亚,吉打州,古邦巴素县,,Taman Resak
6.43117,100.43925,马来西亚,吉打州,古邦巴素县,,Taman Akasia
6.43299,100.44122,马来西亚,吉打州,古邦巴素县,,Taman Seraya
6.42954,100.4437,马来西亚,吉打州,古邦巴素县,,Taman Seraya
6.44632,100.47913,马来西亚,吉打州,古邦巴素县,,Perumahan Taman Universiti
1.97724,102.87984,马来西亚,柔佛州,峇株巴辖县,,Taman Sulong Jaya
1.97559,102.87894,马来西亚,柔佛州,峇株巴辖县,,
1.97673,102.87795,马来西亚,柔佛州,峇株巴辖县,,
1.97702,102.8718,马来西亚,柔佛州,峇株巴辖县,,
1.97308,102.86739,马来西亚,柔佛州,峇株巴辖县,,
1.9575,102.85792,马来西亚,柔佛州,峇株巴辖县,,
1.96857,102.88557,马来西亚,柔佛州,峇株巴辖县,,
1.94876,102.88112,马来西亚,柔佛州,峇株巴辖县,,
1.9715,102.88392,马来西亚,柔佛州,峇株巴辖县,,
1.94213,102.88609,马来西亚,柔佛州,峇株巴辖县,,
1.93923,102.88795,马来西亚,柔佛州,峇株巴辖县,,
1.93495,102.88841,马来西亚,柔佛州,峇株巴辖县,,
1.93131,102.89003,马来西亚,柔佛州,峇株巴辖县,,
1.92761,102.89152,马来西亚,柔佛州,峇株巴辖县,,
1.92264,102.92811,马来西亚,柔佛州,峇株巴辖县,,
1.91739,102.92281,马来西亚,柔佛州,峇株巴辖县,,
1.90151,102.90747,马来西亚,柔佛州,峇株巴辖县,,
1.90947,102.9013,马来西亚,柔佛州,峇株巴辖县,,
1.89987,102.94748,马来西亚,柔佛州,峇株巴辖县,,
1.90273,102.94826,马来西亚,柔佛州,峇株巴辖县,,
6.37055,100.70107,马来西亚,吉打州,巴东得腊县,,
1.78253,109.73264,马来西亚,砂拉越州,伦乐,,
1.77509,109.74163,马来西亚,砂拉越州,伦乐,,
1.7812,109.75114,马来西亚,砂拉越州,伦乐,,
1.74817,109.75145,马来西亚,砂拉越州,伦乐,,
1.73858,109.74004,马来西亚,砂拉越州,伦乐,,
1.56131,110.78857,马来西亚,砂拉越州,实文然,,Kampung Arus Melayu
1.55026,110.7725,马来西亚,砂拉越州,实文然,,
1.56139,110.76974,马来西亚,砂拉越州,实文然,,
1.53797,110.78837,马来西亚,砂拉越州,实文然,,
1.53826,110.77673,马来西亚,砂拉越州,实文然,,
1.48975,110.71482,马来西亚,砂拉越州,,,
1.4849,110.7048,马来西亚,砂拉越州,,,
1.48479,110.72669,马来西亚,砂拉越州,,,
1.46159,110.69393,马来西亚,砂拉越州,,,
2.66412,111.71471,马来西亚,砂拉越州,玛都,,
2.63595,111.70526,马来西亚,砂拉越州,玛都,,
2.63621,111.70647,马来西亚,砂拉越州,玛都,,
2.63593,111.70756,马来西亚,砂拉越州,玛都,,
2.63489,111.70805,马来西亚,砂拉越州,玛都,,
2.63403,111.70833,马来西亚,砂拉越州,玛都,,
2.5112,111.71543,马来西亚,砂拉越州,玛都,,
2.50196,111.64261,马来西亚,砂拉越州,玛都,,
2.4518,111.59046,马来西亚,砂拉越州,玛都,,
2.45226,111.59659,马来西亚,砂拉越州,玛都,,
2.44899,111.5763,马来西亚,砂拉越州,,,
2.44246,111.59997,马来西亚,砂拉越州,诗巫,,
2.43923,111.59796,马来西亚,砂拉越州,诗巫,,
2.43838,111.59761,马来西亚,砂拉越州,诗巫,,
2.43751,111.59646,马来西亚,砂拉越州,诗巫,,
2.43557,111.59471,马来西亚,砂拉越州,诗巫,,
2.4216,111.59708,马来西亚,砂拉越州,,,
2.41854,111.59689,马来西亚,砂拉越州,,,
2.41981,111.59689,马来西亚,砂拉越州,,,
2.42076,111.59689,马来西亚,砂拉越州,,,
2.44022,111.55934,马来西亚,砂拉越州,,,
2.4793,111.51733,马来西亚,砂拉越州,,,
4.95655,115.42171,马来西亚,砂拉越州,老越,,
4.95223,115.42421,马来西亚,砂拉越州,老越,,
4.95747,115.42724,马来西亚,砂拉越州,老越,,
4.9476,115.43691,马来西亚,砂拉越州,老越,,
4.95245,115.43628,马来西亚,砂拉越州,老越,,
6.2421,100.68148,马来西亚,吉打州,巴东得腊县,,
6.22944,100.68946,马来西亚,吉打州,巴东得腊县,,
6.23195,100.68834,马来西亚,吉打州,巴东得腊县,,
6.24116,100.69625,马来西亚,吉打州,巴东得腊县,,
6.22328,100.70286,马来西亚,吉打州,巴东得腊县,,
6.22719,100.69651,马来西亚,吉打州,巴东得腊县,,
6.22893,100.70564,马来西亚,吉打州,巴东得腊县,,
6.22067,100.72935,马来西亚,吉打州,巴东得腊县,,
6.2306,100.72736,马来西亚,吉打州,巴东得腊县,,
6.23375,100.72177,马来西亚,吉打州,巴东得腊县,,
6.24712,100.71132,马来西亚,吉打州,巴东得腊县,,
6.24437,100.71648,马来西亚,吉打州,巴东得腊县,,
6.23801,100.66718,马来西亚,吉打州,巴东得腊县,,
6.23584,100.67689,马来西亚,吉打州,巴东得腊县,,
6.23177,100.66833,马来西亚,吉打州,巴东得腊县,,
6.22068,100.66397,马来西亚,吉打州,巴东得腊县,,
6.21209,100.66469,马来西亚,吉打州,巴东得腊县,,
6.21843,100.66772,马来西亚,吉打州,巴东得腊县,,
6.20777,100.66747,马来西亚,吉打州,巴东得腊县,,
6.22905,100.6569,马来西亚,吉打州,巴东得腊县,,
6.23282,100.66235,马来西亚,吉打州,巴东得腊县,,
6.2472,100.65503,马来西亚,吉打州,巴东得腊县,,
6.23867,100.65485,马来西亚,吉打州,巴东得腊县,,
6.24556,100.66565,马来西亚,吉打州,巴东得腊县,,
6.25422,100.66181,马来西亚,吉打州,巴东得腊县,,
6.26377,100.69004,马来西亚,吉打州,巴东得腊县,,
6.26859,100.67738,马来西亚,吉打州,巴东得腊县,,
6.26204,100.67706,马来西亚,吉打州,巴东得腊县,,
6.26558,100.67281,马来西亚,吉打州,巴东得腊县,,
6.2306,100.66402,马来西亚,吉打州,巴东得腊县,,
6.22404,100.68741,马来西亚,吉打州,巴东得腊县,,
6.27017,100.66232,马来西亚,吉打州,巴东得腊县,,
6.27644,100.65621,马来西亚,吉打州,巴东得腊县,,
6.28264,100.65979,马来西亚,吉打州,巴东得腊县,,
6.28124,100.64874,马来西亚,吉打州,巴东得腊县,,
6.28477,100.64098,马来西亚,吉打州,巴东得腊县,,
6.29029,100.63715,马来西亚,吉打州,巴东得腊县,,
6.29646,100.6503,马来西亚,吉打州,巴东得腊县,,
6.29651,100.65476,马来西亚,吉打州,巴东得腊县,,Pekan Seberang
6.30452,100.6564,马来西亚,吉打州,巴东得腊县,,
6.32058,100.66049,马来西亚,吉打州,巴东得腊县,,
6.32804,100.65836,马来西亚,吉打州,巴东得腊县,,
6.32318,100.64456,马来西亚,吉打州,巴东得腊县,,
6.3091,100.65323,马来西亚,吉打州,巴东得腊县,,
6.30012,100.63526,马来西亚,吉打州,巴东得腊县,,
6.33425,100.64385,马来西亚,吉打州,巴东得腊县,,
6.3485,100.66734,马来西亚,吉打州,巴东得腊县,,Banggol 9
2.35416,111.78735,马来西亚,砂拉越州,诗巫,,
2.35386,111.79194,马来西亚,砂拉越州,诗巫,,
2.36124,111.78685,马来西亚,砂拉越州,诗巫,,
2.36216,111.78419,马来西亚,砂拉越州,诗巫,,
2.37057,111.78501,马来西亚,砂拉越州,诗巫,,
2.37418,111.7842,马来西亚,砂拉越州,诗巫,,
2.37497,111.78677,马来西亚,砂拉越州,诗巫,,
2.37722,111.78571,马来西亚,砂拉越州,诗巫,,
2.37994,111.78592,马来西亚,砂拉越州,诗巫,,
2.38699,111.79648,马来西亚,砂拉越州,诗巫,,
2.39454,111.80147,马来西亚,砂拉越州,诗巫,,
2.39178,111.79425,马来西亚,砂拉越州,诗巫,,
2.38713,111.79511,马来西亚,砂拉越州,诗巫,,
2.39071,111.8003,马来西亚,砂拉越州,诗巫,,
2.41641,111.83299,马来西亚,砂拉越州,诗巫,,
2.41978,111.83048,马来西亚,砂拉越州,诗巫,,
2.4186,111.8311,马来西亚,砂拉越州,诗巫,,
2.418,111.82793,马来西亚,砂拉越州,诗巫,,
2.41667,111.82667,马来西亚,砂拉越州,诗巫,,
2.41565,111.82678,马来西亚,砂拉越州,诗巫,,
2.34768,111.82757,马来西亚,砂拉越州,诗巫,,
2.35015,111.82551,马来西亚,砂拉越州,诗巫,,
2.35013,111.82744,马来西亚,砂拉越州,诗巫,,
2.35772,111.81644,马来西亚,砂拉越州,诗巫,,
2.35699,111.81868,马来西亚,砂拉越州,诗巫,,
2.34134,111.81613,马来西亚,砂拉越州,诗巫,,
2.34071,111.81594,马来西亚,砂拉越州,诗巫,,
2.28767,111.95665,马来西亚,砂拉越州,诗巫,,
2.28512,111.9813,马来西亚,砂拉越州,诗巫,,
2.28851,111.98195,马来西亚,砂拉越州,诗巫,,
2.28068,111.98404,马来西亚,砂拉越州,诗巫,,
2.28864,111.99922,马来西亚,砂拉越州,诗巫,,
2.28904,111.99578,马来西亚,砂拉越州,诗巫,,
2.28811,112.00957,马来西亚,砂拉越州,诗巫,,
2.26244,111.96428,马来西亚,砂拉越州,诗巫,,
2.23762,111.88514,马来西亚,砂拉越州,诗巫,,
2.23854,111.88865,马来西亚,砂拉越州,诗巫,,
2.23826,111.88954,马来西亚,砂拉越州,诗巫,,
2.23712,111.8904,马来西亚,砂拉越州,诗巫,,
2.23602,111.89266,马来西亚,砂拉越州,诗巫,,
2.23516,111.89327,马来西亚,砂拉越州,诗巫,,
2.27703,111.81617,马来西亚,砂拉越州,诗巫,,
2.23325,111.8371,马来西亚,砂拉越州,诗巫,,
2.23126,111.83982,马来西亚,砂拉越州,诗巫,,
2.22604,111.84321,马来西亚,砂拉越州,诗巫,,
2.22423,111.84149,马来西亚,砂拉越州,诗巫,,
2.22333,111.84151,马来西亚,砂拉越州,诗巫,,
2.22237,111.84064,马来西亚,砂拉越州,诗巫,,
2.22147,111.83939,马来西亚,砂拉越州,诗巫,,
2.22891,111.85328,马来西亚,砂拉越州,诗巫,,
2.22612,111.85497,马来西亚,砂拉越州,诗巫,,
2.22756,111.87015,马来西亚,砂拉越州,诗巫,,
2.22813,111.87212,马来西亚,砂拉越州,诗巫,,
2.22815,111.87326,马来西亚,砂拉越州,诗巫,,
2.22763,111.87524,马来西亚,砂拉越州,诗巫,,
2.22508,111.87435,马来西亚,砂拉越州,诗巫,,
2.22643,111.87579,马来西亚,砂拉越州,诗巫,,
2.20724,111.89533,马来西亚,砂拉越州,诗巫,,
2.21274,111.91325,马来西亚,砂拉越州,诗巫,,
2.22024,111.91092,马来西亚,砂拉越州,诗巫,,
2.21519,111.92639,马来西亚,砂拉越州,诗巫,,
2.21947,111.92563,马来西亚,砂拉越州,诗巫,,
2.23526,111.93342,马来西亚,砂拉越州,诗巫,,
2.48714,111.84135,马来西亚,砂拉越州,诗巫,,
2.50211,111.85145,马来西亚,砂拉越州,诗巫,,
2.5112,111.85188,马来西亚,砂拉越州,诗巫,,
2.50766,111.85236,马来西亚,砂拉越州,诗巫,,
2.51448,111.85192,马来西亚,砂拉越州,诗巫,,
2.51825,111.8493,马来西亚,砂拉越州,诗巫,,
2.51718,111.85131,马来西亚,砂拉越州,诗巫,,
2.51434,111.85076,马来西亚,砂拉越州,诗巫,,
2.51257,111.85055,马来西亚,砂拉越州,诗巫,,
2.51126,111.85109,马来西亚,砂拉越州,诗巫,,
2.5092,111.85208,马来西亚,砂拉越州,诗巫,,
3.94435,113.68917,马来西亚,砂拉越州,苏必士,,
3.94392,113.69352,马来西亚,砂拉越州,苏必士,,
4.67033,114.81062,马来西亚,砂拉越州,林梦,,
6.25031,100.51947,马来西亚,吉打州,巴东得腊县,,
6.24581,100.52329,马来西亚,吉打州,巴东得腊县,,
6.25963,100.53092,马来西亚,吉打州,巴东得腊县,,
6.25656,100.51211,马来西亚,吉打州,巴东得腊县,,
6.21889,100.58118,马来西亚,吉打州,波各先那县,,
6.21204,100.59477,马来西亚,吉打州,巴东得腊县,,
6.21729,100.59786,马来西亚,吉打州,巴东得腊县,,
6.21667,100.61273,马来西亚,吉打州,巴东得腊县,,
6.22211,100.61447,马来西亚,吉打州,巴东得腊县,,
6.22016,100.6043,马来西亚,吉打州,巴东得腊县,,
6.23602,100.59383,马来西亚,吉打州,巴东得腊县,,
6.23759,100.59088,马来西亚,吉打州,巴东得腊县,,
6.23781,100.59215,马来西亚,吉打州,巴东得腊县,,
6.23386,100.59092,马来西亚,吉打州,巴东得腊县,,
6.23977,100.59559,马来西亚,吉打州,巴东得腊县,,
6.24193,100.59922,马来西亚,吉打州,巴东得腊县,,
6.24,100.60312,马来西亚,吉打州,巴东得腊县,,
6.24301,100.60052,马来西亚,吉打州,巴东得腊县,,
6.24394,100.60294,马来西亚,吉打州,巴东得腊县,,
6.24427,100.60044,马来西亚,吉打州,巴东得腊县,,
6.24625,100.60634,马来西亚,吉打州,巴东得腊县,,
6.24551,100.60196,马来西亚,吉打州,巴东得腊县,,
6.24605,100.60257,马来西亚,吉打州,巴东得腊县,,
6.24653,100.59853,马来西亚,吉打州,巴东得腊县,,
6.25028,100.59601,马来西亚,吉打州,巴东得腊县,,
6.24812,100.60208,马来西亚,吉打州,巴东得腊县,,Taman Seri Kenangan
6.25039,100.60195,马来西亚,吉打州,巴东得腊县,,Taman Desa Kenangan
6.25404,100.60089,马来西亚,吉打州,巴东得腊县,,
6.25028,100.60415,马来西亚,吉打州,巴东得腊县,,Taman Saujana
6.25247,100.6077,马来西亚,吉打州,巴东得腊县,,
6.2592,100.60733,马来西亚,吉打州,巴东得腊县,,
6.25921,100.61083,马来西亚,吉打州,巴东得腊县,,Taman Jati
6.26286,100.61276,马来西亚,吉打州,巴东得腊县,,
6.26185,100.61377,马来西亚,吉打州,巴东得腊县,,
6.26292,100.6179,马来西亚,吉打州,巴东得腊县,,Pekan Seberang
6.27796,100.62,马来西亚,吉打州,巴东得腊县,,Pekan Seberang
6.27047,100.6251,马来西亚,吉打州,巴东得腊县,,
6.28753,100.61887,马来西亚,吉打州,巴东得腊县,,
6.27261,100.59068,马来西亚,吉打州,巴东得腊县,,
6.25989,100.61556,马来西亚,吉打州,巴东得腊县,,Pekan Seberang
6.23592,100.58088,马来西亚,吉打州,巴东得腊县,,
6.2422,100.58984,马来西亚,吉打州,巴东得腊县,,
6.25671,100.59506,马来西亚,吉打州,巴东得腊县,,
6.25253,100.59079,马来西亚,吉打州,巴东得腊县,,
6.2393,100.61486,马来西亚,吉打州,巴东得腊县,,
6.23137,100.6196,马来西亚,吉打州,巴东得腊县,,
6.23818,100.62959,马来西亚,吉打州,巴东得腊县,,
6.21945,100.63043,马来西亚,吉打州,巴东得腊县,,
6.21543,100.6182,马来西亚,吉打州,巴东得腊县,,
6.20401,100.60616,马来西亚,吉打州,巴东得腊县,,
6.17905,100.53272,马来西亚,吉打州,波各先那县,,
6.17836,100.52815,马来西亚,吉打州,波各先那县,,Taman Desa Ilmu
6.17656,100.5263,马来西亚,吉打州,波各先那县,,
6.18451,100.53642,马来西亚,吉打州,波各先那县,,
6.1928,100.5322,马来西亚,吉打州,波各先那县,,
6.17024,100.52441,马来西亚,吉打州,波各先那县,,Taman Puteri
6.17789,100.51218,马来西亚,吉打州,波各先那县,,
6.18315,100.52162,马来西亚,吉打州,波各先那县,,
6.17692,100.51588,马来西亚,吉打州,波各先那县,,
6.17381,100.51321,马来西亚,吉打州,波各先那县,,
6.16269,100.52595,马来西亚,吉打州,波各先那县,,
6.16479,100.51416,马来西亚,吉打州,波各先那县,,
6.16635,100.51359,马来西亚,吉打州,波各先那县,,
6.16243,100.50894,马来西亚,吉打州,波各先那县,,Taman Bandar Baru
6.16297,100.50544,马来西亚,吉打州,波各先那县,,Taman Kempas
6.1642,100.50279,马来西亚,吉打州,波各先那县,,Taman Angsana
6.16363,100.50084,马来西亚,吉打州,波各先那县,,Taman Akasia
6.16765,100.5,马来西亚,吉打州,波各先那县,,
6.15459,100.50068,马来西亚,吉打州,波各先那县,,
6.1482,100.50545,马来西亚,吉打州,波各先那县,,
6.16851,100.49522,马来西亚,吉打州,波各先那县,,
5.67767,100.49807,马来西亚,吉打州,瓜拉姆达县,斑鸠湾城镇,Taman Desa Enggang
5.67046,100.49722,马来西亚,吉打州,瓜拉姆达县,佳乡岭,Taman Desa Jaya
5.66786,100.49552,马来西亚,吉打州,瓜拉姆达县,佳乡岭,Taman Desa Jaya
5.66142,100.50686,马来西亚,吉打州,瓜拉姆达县,佳乡岭,Taman Ria
5.66002,100.49636,马来西亚,吉打州,瓜拉姆达县,佳乡岭,
5.66065,100.49421,马来西亚,吉打州,瓜拉姆达县,佳乡岭,Taman Wira
5.65841,100.49388,马来西亚,吉打州,瓜拉姆达县,佳乡岭,Taman Wira
5.65485,100.4968,马来西亚,吉打州,瓜拉姆达县,佳乡岭,Taman Nuri
5.65398,100.49907,马来西亚,吉打州,瓜拉姆达县,佳乡岭,Taman Kuala Muda
5.6512,100.49721,马来西亚,吉打州,瓜拉姆达县,佳乡岭,Taman Nuri
5.65293,100.49357,马来西亚,吉打州,瓜拉姆达县,佳乡岭,
5.64816,100.49288,马来西亚,吉打州,瓜拉姆达县,Kampung Baru,
5.64312,100.49826,马来西亚,吉打州,瓜拉姆达县,,Taman Sejati
5.64049,100.49312,马来西亚,吉打州,瓜拉姆达县,Kampung Baru,
6.23373,100.59461,马来西亚,吉打州,巴东得腊县,,
6.18967,100.61059,马来西亚,吉打州,巴东得腊县,,
6.18612,100.60262,马来西亚,吉打州,巴东得腊县,,
6.18068,100.6061,马来西亚,吉打州,巴东得腊县,,
6.17395,100.60579,马来西亚,吉打州,巴东得腊县,,
6.17549,100.63109,马来西亚,吉打州,巴东得腊县,,
6.18109,100.646,马来西亚,吉打州,巴东得腊县,,
6.19287,100.65251,马来西亚,吉打州,巴东得腊县,,
6.19586,100.64263,马来西亚,吉打州,巴东得腊县,,
6.15221,100.62566,马来西亚,吉打州,巴东得腊县,,
6.15415,100.61225,马来西亚,吉打州,波各先那县,,
6.15889,100.64272,马来西亚,吉打州,巴东得腊县,,
6.15377,100.58016,马来西亚,吉打州,波各先那县,,
6.1382,100.587,马来西亚,吉打州,波各先那县,,
6.14334,100.57672,马来西亚,吉打州,波各先那县,,
6.16634,100.56767,马来西亚,吉打州,波各先那县,,
6.15516,100.55982,马来西亚,吉打州,波各先那县,,
6.17274,100.56274,马来西亚,吉打州,波各先那县,,
6.27084,100.40794,马来西亚,吉打州,古邦巴素县,,Taman Sinaran Indah
6.26984,100.40957,马来西亚,吉打州,古邦巴素县,,Taman Sinaran
6.26949,100.4108,马来西亚,吉打州,古邦巴素县,,Taman Cahaya
6.27224,100.40347,马来西亚,吉打州,古邦巴素县,,Taman Sinaran Jaya
6.26838,100.41234,马来西亚,吉打州,古邦巴素县,,Taman Cahaya
6.27593,100.40481,马来西亚,吉打州,古邦巴素县,,Taman Pelangi
6.2771,100.41202,马来西亚,吉打州,古邦巴素县,,Taman Suria 3A
6.27662,100.41578,马来西亚,吉打州,古邦巴素县,,Taman Suria 3A
6.27722,100.41853,马来西亚,吉打州,古邦巴素县,,Taman Muhibah
6.2747,100.41865,马来西亚,吉打州,古邦巴素县,,Taman Muhibah
6.27084,100.41637,马来西亚,吉打州,古邦巴素县,,Kampung Hijrah
6.26871,100.41488,马来西亚,吉打州,古邦巴素县,,Taman Suria 5
6.26781,100.41417,马来西亚,吉打州,古邦巴素县,,Taman Locik
6.26595,100.42128,马来西亚,吉打州,古邦巴素县,,Taman Jitra Jaya
6.26711,100.42243,马来西亚,吉打州,古邦巴素县,,Taman Seri Pelangi
6.26855,100.42543,马来西亚,吉打州,古邦巴素县,,Taman Seri Pelangi
6.26777,100.42388,马来西亚,吉打州,古邦巴素县,,Taman Seri Pelangi
6.26481,100.42555,马来西亚,吉打州,古邦巴素县,,Taman Rasa Sayang
6.26354,100.42157,马来西亚,吉打州,古邦巴素县,,Taman Jitra Jaya
6.26254,100.42404,马来西亚,吉打州,古邦巴素县,,Taman Darulaman
6.26274,100.42578,马来西亚,吉打州,古邦巴素县,,Taman Bunga Raya
6.26083,100.42512,马来西亚,吉打州,古邦巴素县,,Taman Permai
6.25951,100.42707,马来西亚,吉打州,古邦巴素县,,Taman Jitra 2
6.25899,100.42273,马来西亚,吉打州,古邦巴素县,,Taman Seri Jitra
6.25731,100.42479,马来西亚,吉打州,古邦巴素县,,Taman Seri Jitra
6.25857,100.42051,马来西亚,吉打州,古邦巴素县,,Taman Seri Jitra
6.25429,100.42199,马来西亚,吉打州,古邦巴素县,,
3.33493,101.58554,马来西亚,雪兰莪州,鹅唛县,,Taman Bukit Rawang Jaya
3.31864,101.59402,马来西亚,雪兰莪州,鹅唛县,,
3.30331,101.59941,马来西亚,雪兰莪州,鹅唛县,,Taman Setia Rawang
3.3221,101.5833,马来西亚,雪兰莪州,鹅唛县,,Bukit Rawang Putra
3.32799,101.58391,马来西亚,雪兰莪州,鹅唛县,,
3.30049,101.60078,马来西亚,雪兰莪州,鹅唛县,,Taman Setia Jaya
3.3037,101.59307,马来西亚,雪兰莪州,鹅唛县,,
3.30077,101.59266,马来西亚,雪兰莪州,鹅唛县,,Taman Kanching
3.29926,101.59266,马来西亚,雪兰莪州,鹅唛县,,Taman Mawar
3.29718,101.59123,马来西亚,雪兰莪州,鹅唛县,,Taman Tun Teja
3.29532,101.58872,马来西亚,雪兰莪州,鹅唛县,,Taman Desa Sri Bayu
3.29186,101.58853,马来西亚,雪兰莪州,鹅唛县,,
3.30446,101.58773,马来西亚,雪兰莪州,鹅唛县,,
3.30187,101.582,马来西亚,雪兰莪州,鹅唛县,,Taman Tun Perak
3.30743,101.5828,马来西亚,雪兰莪州,鹅唛县,,团结花园
2.68909,111.9757,马来西亚,砂拉越州,拉叻,,
2.6906,111.93745,马来西亚,砂拉越州,拉叻,,
2.68825,111.93284,马来西亚,砂拉越州,拉叻,,
2.68297,111.93141,马来西亚,砂拉越州,拉叻,,
2.68613,111.93521,马来西亚,砂拉越州,拉叻,,
2.69334,111.93586,马来西亚,砂拉越州,拉叻,,
6.43325,100.42998,马来西亚,吉打州,古邦巴素县,,Kampung Baru Pekan Baru Changlun
6.43149,100.43426,马来西亚,吉打州,古邦巴素县,,Taman Meranti
6.43125,100.43217,马来西亚,吉打州,古邦巴素县,,Taman Pertama
6.4336,100.43392,马来西亚,吉打州,古邦巴素县,,Taman Meranti
6.43587,100.43119,马来西亚,吉打州,古邦巴素县,,Kampung Baru Pekan Baru Changlun
6.43599,100.43537,马来西亚,吉打州,古邦巴素县,,Taman Seri Meranti
6.43613,100.43805,马来西亚,吉打州,古邦巴素县,,Taman Resak
6.43973,100.43426,马来西亚,吉打州,古邦巴素县,,Taman Merbau
6.43778,100.44098,马来西亚,吉打州,古邦巴素县,,Taman Keruing
6.43667,100.42519,马来西亚,吉打州,古邦巴素县,,Taman Seri Changlun 2
6.43663,100.42781,马来西亚,吉打州,古邦巴素县,,Taman Seri Changlun 2
6.43463,100.42069,马来西亚,吉打州,古邦巴素县,,
6.43223,100.42312,马来西亚,吉打州,古邦巴素县,,
6.43316,100.42586,马来西亚,吉打州,古邦巴素县,,Taman Seri Changlun 2
6.43833,100.41769,马来西亚,吉打州,古邦巴素县,,Taman Jaya Baru
6.43927,100.4205,马来西亚,吉打州,古邦巴素县,,Taman Jaya Baru
6.44298,100.43158,马来西亚,吉打州,古邦巴素县,,Taman Sena
6.44304,100.42659,马来西亚,吉打州,古邦巴素县,,Taman Teja
6.43239,100.41886,马来西亚,吉打州,古邦巴素县,,
6.42899,100.41991,马来西亚,吉打州,古邦巴素县,,
6.42921,100.41827,马来西亚,吉打州,古邦巴素县,,
6.43002,100.41676,马来西亚,吉打州,古邦巴素县,,
6.43009,100.41394,马来西亚,吉打州,古邦巴素县,,
6.42765,100.42777,马来西亚,吉打州,古邦巴素县,,
6.42775,100.42458,马来西亚,吉打州,古邦巴素县,,
5.58245,100.34859,马来西亚,吉打州,瓜拉姆达县,,
5.57974,100.35647,马来西亚,吉打州,瓜拉姆达县,,
5.5873,100.36223,马来西亚,吉打州,瓜拉姆达县,,
5.58179,100.37128,马来西亚,槟城州,威北县,,
5.5706,100.34467,马来西亚,槟城州,威北县,,
5.56902,100.34663,马来西亚,槟城州,威北县,,
5.57102,100.35138,马来西亚,槟城州,威北县,,
5.5634,100.37173,马来西亚,槟城州,威北县,,
5.55531,100.36428,马来西亚,槟城州,威北县,,
5.54216,100.36945,马来西亚,槟城州,威北县,,
5.44809,100.40011,马来西亚,槟城州,威北县,,Taman Seri Pinang
5.44824,100.40347,马来西亚,槟城州,威北县,,Taman Maklom
5.44866,100.39474,马来西亚,槟城州,威北县,双溪浮油,Taman Sungai Puyu
5.44826,100.39311,马来西亚,槟城州,威北县,双溪浮油,Maple Residence
5.45057,100.39306,马来西亚,槟城州,威北县,双溪浮油,Taman Selayang Permai
5.45059,100.3962,马来西亚,槟城州,威北县,双溪浮油,诗雅花园
5.45216,100.39705,马来西亚,槟城州,威北县,,士拉央花园
5.45318,100.39538,马来西亚,槟城州,威北县,双溪浮油,Taman Selayang Oren
5.45427,100.39499,马来西亚,槟城州,威北县,,Taman Selayang Indah
5.45093,100.39484,马来西亚,槟城州,威北县,双溪浮油,Taman Selayang Permai
5.45256,100.38808,马来西亚,槟城州,威北县,双溪浮油,Taman Udara
5.45113,100.38806,马来西亚,槟城州,威北县,双溪浮油,Taman Perkasa Jaya
5.4471,100.3909,马来西亚,槟城州,威北县,双溪浮油,
5.44458,100.38445,马来西亚,槟城州,威北县,峇眼亚占,Taman Meranti
5.44709,100.38363,马来西亚,槟城州,威北县,,Taman Kekaya
5.4437,100.38074,马来西亚,槟城州,威北县,峇眼亚占,
5.44491,100.38089,马来西亚,槟城州,威北县,峇眼亚占,
5.44498,100.37994,马来西亚,槟城州,威北县,峇眼亚占,
5.44269,100.37955,马来西亚,槟城州,威北县,峇眼亚占,Taman Intan
5.44589,100.38107,马来西亚,槟城州,威北县,,Taman Kekaya
5.4456,100.38098,马来西亚,槟城州,威北县,,
5.44622,100.38206,马来西亚,槟城州,威北县,,Taman Emas Indah
5.44884,100.38055,马来西亚,槟城州,威北县,,
5.45072,100.38249,马来西亚,槟城州,威北县,,Taman Zamrud
5.44127,100.38223,马来西亚,槟城州,威北县,峇眼亚占,Taman Intan
5.43994,100.38008,马来西亚,槟城州,威北县,峇眼亚占,Taman Intan
5.43999,100.37924,马来西亚,槟城州,威北县,峇眼亚占,Taman Intan
5.43855,100.37999,马来西亚,槟城州,威北县,峇眼亚占,Taman Intan
5.43625,100.38107,马来西亚,槟城州,威北县,峇眼惹玛,Taman Bagan Ajam
5.43596,100.38389,马来西亚,槟城州,威北县,峇眼亚占,国花园
5.43461,100.37885,马来西亚,槟城州,威北县,峇眼惹玛,Taman Seaview
5.43291,100.3794,马来西亚,槟城州,威北县,峇眼惹玛,
5.42876,100.37704,马来西亚,槟城州,威北县,峇眼惹玛,Taman Jermal Indah
5.42626,100.37659,马来西亚,槟城州,威北县,峇眼惹玛,
5.42181,100.37684,马来西亚,槟城州,威北县,峇眼惹玛,Taman Riang
5.41461,100.3755,马来西亚,槟城州,威北县,,峇眼赖
5.40777,100.37592,马来西亚,槟城州,威北县,,
5.41145,100.37488,马来西亚,槟城州,威北县,,峇眼赖
5.41025,100.37258,马来西亚,槟城州,威北县,,Taman Halaman Ria
5.4431,100.42302,马来西亚,槟城州,威北县,,Taman Sungai Dua Utama
5.44407,100.42751,马来西亚,槟城州,威北县,,
5.43979,100.43228,马来西亚,槟城州,威北县,,蒂莎慕尼花园
5.44306,100.43348,马来西亚,槟城州,威北县,双溪赖,Taman Pengkalan Machang
5.44785,100.43447,马来西亚,槟城州,威北县,双溪赖,美宝英达花园
5.44794,100.42899,马来西亚,槟城州,威北县,双溪赖,
5.44805,100.43216,马来西亚,槟城州,威北县,双溪赖,
5.44969,100.43236,马来西亚,槟城州,威北县,双溪赖,
5.45195,100.43614,马来西亚,槟城州,威北县,双溪赖,
5.45614,100.43671,马来西亚,槟城州,威北县,,
5.45529,100.43912,马来西亚,槟城州,威北县,双溪赖,斯里美宝花园
5.45728,100.44158,马来西亚,槟城州,威北县,双溪赖,美宝再也花园
5.4545,100.44154,马来西亚,槟城州,威北县,双溪赖,
5.45704,100.44501,马来西亚,槟城州,威北县,,
5.45246,100.45018,马来西亚,槟城州,威北县,,
5.45773,100.45772,马来西亚,槟城州,威北县,,
5.46058,100.4493,马来西亚,槟城州,威北县,,
5.40751,100.41229,马来西亚,槟城州,威中县,,Taman Arowana Emas
5.40543,100.41221,马来西亚,槟城州,威中县,,龙苑
5.40389,100.40877,马来西亚,槟城州,威中县,,Taman Wakaf Seetee Aisah
5.39464,100.41559,马来西亚,槟城州,威中县,,Taman Janggus Jaya
5.39154,100.40834,马来西亚,槟城州,威中县,诗不朗再也,金花园
5.39116,100.41487,马来西亚,槟城州,威中县,,Villa Primero I
5.39117,100.41364,马来西亚,槟城州,威中县,,Primero Garden
5.39015,100.41361,马来西亚,槟城州,威中县,,Taman Naluri Jaya
5.38972,100.41486,马来西亚,槟城州,威中县,,Taman Naluri Ria
5.38955,100.41657,马来西亚,槟城州,威中县,,Taman Naluri
5.39089,100.42041,马来西亚,槟城州,威中县,,
6.2565,100.63464,马来西亚,吉打州,巴东得腊县,,
6.25053,100.63373,马来西亚,吉打州,巴东得腊县,,
6.24506,100.60147,马来西亚,吉打州,巴东得腊县,,
6.2574,100.62599,马来西亚,吉打州,巴东得腊县,,
6.13891,100.91466,马来西亚,吉打州,锡县,,
6.04954,100.77874,马来西亚,吉打州,锡县,,Kampung Baru Nami
6.05821,100.77075,马来西亚,吉打州,巴东得腊县,,
6.04637,100.81878,马来西亚,吉打州,锡县,,
6.04737,100.82409,马来西亚,吉打州,锡县,,
6.05548,100.82895,马来西亚,吉打州,锡县,,
6.05408,100.83804,马来西亚,吉打州,锡县,,
6.05782,100.84314,马来西亚,吉打州,锡县,,
6.0571,100.84933,马来西亚,吉打州,锡县,,
1.89419,102.9449,马来西亚,柔佛州,峇株巴辖县,,
1.89262,102.94741,马来西亚,柔佛州,峇株巴辖县,,Taman Hajjat
1.89001,102.94934,马来西亚,柔佛州,峇株巴辖县,,Taman Hajjat
1.88769,102.94706,马来西亚,柔佛州,峇株巴辖县,,Taman Bilal
1.88344,102.9486,马来西亚,柔佛州,峇株巴辖县,,Taman Cemerlang
1.88444,102.95086,马来西亚,柔佛州,峇株巴辖县,,Taman Cemerlang
1.88543,102.95083,马来西亚,柔佛州,峇株巴辖县,,Taman Cemerlang
1.88589,102.9541,马来西亚,柔佛州,峇株巴辖县,,Taman Desa Cemerlang
1.88574,102.95629,马来西亚,柔佛州,峇株巴辖县,,Taman Desa Cemerlang
1.88827,102.9543,马来西亚,柔佛州,峇株巴辖县,,Taman Seri Berlian
1.89091,102.95462,马来西亚,柔佛州,峇株巴辖县,,Taman Permata
6.25103,100.50565,马来西亚,吉打州,波各先那县,,
6.24745,100.48695,马来西亚,吉打州,波各先那县,,
6.24037,100.48163,马来西亚,吉打州,波各先那县,,
6.236,100.48514,马来西亚,吉打州,波各先那县,,
6.22993,100.48936,马来西亚,吉打州,波各先那县,,
6.25575,100.48144,马来西亚,吉打州,古邦巴素县,,
6.25855,100.48642,马来西亚,吉打州,古邦巴素县,,
6.25885,100.4961,马来西亚,吉打州,古邦巴素县,,
6.26674,100.49965,马来西亚,吉打州,古邦巴素县,,
6.27262,100.49204,马来西亚,吉打州,古邦巴素县,,
6.23971,100.44057,马来西亚,吉打州,古邦巴素县,,Kampung Pasir Tambun
6.24142,100.43704,马来西亚,吉打州,古邦巴素县,达鲁阿曼市,Suasana Permai
6.24254,100.44318,马来西亚,吉打州,古邦巴素县,,Kampung Pasir Tambun
6.25288,100.44363,马来西亚,吉打州,古邦巴素县,达鲁阿曼市,Suasana Indah
6.25715,100.44533,马来西亚,吉打州,古邦巴素县,达鲁阿曼市,
6.26354,100.43716,马来西亚,吉打州,古邦巴素县,,
6.26898,100.43965,马来西亚,吉打州,古邦巴素县,,Taman Pulasan
6.26146,100.4523,马来西亚,吉打州,古邦巴素县,达鲁阿曼市,
6.39704,100.14593,马来西亚,玻璃市州,,,
6.3953,100.14101,马来西亚,玻璃市州,,,
6.39179,100.13627,马来西亚,玻璃市州,,,
6.40537,100.13951,马来西亚,玻璃市州,,,
6.41089,100.13446,马来西亚,玻璃市州,,,
6.41774,100.13702,马来西亚,玻璃市州,,,
6.42062,100.1371,马来西亚,玻璃市州,,,
6.18896,100.68652,马来西亚,吉打州,巴东得腊县,,
6.19401,100.67661,马来西亚,吉打州,巴东得腊县,,
6.20173,100.69947,马来西亚,吉打州,巴东得腊县,,
5.65064,100.46843,马来西亚,吉打州,瓜拉姆达县,Sungai Layar,
5.64997,100.46702,马来西亚,吉打州,瓜拉姆达县,Sungai Layar,
5.65676,100.46476,马来西亚,吉打州,瓜拉姆达县,,
5.64803,100.47144,马来西亚,吉打州,瓜拉姆达县,,
5.6481,100.47804,马来西亚,吉打州,瓜拉姆达县,,
5.66033,100.46132,马来西亚,吉打州,瓜拉姆达县,,
2.73318,111.82433,马来西亚,砂拉越州,玛都,,
2.73748,111.82116,马来西亚,砂拉越州,玛都,,
2.7383,111.83183,马来西亚,砂拉越州,玛都,,
2.73765,111.79984,马来西亚,砂拉越州,玛都,,
2.75165,111.80157,马来西亚,砂拉越州,玛都,,
2.76254,111.78864,马来西亚,砂拉越州,玛都,,
2.78737,111.78794,马来西亚,砂拉越州,玛都,,
2.80079,111.80719,马来西亚,砂拉越州,玛都,,
2.81752,111.72297,马来西亚,砂拉越州,玛都,,
2.82603,111.70008,马来西亚,砂拉越州,玛都,,
2.82114,111.70652,马来西亚,砂拉越州,玛都,,
2.81956,111.71124,马来西亚,砂拉越州,玛都,,
2.81768,111.71618,马来西亚,砂拉越州,玛都,,
6.23252,100.60429,马来西亚,吉打州,巴东得腊县,,
6.49239,100.34057,马来西亚,玻璃市州,,,
2.97956,101.65508,马来西亚,雪兰莪州,雪邦县,,D'Alpinia
2.99016,101.6619,马来西亚,雪兰莪州,八打灵县,布特拉柏迈镇,Kota Perdana
2.99783,101.65283,马来西亚,雪兰莪州,八打灵县,,Taman Lestari Putra
2.97909,101.66549,马来西亚,雪兰莪州,雪邦县,,碧雅花园
2.9788,101.67178,马来西亚,雪兰莪州,雪邦县,,Alam Sanctuary
2.98828,101.67686,马来西亚,雪兰莪州,八打灵县,布特拉柏迈镇,Taman Pinggiran Putra
2.98223,101.67436,马来西亚,雪兰莪州,八打灵县,布特拉柏迈镇,
2.9915,101.67229,马来西亚,雪兰莪州,八打灵县,布特拉柏迈镇,Taman Dato Demang
2.99378,101.66584,马来西亚,雪兰莪州,八打灵县,布特拉柏迈镇,
3.00109,101.67394,马来西亚,雪兰莪州,八打灵县,布特拉柏迈镇,
3.00848,101.66289,马来西亚,雪兰莪州,八打灵县,布特拉柏迈镇,Taman Desaminium
2.97869,101.6774,马来西亚,雪兰莪州,雪邦县,,Taman Lestari Permai
6.46968,100.71013,马来西亚,吉打州,巴东得腊县,,
6.44169,100.72434,马来西亚,吉打州,巴东得腊县,,
6.44635,100.72088,马来西亚,吉打州,巴东得腊县,,Taman Putra Ria
5.56129,100.52078,马来西亚,吉打州,瓜拉姆达县,,
5.55587,100.52568,马来西亚,吉打州,瓜拉姆达县,,
5.57729,100.4862,马来西亚,吉打州,瓜拉姆达县,,
5.58214,100.48666,马来西亚,吉打州,瓜拉姆达县,,
5.58315,100.49006,马来西亚,吉打州,瓜拉姆达县,,Taman Seraya
5.57754,100.46446,马来西亚,吉打州,瓜拉姆达县,,
5.58089,100.46307,马来西亚,吉打州,瓜拉姆达县,,Taman Rhu
5.57885,100.46166,马来西亚,吉打州,瓜拉姆达县,,
5.58325,100.46068,马来西亚,吉打州,瓜拉姆达县,,
5.58266,100.46549,马来西亚,吉打州,瓜拉姆达县,,Taman Sri Pinang
4.89384,115.19438,马来西亚,砂拉越州,老越,,
4.89015,115.20115,马来西亚,砂拉越州,老越,,
4.88811,115.21296,马来西亚,砂拉越州,老越,,
4.88161,115.22076,马来西亚,砂拉越州,老越,,
4.87407,115.22513,马来西亚,砂拉越州,老越,,
4.85391,115.22252,马来西亚,砂拉越州,老越,,
4.86278,115.23464,马来西亚,砂拉越州,老越,,
4.85579,115.24246,马来西亚,砂拉越州,老越,,
4.84201,115.24084,马来西亚,砂拉越州,老越,,
4.58473,113.9921,马来西亚,砂拉越州,美里,,
4.57703,113.98004,马来西亚,砂拉越州,美里,Kuala Baram,
4.56617,113.98502,马来西亚,砂拉越州,美里,Kuala Baram,
4.58754,114.04197,马来西亚,砂拉越州,美里,,
4.56773,114.05843,马来西亚,砂拉越州,美里,,
4.54393,114.15525,马来西亚,砂拉越州,美里,,
4.53407,114.17562,马来西亚,砂拉越州,马鲁帝,,
4.53244,114.17699,马来西亚,砂拉越州,马鲁帝,,
4.52352,114.18047,马来西亚,砂拉越州,马鲁帝,,
4.49456,114.20642,马来西亚,砂拉越州,马鲁帝,,
2.87053,112.104,马来西亚,砂拉越州,沐胶,,
2.87286,112.10279,马来西亚,砂拉越州,沐胶,,
2.87916,112.10344,马来西亚,砂拉越州,沐胶,,
2.88741,112.10342,马来西亚,砂拉越州,沐胶,,
2.89196,112.10155,马来西亚,砂拉越州,沐胶,,
2.89075,112.09953,马来西亚,砂拉越州,沐胶,,
2.89455,112.09708,马来西亚,砂拉越州,沐胶,,
2.90054,112.09824,马来西亚,砂拉越州,沐胶,,
2.90148,112.10228,马来西亚,砂拉越州,沐胶,,
2.89667,112.10238,马来西亚,砂拉越州,沐胶,,
2.9089,112.1033,马来西亚,砂拉越州,沐胶,,
2.90826,112.09677,马来西亚,砂拉越州,沐胶,,
2.91164,112.1018,马来西亚,砂拉越州,沐胶,,
2.91294,112.10992,马来西亚,砂拉越州,沐胶,,
2.90243,112.1184,马来西亚,砂拉越州,沐胶,,
2.8966,112.11741,马来西亚,砂拉越州,沐胶,,
2.90212,112.13263,马来西亚,砂拉越州,沐胶,,
2.88066,112.14583,马来西亚,砂拉越州,沐胶,,
3.06522,101.77211,马来西亚,雪兰莪州,乌鲁冷岳县,蕉赖,
3.06159,101.77166,马来西亚,雪兰莪州,乌鲁冷岳县,蕉赖,Taman Kota Cheras
3.06293,101.76667,马来西亚,雪兰莪州,乌鲁冷岳县,蕉赖,Taman Damai Jaya
3.06436,101.76305,马来西亚,雪兰莪州,乌鲁冷岳县,蕉赖,Taman Putri Jaya
3.05866,101.76697,马来西亚,雪兰莪州,乌鲁冷岳县,蕉赖,Taman Murni
3.05714,101.76374,马来西亚,雪兰莪州,乌鲁冷岳县,蕉赖,Taman Seri Cheras
3.0562,101.75861,马来西亚,雪兰莪州,乌鲁冷岳县,蕉赖,
3.05617,101.75478,马来西亚,雪兰莪州,乌鲁冷岳县,蕉赖,
3.05614,101.75066,马来西亚,雪兰莪州,乌鲁冷岳县,首都镇,Taman Minang
3.05965,101.75415,马来西亚,雪兰莪州,乌鲁冷岳县,蕉赖,福春园
3.056,101.74785,马来西亚,吉隆坡,吉隆坡,首都镇,达利亚花园
3.06012,101.74778,马来西亚,吉隆坡,吉隆坡,首都镇,胡姬岭花园
3.06157,101.75131,马来西亚,雪兰莪州,乌鲁冷岳县,蕉赖,蕉赖安乐园
3.06427,101.75129,马来西亚,雪兰莪州,乌鲁冷岳县,蕉赖,蕉赖太阳园
3.06446,101.75521,马来西亚,雪兰莪州,乌鲁冷岳县,蕉赖,Taman Cheras Mewah
3.06706,101.74827,马来西亚,吉隆坡,吉隆坡,蕉赖,蕉赖岭花园
3.06724,101.75683,马来西亚,雪兰莪州,乌鲁冷岳县,蕉赖,蕉赖山庄
3.06698,101.76021,马来西亚,雪兰莪州,乌鲁冷岳县,蕉赖,蕉赖山庄
2.58337,112.29701,马来西亚,砂拉越州,实兰沟,,
2.58618,112.30151,马来西亚,砂拉越州,实兰沟,,
2.58284,112.30341,马来西亚,砂拉越州,实兰沟,,
2.56312,112.2989,马来西亚,砂拉越州,实兰沟,,
2.55791,112.31205,马来西亚,砂拉越州,实兰沟,,
2.86511,112.14928,马来西亚,砂拉越州,沐胶,,
2.87182,112.15139,马来西亚,砂拉越州,沐胶,,
2.85952,112.16051,马来西亚,砂拉越州,沐胶,,
2.86319,112.16102,马来西亚,砂拉越州,沐胶,,
2.85203,112.17264,马来西亚,砂拉越州,沐胶,,
2.83463,112.1842,马来西亚,砂拉越州,沐胶,,
2.8123,112.19604,马来西亚,砂拉越州,沐胶,,
2.79736,112.20611,马来西亚,砂拉越州,沐胶,,
2.791,112.20248,马来西亚,砂拉越州,沐胶,,
2.60281,112.27379,马来西亚,砂拉越州,沐胶,,
2.61052,112.27302,马来西亚,砂拉越州,沐胶,,
2.61365,112.2734,马来西亚,砂拉越州,沐胶,,
2.61532,112.27159,马来西亚,砂拉越州,沐胶,,
2.61673,112.27248,马来西亚,砂拉越州,沐胶,,
2.62587,112.27406,马来西亚,砂拉越州,沐胶,,
2.6415,112.26019,马来西亚,砂拉越州,沐胶,,
2.63991,112.2593,马来西亚,砂拉越州,沐胶,,
2.63911,112.26302,马来西亚,砂拉越州,沐胶,,
2.63588,112.25936,马来西亚,砂拉越州,沐胶,,
1.97699,102.87682,马来西亚,柔佛州,峇株巴辖县,,
1.97855,102.87781,马来西亚,柔佛州,峇株巴辖县,,Taman Raja Ahmad 2
1.98258,102.87212,马来西亚,柔佛州,峇株巴辖县,,Taman Raja Ahmad 1
1.98278,102.87607,马来西亚,柔佛州,峇株巴辖县,,Taman Jaya Diri 2
1.98464,102.87464,马来西亚,柔佛州,峇株巴辖县,,Taman Bintang
1.98859,102.87367,马来西亚,柔佛州,峇株巴辖县,,Taman Mutiara
1.99216,102.86849,马来西亚,柔佛州,峇株巴辖县,,Taman Mutiara
1.99725,102.87308,马来西亚,柔佛州,峇株巴辖县,,
1.98977,102.87219,马来西亚,柔佛州,峇株巴辖县,,Taman Mutiara
1.96841,102.88928,马来西亚,柔佛州,峇株巴辖县,,
2.45849,112.3195,马来西亚,砂拉越州,实兰沟,,
2.87192,111.88934,马来西亚,砂拉越州,拉叻,,
2.86212,111.8835,马来西亚,砂拉越州,拉叻,,
2.86243,111.8787,马来西亚,砂拉越州,拉叻,,
2.85863,111.87395,马来西亚,砂拉越州,拉叻,,
2.85902,111.87989,马来西亚,砂拉越州,拉叻,,
2.83856,111.89743,马来西亚,砂拉越州,拉叻,,
2.57946,101.82703,马来西亚,森美兰州,波德申县,芦骨,Taman Lukut Makmur
2.57804,101.8331,马来西亚,森美兰州,波德申县,芦骨,Taman Tun Sambathan
2.57441,101.82909,马来西亚,森美兰州,波德申县,芦骨,
2.57465,101.83539,马来西亚,森美兰州,波德申县,芦骨,Taman Tun Sambathan
2.57309,101.83346,马来西亚,森美兰州,波德申县,芦骨,Taman Indah Jaya
2.57105,101.83727,马来西亚,森美兰州,波德申县,芦骨,Taman Harmoni
2.57081,101.83923,马来西亚,森美兰州,波德申县,芦骨,Taman Harmoni
2.56674,101.83948,马来西亚,森美兰州,波德申县,芦骨,Taman Harmoni
2.56771,101.84449,马来西亚,森美兰州,波德申县,芦骨,
2.57492,101.82523,马来西亚,森美兰州,波德申县,芦骨,
2.57182,101.82888,马来西亚,森美兰州,波德申县,芦骨,
2.56894,101.82571,马来西亚,森美兰州,波德申县,芦骨,
2.57016,101.82687,马来西亚,森美兰州,波德申县,芦骨,
3.35518,101.26591,马来西亚,雪兰莪州,瓜拉雪兰莪县,,
3.33568,101.27104,马来西亚,雪兰莪州,瓜拉雪兰莪县,,Taman Kuala Selangor Utama
3.33346,101.26707,马来西亚,雪兰莪州,瓜拉雪兰莪县,,Taman Kuala Selangor Jaya
3.33024,101.26591,马来西亚,雪兰莪州,瓜拉雪兰莪县,,Taman Kuala Selangor Jaya
3.33141,101.26345,马来西亚,雪兰莪州,瓜拉雪兰莪县,,Taman Kuala Selangor Jaya
3.33014,101.26898,马来西亚,雪兰莪州,瓜拉雪兰莪县,,Taman Sirambai
3.33072,101.25983,马来西亚,雪兰莪州,瓜拉雪兰莪县,,Taman Warisan
3.33194,101.25807,马来西亚,雪兰莪州,瓜拉雪兰莪县,,Taman Warisan
3.32764,101.26208,马来西亚,雪兰莪州,瓜拉雪兰莪县,,Taman Seri Piai
3.32731,101.26344,马来西亚,雪兰莪州,瓜拉雪兰莪县,,Taman Telaga Tujuh
3.32797,101.26556,马来西亚,雪兰莪州,瓜拉雪兰莪县,,Taman Laksamana
3.32573,101.26371,马来西亚,雪兰莪州,瓜拉雪兰莪县,,Taman Paduka
3.32411,101.26574,马来西亚,雪兰莪州,瓜拉雪兰莪县,,Taman Paduka
3.32257,101.26742,马来西亚,雪兰莪州,瓜拉雪兰莪县,,Taman Bendahara
2.50844,112.32648,马来西亚,砂拉越州,实兰沟,,
2.50783,112.33013,马来西亚,砂拉越州,实兰沟,,
2.59504,112.29338,马来西亚,砂拉越州,沐胶,,
1.2857,111.20527,马来西亚,砂拉越州,斯里阿曼,,
1.28476,111.20232,马来西亚,砂拉越州,斯里阿曼,,
1.28409,111.20314,马来西亚,砂拉越州,斯里阿曼,,
1.2831,111.20396,马来西亚,砂拉越州,斯里阿曼,,
1.28267,111.20427,马来西亚,砂拉越州,斯里阿曼,,
1.28728,111.20817,马来西亚,砂拉越州,斯里阿曼,,
1.29064,111.20972,马来西亚,砂拉越州,斯里阿曼,,
1.2932,111.21298,马来西亚,砂拉越州,斯里阿曼,,
1.28807,111.20973,马来西亚,砂拉越州,斯里阿曼,,
1.28686,111.21084,马来西亚,砂拉越州,斯里阿曼,,
1.28438,111.20937,马来西亚,砂拉越州,斯里阿曼,,
1.28551,111.20913,马来西亚,砂拉越州,斯里阿曼,,
1.2863,111.20932,马来西亚,砂拉越州,斯里阿曼,,
1.27023,111.18512,马来西亚,砂拉越州,斯里阿曼,,
1.26326,111.18462,马来西亚,砂拉越州,斯里阿曼,,
1.25791,111.18519,马来西亚,砂拉越州,斯里阿曼,,
1.25113,111.18667,马来西亚,砂拉越州,斯里阿曼,,
1.25411,111.18422,马来西亚,砂拉越州,斯里阿曼,,
1.25328,111.18555,马来西亚,砂拉越州,斯里阿曼,,
1.25182,111.18661,马来西亚,砂拉越州,斯里阿曼,,
1.24475,111.17981,马来西亚,砂拉越州,斯里阿曼,,
3.25266,101.55736,马来西亚,雪兰莪州,鹅唛县,,
3.24745,101.56156,马来西亚,雪兰莪州,鹅唛县,,
3.24941,101.56666,马来西亚,雪兰莪州,鹅唛县,,
3.24253,101.56423,马来西亚,雪兰莪州,鹅唛县,,
3.24311,101.5678,马来西亚,雪兰莪州,鹅唛县,,Taman Matang Jaya
1.95316,102.85617,马来西亚,柔佛州,峇株巴辖县,,
1.94811,102.85434,马来西亚,柔佛州,峇株巴辖县,,
1.94029,102.8514,马来西亚,柔佛州,峇株巴辖县,,
1.93456,102.85098,马来西亚,柔佛州,峇株巴辖县,,
1.91252,102.87174,马来西亚,柔佛州,峇株巴辖县,,
1.9079,102.8749,马来西亚,柔佛州,峇株巴辖县,,
1.90134,102.87704,马来西亚,柔佛州,峇株巴辖县,,
1.89463,102.87859,马来西亚,柔佛州,峇株巴辖县,,
1.88851,102.87965,马来西亚,柔佛州,峇株巴辖县,,
1.88303,102.87256,马来西亚,柔佛州,峇株巴辖县,,
1.8825,102.88059,马来西亚,柔佛州,峇株巴辖县,,
1.87454,102.88236,马来西亚,柔佛州,峇株巴辖县,,
1.87075,102.88295,马来西亚,柔佛州,峇株巴辖县,,
1.86908,102.8833,马来西亚,柔佛州,峇株巴辖县,柏色莱,
1.86123,102.88511,马来西亚,柔佛州,峇株巴辖县,,
2.54724,101.80141,马来西亚,森美兰州,波德申县,Kampung Gelam,Taman Seaview
2.5474,101.79994,马来西亚,森美兰州,波德申县,Kampung Gelam,Taman Sri Tanjung
2.54813,101.80575,马来西亚,森美兰州,波德申县,Kampung Gelam,Taman Negeri Baru / Taman Negeri Indah
2.55002,101.80325,马来西亚,森美兰州,波德申县,,Taman Kiara
2.55235,101.80446,马来西亚,森美兰州,波德申县,,Taman Ria
2.55214,101.80679,马来西亚,森美兰州,波德申县,,Taman Negeri
2.54954,101.80712,马来西亚,森美兰州,波德申县,,Taman Negeri
2.55063,101.80833,马来西亚,森美兰州,波德申县,,Taman Negeri Baru / Taman Negeri Indah
2.55446,101.81076,马来西亚,森美兰州,波德申县,,Taman Selasih
2.55331,101.81374,马来西亚,森美兰州,波德申县,,Rumah Rakyat Kampung Paya
2.55166,101.81769,马来西亚,森美兰州,波德申县,,Taman Selasih
2.55302,101.81567,马来西亚,森美兰州,波德申县,,Taman Selasih
2.55421,101.81858,马来西亚,森美兰州,波德申县,,Taman Selasih
2.54975,101.81339,马来西亚,森美兰州,波德申县,,
2.5486,101.81549,马来西亚,森美兰州,波德申县,,
2.54644,101.81649,马来西亚,森美兰州,波德申县,,
2.54422,101.8171,马来西亚,森美兰州,波德申县,Kampung Gelam,
2.54367,101.8217,马来西亚,森美兰州,波德申县,,Taman Lagenda Kampung Paya
2.54497,101.81896,马来西亚,森美兰州,波德申县,,Taman Kampung Paya
2.54336,101.8124,马来西亚,森美兰州,波德申县,,
2.54691,101.811,马来西亚,森美兰州,波德申县,Kampung Gelam,
2.55184,101.81061,马来西亚,森美兰州,波德申县,,Rumah Rakyat Kampung Paya
2.54502,101.80436,马来西亚,森美兰州,波德申县,Kampung Gelam,
2.54307,101.80444,马来西亚,森美兰州,波德申县,Kampung Gelam,Taman Samudra
2.54112,101.806,马来西亚,森美兰州,波德申县,Kampung Gelam,
2.53721,101.80535,马来西亚,森美兰州,波德申县,Kampung Gelam,Kampung Arab
2.53758,101.80423,马来西亚,森美兰州,波德申县,Kampung Gelam,Taman PD Suria
2.53634,101.80632,马来西亚,森美兰州,波德申县,Kampung Gelam,Kampung Arab
2.53409,101.80401,马来西亚,森美兰州,波德申县,Kampung Gelam,Kampung Arab
2.53056,101.80519,马来西亚,森美兰州,波德申县,Kampung Gelam,Impian Putra
2.5301,101.80404,马来西亚,森美兰州,波德申县,Kampung Gelam,Impian Putra
2.53164,101.80344,马来西亚,森美兰州,波德申县,Kampung Gelam,Kampung Arab
2.53099,101.80348,马来西亚,森美兰州,波德申县,Kampung Gelam,Impian Putra
2.52809,101.80884,马来西亚,森美兰州,波德申县,Kampung Gelam,Happy Garden
2.52879,101.80673,马来西亚,森美兰州,波德申县,Kampung Gelam,Impian Putra
2.52622,101.80935,马来西亚,森美兰州,波德申县,Kampung Gelam,Happy Garden
2.52789,101.81376,马来西亚,森美兰州,波德申县,,Taman Toh Kee Kah
2.52853,101.81826,马来西亚,森美兰州,波德申县,,
2.55937,101.80921,马来西亚,森美兰州,波德申县,,Taman Pantai Mas
2.56593,101.81917,马来西亚,森美兰州,波德申县,芦骨,Taman Lukut Lagenda
2.56356,101.8139,马来西亚,森美兰州,波德申县,,Taman Sentosa 2
2.56322,101.81207,马来西亚,森美兰州,波德申县,,
2.56599,101.81662,马来西亚,森美兰州,波德申县,芦骨,Taman Lukut Lagenda
2.56488,101.82452,马来西亚,森美兰州,波德申县,芦骨,
2.56256,101.825,马来西亚,森美兰州,波德申县,芦骨,
2.5355,101.79649,马来西亚,森美兰州,波德申县,Kampung Gelam,Taman Putra
2.53486,101.79802,马来西亚,森美兰州,波德申县,Kampung Gelam,Taman Kampung Gelam
2.53567,101.79907,马来西亚,森美兰州,波德申县,Kampung Gelam,
2.53652,101.79886,马来西亚,森美兰州,波德申县,Kampung Gelam,PD D' Tropika
2.53889,101.80093,马来西亚,森美兰州,波德申县,Kampung Gelam,
2.53949,101.80097,马来西亚,森美兰州,波德申县,Kampung Gelam,Taman Samudra
2.53297,101.79975,马来西亚,森美兰州,波德申县,Kampung Gelam,Taman PD Akasia
2.53009,101.79843,马来西亚,森美兰州,波德申县,Kampung Gelam,Taman Tiong Nam
2.52875,101.79709,马来西亚,森美兰州,波德申县,Kampung Gelam,Taman Tiong Nam
2.54196,101.80035,马来西亚,森美兰州,波德申县,Kampung Gelam,Taman Samudra
2.54502,101.80072,马来西亚,森美兰州,波德申县,Kampung Gelam,Taman Seaview
2.66768,112.00583,马来西亚,砂拉越州,拉叻,,
2.66892,112.02727,马来西亚,砂拉越州,拉叻,,
2.67346,112.04359,马来西亚,砂拉越州,拉叻,,
2.71397,111.91765,马来西亚,砂拉越州,拉叻,,
2.70913,111.91835,马来西亚,砂拉越州,拉叻,,
2.70717,111.91982,马来西亚,砂拉越州,拉叻,,
2.71749,111.92614,马来西亚,砂拉越州,拉叻,,
2.72125,111.93276,马来西亚,砂拉越州,拉叻,,
2.73891,111.931,马来西亚,砂拉越州,拉叻,,
2.73663,111.93133,马来西亚,砂拉越州,拉叻,,
2.73485,111.93024,马来西亚,砂拉越州,拉叻,,
2.74005,111.93744,马来西亚,砂拉越州,拉叻,,
2.74501,111.93746,马来西亚,砂拉越州,拉叻,,
2.74719,111.93765,马来西亚,砂拉越州,拉叻,,
2.74995,111.9473,马来西亚,砂拉越州,拉叻,,
2.74952,111.93707,马来西亚,砂拉越州,拉叻,,
2.75364,111.93494,马来西亚,砂拉越州,拉叻,,
2.74926,111.93867,马来西亚,砂拉越州,拉叻,,
2.74705,111.93942,马来西亚,砂拉越州,拉叻,,
2.75279,111.9366,马来西亚,砂拉越州,拉叻,,
2.8798,112.13556,马来西亚,砂拉越州,沐胶,,
2.52692,112.31548,马来西亚,砂拉越州,实兰沟,,
2.54826,112.31916,马来西亚,砂拉越州,实兰沟,,
2.5457,112.31052,马来西亚,砂拉越州,实兰沟,,
2.54996,112.30871,马来西亚,砂拉越州,实兰沟,,
2.55355,112.30801,马来西亚,砂拉越州,实兰沟,,
2.54035,112.33854,马来西亚,砂拉越州,实兰沟,,
2.53929,112.33824,马来西亚,砂拉越州,实兰沟,,
2.5372,112.33761,马来西亚,砂拉越州,实兰沟,,
2.52018,112.32473,马来西亚,砂拉越州,实兰沟,,
4.75364,115.00686,马来西亚,砂拉越州,林梦,,
4.76108,115.00468,马来西亚,砂拉越州,林梦,,Taman Sentosa
4.76739,115.0013,马来西亚,砂拉越州,林梦,,
4.7724,115.00155,马来西亚,砂拉越州,林梦,,Taman Damai B
4.7842,114.99796,马来西亚,砂拉越州,林梦,,Taman Desa Pabahanan
4.74546,114.94648,马来西亚,砂拉越州,林梦,,
4.72661,114.91816,马来西亚,砂拉越州,林梦,,
4.71767,114.93686,马来西亚,砂拉越州,林梦,,
4.71381,114.93346,马来西亚,砂拉越州,林梦,,
4.70344,114.92968,马来西亚,砂拉越州,林梦,,
4.68414,114.93958,马来西亚,砂拉越州,林梦,,
4.67722,114.93232,马来西亚,砂拉越州,林梦,,
4.66,114.93188,马来西亚,砂拉越州,林梦,,
4.65288,114.93264,马来西亚,砂拉越州,林梦,,
4.65385,114.92883,马来西亚,砂拉越州,林梦,,
4.65142,114.92585,马来西亚,砂拉越州,林梦,,
4.64412,114.92372,马来西亚,砂拉越州,林梦,,
4.63268,114.92518,马来西亚,砂拉越州,林梦,,
4.61677,114.92482,马来西亚,砂拉越州,林梦,,
4.62915,114.91067,马来西亚,砂拉越州,林梦,,
4.59801,114.89763,马来西亚,砂拉越州,林梦,,
4.5851,114.90899,马来西亚,砂拉越州,林梦,,
4.56709,114.90923,马来西亚,砂拉越州,林梦,,
4.55236,114.90835,马来西亚,砂拉越州,林梦,,
4.55589,114.91365,马来西亚,砂拉越州,林梦,,
4.55923,114.89093,马来西亚,砂拉越州,林梦,,
2.8305,112.18272,马来西亚,砂拉越州,沐胶,,
4.3853,114.93526,马来西亚,砂拉越州,林梦,,
4.37743,114.94291,马来西亚,砂拉越州,林梦,,
4.36316,114.94249,马来西亚,砂拉越州,林梦,,
2.50267,101.84269,马来西亚,森美兰州,波德申县,西鲁沙,Taman Sri Pinang
2.50089,101.84686,马来西亚,森美兰州,波德申县,西鲁沙,
2.5022,101.84439,马来西亚,森美兰州,波德申县,西鲁沙,Taman Sri Pinang
2.50169,101.84443,马来西亚,森美兰州,波德申县,西鲁沙,Taman Sri Pinang
2.49919,101.83996,马来西亚,森美兰州,波德申县,西鲁沙,Taman Eastern
2.49999,101.84114,马来西亚,森美兰州,波德申县,西鲁沙,Taman Eastern
2.45678,101.85801,马来西亚,森美兰州,波德申县,,
2.45609,101.85903,马来西亚,森美兰州,波德申县,,
2.45361,101.85951,马来西亚,森美兰州,波德申县,,
2.45251,101.85894,马来西亚,森美兰州,波德申县,,
2.45335,101.86199,马来西亚,森美兰州,波德申县,,Rumah Rakyat Teluk Kemang
3.17068,101.62643,马来西亚,吉隆坡,吉隆坡,,
3.17272,101.63259,马来西亚,吉隆坡,吉隆坡,,
3.20337,101.63084,马来西亚,吉隆坡,,,武吉马鲁里花园
3.22836,101.63427,马来西亚,雪兰莪州,鹅唛县,,甲洞乌鲁新村
3.23096,101.64168,马来西亚,吉隆坡,,,
3.22206,101.62168,马来西亚,雪兰莪州,鹅唛县,,宜信园
3.21772,101.62754,马来西亚,雪兰莪州,鹅唛县,,帝沙再也花园
3.22364,101.63538,马来西亚,雪兰莪州,鹅唛县,,达雅花园
3.21186,101.62534,马来西亚,雪兰莪州,鹅唛县,,
3.21556,101.61767,马来西亚,雪兰莪州,鹅唛县,,Taman Usaha Jaya
3.21203,101.61915,马来西亚,雪兰莪州,鹅唛县,,
3.20967,101.63321,马来西亚,吉隆坡,,,甲洞花园
2.50606,112.34311,马来西亚,砂拉越州,实兰沟,,
2.50393,112.34434,马来西亚,砂拉越州,实兰沟,,
2.39877,112.35952,马来西亚,砂拉越州,实兰沟,,
2.3636,112.42538,马来西亚,砂拉越州,实兰沟,,
2.5441,112.34052,马来西亚,砂拉越州,实兰沟,,
2.55593,112.33993,马来西亚,砂拉越州,实兰沟,,
2.57948,112.34329,马来西亚,砂拉越州,实兰沟,,
2.503,112.31535,马来西亚,砂拉越州,实兰沟,,
2.48753,112.31247,马来西亚,砂拉越州,实兰沟,,
2.4928,112.31674,马来西亚,砂拉越州,实兰沟,,
2.36832,112.18072,马来西亚,砂拉越州,实兰沟,,
2.41629,112.11796,马来西亚,砂拉越州,实兰沟,,
2.44926,112.08576,马来西亚,砂拉越州,实兰沟,,
2.44705,112.08603,马来西亚,砂拉越州,实兰沟,,
2.447,112.08465,马来西亚,砂拉越州,实兰沟,,
2.43861,112.10138,马来西亚,砂拉越州,实兰沟,,
2.43278,112.10286,马来西亚,砂拉越州,实兰沟,,
2.43623,112.10063,马来西亚,砂拉越州,实兰沟,,
3.17633,101.45395,马来西亚,雪兰莪州,八打灵县,,
3.15217,101.46318,马来西亚,雪兰莪州,八打灵县,,
3.14311,101.47853,马来西亚,雪兰莪州,八打灵县,,Taman Alam Budiman
3.15765,101.54188,马来西亚,雪兰莪州,八打灵县,梳邦,
3.16204,101.53211,马来西亚,雪兰莪州,八打灵县,梳邦,
3.15368,101.54055,马来西亚,雪兰莪州,八打灵县,梳邦,
3.15103,101.54995,马来西亚,雪兰莪州,八打灵县,,
3.14492,101.55102,马来西亚,雪兰莪州,八打灵县,,
3.12748,101.57104,马来西亚,雪兰莪州,八打灵县,,
3.1198,101.56312,马来西亚,雪兰莪州,八打灵县,,
3.11421,101.55594,马来西亚,雪兰莪州,八打灵县,,
1.46324,103.75328,马来西亚,柔佛州,新山县,,Kampung Gertak Merah
1.46783,103.75,马来西亚,柔佛州,新山县,,Kampung Mahmoddiah
1.47132,103.75437,马来西亚,柔佛州,新山县,,Kampung Ngee Heng
1.47059,103.74845,马来西亚,柔佛州,新山县,,Kampung Tarom
1.85133,102.85453,马来西亚,柔佛州,峇株巴辖县,,
1.84904,102.86602,马来西亚,柔佛州,峇株巴辖县,,
1.85652,102.85153,马来西亚,柔佛州,峇株巴辖县,,
1.85747,102.8486,马来西亚,柔佛州,峇株巴辖县,,
1.86036,102.83833,马来西亚,柔佛州,峇株巴辖县,,
1.86258,102.83139,马来西亚,柔佛州,峇株巴辖县,,
1.86375,102.82674,马来西亚,柔佛州,峇株巴辖县,,
1.86693,102.82143,马来西亚,柔佛州,峇株巴辖县,,
5.52187,100.38209,马来西亚,槟城州,威北县,,Penaga Ⅱ
5.52604,100.37573,马来西亚,槟城州,威北县,,Taman Kuala Bekah
5.526,100.37984,马来西亚,槟城州,威北县,,Taman Penaga Permai
5.53539,100.37228,马来西亚,槟城州,威北县,,
5.53208,100.3758,马来西亚,槟城州,威北县,,
5.53652,100.37927,马来西亚,槟城州,威北县,,Taman Penaga Ria
5.52199,100.37604,马来西亚,槟城州,威北县,,Taman Bekah Indah
2.67426,112.2379,马来西亚,砂拉越州,沐胶,,
2.68498,112.23327,马来西亚,砂拉越州,沐胶,,
2.66688,112.23949,马来西亚,砂拉越州,沐胶,,
2.67387,112.24282,马来西亚,砂拉越州,沐胶,,
2.66536,112.23941,马来西亚,砂拉越州,沐胶,,
2.6637,112.24092,马来西亚,砂拉越州,沐胶,,
2.68538,112.22661,马来西亚,砂拉越州,沐胶,,
2.68714,112.22699,马来西亚,砂拉越州,沐胶,,
2.68769,112.22406,马来西亚,砂拉越州,沐胶,,
2.68331,112.22075,马来西亚,砂拉越州,沐胶,,
2.71576,112.20196,马来西亚,砂拉越州,沐胶,,
2.71459,112.20242,马来西亚,砂拉越州,沐胶,,
2.72948,112.19617,马来西亚,砂拉越州,沐胶,,
2.72905,112.19989,马来西亚,砂拉越州,沐胶,,
2.72709,112.20325,马来西亚,砂拉越州,沐胶,,
2.75224,112.19087,马来西亚,砂拉越州,沐胶,,
1.97275,102.8862,马来西亚,柔佛州,峇株巴辖县,,
1.97982,102.88361,马来西亚,柔佛州,峇株巴辖县,,
2.02733,102.8838,马来西亚,柔佛州,峇株巴辖县,,
1.94192,102.98824,马来西亚,柔佛州,峇株巴辖县,,
1.94824,103.00422,马来西亚,柔佛州,峇株巴辖县,,
1.95447,103.02748,马来西亚,柔佛州,峇株巴辖县,,Taman Indah
1.95904,103.02721,马来西亚,柔佛州,峇株巴辖县,,Taman Orkid
1.95594,103.02635,马来西亚,柔佛州,峇株巴辖县,,Taman Indah
1.96247,103.03024,马来西亚,柔佛州,峇株巴辖县,,Taman Orkid
1.97005,103.03249,马来西亚,柔佛州,峇株巴辖县,,Taman Orkid
1.92045,102.93263,马来西亚,柔佛州,峇株巴辖县,,
1.90288,102.9534,马来西亚,柔佛州,峇株巴辖县,,
1.88952,102.9403,马来西亚,柔佛州,峇株巴辖县,,
1.88973,102.93631,马来西亚,柔佛州,峇株巴辖县,,
1.87665,102.94062,马来西亚,柔佛州,峇株巴辖县,,
1.88141,102.93955,马来西亚,柔佛州,峇株巴辖县,,
1.88115,102.93774,马来西亚,柔佛州,峇株巴辖县,,
1.88304,102.93662,马来西亚,柔佛州,峇株巴辖县,,
1.88423,102.93873,马来西亚,柔佛州,峇株巴辖县,,
1.89026,102.93422,马来西亚,柔佛州,峇株巴辖县,,
1.91419,102.91197,马来西亚,柔佛州,峇株巴辖县,,
3.0078,101.76212,马来西亚,雪兰莪州,乌鲁冷岳县,蕉赖,Taman Cheras Prima
3.01225,101.76395,马来西亚,雪兰莪州,乌鲁冷岳县,蕉赖,Taman Cheras Prima
3.00512,101.75643,马来西亚,雪兰莪州,乌鲁冷岳县,蕉赖,Taman Desa Karunmas
3.02125,101.76112,马来西亚,雪兰莪州,乌鲁冷岳县,蕉赖,蕉赖再也花园
3.02759,101.76107,马来西亚,雪兰莪州,乌鲁冷岳县,蕉赖,蕉赖再也花园
3.01804,101.75878,马来西亚,雪兰莪州,乌鲁冷岳县,无拉港,Taman Taming Maju
3.02441,101.75308,马来西亚,雪兰莪州,乌鲁冷岳县,无拉港,
3.02348,101.75082,马来西亚,雪兰莪州,乌鲁冷岳县,无拉港,
3.03264,101.76738,马来西亚,雪兰莪州,乌鲁冷岳县,蕉赖,Taman Sri Indah
3.17636,101.51015,马来西亚,雪兰莪州,八打灵县,艾美纳,
2.64602,112.26067,马来西亚,砂拉越州,沐胶,,
6.19277,100.69641,马来西亚,吉打州,巴东得腊县,,
6.18325,100.68536,马来西亚,吉打州,巴东得腊县,,
6.17627,100.69993,马来西亚,吉打州,巴东得腊县,,
6.16001,100.69549,马来西亚,吉打州,巴东得腊县,,
6.15176,100.72381,马来西亚,吉打州,巴东得腊县,,
6.14807,100.70257,马来西亚,吉打州,巴东得腊县,,
6.11936,100.69575,马来西亚,吉打州,巴东得腊县,,
6.11413,100.70444,马来西亚,吉打州,巴东得腊县,,
6.13122,100.70656,马来西亚,吉打州,巴东得腊县,,
6.12348,100.70744,马来西亚,吉打州,巴东得腊县,,
3.17312,101.51357,马来西亚,雪兰莪州,八打灵县,,Taman Bukit Subang
6.12842,100.64967,马来西亚,吉打州,巴东得腊县,,
6.11931,100.64879,马来西亚,吉打州,巴东得腊县,,
6.11692,100.66046,马来西亚,吉打州,巴东得腊县,,纳卡新村
6.11383,100.65793,马来西亚,吉打州,巴东得腊县,,纳卡新村
6.11324,100.66624,马来西亚,吉打州,巴东得腊县,,
6.1048,100.66379,马来西亚,吉打州,巴东得腊县,,
6.0847,100.63293,马来西亚,吉打州,本同县,,
6.0891,100.65532,马来西亚,吉打州,巴东得腊县,,纳卡新村
6.08556,100.66938,马来西亚,吉打州,巴东得腊县,,
6.0915,100.68571,马来西亚,吉打州,巴东得腊县,,
5.96183,100.7067,马来西亚,吉打州,锡县,,
5.94748,100.69261,马来西亚,吉打州,锡县,,
2.58471,112.04925,马来西亚,砂拉越州,拉叻,,
3.16838,101.5657,马来西亚,雪兰莪州,八打灵县,,
3.15987,101.54995,马来西亚,雪兰莪州,八打灵县,,梳邦滨吉兰镇
3.15623,101.55135,马来西亚,雪兰莪州,八打灵县,,梳邦滨吉兰镇
3.1674,101.54942,马来西亚,雪兰莪州,八打灵县,梳邦柏斯达丽,
3.16744,101.54671,马来西亚,雪兰莪州,八打灵县,梳邦柏斯达丽,Taman Nusa Subang
3.1617,101.54212,马来西亚,雪兰莪州,八打灵县,梳邦柏斯达丽,Taman Subang Murni
3.16742,101.54176,马来西亚,雪兰莪州,八打灵县,梳邦柏斯达丽,Taman Nusa Subang
3.16537,101.52302,马来西亚,雪兰莪州,八打灵县,艾美纳,
3.17356,101.52404,马来西亚,雪兰莪州,八打灵县,艾美纳,
3.18301,101.52559,马来西亚,雪兰莪州,八打灵县,艾美纳,
3.18264,101.50761,马来西亚,雪兰莪州,八打灵县,艾美纳,
3.18269,101.53704,马来西亚,雪兰莪州,八打灵县,梳邦柏斯达丽,
3.17158,101.5494,马来西亚,雪兰莪州,八打灵县,梳邦柏斯达丽,
3.16764,101.53752,马来西亚,雪兰莪州,八打灵县,梳邦柏斯达丽,
3.1713,101.53745,马来西亚,雪兰莪州,八打灵县,梳邦柏斯达丽,
3.23374,101.70244,马来西亚,雪兰莪州,鹅唛县,,
3.23004,101.70409,马来西亚,雪兰莪州,鹅唛县,,
3.22879,101.70204,马来西亚,雪兰莪州,鹅唛县,,Taman Gombak
3.22832,101.70316,马来西亚,雪兰莪州,鹅唛县,,
3.23037,101.69758,马来西亚,雪兰莪州,鹅唛县,,Taman Selaseh Fasa 2
3.23147,101.69267,马来西亚,雪兰莪州,鹅唛县,,Taman Sinar Samudra
3.2301,101.6932,马来西亚,雪兰莪州,鹅唛县,,
3.22455,101.70128,马来西亚,雪兰莪州,鹅唛县,,
3.22179,101.70018,马来西亚,吉隆坡,,,
3.21995,101.69772,马来西亚,吉隆坡,,,
3.22073,101.69573,马来西亚,吉隆坡,,,Taman Koperasi Polis Fasa 1
3.21759,101.69075,马来西亚,吉隆坡,,,
3.23387,101.69863,马来西亚,雪兰莪州,鹅唛县,,Taman Samudera
3.23185,101.68981,马来西亚,雪兰莪州,鹅唛县,,
3.23735,101.6917,马来西亚,雪兰莪州,鹅唛县,,
3.24147,101.69982,马来西亚,雪兰莪州,鹅唛县,Taman Sri Gombak,
3.23752,101.67843,马来西亚,雪兰莪州,鹅唛县,,Taman Batu Caves
3.23828,101.67461,马来西亚,雪兰莪州,鹅唛县,,Taman Amaniah
3.23628,101.67247,马来西亚,雪兰莪州,鹅唛县,,Taman Seri Selayang
3.23424,101.67472,马来西亚,雪兰莪州,鹅唛县,,Taman Amaniah
3.23712,101.70506,马来西亚,雪兰莪州,鹅唛县,,
3.23576,101.70687,马来西亚,雪兰莪州,鹅唛县,,
3.20619,101.65903,马来西亚,吉隆坡,,增江,
3.21046,101.67572,马来西亚,吉隆坡,吉隆坡,18A,
3.20732,101.67642,马来西亚,吉隆坡,吉隆坡,,Taman Batu Permai
3.23783,101.71068,马来西亚,雪兰莪州,鹅唛县,,
3.23842,101.70097,马来西亚,雪兰莪州,鹅唛县,,
3.23671,101.72008,马来西亚,雪兰莪州,鹅唛县,,Mutiara Gombak 1
3.23502,101.71794,马来西亚,雪兰莪州,鹅唛县,,Halamanda@Gombak
3.23233,101.71833,马来西亚,雪兰莪州,鹅唛县,,
3.2346,101.72104,马来西亚,雪兰莪州,鹅唛县,,
3.21965,101.72547,马来西亚,吉隆坡,吉隆坡,,美拉蒂花园
3.21181,101.7284,马来西亚,吉隆坡,吉隆坡,旺沙玛珠,大红花花园
3.2328,101.72699,马来西亚,雪兰莪州,鹅唛县,,
3.2471,101.69499,马来西亚,雪兰莪州,鹅唛县,,宝敦工业园
3.24905,101.71022,马来西亚,雪兰莪州,鹅唛县,Taman Sri Gombak,
3.25317,101.70846,马来西亚,雪兰莪州,鹅唛县,,
3.25327,101.70395,马来西亚,雪兰莪州,鹅唛县,,
3.25549,101.69732,马来西亚,雪兰莪州,鹅唛县,,
3.25317,101.69813,马来西亚,雪兰莪州,鹅唛县,,
3.25566,101.6924,马来西亚,雪兰莪州,鹅唛县,,Pinggiran Batu Caves
3.25153,101.69193,马来西亚,雪兰莪州,鹅唛县,,
3.2559,101.7006,马来西亚,雪兰莪州,鹅唛县,,
3.26145,101.70066,马来西亚,雪兰莪州,鹅唛县,,
3.25936,101.69403,马来西亚,雪兰莪州,鹅唛县,,Astana Gemilang
3.25888,101.69305,马来西亚,雪兰莪州,鹅唛县,,Taman Gemilang
3.25055,101.68675,马来西亚,雪兰莪州,鹅唛县,,
3.24958,101.69015,马来西亚,雪兰莪州,鹅唛县,,
3.26148,101.66775,马来西亚,雪兰莪州,鹅唛县,,
3.27128,101.66265,马来西亚,雪兰莪州,鹅唛县,,Hijauan Selayang
3.27017,101.67501,马来西亚,雪兰莪州,鹅唛县,,
3.27085,101.68301,马来西亚,雪兰莪州,鹅唛县,,Taman Jasa Utama
3.27057,101.67957,马来西亚,雪兰莪州,鹅唛县,,Taman Jasa Utama
3.26994,101.67772,马来西亚,雪兰莪州,鹅唛县,,Taman Jasa Utama
3.25947,101.68566,马来西亚,雪兰莪州,鹅唛县,,
2.80277,111.90813,马来西亚,砂拉越州,拉叻,,
2.79683,111.91588,马来西亚,砂拉越州,拉叻,,
2.79745,111.91418,马来西亚,砂拉越州,拉叻,,
2.80155,111.90676,马来西亚,砂拉越州,拉叻,,
2.80183,111.91146,马来西亚,砂拉越州,拉叻,,
3.25579,101.74393,马来西亚,雪兰莪州,鹅唛县,,
3.25915,101.74188,马来西亚,雪兰莪州,鹅唛县,,
3.25706,101.75691,马来西亚,雪兰莪州,鹅唛县,,
3.23564,101.66272,马来西亚,吉隆坡,吉隆坡,,斯里幕利花园
3.23896,101.6617,马来西亚,吉隆坡,,,直辖区花园
2.71911,111.87853,马来西亚,砂拉越州,拉叻,,
2.71542,111.84012,马来西亚,砂拉越州,拉叻,,
3.25796,101.64511,马来西亚,雪兰莪州,鹅唛县,,
3.2554,101.64109,马来西亚,雪兰莪州,鹅唛县,,
3.24865,101.64054,马来西亚,雪兰莪州,鹅唛县,,梦乡岭
3.24325,101.64244,马来西亚,雪兰莪州,鹅唛县,,比达拉花园
3.24669,101.6461,马来西亚,雪兰莪州,鹅唛县,,Perdana Residences
3.24967,101.64543,马来西亚,雪兰莪州,鹅唛县,,Taman Prima Selayang
3.23467,101.64395,马来西亚,雪兰莪州,鹅唛县,,Taman Selayang Utama
3.23609,101.64935,马来西亚,雪兰莪州,鹅唛县,,万成花园
3.23803,101.65559,马来西亚,雪兰莪州,鹅唛县,,士拉央英达花园
3.23149,101.64738,马来西亚,吉隆坡,,,依登花园
3.24135,101.65393,马来西亚,雪兰莪州,鹅唛县,,诗里美乐地花园
3.23523,101.65172,马来西亚,雪兰莪州,鹅唛县,,士拉央欢乐花园
4.31853,100.61778,马来西亚,霹雳州,曼绒县,,
4.32812,100.62147,马来西亚,霹雳州,曼绒县,,
4.34425,100.62672,马来西亚,霹雳州,曼绒县,,
4.35334,100.62438,马来西亚,霹雳州,曼绒县,,Taman Segari Maju
4.36286,100.6297,马来西亚,霹雳州,曼绒县,,
4.37069,100.62871,马来西亚,霹雳州,曼绒县,,
3.41761,101.1871,马来西亚,雪兰莪州,瓜拉雪兰莪县,,Taman Makmur
3.41576,101.18915,马来西亚,雪兰莪州,瓜拉雪兰莪县,,Taman Ria Mas
3.41527,101.18677,马来西亚,雪兰莪州,瓜拉雪兰莪县,,Taman Mahsuri
3.42018,101.18527,马来西亚,雪兰莪州,瓜拉雪兰莪县,,Taman Radin Mas
3.41929,101.18489,马来西亚,雪兰莪州,瓜拉雪兰莪县,,Taman Damai
3.41883,101.18546,马来西亚,雪兰莪州,瓜拉雪兰莪县,,Taman Mahsuri
3.41159,101.19458,马来西亚,雪兰莪州,瓜拉雪兰莪县,,Taman Suria Indah
3.42169,101.18534,马来西亚,雪兰莪州,瓜拉雪兰莪县,,Taman Gembira
3.42267,101.18366,马来西亚,雪兰莪州,瓜拉雪兰莪县,,Taman Malinja
3.42351,101.18217,马来西亚,雪兰莪州,瓜拉雪兰莪县,,Taman Tanjong Karang Baru
3.424,101.17677,马来西亚,雪兰莪州,瓜拉雪兰莪县,,
3.42369,101.16805,马来西亚,雪兰莪州,瓜拉雪兰莪县,,Taman Seri Jaya
3.42501,101.16571,马来西亚,雪兰莪州,瓜拉雪兰莪县,,Taman Seri Setia
3.42588,101.16316,马来西亚,雪兰莪州,瓜拉雪兰莪县,,Taman Seri Desa
3.42386,101.16437,马来西亚,雪兰莪州,瓜拉雪兰莪县,,Taman Seri Desa
3.12565,101.5969,马来西亚,雪兰莪州,八打灵县,,Taman Bukit Mayang Mas
3.11744,101.59865,马来西亚,雪兰莪州,八打灵县,,
3.20848,101.61315,马来西亚,雪兰莪州,鹅唛县,,甲洞百美园
3.28366,101.54093,马来西亚,雪兰莪州,鹅唛县,,
3.28189,101.52816,马来西亚,雪兰莪州,鹅唛县,根登,Taman Kundang Jaya
3.27809,101.52479,马来西亚,雪兰莪州,鹅唛县,根登,
3.28467,101.51317,马来西亚,雪兰莪州,鹅唛县,根登,根登新镇
3.28756,101.50879,马来西亚,雪兰莪州,鹅唛县,根登,Kundang Estates
3.2842,101.50525,马来西亚,雪兰莪州,鹅唛县,根登,Desa Puteri
3.26389,101.52394,马来西亚,雪兰莪州,鹅唛县,,Taman Rahmat Jaya
3.25719,101.51988,马来西亚,雪兰莪州,鹅唛县,,
3.25284,101.51457,马来西亚,雪兰莪州,鹅唛县,,
3.24622,101.52303,马来西亚,雪兰莪州,鹅唛县,,Taman Tasik Biru
3.23551,101.53795,马来西亚,雪兰莪州,鹅唛县,,
3.23596,101.54217,马来西亚,雪兰莪州,鹅唛县,,
3.23398,101.5485,马来西亚,雪兰莪州,鹅唛县,,
3.23382,101.55605,马来西亚,雪兰莪州,鹅唛县,,
3.23673,101.55491,马来西亚,雪兰莪州,鹅唛县,,
4.23055,100.64027,马来西亚,霹雳州,曼绒县,,Taman Bukit Maju 2
4.23294,100.63722,马来西亚,霹雳州,曼绒县,,Taman Bukit Maju 1
4.2276,100.6424,马来西亚,霹雳州,曼绒县,,
4.2242,100.64272,马来西亚,霹雳州,曼绒县,,
4.21509,100.63873,马来西亚,霹雳州,曼绒县,,
4.21333,100.64029,马来西亚,霹雳州,曼绒县,,
4.20621,100.64977,马来西亚,霹雳州,曼绒县,,
4.21405,100.65592,马来西亚,霹雳州,曼绒县,,
4.21153,100.65862,马来西亚,霹雳州,曼绒县,,Taman Samudera Baru
3.30504,101.3091,马来西亚,雪兰莪州,瓜拉雪兰莪县,,Taman Rajawali
3.31035,101.31885,马来西亚,雪兰莪州,瓜拉雪兰莪县,,Taman Kasawari
3.31105,101.28058,马来西亚,雪兰莪州,瓜拉雪兰莪县,亚参爪哇,Taman Serindit
3.31735,101.27521,马来西亚,雪兰莪州,瓜拉雪兰莪县,,Taman Rhu
3.31822,101.2744,马来西亚,雪兰莪州,瓜拉雪兰莪县,,Taman Mawar Putih
3.31611,101.27635,马来西亚,雪兰莪州,瓜拉雪兰莪县,,Taman Rhu
3.31422,101.27539,马来西亚,雪兰莪州,瓜拉雪兰莪县,,Taman Meranti
3.31228,101.27153,马来西亚,雪兰莪州,瓜拉雪兰莪县,,Taman Malawati Jaya
3.30315,101.2888,马来西亚,雪兰莪州,瓜拉雪兰莪县,亚参爪哇,Taman Gaya Merak
3.30007,101.28984,马来西亚,雪兰莪州,瓜拉雪兰莪县,亚参爪哇,Taman Raja Udang
3.30083,101.29219,马来西亚,雪兰莪州,瓜拉雪兰莪县,亚参爪哇,Taman Belibis
3.30814,101.31531,马来西亚,雪兰莪州,瓜拉雪兰莪县,,Taman Bukit Rotan
3.40796,101.19861,马来西亚,雪兰莪州,瓜拉雪兰莪县,,Taman Sahabat
3.4168,101.18107,马来西亚,雪兰莪州,瓜拉雪兰莪县,,Taman Damai
3.42425,101.18141,马来西亚,雪兰莪州,瓜拉雪兰莪县,,Taman Tanjong Karang Baru
3.40227,101.16843,马来西亚,雪兰莪州,瓜拉雪兰莪县,,
3.39679,101.21283,马来西亚,雪兰莪州,瓜拉雪兰莪县,,Taman Mutiara 1
3.42624,101.1808,马来西亚,雪兰莪州,瓜拉雪兰莪县,,Taman Ria
3.42761,101.17389,马来西亚,雪兰莪州,瓜拉雪兰莪县,,Taman Ria Min
3.4276,101.1726,马来西亚,雪兰莪州,瓜拉雪兰莪县,,Taman Ria Min
3.42768,101.17132,马来西亚,雪兰莪州,瓜拉雪兰莪县,,Taman Wawasan
3.42785,101.1703,马来西亚,雪兰莪州,瓜拉雪兰莪县,,Taman Masria
3.42201,101.17123,马来西亚,雪兰莪州,瓜拉雪兰莪县,,Taman Seri Jaya
3.42722,101.16332,马来西亚,雪兰莪州,瓜拉雪兰莪县,,Taman Radin Jaya
3.37888,101.23093,马来西亚,雪兰莪州,瓜拉雪兰莪县,,Taman Murni
3.38295,101.22981,马来西亚,雪兰莪州,瓜拉雪兰莪县,,Taman Nilam
3.47233,101.12965,马来西亚,雪兰莪州,瓜拉雪兰莪县,,
3.49812,101.10822,马来西亚,雪兰莪州,沙白安南县,,Taman Indah
3.52027,101.09296,马来西亚,雪兰莪州,沙白安南县,,Taman Aman Jaya
3.5273,101.08949,马来西亚,雪兰莪州,沙白安南县,,
3.53974,101.08451,马来西亚,雪兰莪州,沙白安南县,巴西班让,
3.54924,101.08165,马来西亚,雪兰莪州,沙白安南县,巴西班让,
3.5613,101.07795,马来西亚,雪兰莪州,沙白安南县,巴西班让,
3.61231,101.06075,马来西亚,雪兰莪州,沙白安南县,,
3.61932,101.05715,马来西亚,雪兰莪州,沙白安南县,,
3.63277,101.04234,马来西亚,雪兰莪州,沙白安南县,,
5.71222,100.67783,马来西亚,吉打州,锡县,,Kemajuan Tanah Teloi Timur
6.7262,117.0067,马来西亚,沙巴州,必达士,,
6.3609,116.4159,马来西亚,沙巴州,古打毛律,,
6.1062,117.0743,马来西亚,沙巴州,兰瑙,,
6.6084,116.9155,马来西亚,沙巴州,必达士,,
6.5409,116.8692,马来西亚,沙巴州,哥打马鲁都,,
5.4025,103.0447,马来西亚,登嘉樓州,瓜拉尼鲁斯县,,
5.3677,103.0043,马来西亚,登嘉樓州,瓜拉尼鲁斯县,,
5.3404,103.1177,马来西亚,登嘉樓州,瓜拉尼鲁斯县,Kampung Bukit Tok Ris,
5.3444,103.1042,马来西亚,登嘉樓州,瓜拉尼鲁斯县,Taman Perumahan Bukit Tunggal,Kg Gong Kijal
5.156,102.9874,马来西亚,登嘉樓州,,,
5.2628,103.0617,马来西亚,登嘉樓州,瓜拉登嘉楼县,,
5.152,102.9364,马来西亚,登嘉樓州,,,
4.8585,101.0503,马来西亚,霹雳州,江沙县,,
4.2164,102.3819,马来西亚,彭亨州,而连突县,,
3.935,100.7481,马来西亚,霹雳州,峇眼拿督县,,
3.8895,100.8192,马来西亚,霹雳州,峇眼拿督县,,Taman Bagan Pasir
2.4161,102.0413,马来西亚,马六甲州,亚罗牙也县,,
5.3649,115.6925,马来西亚,沙巴州,保佛,,
5.3561,115.6355,马来西亚,沙巴州,保佛,,
5.3317,115.5789,马来西亚,沙巴州,保佛,,
5.4704,116.2296,马来西亚,沙巴州,根地咬,,
5.3488,116.1593,马来西亚,沙巴州,根地咬,,
6.9177,116.7554,马来西亚,沙巴州,古达,,
5.2928,103.133,马来西亚,登嘉樓州,瓜拉登嘉楼,Kampung Tok Ku Kir,
5.2981,103.1645,马来西亚,登嘉樓州,瓜拉登嘉楼,Kampung Mengabang Tengah,
2.0831,103.9326,马来西亚,柔佛州,丰盛港县,,
4.2476,100.7586,马来西亚,霹雳州,曼绒县,,五条路
3.0686,103.1868,马来西亚,彭亨州,北根县,,
2.6105,102.6461,马来西亚,柔佛州,昔加末县,,
4.968,115.9337,马来西亚,沙巴州,丹南,,
5.9338,116.3601,马来西亚,沙巴州,斗亚兰,,
6.883,116.6799,马来西亚,沙巴州,古达,,
6.57754,116.60897,马来西亚,沙巴州,古打毛律,,
4.0101,102.3215,马来西亚,彭亨州,而连突县,,
3.8642,102.5367,马来西亚,彭亨州,而连突县,,
3.4687,102.3812,马来西亚,彭亨州,淡马鲁县,Songsang,
3.5207,102.5806,马来西亚,彭亨州,马兰县,,
3.4283,102.4243,马来西亚,彭亨州,淡马鲁县,,
3.486,103.0843,马来西亚,彭亨州,北根县,,
2.7457,101.8523,马来西亚,森美兰州,芙蓉县,,
2.9634,101.8509,马来西亚,雪兰莪州,乌鲁冷岳县,,
2.8702,101.8727,马来西亚,雪兰莪州,乌鲁冷岳县,,
2.8944,101.9291,马来西亚,森美兰州,芙蓉县,,
2.7232,102.1895,马来西亚,森美兰州,瓜拉庇劳县,,
2.7903,102.2131,马来西亚,森美兰州,瓜拉庇劳县,,
2.8788,102.2391,马来西亚,森美兰州,瓜拉庇劳县,,
2.8014,102.2819,马来西亚,森美兰州,瓜拉庇劳县,,
2.8133,102.2804,马来西亚,森美兰州,瓜拉庇劳县,,
2.7459,102.2234,马来西亚,森美兰州,瓜拉庇劳县,,
2.8637,102.1837,马来西亚,森美兰州,瓜拉庇劳县,,
2.7435,102.6426,马来西亚,森美兰州,仁保县,,
2.6643,102.1536,马来西亚,森美兰州,瓜拉庇劳县,,
2.6764,102.18,马来西亚,森美兰州,瓜拉庇劳县,,
2.5649,102.8657,马来西亚,柔佛州,昔加末县,,
2.3098,102.2656,马来西亚,马六甲州,亚罗牙也县,,
2.1987,102.2926,马来西亚,马六甲州,马六甲中央县,,
2.1898,102.3265,马来西亚,马六甲州,马六甲中央县,,
2.1255,102.472,马来西亚,马六甲州,野新县,,
1.6113,103.3661,马来西亚,柔佛州,笨珍县,,
1.6047,103.3822,马来西亚,柔佛州,笨珍县,,
1.3172,103.4709,马来西亚,柔佛州,笨珍县,,
1.4805,103.5103,马来西亚,柔佛州,笨珍县,,
1.4391,103.594,马来西亚,柔佛州,新山县,,
1.54503,103.72253,马来西亚,柔佛州,新山县,,
2.13952,102.51984,马来西亚,马六甲州,野新县,,
6.93457,117.20365,马来西亚,沙巴州,必达士,,
1.07353,110.9672,马来西亚,砂拉越州,实文然,,
1.44096,109.91207,马来西亚,砂拉越州,伦乐,,
1.22344,111.69999,马来西亚,砂拉越州,鲁勃安都,,
1.97258,102.85761,马来西亚,柔佛州,峇株巴辖县,,
1.97798,102.83477,马来西亚,柔佛州,峇株巴辖县,,
1.96144,102.88679,马来西亚,柔佛州,峇株巴辖县,,
1.95189,102.88317,马来西亚,柔佛州,峇株巴辖县,,
1.91892,102.89482,马来西亚,柔佛州,峇株巴辖县,,
1.91808,102.91758,马来西亚,柔佛州,峇株巴辖县,,
1.91909,102.9498,马来西亚,柔佛州,峇株巴辖县,中江,Taman Santalia
1.91916,102.95269,马来西亚,柔佛州,峇株巴辖县,中江,Taman Bintang Emas
1.92073,102.95258,马来西亚,柔佛州,峇株巴辖县,中江,Taman Bunga Raya
1.91183,102.95263,马来西亚,柔佛州,峇株巴辖县,中江,Taman Anggerik
1.91058,102.95064,马来西亚,柔佛州,峇株巴辖县,中江,Taman Kapal Layar
1.90702,102.95198,马来西亚,柔佛州,峇株巴辖县,中江,Taman Bistari
1.92139,102.95867,马来西亚,柔佛州,峇株巴辖县,,Taman Harmoni Indah
1.93082,102.95634,马来西亚,柔佛州,峇株巴辖县,,Taman Koperasi Jaya
1.925,102.85063,马来西亚,柔佛州,峇株巴辖县,,
1.93304,102.88908,马来西亚,柔佛州,峇株巴辖县,,
1.91235,102.89909,马来西亚,柔佛州,峇株巴辖县,,
1.90297,102.90561,马来西亚,柔佛州,峇株巴辖县,,
1.85525,102.88062,马来西亚,柔佛州,峇株巴辖县,,
1.84263,102.88028,马来西亚,柔佛州,峇株巴辖县,,
1.82964,102.88014,马来西亚,柔佛州,峇株巴辖县,,
1.84999,102.89818,马来西亚,柔佛州,峇株巴辖县,柏色莱,Taman Sri Molek
1.84907,102.90141,马来西亚,柔佛州,峇株巴辖县,柏色莱,
1.8458,102.90013,马来西亚,柔佛州,峇株巴辖县,柏色莱,
1.83254,102.89139,马来西亚,柔佛州,峇株巴辖县,,
1.84164,102.89207,马来西亚,柔佛州,峇株巴辖县,柏色莱,
1.85407,102.88897,马来西亚,柔佛州,峇株巴辖县,,
1.85111,102.88826,马来西亚,柔佛州,峇株巴辖县,,Taman Peserai Indah
1.85632,102.90318,马来西亚,柔佛州,峇株巴辖县,柏色莱,
1.85106,102.91583,马来西亚,柔佛州,峇株巴辖县,,
1.84879,102.90869,马来西亚,柔佛州,峇株巴辖县,柏色莱,Taman Sri Fajar
1.85115,102.90815,马来西亚,柔佛州,峇株巴辖县,柏色莱,Taman Warisan
1.84842,102.90451,马来西亚,柔佛州,峇株巴辖县,柏色莱,
1.85269,102.91105,马来西亚,柔佛州,峇株巴辖县,,Taman Peserai Jaya
1.84126,102.90643,马来西亚,柔佛州,峇株巴辖县,,
1.8375,102.91357,马来西亚,柔佛州,峇株巴辖县,,
1.83395,102.90944,马来西亚,柔佛州,峇株巴辖县,,
1.83301,102.90671,马来西亚,柔佛州,峇株巴辖县,,
1.89159,102.86869,马来西亚,柔佛州,峇株巴辖县,,
1.86356,102.88252,马来西亚,柔佛州,峇株巴辖县,,
1.88609,102.84995,马来西亚,柔佛州,峇株巴辖县,,
1.87921,102.85066,马来西亚,柔佛州,峇株巴辖县,,
1.87245,102.819,马来西亚,柔佛州,峇株巴辖县,,
1.87554,102.81278,马来西亚,柔佛州,峇株巴辖县,,
1.87957,102.80913,马来西亚,柔佛州,峇株巴辖县,,
1.87876,102.80437,马来西亚,柔佛州,峇株巴辖县,,
1.8427,102.85008,马来西亚,柔佛州,峇株巴辖县,,
1.83927,102.87221,马来西亚,柔佛州,峇株巴辖县,,
1.87977,102.93191,马来西亚,柔佛州,峇株巴辖县,,
1.87977,102.92392,马来西亚,柔佛州,峇株巴辖县,,
1.87361,102.92102,马来西亚,柔佛州,峇株巴辖县,,
1.86812,102.92724,马来西亚,柔佛州,峇株巴辖县,,
1.89475,102.90937,马来西亚,柔佛州,峇株巴辖县,,
4.76223,115.0179,马来西亚,砂拉越州,林梦,,R.P.R. Batu Biah Fasa 4
4.75899,115.0065,马来西亚,砂拉越州,林梦,,Kediaman Pasukan Polis Diraja Malaysia
4.76451,115.02269,马来西亚,砂拉越州,林梦,,Taman Nyuk Lan
4.81739,114.98387,马来西亚,砂拉越州,林梦,,
4.75835,115.0151,马来西亚,砂拉越州,林梦,,Pasukan Gerakan AM Limbang (PGA)
4.76171,115.00881,马来西亚,砂拉越州,林梦,,Taman Sentosa
5.47541,100.26728,马来西亚,槟城州,东北县,峇都丁宜,
