latitude,longitude,country,admin_1,admin_2,admin_3,admin_4
12.9453867,99.94108159,泰國,佛丕府,塔央縣,Ban Nai Dong,
12.69840477,99.72425871,泰國,佛丕府,塔央縣,Khao Krapuk,
12.77676796,99.70175054,泰國,佛丕府,塔央縣,Klat Luang,
12.97620706,99.9381955,泰國,佛丕府,塔央縣,Map Pla Khao,
12.93813686,99.96833265,泰國,佛丕府,塔央縣,Nong Chok,
12.94258814,100.0139864,泰國,佛丕府,塔央縣,Puek Tian,
12.92156669,99.87240747,泰國,佛丕府,塔央縣,Tha Khoi,
12.96436967,99.83472471,泰國,佛丕府,塔央縣,Tha Laeng,
12.84725871,99.81432986,泰國,佛丕府,塔央縣,Tha Mai Ruak,
12.95325561,99.90415962,泰國,佛丕府,塔央縣,Tha Yang,
12.91643802,99.80146971,泰國,佛丕府,塔央縣,Wang Khrai,
12.99059993,99.8834351,泰國,佛丕府,塔央縣,Yang Yong,
12.87108362,100.00013657,泰國,佛丕府,差安縣,Bang Kao,
12.74414951,99.95165424,泰國,佛丕府,差安縣,Cha-Am,
12.86090337,99.89107569,泰國,佛丕府,差安縣,Don Khun Huai,
12.71543867,99.83152974,泰國,佛丕府,差安縣,Huai Sai Nuea,
12.79838375,99.90102118,泰國,佛丕府,差安縣,Khao Yai,
12.87744961,99.94747119,泰國,佛丕府,差安縣,Na Yang,
12.89953701,99.9879347,泰國,佛丕府,差安縣,Nong Sala,
12.65203194,99.80320063,泰國,佛丕府,差安縣,Rai Mai Phatthana,
12.680676,99.88772815,泰國,佛丕府,差安縣,Sam Phraya,
12.88155436,99.37209082,泰國,佛丕府,根格拉占縣,Huai Mae Phriang,
12.95681775,99.60116985,泰國,佛丕府,根格拉占縣,Kaeng Krachan,
12.65281752,99.50110091,泰國,佛丕府,根格拉占縣,Pa Deng,
13.00395065,99.7080873,泰國,佛丕府,根格拉占縣,Phu Sawan,
12.85308964,99.61517159,泰國,佛丕府,根格拉占縣,Song Phi Nong,
12.94270562,99.73607347,泰國,佛丕府,根格拉占縣,Wang Chan,
13.07755225,99.91690196,泰國,佛丕府,班拉縣,Ban Hat,
13.05787776,99.92500449,泰國,佛丕府,班拉縣,Ban Lat,
13.08415358,99.82276774,泰國,佛丕府,班拉縣,Ban Than,
13.03788941,99.81534295,泰國,佛丕府,班拉縣,Huai Khong,
13.01176725,99.79241736,泰國,佛丕府,班拉縣,Huai Luek,
13.10384005,99.89515853,泰國,佛丕府,班拉縣,Lat Pho,
13.0605066,99.8137808,泰國,佛丕府,班拉縣,Nong Kapu,
12.99970808,99.95328539,泰國,佛丕府,班拉縣,Nong Krachet,
13.11122746,99.82148326,泰國,佛丕府,班拉縣,Rai Khok,
13.0204132,99.93826811,泰國,佛丕府,班拉縣,Rai Makham,
13.0273501,99.86539538,泰國,佛丕府,班拉縣,Rai Sathon,
13.07760927,99.88054987,泰國,佛丕府,班拉縣,Rong Khe,
13.06087722,99.95295733,泰國,佛丕府,班拉縣,Samo Phlue,
13.09528649,99.87823684,泰國,佛丕府,班拉縣,Saphan Krai,
13.02687153,99.89239293,泰國,佛丕府,班拉縣,Tamru,
13.05609503,99.8992558,泰國,佛丕府,班拉縣,Tha Chang,
13.04719642,99.93612905,泰國,佛丕府,班拉縣,Tha Sen,
13.01825551,99.91333435,泰國,佛丕府,班拉縣,Tham Rong,
13.20775078,99.97929212,泰國,佛丕府,班蘭縣,Ban Laem,
13.1028017,100.04904957,泰國,佛丕府,班蘭縣,Bang Kaeo,
13.2050691,99.9339868,泰國,佛丕府,班蘭縣,Bang Khrok,
13.16109709,100.01662657,泰國,佛丕府,班蘭縣,Bang Khun Sai,
13.25895254,99.91250114,泰國,佛丕府,班蘭縣,Bang Tabun,
13.24802597,99.93761609,泰國,佛丕府,班蘭縣,Bang Tabun Ok,
13.04243077,100.07219607,泰國,佛丕府,班蘭縣,Laem Phak Bia,
13.14934093,100.05130236,泰國,佛丕府,班蘭縣,Pak Thale,
13.16229867,99.96999787,泰國,佛丕府,班蘭縣,Tha Raeng,
13.15304334,99.97825144,泰國,佛丕府,班蘭縣,Tha Raeng Ok,
13.15836125,99.94121171,泰國,佛丕府,碧武里府治縣,Ban Kum,
13.0893741,99.93303816,泰國,佛丕府,碧武里府治縣,Ban Mo,
13.15839734,99.89170871,泰國,佛丕府,碧武里府治縣,Bang Chak,
13.1297583,100.01538242,泰國,佛丕府,碧武里府治縣,Bang Chan,
13.10824471,99.99190887,泰國,佛丕府,碧武里府治縣,Chong Sakae,
13.01361281,99.9756729,泰國,佛丕府,碧武里府治縣,Don Yang,
13.00574894,100.04340115,泰國,佛丕府,碧武里府治縣,Hat Chao Samran,
13.11694052,99.86587886,泰國,佛丕府,碧武里府治縣,Hua Saphan,
13.11173471,99.94278656,泰國,佛丕府,碧武里府治縣,Khlong Krachaeng,
13.05415603,100.0340928,泰國,佛丕府,碧武里府治縣,Na Phan Sam,
13.08804027,99.97654813,泰國,佛丕府,碧武里府治縣,Na Wung,
12.99255664,100.01071728,泰國,佛丕府,碧武里府治縣,Nong Khanan,
13.04045819,100.00702156,泰國,佛丕府,碧武里府治縣,Nong Phlap,
13.13164946,99.97054582,泰國,佛丕府,碧武里府治縣,Nong Sano,
13.087336,100.03005224,泰國,佛丕府,碧武里府治縣,Pho Phra,
13.05283949,99.97450037,泰國,佛丕府,碧武里府治縣,Pho Rai Wan,
13.10678824,99.91568273,泰國,佛丕府,碧武里府治縣,Rai Som,
13.0739253,100.00004662,泰國,佛丕府,碧武里府治縣,Sam Marong,
13.09770546,99.95018107,泰國,佛丕府,碧武里府治縣,Tha Rap,
13.15076959,99.918903,泰國,佛丕府,碧武里府治縣,Thong Chai,
13.0780011,99.95751428,泰國,佛丕府,碧武里府治縣,Ton Mamuang,
13.14767044,99.8609192,泰國,佛丕府,碧武里府治縣,Ton Maphrao,
13.13350762,99.89192775,泰國,佛丕府,碧武里府治縣,Wang Tako,
13.1206769,99.90109274,泰國,佛丕府,碧武里府治縣,Wiang Khoi,
13.28465052,99.83774349,泰國,佛丕府,考堯縣,Bang Khem,
13.31542428,99.84012281,泰國,佛丕府,考堯縣,Huai Rong,
13.13936935,99.81415905,泰國,佛丕府,考堯縣,Huai Tha Chang,
13.2301302,99.81519224,泰國,佛丕府,考堯縣,Khao Yoi,
13.28051109,99.77228591,泰國,佛丕府,考堯縣,Nong Chumphon,
13.31204791,99.75255673,泰國,佛丕府,考堯縣,Nong Chumphon Nuea,
13.19292113,99.87785929,泰國,佛丕府,考堯縣,Nong Pla Lai,
13.16954912,99.81978106,泰國,佛丕府,考堯縣,Nong Prong,
13.25733768,99.81280736,泰國,佛丕府,考堯縣,Sa Phang,
13.20181713,99.81030063,泰國,佛丕府,考堯縣,Thap Khang,
13.20483853,99.71284564,泰國,佛丕府,農亞邦縣,Nong Ya Plong,
13.10324202,99.74927793,泰國,佛丕府,農亞邦縣,Tha Takhro,
13.1336991,99.36236082,泰國,佛丕府,農亞邦縣,Yang Nam Klat Nuea,
13.07601941,99.58329489,泰國,佛丕府,農亞邦縣,Yang Nam Klat Tai,
13.68981194,100.24116846,泰國,佛統府,三攀縣,Ban Mai,
13.70007593,100.19936143,泰國,佛統府,三攀縣,Bang Chang,
13.76808387,100.30328944,泰國,佛統府,三攀縣,Bang Krathuek,
13.781186,100.2819273,泰國,佛統府,三攀縣,Bang Toei,
13.7761645,100.23546403,泰國,佛統府,三攀縣,Hom Kret,
13.70121022,100.15136614,泰國,佛統府,三攀縣,Khlong Chinda,
13.73741024,100.19071144,泰國,佛統府,三攀縣,Khlong Mai,
13.73774272,100.3218239,泰國,佛統府,三攀縣,Krathum Lom,
13.70009936,100.26811377,泰國,佛統府,三攀縣,Om Yai,
13.73755614,100.28193471,泰國,佛統府,三攀縣,Rai Khing,
13.71581836,100.21894102,泰國,佛統府,三攀縣,Sam Phran,
13.77935088,100.26059418,泰國,佛統府,三攀縣,Song Khanong,
13.67643975,100.09432829,泰國,佛統府,三攀縣,Talat Chinda,
13.71439947,100.24513051,泰國,佛統府,三攀縣,Tha Kham,
13.74869338,100.23700877,泰國,佛統府,三攀縣,Tha Talat,
13.73291482,100.23600136,泰國,佛統府,三攀縣,Yai Cha,
13.86461404,99.92961582,泰國,佛統府,佛統府治縣,Ban Yang,
13.75396021,100.03414976,泰國,佛統府,佛統府治縣,Bang Khaem,
13.83588562,100.07196599,泰國,佛統府,佛統府治縣,Bo Phlap,
13.72760198,100.07378345,泰國,佛統府,佛統府治縣,Don Yai Hom,
13.80422317,100.06689459,泰國,佛統府,佛統府治縣,Huai Chorakhe,
13.81108727,100.02022185,泰國,佛統府,佛統府治縣,Lam Phaya,
13.87046245,100.07410262,泰國,佛統府,佛統府治縣,Map Khae,
13.84853612,100.04430575,泰國,佛統府,佛統府治縣,Nakhon Pathom,
13.79019326,99.98438092,泰國,佛統府,佛統府治縣,Nong Din Daeng,
13.9147669,99.95338159,泰國,佛統府,佛統府治縣,Nong Ngu Lueam,
13.84747202,100.0035507,泰國,佛統府,佛統府治縣,Nong Pak Long,
13.82006218,100.05767045,泰國,佛統府,佛統府治縣,Phra Pathom Chedi,
13.81101652,100.08816308,泰國,佛統府,佛統府治縣,Phra Prathon,
13.849053,99.97457307,泰國,佛統府,佛統府治縣,Phrong Maduea,
13.76153687,99.97398736,泰國,佛統府,佛統府治縣,Sa Kathiam,
13.84125971,100.11344952,泰國,佛統府,佛統府治縣,Sam Khwai Phueak,
13.80157868,100.04734661,泰國,佛統府,佛統府治縣,Sanam Chan,
13.75139577,99.95493454,泰國,佛統府,佛統府治縣,Suan Pan,
13.89071832,100.05213009,泰國,佛統府,佛統府治縣,Ta Kong,
13.80930014,100.10660681,泰國,佛統府,佛統府治縣,Thammasala,
13.77771377,100.07703803,泰國,佛統府,佛統府治縣,Thanon Khat,
13.88965259,100.00394837,泰國,佛統府,佛統府治縣,Thap Luang,
13.8560396,100.0957542,泰國,佛統府,佛統府治縣,Thung Noi,
13.85738079,100.01575772,泰國,佛統府,佛統府治縣,Wang Taku,
13.76680123,100.00844297,泰國,佛統府,佛統府治縣,Wang Yen,
13.91010582,100.14753961,泰國,佛統府,敦敦縣,Ban Luang,
13.93421463,100.13302406,泰國,佛統府,敦敦縣,Don Phutsa,
13.88670235,100.11747795,泰國,佛統府,敦敦縣,Don Ruak,
13.90314486,100.10217632,泰國,佛統府,敦敦縣,Huai Duan,
13.92992004,100.08409994,泰國,佛統府,敦敦縣,Huai Phra,
13.95765727,100.04404796,泰國,佛統府,敦敦縣,Lam Hoei,
14.02240299,100.09026505,泰國,佛統府,敦敦縣,Lam Luk Bua,
13.97976719,100.08179357,泰國,佛統府,敦敦縣,Sam Ngam,
13.86239427,100.28142271,泰國,佛統府,普他蒙通縣,Khlong Yong,
13.81552681,100.26218617,泰國,佛統府,普他蒙通縣,Mahasawat,
13.80324422,100.30859594,泰國,佛統府,普他蒙通縣,Sala Ya,
14.01542357,100.17434901,泰國,佛統府,班倫縣,Bang Len,
14.11912826,100.10713443,泰國,佛統府,班倫縣,Bang Luang,
14.03835396,100.24219018,泰國,佛統府,班倫縣,Bang Phasi,
13.97049924,100.15757009,泰國,佛統府,班倫縣,Bang Pla,
13.92732224,100.20747546,泰國,佛統府,班倫縣,Bang Rakam,
14.0526056,100.17583911,泰國,佛統府,班倫縣,Bang Sai Pa,
14.15866791,100.22879811,泰國,佛統府,班倫縣,Bua Pak Tha,
13.9978573,100.11913265,泰國,佛統府,班倫縣,Don Tum,
14.10414077,100.14686707,泰國,佛統府,班倫縣,Hin Mun,
13.9871675,100.21892387,泰國,佛統府,班倫縣,Khlong Nok Krathung,
13.95893704,100.21656379,泰國,佛統府,班倫縣,Lam Phaya,
13.94883891,100.2619574,泰國,佛統府,班倫縣,Nara Phirom,
14.12331663,100.24081008,泰國,佛統府,班倫縣,Nin Phet,
14.05999492,100.09708635,泰國,佛統府,班倫縣,Phai Hu Chang,
14.08922048,100.21109307,泰國,佛統府,班倫縣,Sai Ngam,
14.02173278,100.03528426,泰國,佛統府,甘烹盛縣,Don Khoi,
13.92270379,100.01595026,泰國,佛統府,甘烹盛縣,Huai Khwang,
13.9668819,99.92199254,泰國,佛統府,甘烹盛縣,Huai Mon Thong,
14.12824013,100.02513831,泰國,佛統府,甘烹盛縣,Huai Muang,
14.02385631,99.98082915,泰國,佛統府,甘烹盛縣,Kamphaeng Saen,
14.1077403,99.94634092,泰國,佛統府,甘烹盛縣,Kratip,
14.04244819,99.85350649,泰國,佛統府,甘烹盛縣,Nong Krathum,
14.00765193,99.93477507,泰國,佛統府,甘烹盛縣,Rang Phikun,
14.09387517,100.01722828,泰國,佛統府,甘烹盛縣,Sa Phatthana,
14.06361619,100.0048825,泰國,佛統府,甘烹盛縣,Sa Si Mum,
14.04091208,99.93549882,泰國,佛統府,甘烹盛縣,Thung Bua,
13.96673637,99.96408691,泰國,佛統府,甘烹盛縣,Thung Khwang,
13.97520909,99.99212502,泰國,佛統府,甘烹盛縣,Thung Kraphang Hom,
14.02318273,99.88499345,泰國,佛統府,甘烹盛縣,Thung Luk Nok,
13.98007612,100.01930648,泰國,佛統府,甘烹盛縣,Wang Nam Khiao,
13.76671015,100.16682205,泰國,佛統府,那空差西縣,Bang Kaeo,
13.89585287,100.23564476,泰國,佛統府,那空差西縣,Bang Kaeo Fa,
13.79042448,100.18403169,泰國,佛統府,那空差西縣,Bang Krabao,
13.90246114,100.19146307,泰國,佛統府,那空差西縣,Bang Phra,
13.75916747,100.11922656,泰國,佛統府,那空差西縣,Bang Rakam,
13.85648317,100.22965533,泰國,佛統府,那空差西縣,Don Faek,
13.87630641,100.22824168,泰國,佛統府,那空差西縣,Huai Phlu,
13.72650364,100.1265923,泰國,佛統府,那空差西縣,Khok Phra Chedi,
13.76749039,100.20181191,泰國,佛統府,那空差西縣,Khun Kaeo,
13.85734792,100.14724638,泰國,佛統府,那空差西縣,Laem Bua,
13.83803061,100.24543208,泰國,佛統府,那空差西縣,Lan Tak Fa,
13.78462418,100.19383528,泰國,佛統府,那空差西縣,Nakhon Chai Si,
13.80836472,100.20874928,泰國,佛統府,那空差西縣,Ngio Rai,
13.79288516,100.12261272,泰國,佛統府,那空差西縣,Phaniat,
13.82659243,100.19801121,泰國,佛統府,那空差西縣,Sampathuan,
13.86260864,100.17188384,泰國,佛統府,那空差西縣,Si Mahapho,
13.81783517,100.14390322,泰國,佛統府,那空差西縣,Sisa Thong,
13.76166744,100.15494611,泰國,佛統府,那空差西縣,Tha Krachap,
13.78350332,100.14310286,泰國,佛統府,那空差西縣,Tha Phraya,
13.77341981,100.1784731,泰國,佛統府,那空差西縣,Tha Tamnak,
13.79600414,100.21668055,泰國,佛統府,那空差西縣,Thaiyawat,
13.81465988,100.17523243,泰國,佛統府,那空差西縣,Wat Khae,
13.88049795,100.18479653,泰國,佛統府,那空差西縣,Wat Lamut,
13.82854945,100.21712498,泰國,佛統府,那空差西縣,Wat Samrong,
14.91015208,100.36128132,泰國,信武里府,信武里府治縣,Bang Krabue,
14.91146849,100.40484235,泰國,信武里府,信武里府治縣,Bang Man,
14.88793502,100.40444567,泰國,信武里府,信武里府治縣,Bang Phutsa,
14.83653542,100.39888615,泰國,信武里府,信武里府治縣,Chaksi,
14.96772089,100.4314483,泰國,信武里府,信武里府治縣,Hua Phai,
14.86815241,100.43216421,泰國,信武里府,信武里府治縣,Muang Mu,
14.94328446,100.39303194,泰國,信武里府,信武里府治縣,Phok Ruam,
14.86911789,100.39796539,泰國,信武里府,信武里府治縣,Ton Pho,
15.08227332,100.32733797,泰國,信武里府,因武里縣,Chi Nam Rai,
15.00915968,100.27681552,泰國,信武里府,因武里縣,Huai Chan,
15.00798358,100.32819657,泰國,信武里府,因武里縣,In Buri,
14.97419147,100.37112153,泰國,信武里府,因武里縣,Namtan,
14.99920507,100.39009489,泰國,信武里府,因武里縣,Ngio Rai,
15.02632127,100.43950792,泰國,信武里府,因武里縣,Pho Chai,
15.04340336,100.2903514,泰國,信武里府,因武里縣,Prasuk,
15.04603544,100.34239631,泰國,信武里府,因武里縣,Tha Ngam,
14.96337232,100.32981669,泰國,信武里府,因武里縣,Thap Ya,
15.04538366,100.38420614,泰國,信武里府,因武里縣,Thong En,
14.77165094,100.41019145,泰國,信武里府,塔昌縣,Phikun Thong,
14.78220942,100.3697467,泰國,信武里府,塔昌縣,Pho Prachak,
14.76743663,100.38687032,泰國,信武里府,塔昌縣,Thon Samo,
14.80390448,100.39579997,泰國,信武里府,塔昌縣,Wihan Khao,
14.74608684,100.460949,泰國,信武里府,蓬武里縣,Ban Mo,
14.80981754,100.45831683,泰國,信武里府,蓬武里縣,Ban Paeng,
14.7830081,100.45807751,泰國,信武里府,蓬武里縣,Bang Nam Chiao,
14.82652355,100.42453886,泰國,信武里府,蓬武里縣,Hua Pa,
14.75314918,100.43052449,泰國,信武里府,蓬武里縣,Phra Ngam,
14.83568677,100.44975497,泰國,信武里府,蓬武里縣,Phrom Buri,
14.79881007,100.43221694,泰國,信武里府,蓬武里縣,Rong Chang,
14.85224178,100.28450261,泰國,信武里府,邦拉占縣,Ban Cha,
14.90952521,100.26890304,泰國,信武里府,邦拉占縣,Choeng Klat,
14.93706541,100.31985351,泰國,信武里府,邦拉占縣,Mae La,
14.86670686,100.31734602,泰國,信武里府,邦拉占縣,Mai Dat,
14.9250907,100.22133902,泰國,信武里府,邦拉占縣,Phak Than,
14.92936693,100.29175693,泰國,信武里府,邦拉占縣,Pho Chon Kai,
14.87341386,100.23487242,泰國,信武里府,邦拉占縣,Sa Chaeng,
14.89035426,100.33412233,泰國,信武里府,邦拉占縣,Sing,
14.79958242,100.31721473,泰國,信武里府,開邦拉占縣,Bang Rachan,
14.82032711,100.30015757,泰國,信武里府,開邦拉占縣,Kho Sai,
14.81963411,100.22514635,泰國,信武里府,開邦拉占縣,Nong Krathum,
14.82801095,100.35157339,泰國,信武里府,開邦拉占縣,Pho Sangkho,
14.8288061,100.25670178,泰國,信武里府,開邦拉占縣,Pho Thale,
14.83608387,100.37672858,泰國,信武里府,開邦拉占縣,Tha Kham,
16.8692115,103.36681062,泰國,加拉信府,他堪托縣,Dong Sombun,
16.86880118,103.18865588,泰國,加拉信府,他堪托縣,Kung Kao,
16.89838664,103.13070151,泰國,加拉信府,他堪托縣,Kut Chik,
16.87036443,103.2668372,泰國,加拉信府,他堪托縣,Na Tan,
16.90384086,103.22021703,泰國,加拉信府,他堪托縣,Tha Khantho,
16.89460363,103.30770121,泰國,加拉信府,他堪托縣,Yang Um,
16.53034214,103.48750122,泰國,加拉信府,加拉信府治縣,Bueng Wichai,
16.42058429,103.63123149,泰國,加拉信府,加拉信府治縣,Chiang Khruea,
16.37856514,103.57137658,泰國,加拉信府,加拉信府治縣,Huai Pho,
16.43703714,103.51708574,泰國,加拉信府,加拉信府治縣,Kalasin,
16.60291802,103.56911989,泰國,加拉信府,加拉信府治縣,Khamin,
16.54097642,103.66368215,泰國,加拉信府,加拉信府治縣,Klang Muen,
16.59178487,103.44674371,泰國,加拉信府,加拉信府治縣,Lam Khlong,
16.59573672,103.50143353,泰國,加拉信府,加拉信府治縣,Lampao,
16.46070715,103.47590126,泰國,加拉信府,加拉信府治縣,Lamphan,
16.39321959,103.51247203,泰國,加拉信府,加拉信府治縣,Lup,
16.55940832,103.64246612,泰國,加拉信府,加拉信府治縣,Na Chan,
16.53372152,103.52501942,泰國,加拉信府,加拉信府治縣,Nong Kung,
16.44201502,103.57126739,泰國,加拉信府,加拉信府治縣,Nuea,
16.51804398,103.57028824,泰國,加拉信府,加拉信府治縣,Phai,
16.47169361,103.54476323,泰國,加拉信府,加拉信府治縣,Phon Thong,
16.63994515,103.4990485,泰國,加拉信府,加拉信府治縣,Phu Din,
16.59075834,103.61650177,泰國,加拉信府,加拉信府治縣,Phu Po,
16.52526457,104.05017932,泰國,加拉信府,古奇那萊縣,Bua Khao,
16.55606606,103.99106996,泰國,加拉信府,古奇那萊縣,Chaen Laen,
16.4492419,104.09299313,泰國,加拉信府,古奇那萊縣,Chumchang,
16.5037186,104.00208001,泰國,加拉信府,古奇那萊縣,Kut Khao,
16.52894973,104.16903829,泰國,加拉信府,古奇那萊縣,Kut Wa,
16.4610563,104.17978736,泰國,加拉信府,古奇那萊縣,Lao Hai Ngam,
16.62051822,103.9909316,泰國,加拉信府,古奇那萊縣,Lao Yai,
16.50610298,103.90431125,泰國,加拉信府,古奇那萊縣,Na Kham,
16.60641716,104.05491167,泰國,加拉信府,古奇那萊縣,Na Ko,
16.57550894,104.11725062,泰國,加拉信府,古奇那萊縣,Nong Hang,
16.46538922,103.96754694,泰國,加拉信府,古奇那萊縣,Sam Kha,
16.4517515,104.04823286,泰國,加拉信府,古奇那萊縣,Som Sa-At,
16.95888506,103.71939429,泰國,加拉信府,堪孟縣,Din Chi,
16.88102923,103.67329918,泰國,加拉信府,堪孟縣,Na Bon,
17.02357279,103.61353764,泰國,加拉信府,堪孟縣,Na Than,
16.79961852,103.65419412,泰國,加拉信府,堪孟縣,Noen Yang,
16.86426196,103.61498857,泰國,加拉信府,堪孟縣,Phon,
16.93561789,103.64316932,泰國,加拉信府,堪孟縣,Thung Khlong,
16.48822185,103.42678541,泰國,加拉信府,央達拉縣,Bua Ban,
16.4282567,103.42244216,泰國,加拉信府,央達拉縣,Don Sombun,
16.39984799,103.22052933,泰國,加拉信府,央達拉縣,Hua Na Kham,
16.35121383,103.42279396,泰國,加拉信府,央達拉縣,Hua Ngua,
16.46435156,103.2619581,泰國,加拉信府,央達拉縣,I Tue,
16.52645435,103.37715685,泰國,加拉信府,央達拉縣,Khao Phra Non,
16.44281995,103.32884392,泰國,加拉信府,央達拉縣,Khlong Kham,
16.56654775,103.4115931,泰國,加拉信府,央達拉縣,Na Chueak,
16.35940356,103.47486357,泰國,加拉信府,央達拉縣,Na Di,
16.47116452,103.20886458,泰國,加拉信府,央達拉縣,Non Sung,
16.34033796,103.37065309,泰國,加拉信府,央達拉縣,Nong I Thao,
16.31763239,103.4036306,泰國,加拉信府,央達拉縣,Nong Tok Paen,
16.38580253,103.43965189,泰國,加拉信府,央達拉縣,Um Mao,
16.53490434,103.34834484,泰國,加拉信府,央達拉縣,Woe,
16.39070413,103.35219825,泰國,加拉信府,央達拉縣,Yang Talat,
16.28424984,103.43395416,泰國,加拉信府,孔猜縣,Khok Sa-At,
16.25356435,103.46589429,泰國,加拉信府,孔猜縣,Khong Chai Phatthana,
16.21417654,103.48512792,泰國,加拉信府,孔猜縣,Lam Chi,
16.24354706,103.51659621,泰國,加拉信府,孔猜縣,Lao Klang,
16.32272016,103.49242837,泰國,加拉信府,孔猜縣,Non Sila Loeng,
16.61230008,103.93329948,泰國,加拉信府,會彭縣,Khai Nun,
16.71197937,103.86399424,泰國,加拉信府,會彭縣,Kham Bong,
16.67434882,103.90902539,泰國,加拉信府,會彭縣,Nikhom Huai Phueng,
16.5974844,103.87186307,泰國,加拉信府,會彭縣,Nong I But,
16.60035237,103.28754285,泰國,加拉信府,會梅縣,Bueng Na Riang,
16.59192809,103.34050669,泰國,加拉信府,會梅縣,Hua Hin,
16.59581048,103.21646565,泰國,加拉信府,會梅縣,Huai Mek,
16.52671041,103.20101375,泰國,加拉信府,會梅縣,Kham Mueat Kaeo,
16.65437554,103.19131015,泰國,加拉信府,會梅縣,Kham Yai,
16.54289113,103.26811133,泰國,加拉信府,會梅縣,Kut Don,
16.53258311,103.32183455,泰國,加拉信府,會梅縣,Non Sa-At,
16.6986382,103.18510766,泰國,加拉信府,會梅縣,Phimun,
16.73884243,103.17108089,泰國,加拉信府,會梅縣,Sai Thong,
16.42754537,103.69700541,泰國,加拉信府,東占縣,Don Chan,
16.52752013,103.70845906,泰國,加拉信府,東占縣,Dong Phayung,
16.47445397,103.6378267,泰國,加拉信府,東占縣,Muang Na,
16.4898427,103.72580053,泰國,加拉信府,東占縣,Na Champa,
16.459413,103.76946647,泰國,加拉信府,東占縣,Sa-At Chai Si,
16.25488209,103.70738879,泰國,加拉信府,榮堪縣,Lao Oi,
16.26779523,103.73748146,泰國,加拉信府,榮堪縣,Rong Kham,
16.31485766,103.71485996,泰國,加拉信府,榮堪縣,Samakkhi,
16.67709122,103.63309819,泰國,加拉信府,沙哈坎縣,Na Makhuea,
16.6765376,103.49051307,泰國,加拉信府,沙哈坎縣,Nikhom,
16.70432279,103.49267821,泰國,加拉信府,沙哈坎縣,Non Buri,
16.74779861,103.62354897,泰國,加拉信府,沙哈坎縣,Non Laem Thong,
16.6796616,103.55668543,泰國,加拉信府,沙哈坎縣,Non Nam Kliang,
16.79586422,103.59461829,泰國,加拉信府,沙哈坎縣,Non Sila,
16.74118757,103.50326077,泰國,加拉信府,沙哈坎縣,Phu Sing,
16.72387557,103.57151864,泰國,加拉信府,沙哈坎縣,Sahatsakhan,
16.21948475,103.61437066,泰國,加拉信府,甲馬拉賽縣,Chao Tha,
16.24945478,103.66167332,泰國,加拉信府,甲馬拉賽縣,Dong Ling,
16.32093115,103.55298124,泰國,加拉信府,甲馬拉賽縣,Kamalasai,
16.35989645,103.67062969,泰國,加拉信府,甲馬拉賽縣,Khok Sombun,
16.31679437,103.61102018,泰國,加拉信府,甲馬拉賽縣,Lak Mueang,
16.29052768,103.49471475,泰國,加拉信府,甲馬拉賽縣,Nong Paen,
16.31594139,103.65861199,泰國,加拉信府,甲馬拉賽縣,Phon Ngam,
16.25847674,103.56821253,泰國,加拉信府,甲馬拉賽縣,Thanya,
16.68215353,104.12748774,泰國,加拉信府,考翁縣,Khum Kao,
16.71730416,104.11457562,泰國,加拉信府,考翁縣,Kut Pla Khao,
16.66956731,104.05978853,泰國,加拉信府,考翁縣,Kut Sinkhum Mai,
16.74895903,104.09840936,泰國,加拉信府,考翁縣,Nong Phue,
16.71689636,104.05588458,泰國,加拉信府,考翁縣,Sa Phang Thong,
16.63135109,104.14427126,泰國,加拉信府,考翁縣,Song Plueai,
16.8127429,103.54538437,泰國,加拉信府,訕猜縣,Kham Sang Thiang,
16.91344783,103.57124456,泰國,加拉信府,訕猜縣,Nong Chang,
16.94144536,103.52453867,泰國,加拉信府,訕猜縣,Samran,
16.81418973,103.47946867,泰國,加拉信府,訕猜縣,Samran Tai,
16.77915344,103.31295933,泰國,加拉信府,農恭是縣,Dong Mun,
16.75097474,103.26599589,泰國,加拉信府,農恭是縣,Khok Khruea,
16.67331433,103.31295184,泰國,加拉信府,農恭是縣,Lam Nong Saen,
16.71702559,103.39080744,泰國,加拉信府,農恭是縣,Nong Bua,
16.81704028,103.37227097,泰國,加拉信府,農恭是縣,Nong Hin,
16.64114337,103.28444477,泰國,加拉信府,農恭是縣,Nong Kung Si,
16.76569601,103.42589892,泰國,加拉信府,農恭是縣,Nong Suang,
16.71308006,103.22461245,泰國,加拉信府,農恭是縣,Nong Yai,
16.64747421,103.39187088,泰國,加拉信府,農恭是縣,Sao Lao,
16.7927265,103.99355532,泰國,加拉信府,那庫縣,Bo Kaeo,
16.79409661,104.04234649,泰國,加拉信府,那庫縣,Na Khu,
16.72849208,103.98878051,泰國,加拉信府,那庫縣,Non Na Chan,
16.68944228,103.97017616,泰國,加拉信府,那庫縣,Phu Laen Chang,
16.76313131,104.06130121,泰國,加拉信府,那庫縣,Sai Na Wang,
16.54918969,103.82026535,泰國,加拉信府,那蒙縣,Lak Liam,
16.5667345,103.77259774,泰國,加拉信府,那蒙縣,Na Mon,
16.53365039,103.85495621,泰國,加拉信府,那蒙縣,Nong Bua,
16.6236608,103.79327726,泰國,加拉信府,那蒙縣,Song Plueai,
16.62620813,103.73059678,泰國,加拉信府,那蒙縣,Yot Kaeng,
16.7039383,103.79270114,泰國,加拉信府,頌代縣,Lam Huai Lua,
16.82266699,103.78202542,泰國,加拉信府,頌代縣,Mahachai,
16.75929959,103.67848006,泰國,加拉信府,頌代縣,Mu Mon,
16.66224266,103.68918191,泰國,加拉信府,頌代縣,Nong Waeng,
16.78366325,103.83322016,泰國,加拉信府,頌代縣,Pha Sawoei,
16.85927141,103.73261368,泰國,加拉信府,頌代縣,Saeng Badan,
16.73890595,103.72094493,泰國,加拉信府,頌代縣,Si Somdet,
16.7055566,103.75412548,泰國,加拉信府,頌代縣,Somdet,
6.73032491,101.38481867,泰國,北大年府,Mayo,Ko Chan,
6.75276074,101.38571516,泰國,北大年府,Mayo,Kraso,
6.76143845,101.44235882,泰國,北大年府,Mayo,Krawa,
6.73567454,101.47435623,泰國,北大年府,Mayo,La-Nga,
6.65548309,101.4005541,泰國,北大年府,Mayo,Lubo Yiri,
6.71671459,101.41817061,泰國,北大年府,Mayo,Mayo,
6.71855527,101.33568054,泰國,北大年府,Mayo,Pa Nan,
6.6794175,101.35923926,泰國,北大年府,Mayo,Pado,
6.72967387,101.44635974,泰國,北大年府,Mayo,Sakam,
6.756125,101.34462517,泰國,北大年府,Mayo,Sakho Bon,
6.7472748,101.35708788,泰國,北大年府,Mayo,Sakho Tai,
6.74850595,101.4192162,泰國,北大年府,Mayo,Thanon,
6.70061165,101.3774482,泰國,北大年府,Mayo,Trang,
6.59628988,101.33591007,泰國,北大年府,也蘭縣,Khao Tum,
6.73624731,101.26393134,泰國,北大年府,也蘭縣,Khlong Mai,
6.66664744,101.33328105,泰國,北大年府,也蘭縣,Ko Lam,
6.71483807,101.30422507,泰國,北大年府,也蘭縣,Krado,
6.66468191,101.30506545,泰國,北大年府,也蘭縣,Mo Mawi,
6.74178033,101.2830934,泰國,北大年府,也蘭縣,Pitu Mudi,
6.79745948,101.28842921,泰國,北大年府,也蘭縣,Prachan,
6.75707327,101.32122214,泰國,北大年府,也蘭縣,Rawaeng,
6.82034508,101.31232339,泰國,北大年府,也蘭縣,Sadawa,
6.78652403,101.32282683,泰國,北大年府,也蘭縣,Sano,
6.73684694,101.31094624,泰國,北大年府,也蘭縣,Wat,
6.77167936,101.28837589,泰國,北大年府,也蘭縣,Yarang,
6.78099193,101.43869755,泰國,北大年府,也鄰縣,Baloi,
6.87185331,101.34629902,泰國,北大年府,也鄰縣,Bang Pu,
6.84622802,101.44982217,泰國,北大年府,也鄰縣,Charang,
6.93196531,101.30044675,泰國,北大年府,也鄰縣,Laem Pho,
6.81189576,101.40275227,泰國,北大年府,也鄰縣,Manang Yong,
6.84883123,101.40343066,泰國,北大年府,也鄰縣,Nong Raet,
6.82916053,101.38037433,泰國,北大年府,也鄰縣,Piya Mumang,
6.76963917,101.38914568,泰國,北大年府,也鄰縣,Pulakong,
6.82019516,101.35250697,泰國,北大年府,也鄰縣,Rata Panyang,
6.81933921,101.4423664,泰國,北大年府,也鄰縣,Saban,
6.84513116,101.33615545,泰國,北大年府,也鄰縣,Ta Kae,
6.79060213,101.39079969,泰國,北大年府,也鄰縣,Tali-Ai,
6.78218413,101.35206393,泰國,北大年府,也鄰縣,Talo,
6.8795122,101.40288265,泰國,北大年府,也鄰縣,Talo Kapo,
6.78830585,101.45907091,泰國,北大年府,也鄰縣,Tanyong Chueng Nga,
6.81609127,101.42519411,泰國,北大年府,也鄰縣,Tanyong Dalo,
6.8032372,101.45100306,泰國,北大年府,也鄰縣,To Lang,
6.85788352,101.37002382,泰國,北大年府,也鄰縣,Ya Mu,
6.86838494,101.25771052,泰國,北大年府,北大年府治縣,A Noru,
6.87653286,101.27754327,泰國,北大年府,北大年府治縣,Bana,
6.82918725,101.26936128,泰國,北大年府,北大年府治縣,Bara Ho,
6.87035523,101.31892642,泰國,北大年府,北大年府治縣,Bara Hom,
6.85675887,101.25168997,泰國,北大年府,北大年府治縣,Chabang Tiko,
6.84900929,101.3145026,泰國,北大年府,北大年府治縣,Kami Yo,
6.85020006,101.30144991,泰國,北大年府,北大年府治縣,Khlong Maning,
6.83576167,101.23442974,泰國,北大年府,北大年府治縣,Paka Harang,
6.81181062,101.26662758,泰國,北大年府,北大年府治縣,Pu Yut,
6.8703944,101.22864965,泰國,北大年府,北大年府治縣,Ru Samilae,
6.87160774,101.24871993,泰國,北大年府,北大年府治縣,Sabarang,
6.84996325,101.26970972,泰國,北大年府,北大年府治縣,Talu Bo,
6.87686187,101.30804406,泰國,北大年府,北大年府治縣,Tanyong Lulo,
6.57376368,101.55528402,泰國,北大年府,咖坡縣,Karubi,
6.63435518,101.52087888,泰國,北大年府,咖坡縣,Plong Hoi,
6.60795834,101.56856859,泰國,北大年府,咖坡縣,Talo Due Raman,
6.64496227,101.23085478,泰國,北大年府,咪蘭縣,Mae Lan,
6.68045961,101.26131772,泰國,北大年府,咪蘭縣,Muang Tia,
6.68492785,101.20951632,泰國,北大年府,咪蘭縣,Pa Rai,
6.83340106,101.51777399,泰國,北大年府,巴那歷縣,Ban Klang,
6.80778974,101.56502733,泰國,北大年府,巴那歷縣,Ban Nam Bo,
6.81255743,101.47838475,泰國,北大年府,巴那歷縣,Ban Nok,
6.78514343,101.48557788,泰國,北大年府,巴那歷縣,Don,
6.79954905,101.52345779,泰國,北大年府,巴那歷縣,Khok Krabue,
6.75503054,101.49558942,泰國,北大年府,巴那歷縣,Khuan,
6.86324144,101.48171937,泰國,北大年府,巴那歷縣,Panare,
6.78815381,101.54748761,泰國,北大年府,巴那歷縣,Pho Ming,
6.83694149,101.48131912,泰國,北大年府,巴那歷縣,Tha Kham,
6.76785468,101.51573289,泰國,北大年府,巴那歷縣,Tha Nam,
6.76250648,101.58561325,泰國,北大年府,柿武裏縣,Bang Kao,
6.72204459,101.56830782,泰國,北大年府,柿武裏縣,Buere,
6.64632269,101.55633022,泰國,北大年府,柿武裏縣,Kadunong,
6.65689639,101.62445414,泰國,北大年府,柿武裏縣,Lahan,
6.64770879,101.59595565,泰國,北大年府,柿武裏縣,Manang Dalam,
6.74562949,101.54794731,泰國,北大年府,柿武裏縣,Paen,
6.72307114,101.6015228,泰國,北大年府,柿武裏縣,Pase Yawo,
6.68079667,101.59002505,泰國,北大年府,柿武裏縣,Tabing,
6.69227688,101.63422569,泰國,北大年府,柿武裏縣,Talu Ban,
6.71971544,101.51670628,泰國,北大年府,柿武裏縣,Thung Khla,
6.6879833,101.54517458,泰國,北大年府,柿武裏縣,Tro Bon,
6.59495152,101.70164092,泰國,北大年府,賣敬縣,Don Sai,
6.65233169,101.65899346,泰國,北大年府,賣敬縣,Mai Kaen,
6.60373362,101.67308422,泰國,北大年府,賣敬縣,Sai Thong,
6.63124758,101.64881177,泰國,北大年府,賣敬縣,Talo Krai Thong,
6.83211511,101.13080536,泰國,北大年府,農集縣,Bang Khao,
6.85930196,101.16564142,泰國,北大年府,農集縣,Bang Tawa,
6.78766385,101.13695767,泰國,北大年府,農集縣,Bo Thong,
6.71628277,101.24295066,泰國,北大年府,農集縣,Dato,
6.84034862,101.20929717,泰國,北大年府,農集縣,Don Rak,
6.74686425,101.21944449,泰國,北大年府,農集縣,Kholo Tanyong,
6.81345036,101.20273591,泰國,北大年府,農集縣,Ko Po,
6.79985598,101.22722675,泰國,北大年府,農集縣,Lipa Sa-Ngo,
6.783576,101.19252352,泰國,北大年府,農集縣,Pulo Puyo,
6.82776334,101.07351505,泰國,北大年府,農集縣,Tha Kamcham,
6.82874057,101.17615139,泰國,北大年府,農集縣,Tuyong,
6.78017221,101.24651968,泰國,北大年府,農集縣,Ya Bi,
6.610177,101.44386945,泰國,北大年府,通央蓮縣,Nam Dam,
6.62924088,101.47674184,泰國,北大年府,通央蓮縣,Pa Ku,
6.68208668,101.46819954,泰國,北大年府,通央蓮縣,Phithen,
6.6026557,101.40097128,泰國,北大年府,通央蓮縣,Talo Maena,
6.75597391,101.09817012,泰國,北大年府,鵠坡縣,Bang Kro,
6.68312678,101.07347773,泰國,北大年府,鵠坡縣,Chang Hai Tok,
6.73533741,101.05573256,泰國,北大年府,鵠坡縣,Khok Pho,
6.70557707,101.18283727,泰國,北大年府,鵠坡縣,Khuan Nori,
6.73113679,101.12254179,泰國,北大年府,鵠坡縣,Makrut,
6.74622887,101.15416443,泰國,北大年府,鵠坡縣,Na Ket,
6.67843193,101.1382133,泰國,北大年府,鵠坡縣,Na Pradu,
6.70944092,101.09451251,泰國,北大年府,鵠坡縣,Pa Bon,
6.61604132,101.18497976,泰國,北大年府,鵠坡縣,Pak Lo,
6.66305933,101.09580453,泰國,北大年府,鵠坡縣,Sai Khao,
6.77528353,101.07297288,泰國,北大年府,鵠坡縣,Tha Ruea,
6.64175013,101.15708499,泰國,北大年府,鵠坡縣,Thung Phla,
14.58327755,100.94365572,泰國,北標府,乍倫帕傑縣,Ban Kaeng,
14.60460395,100.8900585,泰國,北標府,乍倫帕傑縣,Huai Bong,
14.62223324,100.92099931,泰國,北標府,乍倫帕傑縣,Khao Din Phatthana,
14.71252919,100.90029808,泰國,北標府,乍倫帕傑縣,Na Phralan,
14.66051694,100.90697975,泰國,北標府,乍倫帕傑縣,Phu Khae,
14.59051351,100.92331773,泰國,北標府,乍倫帕傑縣,Phueng Ruang,
14.38962061,100.96719264,泰國,北標府,威漢登縣,Ban Lam,
14.384818,101.00742476,泰國,北標府,威漢登縣,Charoen Tham,
14.3630616,101.03361342,泰國,北標府,威漢登縣,Khlong Ruea,
14.28792657,100.93214022,泰國,北標府,威漢登縣,Nong Mu,
14.33752226,100.96405721,泰國,北標府,威漢登縣,Nong Suang,
14.31313997,100.99044144,泰國,北標府,威漢登縣,Wihan Daeng,
14.63507881,100.81543054,泰國,北標府,抱木縣,Huai Pa Wai,
14.67727747,100.83048362,泰國,北標府,抱木縣,Khao Wong,
14.71612358,100.81532268,泰國,北標府,抱木縣,Khun Khlon,
14.76736526,100.75752524,泰國,北標府,抱木縣,Na Yao,
14.71371116,100.74360102,泰國,北標府,抱木縣,Nong Kae,
14.73242158,100.78160619,泰國,北標府,抱木縣,Phra Phutthabat,
14.75018717,100.86659164,泰國,北標府,抱木縣,Phu Kham Chan,
14.68221628,100.78358804,泰國,北標府,抱木縣,Phu Krang,
14.77001001,100.81100514,泰國,北標府,抱木縣,Than Kasem,
14.81610139,101.11832623,泰國,北標府,旺孟縣,Kham Phran,
14.7571408,101.1128557,泰國,北標府,旺孟縣,Salaeng Phan,
14.86661944,101.16282663,泰國,北標府,旺孟縣,Wang Muang,
14.58078213,100.60574207,泰國,北標府,東普縣,Ban Luang,
14.5943326,100.62252391,泰國,北標府,東普縣,Don Phut,
14.62488182,100.59962753,泰國,北標府,東普縣,Dong Ta-Ngao,
14.62503779,100.63283882,泰國,北標府,東普縣,Phai Lio,
14.56371719,100.90073771,泰國,北標府,沙拉武里府治縣,Dao Rueang,
14.50974817,100.88649857,泰國,北標府,沙拉武里府治縣,Khok Sawang,
14.50608412,100.96636619,泰國,北標府,沙拉武里府治縣,Kut Nok Plao,
14.53701681,100.88464859,泰國,北標府,沙拉武里府治縣,Na Chong,
14.48773655,100.86017491,泰國,北標府,沙拉武里府治縣,Nong No,
14.45577893,100.96186158,泰國,北標府,沙拉武里府治縣,Nong Pla Lai,
14.47170976,100.89007105,泰國,北標府,沙拉武里府治縣,Nong Yao,
14.50169159,100.92975509,泰國,北標府,沙拉武里府治縣,Pak Khao San,
14.53239908,100.91260011,泰國,北標府,沙拉武里府治縣,Pak Phriao,
14.5476436,100.93509975,泰國,北標府,沙拉武里府治縣,Takut,
14.54612479,100.96765996,泰國,北標府,沙拉武里府治縣,Taling Chan,
14.58469178,100.77303258,泰國,北標府,班莫縣,Ban Khrua,
14.62015061,100.72171026,泰國,北標府,班莫縣,Ban Mo,
14.58998012,100.72764424,泰國,北標府,班莫縣,Bang Khamot,
14.63184156,100.67823728,泰國,北標府,班莫縣,Horathep,
14.60548171,100.67809928,泰國,北標府,班莫縣,Khok Yai,
14.6195395,100.7849839,泰國,北標府,班莫縣,Nong Bua,
14.5734123,100.65124437,泰國,北標府,班莫縣,Phai Khwang,
14.63384293,100.75818074,泰國,北標府,班莫縣,Sang Sok,
14.6481219,100.71247872,泰國,北標府,班莫縣,Talat Noi,
14.5815967,100.81609871,泰國,北標府,紹海縣,Ban Yang,
14.62647078,100.84923625,泰國,北標府,紹海縣,Hua Pluak,
14.54623849,100.80527508,泰國,北標府,紹海縣,Muang Ngam,
14.53735069,100.82704997,泰國,北標府,紹海縣,Mueang Kao,
14.5815509,100.84470446,泰國,北標府,紹海縣,Ngio Ngam,
14.58870597,100.87513583,泰國,北標府,紹海縣,Phraya Thot,
14.55696798,100.78655339,泰國,北標府,紹海縣,Roeng Rang,
14.56382858,100.84705128,泰國,北標府,紹海縣,Sala Ri Thai,
14.53659437,100.84997945,泰國,北標府,紹海縣,Sao Hai,
14.5387538,100.86808895,泰國,北標府,紹海縣,Suan Dokmai,
14.58647463,100.86314055,泰國,北標府,紹海縣,Tha Chang,
14.57262668,100.88290791,泰國,北標府,紹海縣,Ton Tan,
14.61885013,101.02955701,泰國,北標府,耿奎縣,Ban Pa,
14.62481785,100.99960869,泰國,北標府,耿奎縣,Ban That,
14.41384024,101.14267347,泰國,北標府,耿奎縣,Cha-Om,
14.52817746,101.09008835,泰國,北標府,耿奎縣,Cham Phak Phaeo,
14.7541152,101.0326835,泰國,北標府,耿奎縣,Hin Son,
14.47244334,101.01163024,泰國,北標府,耿奎縣,Huai Haeng,
14.5865588,101.00163032,泰國,北標府,耿奎縣,Kaeng Khoi,
14.63649582,100.96770374,泰國,北標府,耿奎縣,Song Khon,
14.56346659,100.99776109,泰國,北標府,耿奎縣,Tan Diao,
14.60154354,100.95534311,泰國,北標府,耿奎縣,Tao Pun,
14.69809176,101.01728624,泰國,北標府,耿奎縣,Tha Khlo,
14.46923236,101.12467053,泰國,北標府,耿奎縣,Tha Maprang,
14.66459762,100.99368775,泰國,北標府,耿奎縣,Tha Tum,
14.60273376,101.08772071,泰國,北標府,耿奎縣,Thap Kwang,
14.88545697,101.37815978,泰國,北標府,莫萊縣,Lam Phaya Klang,
14.99621172,101.38077263,泰國,北標府,莫萊縣,Lam Somphung,
14.5829804,101.17493562,泰國,北標府,莫萊縣,Mittraphap,
14.70552124,101.14999367,泰國,北標府,莫萊縣,Muak Lek,
14.79181711,101.27170643,泰國,北標府,莫萊縣,Nong Yang Suea,
14.89618913,101.27133744,泰國,北標府,莫萊縣,Sap Sanun,
14.72941459,100.68425644,泰國,北標府,農東縣,Ban Klap,
14.71336527,100.70523001,泰國,北標府,農東縣,Ban Prong,
14.66594104,100.65776286,泰國,北標府,農東縣,Don Thong,
14.67698665,100.71673685,泰國,北標府,農東縣,Nong Don,
14.51576372,100.79293383,泰國,北標府,農森縣,Kai Sao,
14.49458848,100.84230453,泰國,北標府,農森縣,Khao Din,
14.45528867,100.80358736,泰國,北標府,農森縣,Khok Sa-At,
14.4612161,100.83281249,泰國,北標府,農森縣,Muang Wan,
14.48264117,100.8166295,泰國,北標府,農森縣,Nong Hua Pho,
14.48751459,100.79433323,泰國,北標府,農森縣,Nong Khwai So,
14.45683934,100.77643739,泰國,北標府,農森縣,Nong Kop,
14.50483817,100.76856473,泰國,北標府,農森縣,Nong Saeng,
14.51058375,100.83167049,泰國,北標府,農森縣,Nong Sida,
14.41470315,100.83999645,泰國,北標府,農開,Bua Loi,
14.40611526,100.88039416,泰國,北標府,農開,Huai Khamin,
14.42026975,100.91678385,泰國,北標府,農開,Huai Sai,
14.42158627,100.7835349,泰國,北標府,農開,Khok Tum,
14.38698327,100.92741499,泰國,北標府,農開,Khok Yae,
14.39140821,100.80640623,泰國,北標府,農開,Khotchasit,
14.30998711,100.86165588,泰國,北標府,農開,Kum Hak,
14.43598898,100.85759261,泰國,北標府,農開,Nong Chik,
14.33433891,100.90721667,泰國,北標府,農開,Nong Chorakhe,
14.33758102,100.86952584,泰國,北標府,農開,Nong Khae,
14.33785564,100.79618717,泰國,北標府,農開,Nong Khaem,
14.36557127,100.87828775,泰國,北標府,農開,Nong Khai Nam,
14.44773835,100.90779846,泰國,北標府,農開,Nong Nak,
14.386368,100.85625387,泰國,北標府,農開,Nong Pla Mo,
14.36382626,100.81477978,泰國,北標府,農開,Nong Pling,
14.27811778,100.86007068,泰國,北標府,農開,Nong Rong,
14.32599974,100.83394599,泰國,北標府,農開,Phai Tam,
14.42464202,100.81257388,泰國,北標府,農開,Phon Thong,
13.84770013,99.26302067,泰國,北碧府,丹馬堪迭縣,Chorakhe Phueak,
13.81002322,99.33733572,泰國,北碧府,丹馬堪迭縣,Dan Makham Tia,
13.8842569,99.43809113,泰國,北碧府,丹馬堪迭縣,Klon Do,
13.79246469,99.41523985,泰國,北碧府,丹馬堪迭縣,Nong Phai,
14.5462711,99.77398378,泰國,北碧府,勞寬縣,Lao Khwan,
14.6822563,99.63949716,泰國,北碧府,勞寬縣,Nong Fai,
14.51469319,99.6453675,泰國,北碧府,勞寬縣,Nong Nok Kaeo,
14.73900688,99.68144306,泰國,北碧府,勞寬縣,Nong Pling,
14.45639462,99.73772781,泰國,北碧府,勞寬縣,Nong Pradu,
14.64948823,99.75546432,泰國,北碧府,勞寬縣,Nong Sano,
14.6132588,99.63066696,泰國,北碧府,勞寬縣,Thung Krabam,
13.91121356,99.19004415,泰國,北碧府,北碧府治縣,Ban Kao,
14.02597397,99.52897254,泰國,北碧府,北碧府治縣,Ban Nuea,
14.01470172,99.53629289,泰國,北碧府,北碧府治縣,Ban Tai,
14.26149913,99.23951004,泰國,北碧府,北碧府治縣,Chong Sadao,
14.09413821,99.49865196,泰國,北碧府,北碧府治縣,Kaeng Sian,
13.94764166,99.51668717,泰國,北碧府,北碧府治縣,Ko Samrong,
14.1136725,99.38977335,泰國,北碧府,北碧府治縣,Lat Ya,
14.06311317,99.42293423,泰國,北碧府,北碧府治縣,Nong Bua,
13.97950531,99.4484066,泰國,北碧府,北碧府治縣,Nong Ya,
14.03783645,99.54933765,泰國,北碧府,北碧府治縣,Pak Phraek,
14.03657093,99.50094968,泰國,北碧府,北碧府治縣,Tha Makham,
14.1517124,99.30772226,泰國,北碧府,北碧府治縣,Wang Dong,
13.94953595,99.39339689,泰國,北碧府,北碧府治縣,Wang Yen,
14.32046179,99.47153453,泰國,北碧府,博帕雷縣,Bo Phloi,
14.40659303,99.42775667,泰國,北碧府,博帕雷縣,Chong Dan,
14.4627279,99.50693494,泰國,北碧府,博帕雷縣,Lum Rang,
14.53636059,99.55430721,泰國,北碧府,博帕雷縣,Nong Krang,
14.22062274,99.47677027,泰國,北碧府,博帕雷縣,Nong Kum,
14.54077759,99.36955248,泰國,北碧府,博帕雷縣,Nong Ri,
13.8829191,99.61197082,泰國,北碧府,塔孟縣,Ban Mai,
13.92738361,99.57607139,泰國,北碧府,塔孟縣,Khao Noi,
13.93651396,99.61687981,泰國,北碧府,塔孟縣,Muang Chum,
14.05616868,99.61254429,泰國,北碧府,塔孟縣,Nong Khao,
13.79642482,99.5464884,泰國,北碧府,塔孟縣,Nong Tak Ya,
13.85761614,99.64441961,泰國,北碧府,塔孟縣,Phang Tru,
13.85574772,99.51818687,泰國,北碧府,塔孟縣,Rang Sali,
13.98681084,99.59053215,泰國,北碧府,塔孟縣,Tha Lo,
13.97041849,99.63638266,泰國,北碧府,塔孟縣,Tha Muang,
13.91542055,99.7004769,泰國,北碧府,塔孟縣,Tha Takhro,
14.00059241,99.64998508,泰國,北碧府,塔孟縣,Thung Thong,
13.95984201,99.66321168,泰國,北碧府,塔孟縣,Wang Khanai,
13.97033867,99.69730663,泰國,北碧府,塔孟縣,Wang Sala,
13.97210676,99.80996102,泰國,北碧府,塔瑪加縣,Don Cha-Em,
13.88223142,99.82798054,泰國,北碧府,塔瑪加縣,Don Khamin,
13.86540249,99.72003905,泰國,北碧府,塔瑪加縣,Khao Sam Sip Hap,
13.83497679,99.75427084,泰國,北碧府,塔瑪加縣,Khok Tabong,
14.03743268,99.8258486,泰國,北碧府,塔瑪加縣,Nong Lan,
13.87038941,99.77602552,泰國,北碧府,塔瑪加縣,Phong Tuek,
14.01672144,99.7911908,泰國,北碧府,塔瑪加縣,Phra Thaen,
13.92283335,99.73200351,泰國,北碧府,塔瑪加縣,Saen To,
13.95394553,99.85070812,泰國,北碧府,塔瑪加縣,Sanam Yae,
13.99187392,99.74395432,泰國,北碧府,塔瑪加縣,Takhram En,
13.90629757,99.80241172,泰國,北碧府,塔瑪加縣,Tha Mai,
13.93051218,99.77927102,泰國,北碧府,塔瑪加縣,Tha Maka,
13.95436951,99.75165566,泰國,北碧府,塔瑪加縣,Tha Ruea,
13.84927409,99.80339693,泰國,北碧府,塔瑪加縣,Tha Sao,
14.06011657,99.77389319,泰國,北碧府,塔瑪加縣,Ulok Si Muen,
13.90243415,99.75886371,泰國,北碧府,塔瑪加縣,Wai Niao,
13.91925745,99.83349006,泰國,北碧府,塔瑪加縣,Yang Muang,
14.05217166,99.69010433,泰國,北碧府,帕儂吞縣,Don Chedi,
14.19816311,99.67860011,泰國,北碧府,帕儂吞縣,Don Ta Phet,
14.15718753,99.61341092,泰國,北碧府,帕儂吞縣,Nong Rong,
14.06673773,99.72761714,泰國,北碧府,帕儂吞縣,Nong Sarai,
14.14622286,99.76240397,泰國,北碧府,帕儂吞縣,Phang Tru,
14.12809586,99.70424524,泰國,北碧府,帕儂吞縣,Phanom Thuan,
14.23245986,99.76738596,泰國,北碧府,帕儂吞縣,Rang Wai,
14.07546647,99.66642592,泰國,北碧府,帕儂吞縣,Thung Samo,
14.28962662,99.73433891,泰國,北碧府,會甲召縣,Don Salaep,
14.32283283,99.61749294,泰國,北碧府,會甲召縣,Huai Krachao,
14.36158335,99.76259057,泰國,北碧府,會甲召縣,Sa Long Ruea,
14.40783567,99.64287516,泰國,北碧府,會甲召縣,Wang Phai,
14.11047167,98.97817249,泰國,北碧府,柿約縣,Bong Ti,
14.10403034,99.13267771,泰國,北碧府,柿約縣,Lum Sum,
14.42113451,98.74043148,泰國,北碧府,柿約縣,Sai Yok,
14.00224394,99.13331746,泰國,北碧府,柿約縣,Si Mongkhon,
14.06410154,99.25297996,泰國,北碧府,柿約縣,Sing,
14.30537239,99.03048707,泰國,北碧府,柿約縣,Tha Sao,
14.24088369,98.90492185,泰國,北碧府,柿約縣,Wang Krachae,
15.33127988,98.64646641,泰國,北碧府,桑卡拉武里縣,Lai Wo,
15.11643151,98.3418761,泰國,北碧府,桑卡拉武里縣,Nong Lu,
14.99960756,98.54400448,泰國,北碧府,桑卡拉武里縣,Prang Phle,
14.62303421,99.07709584,泰國,北碧府,西沙瓦縣,Dan Mae Chalaep,
14.86703776,99.20535427,泰國,北碧府,西沙瓦縣,Khao Chot,
14.51713346,99.00037421,泰國,北碧府,西沙瓦縣,Mae Krabung,
14.81659456,99.0756912,泰國,北碧府,西沙瓦縣,Na Suan,
14.46334256,99.23317914,泰國,北碧府,西沙瓦縣,Nong Pet,
14.36694738,99.17396985,泰國,北碧府,西沙瓦縣,Tha Kradan,
14.62506524,99.51976803,泰國,北碧府,農布縣,Nong Pla Lai,
14.65066719,99.4254887,泰國,北碧府,農布縣,Nong Prue,
14.76350544,99.32083439,泰國,北碧府,農布縣,Somdet Charoen,
14.99602792,98.83257955,泰國,北碧府,通帕蓬縣,Chalae,
14.62550937,98.75494424,泰國,北碧府,通帕蓬縣,Hin Dat,
14.65285524,98.5331629,泰國,北碧府,通帕蓬縣,Huai Khayeng,
14.55598527,98.77380855,泰國,北碧府,通帕蓬縣,Lin Thin,
14.78435502,98.4017375,泰國,北碧府,通帕蓬縣,Pi Lok,
14.717584,98.7565096,泰國,北碧府,通帕蓬縣,Sahakon Nikhom,
14.76168683,98.64091543,泰國,北碧府,通帕蓬縣,Tha Khanun,
18.63423984,99.15225427,泰國,南奔府,Ban Thi,Ban Thi,
18.67258279,99.1671677,泰國,南奔府,Ban Thi,Huai Yap,
17.74373607,99.0629743,泰國,南奔府,Li,Dong Dam,
17.60429243,98.7827663,泰國,南奔府,Li,Ko,
17.78967311,98.98378872,泰國,南奔府,Li,Li,
17.75363534,98.82539544,泰國,南奔府,Li,Mae Lan,
17.95999513,98.91404862,泰國,南奔府,Li,Mae Tuen,
17.68662533,98.97034773,泰國,南奔府,Li,Na Sai,
17.85781565,98.92835775,泰國,南奔府,Li,Pa Phai,
18.07908355,98.89739446,泰國,南奔府,Li,Si Wichai,
18.57478135,99.06059095,泰國,南奔府,南奔府治縣,Ban Klang,
18.52466398,98.95876228,泰國,南奔府,南奔府治縣,Ban Paen,
18.59005496,99.12586147,泰國,南奔府,南奔府治縣,Makhuea Chae,
18.46756223,98.97172129,泰國,南奔府,南奔府治縣,Mueang Chi,
18.61174946,99.01643199,泰國,南奔府,南奔府治縣,Mueang Nga,
18.58030552,99.00872182,泰國,南奔府,南奔府治縣,Nai Mueang,
18.65447976,99.0129233,泰國,南奔府,南奔府治縣,Nong Chang Khuen,
18.50384709,98.98675174,泰國,南奔府,南奔府治縣,Nong Nam,
18.51898587,99.03013206,泰國,南奔府,南奔府治縣,Pa Sak,
18.62103757,98.98966586,泰國,南奔府,南奔府治縣,Pratu Pa,
18.59306191,98.97189972,泰國,南奔府,南奔府治縣,Rim Ping,
18.51239092,99.10806234,泰國,南奔府,南奔府治縣,Si Bua Ban,
18.56141222,98.96735274,泰國,南奔府,南奔府治縣,Ton Thong,
18.64738999,99.04169163,泰國,南奔府,南奔府治縣,Umong,
18.55992819,99.01139128,泰國,南奔府,南奔府治縣,Wiang Yong,
18.50943494,98.88283727,泰國,南奔府,巴桑縣,Ban Ruean,
18.49787162,98.91086609,泰國,南奔府,巴桑縣,Mae Raeng,
18.44216964,98.92531435,泰國,南奔府,巴桑縣,Makok,
18.4783527,98.94084026,泰國,南奔府,巴桑縣,Muang Noi,
18.36939608,98.89706357,泰國,南奔府,巴桑縣,Nakhon Chedi,
18.4241045,98.83361749,泰國,南奔府,巴桑縣,Nam Dip,
18.51506124,98.93150807,泰國,南奔府,巴桑縣,Pa Sang,
18.53284034,98.92350383,泰國,南奔府,巴桑縣,Pak Bong,
18.48042364,98.87333624,泰國,南奔府,巴桑縣,Tha Tum,
18.40371636,98.72120633,泰國,南奔府,淵農隆縣,Nong Long,
18.4151132,98.7912681,泰國,南奔府,淵農隆縣,Nong Yuang,
18.42635171,98.7473381,泰國,南奔府,淵農隆縣,Wang Phang,
18.34227175,99.05237309,泰國,南奔府,湄他縣,Tha Kat,
18.36570352,98.96416875,泰國,南奔府,湄他縣,Tha Khum Ngoen,
18.23853697,98.9838675,泰國,南奔府,湄他縣,Tha Mae Lop,
18.51275132,99.23833306,泰國,南奔府,湄他縣,Tha Pla Duk,
18.41696332,99.13502901,泰國,南奔府,湄他縣,Tha Sopsao,
18.43779231,99.03023453,泰國,南奔府,湄他縣,Tha Thung Luang,
18.30835102,98.81437205,泰國,南奔府,班洪縣,Ban Hong,
18.35893668,98.79370394,泰國,南奔府,班洪縣,Lao Yao,
18.31588122,98.72354071,泰國,南奔府,班洪縣,Nong Pla Sawai,
18.21060641,98.86662851,泰國,南奔府,班洪縣,Pa Phlu,
18.37812179,98.7483211,泰國,南奔府,班洪縣,Si Tia,
17.87035043,99.08870303,泰國,南奔府,通霍昌縣,Ban Puang,
18.10563242,99.02463455,泰國,南奔府,通霍昌縣,Takhian Pom,
17.98334258,99.04830359,泰國,南奔府,通霍昌縣,Thung Hua Chang,
18.52392121,99.41805835,泰國,南邦府,南邦府治縣,Ban Kha,
18.51724585,99.68649217,泰國,南邦府,南邦府治縣,Ban Laeng,
18.35452584,99.45149603,泰國,南邦府,南邦府治縣,Ban Pao,
18.39089784,99.64433967,泰國,南邦府,南邦府治縣,Ban Sadet,
18.45395034,99.4034247,泰國,南邦府,南邦府治縣,Ban Ueam,
18.30860202,99.45767101,泰國,南邦府,南邦府治縣,Bo Haeo,
18.46041292,99.59818886,泰國,南邦府,南邦府治縣,Bunnak Phatthana,
18.24304572,99.46455973,泰國,南邦府,南邦府治縣,Chomphu,
18.28807066,99.50656352,泰國,南邦府,南邦府治縣,Hua Wiang,
18.20517815,99.49376326,泰國,南邦府,南邦府治縣,Kluai Phae,
18.44558266,99.54558551,泰國,南邦府,南邦府治縣,Nikhom Phatthana,
18.31782616,99.56919168,泰國,南邦府,南邦府治縣,Phichai,
18.25850753,99.56111698,泰國,南邦府,南邦府治縣,Phrabat,
18.2697072,99.43062076,泰國,南邦府,南邦府治縣,Pong Saen Thong,
18.28538439,99.47792518,泰國,南邦府,南邦府治縣,Sop Tui,
18.2852977,99.4930737,泰國,南邦府,南邦府治縣,Suan Dok,
18.37442448,99.55308469,泰國,南邦府,南邦府治縣,Thung Fai,
18.37674584,99.501914,泰國,南邦府,南邦府治縣,Ton Thong Chai,
18.2993026,99.50224305,泰國,南邦府,南邦府治縣,Wiang Nuea,
18.69196798,99.44219113,泰國,南邦府,孟班縣,Ban Kho,
18.88795022,99.4461332,泰國,南邦府,孟班縣,Chae Son,
18.97255832,99.50555313,泰國,南邦府,孟班縣,Hua Mueang,
18.78818921,99.43545819,泰國,南邦府,孟班縣,Mueang Pan,
18.59626331,99.42756783,泰國,南邦府,孟班縣,Thung Khwao,
18.58981091,99.5610937,泰國,南邦府,寨洪縣,Ban Sa,
18.69930021,99.65345283,泰國,南邦府,寨洪縣,Chae Hom,
18.84586779,99.57536169,泰國,南邦府,寨洪縣,Mae Suk,
18.63771109,99.71188646,泰國,南邦府,寨洪縣,Mueang Mai,
18.7895043,99.69821674,泰國,南邦府,寨洪縣,Pong Don,
18.91235435,99.70426228,泰國,南邦府,寨洪縣,Thung Phueng,
18.72791314,99.55352348,泰國,南邦府,寨洪縣,Wichet Nakhon,
18.77388468,100.05614459,泰國,南邦府,敖縣,Ban Haeng,
18.61111314,99.88829928,泰國,南邦府,敖縣,Ban Huat,
18.77123758,99.8449466,泰國,南邦府,敖縣,Ban On,
18.72670769,99.88566592,泰國,南邦府,敖縣,Ban Pong,
18.9451146,99.87089316,泰國,南邦府,敖縣,Ban Rong,
18.76168635,99.98894847,泰國,南邦府,敖縣,Luang Nuea,
18.73822486,99.97349531,泰國,南邦府,敖縣,Luang Tai,
18.63438103,100.03767173,泰國,南邦府,敖縣,Mae Tip,
18.81746003,99.88482531,泰國,南邦府,敖縣,Na Kae,
18.85327346,99.92919403,泰國,南邦府,敖縣,Pong Tao,
18.99153184,99.60112961,泰國,南邦府,旺挪縣,Rong Kho,
19.23088129,99.63052216,泰國,南邦府,旺挪縣,Thung Hua,
19.32871777,99.6352987,泰國,南邦府,旺挪縣,Wang Kaeo,
19.15907896,99.5859888,泰國,南邦府,旺挪縣,Wang Nuea,
19.16113568,99.65926654,泰國,南邦府,旺挪縣,Wang Sai,
19.08133749,99.64675168,泰國,南邦府,旺挪縣,Wang Sai Kham,
19.08397515,99.57668086,泰國,南邦府,旺挪縣,Wang Tai,
19.0676091,99.71151457,泰國,南邦府,旺挪縣,Wang Thong,
18.33761254,99.35658174,泰國,南邦府,杭察縣,Hang Chat,
18.32488319,99.23538879,泰國,南邦府,杭察縣,Mae San,
18.26886339,99.19947336,泰國,南邦府,杭察縣,Mueang Yao,
18.35427405,99.39679589,泰國,南邦府,杭察縣,Nong Lom,
18.2881213,99.38391951,泰國,南邦府,杭察縣,Pong Yang Khok,
18.39004212,99.2748508,泰國,南邦府,杭察縣,Wiang Tan,
18.42056025,99.33915669,泰國,南邦府,杭察縣,Wo Kaeo,
18.18422107,99.14733242,泰國,南邦府,森南縣,Soem Khwa,
18.10914697,99.1217913,泰國,南邦府,森南縣,Soem Klang,
17.97437409,99.1652814,泰國,南邦府,森南縣,Soem Sai,
18.07665083,99.25744914,泰國,南邦府,森南縣,Thung Ngam,
18.05128379,99.48608812,泰國,南邦府,湄他縣,Ban Bom,
18.06077175,99.54051543,泰國,南邦府,湄他縣,Ban Kio,
18.1037932,99.67139877,泰國,南邦府,湄他縣,Don Fai,
18.17344456,99.69665655,泰國,南邦府,湄他縣,Hua Suea,
18.18240432,99.57394671,泰國,南邦府,湄他縣,Mae Tha,
18.12158634,99.53141072,泰國,南邦府,湄他縣,Na Khrua,
18.15382271,99.45863886,泰國,南邦府,湄他縣,Nam Cho,
18.11518499,99.47678313,泰國,南邦府,湄他縣,Pa Tan,
17.98317479,99.48396436,泰國,南邦府,湄他縣,San Don Kaeo,
18.0902493,99.61414942,泰國,南邦府,湄他縣,Wang Ngoen,
17.51335745,99.00823475,泰國,南邦府,湄普里縣,Mae Phrik,
17.52228008,99.12806395,泰國,南邦府,湄普里縣,Mae Pu,
17.56330659,99.06934337,泰國,南邦府,湄普里縣,Pha Pang,
17.40989466,99.16212151,泰國,南邦府,湄普里縣,Phrabat Wang Tuang,
18.47769972,99.75552772,泰國,南邦府,湄莫縣,Ban Dong,
18.45650248,99.9341772,泰國,南邦府,湄莫縣,Chang Nuea,
18.31807043,99.71858492,泰國,南邦府,湄莫縣,Mae Mo,
18.34252095,99.83588031,泰國,南邦府,湄莫縣,Na Sak,
18.24690103,99.75791504,泰國,南邦府,湄莫縣,Sop Pat,
17.96486874,99.35796393,泰國,南邦府,索巴拉縣,Mae Kua,
17.90779645,99.26395662,泰國,南邦府,索巴拉縣,Na Yang,
17.90034153,99.42075668,泰國,南邦府,索巴拉縣,Samai,
17.83557887,99.34333509,泰國,南邦府,索巴拉縣,Sop Prap,
18.18478118,99.35075974,泰國,南邦府,閣卡縣,Ko Kha,
18.18713213,99.28834257,泰國,南邦府,閣卡縣,Lai Hin,
18.23924356,99.38614052,泰國,南邦府,閣卡縣,Lampang Luang,
18.25388221,99.31703016,泰國,南邦府,閣卡縣,Mai Phatthana,
18.07514847,99.31672319,泰國,南邦府,閣卡縣,Na Kaeo,
18.0624761,99.38151988,泰國,南邦府,閣卡縣,Na Saeng,
18.19544217,99.41330347,泰國,南邦府,閣卡縣,Sala,
18.1825165,99.3812047,泰國,南邦府,閣卡縣,Tha Pha,
18.14677273,99.40575671,泰國,南邦府,閣卡縣,Wang Phrao,
17.62075045,99.23217578,泰國,南邦府,騰縣,Lom Raet,
17.60901189,99.38082259,泰國,南邦府,騰縣,Mae Mok,
17.69380732,99.31362274,泰國,南邦府,騰縣,Mae Pa,
17.7664206,99.20120208,泰國,南邦府,騰縣,Mae Thot,
17.47278979,99.21239318,泰國,南邦府,騰縣,Mae Wa,
17.65177887,99.11668258,泰國,南邦府,騰縣,Na Pong,
17.57269223,99.20086688,泰國,南邦府,騰縣,Thoen Buri,
17.38777681,99.35586635,泰國,南邦府,騰縣,Wiang Mok,
7.47271023,99.98857375,泰國,博他侖府,功拉縣,Charat,
7.37419612,99.95903465,泰國,博他侖府,功拉縣,Khlong Chaloem,
7.42835493,99.9232203,泰國,博他侖府,功拉縣,Khlong Sai Khao,
7.47587826,99.91253953,泰國,博他侖府,功拉縣,Kong Ra,
7.50606241,99.99491317,泰國,博他侖府,功拉縣,Somwang,
7.69409898,100.09792145,泰國,博他侖府,博他侖府治縣,Chai Buri,
7.62269883,100.04042118,泰國,博他侖府,博他侖府治縣,Khao Chiak,
7.61445514,100.00371414,泰國,博他侖府,博他侖府治縣,Khok Cha-Ngai,
7.59122028,100.11971008,泰國,博他侖府,博他侖府治縣,Khuan Maphrao,
7.61815411,100.07485527,泰國,博他侖府,博他侖府治縣,Khuha Sawan,
7.64847685,100.17792286,泰國,博他侖府,博他侖府治縣,Lampam,
7.48797839,100.03940411,泰國,博他侖府,博他侖府治縣,Na Not,
7.58536223,100.00470624,泰國,博他侖府,博他侖府治縣,Na Thom,
7.64937532,100.10553765,泰國,博他侖府,博他侖府治縣,Phaya Khan,
7.64629688,100.06217281,泰國,博他侖府,博他侖府治縣,Prang Mu,
7.55607991,100.00931993,泰國,博他侖府,博他侖府治縣,Rom Mueang,
7.57131962,100.08332326,泰國,博他侖府,博他侖府治縣,Tamnan,
7.54458056,100.04882311,泰國,博他侖府,博他侖府治縣,Tha Khae,
7.58931864,100.05036891,泰國,博他侖府,博他侖府治縣,Tha Miram,
7.76425516,99.95689268,泰國,博他侖府,寬卡暖縣,Chamuang,
7.72079301,99.96247073,泰國,博他侖府,寬卡暖縣,Don Sai,
7.75609298,100.0103966,泰國,博他侖府,寬卡暖縣,Khuan Khanun,
7.82932973,100.04204529,泰國,博他侖府,寬卡暖縣,Laem Tanot,
7.73344537,100.06209022,泰國,博他侖府,寬卡暖縣,Makok Nuea,
7.68674076,99.94920405,泰國,博他侖府,寬卡暖縣,Na Khayat,
7.79411281,100.02820871,泰國,博他侖府,寬卡暖縣,Pantae,
7.75751574,100.14209034,泰國,博他侖府,寬卡暖縣,Phanang Tung,
7.68041367,100.02549155,泰國,博他侖府,寬卡暖縣,Phanom Wang,
7.65309191,100.00507441,泰國,博他侖府,寬卡暖縣,Phraek Ha,
7.71534081,100.01936693,泰國,博他侖府,寬卡暖縣,Tanot Duan,
7.82920871,100.14058567,泰國,博他侖府,寬卡暖縣,Thale Noi,
7.21977356,100.22879975,泰國,博他侖府,巴奔縣,Khok Sai,
7.2006189,100.05720388,泰國,博他侖府,巴奔縣,Nong Thong,
7.3345593,100.17304302,泰國,博他侖府,巴奔縣,Pa Bon,
7.18861967,100.12829023,泰國,博他侖府,巴奔縣,Thung Nari,
7.30139511,100.20676215,泰國,博他侖府,巴奔縣,Wang Mai,
7.28383708,100.32394025,泰國,博他侖府,巴帕允縣,Don Pradu,
7.25011587,100.30604566,泰國,博他侖府,巴帕允縣,Don Sai,
7.37079258,100.26038505,泰國,博他侖府,巴帕允縣,Fa Lami,
7.28078916,100.25847613,泰國,博他侖府,巴帕允縣,Han Thao,
7.44707767,100.33387989,泰國,博他侖府,巴帕允縣,Ko Mak,
7.34205081,100.38946653,泰國,博他侖府,巴帕允縣,Ko Nang Kham,
7.32919866,100.33506086,泰國,博他侖府,巴帕允縣,Pak Phayun,
7.81376265,99.94010194,泰國,博他侖府,巴帕永縣,Ban Phrao,
7.8033724,99.84346475,泰國,博他侖府,巴帕永縣,Ko Tao,
7.85482553,99.8155731,泰國,博他侖府,巴帕永縣,Lan Khoi,
7.86045415,99.94775343,泰國,博他侖府,巴帕永縣,Pa Phayom,
7.49904775,100.21904223,泰國,博他侖府,考猜頌縣,Chong Thanon,
7.5343605,100.16562521,泰國,博他侖府,考猜頌縣,Han Pho,
7.43084845,100.10512631,泰國,博他侖府,考猜頌縣,Khao Chaison,
7.4107747,100.04039269,泰國,博他侖府,考猜頌縣,Khok Muang,
7.49046429,100.09529723,泰國,博他侖府,考猜頌縣,Khuan Khanun,
7.70441921,99.83213629,泰國,博他侖府,西班坡縣,Khao Pu,
7.73996201,99.8919246,泰國,博他侖府,西班坡縣,Khao Ya,
7.64418879,99.87925742,泰國,博他侖府,西班坡縣,Tapaen,
7.54851983,99.97243629,泰國,博他侖府,西那加林德拉縣,Ang Thong,
7.56071392,99.86876298,泰國,博他侖府,西那加林德拉縣,Ban Na,
7.60804407,99.9494543,泰國,博他侖府,西那加林德拉縣,Chumphon,
7.51787599,99.91200348,泰國,博他侖府,西那加林德拉縣,Lam Sin,
7.25959881,100.07291188,泰國,博他侖府,達莫縣,Khlong Yai,
7.33524856,100.09424091,泰國,博他侖府,達莫縣,Mae Khri,
7.28112146,100.00348239,泰國,博他侖府,達莫縣,Tamot,
7.38690555,100.1461295,泰國,博他侖府,邦膠縣,Khok Sak,
7.44312293,100.22377887,泰國,博他侖府,邦膠縣,Na Pakho,
7.43588874,100.15567692,泰國,博他侖府,邦膠縣,Tha Maduea,
13.60656139,99.90885406,泰國,叻武里府,丹暖沙多縣,Ban Rai,
13.60780285,100.01538002,泰國,叻武里府,丹暖沙多縣,Bua Ngam,
13.51970198,99.9574689,泰國,叻武里府,丹暖沙多縣,Damnoen Saduak,
13.61228045,99.98410751,泰國,叻武里府,丹暖沙多縣,Don Khlang,
13.58066592,99.96756096,泰國,叻武里府,丹暖沙多縣,Don Kruai,
13.55028882,100.00954779,泰國,叻武里府,丹暖沙多縣,Don Phai,
13.5125881,99.99723385,泰國,叻武里府,丹暖沙多縣,Khun Phithak,
13.57063003,99.92546997,泰國,叻武里府,丹暖沙多縣,Phaeng Phuai,
13.55823611,100.03144724,泰國,叻武里府,丹暖沙多縣,Prasatsit,
13.52206589,99.92918009,泰國,叻武里府,丹暖沙多縣,Si Muen,
13.53212837,99.98427194,泰國,叻武里府,丹暖沙多縣,Si Surat,
13.50277414,99.95631274,泰國,叻武里府,丹暖沙多縣,Ta Luang,
13.54329296,99.96028688,泰國,叻武里府,丹暖沙多縣,Tha Nat,
13.46496145,99.7874174,泰國,叻武里府,叻武里府治縣,Ang Thong,
13.51126805,99.84534705,泰國,叻武里府,叻武里府治縣,Ban Rai,
13.55265462,99.88614708,泰國,叻武里府,叻武里府治縣,Bang Pa,
13.5459314,99.78191471,泰國,叻武里府,叻武里府治縣,Chedi Hak,
13.47412348,99.75228265,泰國,叻武里府,叻武里府治縣,Don Rae,
13.50910015,99.79327015,泰國,叻武里府,叻武里府治縣,Don Tako,
13.56661703,99.7047065,泰國,叻武里府,叻武里府治縣,Hin Kong,
13.50995676,99.72140876,泰國,叻武里府,叻武里府治縣,Huai Phai,
13.62089507,99.75836814,泰國,叻武里府,叻武里府治縣,Khao Raeng,
13.56688338,99.83309659,泰國,叻武里府,叻武里府治縣,Khok Mo,
13.48000259,99.82080055,泰國,叻武里府,叻武里府治縣,Khu Bua,
13.50274909,99.87527775,泰國,叻武里府,叻武里府治縣,Khung Krathin,
13.50774602,99.89797626,泰國,叻武里府,叻武里府治縣,Khung Nam Won,
13.58532285,99.75467203,泰國,叻武里府,叻武里府治縣,Ko Phlapphla,
13.57144747,99.80833338,泰國,叻武里府,叻武里府治縣,Lum Din,
13.53400449,99.81794106,泰國,叻武里府,叻武里府治縣,Na Mueang,
13.54041266,99.63709086,泰國,叻武里府,叻武里府治縣,Namphu,
13.6080958,99.79534572,泰國,叻武里府,叻武里府治縣,Nong Klang Na,
13.5743918,99.86499837,泰國,叻武里府,叻武里府治縣,Phikun Thong,
13.54445738,99.84908538,泰國,叻武里府,叻武里府治縣,Phong Sawai,
13.60295626,99.86044514,泰國,叻武里府,叻武里府治縣,Sam Ruean,
13.60143215,99.81863445,泰國,叻武里府,叻武里府治縣,Tha Rap,
13.67964634,99.88736301,泰國,叻武里府,坡塔蘭縣,Ban Khong,
13.71880622,99.88507627,泰國,叻武里府,坡塔蘭縣,Ban Lueak,
13.64673652,99.88391923,泰國,叻武里府,坡塔蘭縣,Ban Sing,
13.65109944,99.79689278,泰國,叻武里府,坡塔蘭縣,Bang Tanot,
13.74190777,99.81081295,泰國,叻武里府,坡塔蘭縣,Chamrae,
13.63618021,99.82852136,泰國,叻武里府,坡塔蘭縣,Chet Samian,
13.75425561,99.90564798,泰國,叻武里府,坡塔蘭縣,Don Krabueang,
13.63150297,99.85777292,泰國,叻武里府,坡塔蘭縣,Don Sai,
13.72721156,99.69622425,泰國,叻武里府,坡塔蘭縣,Khao Cha-Ngum,
13.67112111,99.82759719,泰國,叻武里府,坡塔蘭縣,Khlong Khoi,
13.70847325,99.85482622,泰國,叻武里府,坡塔蘭縣,Khlong Ta Kot,
13.69294908,99.76897617,泰國,叻武里府,坡塔蘭縣,Nang Kaeo,
13.74458616,99.59818388,泰國,叻武里府,坡塔蘭縣,Nong Kwang,
13.74431452,99.92638684,泰國,叻武里府,坡塔蘭縣,Nong Pho,
13.69305079,99.85014616,泰國,叻武里府,坡塔蘭縣,Photharam,
13.71948604,99.83630174,泰國,叻武里府,坡塔蘭縣,Soi Fa,
13.74546428,99.74963734,泰國,叻武里府,坡塔蘭縣,Tao Pun,
13.6945268,99.81096843,泰國,叻武里府,坡塔蘭縣,Tha Chumphon,
13.66843587,99.72490869,泰國,叻武里府,坡塔蘭縣,Thammasen,
13.67836225,99.52561943,泰國,叻武里府,宗本縣,Boek Phrai,
13.62416864,99.60787978,泰國,叻武里府,宗本縣,Chom Bueng,
13.66228118,99.42632846,泰國,叻武里府,宗本縣,Dan Thap Tako,
13.74020255,99.42923431,泰國,叻武里府,宗本縣,Kaem On,
13.65653946,99.66293637,泰國,叻武里府,宗本縣,Pak Chong,
13.54155949,99.5309948,泰國,叻武里府,宗本縣,Rang Bua,
13.63996118,99.34868264,泰國,叻武里府,宣蓬縣,Pa Wai,
13.60879314,99.2397728,泰國,叻武里府,宣蓬縣,Suan Phueng,
13.41802564,99.27277159,泰國,叻武里府,宣蓬縣,Tanao Si,
13.52883527,99.42422511,泰國,叻武里府,宣蓬縣,Tha Khoei,
13.46038028,99.62651444,泰國,叻武里府,巴陶縣,Ang Hin,
13.4395754,99.82120477,泰國,叻武里府,巴陶縣,Bo Kradan,
13.36903966,99.78103589,泰國,叻武里府,巴陶縣,Don Sai,
13.34966217,99.69490739,泰國,叻武里府,巴陶縣,Huai Yang Thon,
13.40285755,99.77740086,泰國,叻武里府,巴陶縣,Nong Krathum,
13.41279157,99.82757688,泰國,叻武里府,巴陶縣,Pa Kai,
13.38200587,99.8405674,泰國,叻武里府,巴陶縣,Pak Tho,
13.40939674,99.67912904,泰國,叻武里府,巴陶縣,Thung Luang,
13.35443196,99.85558416,泰國,叻武里府,巴陶縣,Wan Dao,
13.34463892,99.81115908,泰國,叻武里府,巴陶縣,Wang Manao,
13.39938874,99.86423265,泰國,叻武里府,巴陶縣,Wat Yang Ngam,
13.29468793,99.58609213,泰國,叻武里府,巴陶縣,Yang Hak,
13.27479835,99.37364262,泰國,叻武里府,班卡縣,Ban Bueng,
13.41652017,99.38628397,泰國,叻武里府,班卡縣,Ban Kha,
13.44709022,99.4628418,泰國,叻武里府,班卡縣,Nong Phan Chan,
13.69163185,99.95322535,泰國,叻武里府,班帕縣,Bang Phae,
13.67492969,100.03314667,泰國,叻武里府,班帕縣,Don Kha,
13.70955591,100.00249847,泰國,叻武里府,班帕縣,Don Yai,
13.65454511,99.96757553,泰國,叻武里府,班帕縣,Hua Pho,
13.64207643,100.03047278,泰國,叻武里府,班帕縣,Pho Hak,
13.71204879,99.92132302,泰國,叻武里府,班帕縣,Wang Yen,
13.64666529,99.9296656,泰國,叻武里府,班帕縣,Wat Kaeo,
13.7686701,99.81710482,泰國,叻武里府,班蓬縣,Ban Muang,
13.81622187,99.87525445,泰國,叻武里府,班蓬縣,Ban Pong,
13.81898398,99.84804236,泰國,叻武里府,班蓬縣,Boek Phrai,
13.77256693,99.91968123,泰國,叻武里府,班蓬縣,Don Krabueang,
13.80149743,99.69702091,泰國,叻武里府,班蓬縣,Khao Khlung,
13.79366845,99.83170522,泰國,叻武里府,班蓬縣,Khung Phayom,
13.91089011,99.88904135,泰國,叻武里府,班蓬縣,Krap Yai,
13.83919291,99.83096655,泰國,叻武里府,班蓬縣,Lat Bua Khao,
13.77125662,99.86452714,泰國,叻武里府,班蓬縣,Nakhon Chum,
13.81956202,99.93370839,泰國,叻武里府,班蓬縣,Nong Kop,
13.7912522,99.92269161,泰國,叻武里府,班蓬縣,Nong O,
13.79305381,99.77722521,泰國,叻武里府,班蓬縣,Nong Pla Mo,
13.83414092,99.88928151,泰國,叻武里府,班蓬縣,Pak Raet,
13.78703548,99.88354481,泰國,叻武里府,班蓬縣,Suan Kluai,
13.86529602,99.86514109,泰國,叻武里府,班蓬縣,Tha Pha,
13.42417014,99.8630592,泰國,叻武里府,瓦帕靈縣,Chom Prathat,
13.47357911,99.86017144,泰國,叻武里府,瓦帕靈縣,Ko San Phra,
13.44831184,99.87164661,泰國,叻武里府,瓦帕靈縣,Wat Phleng,
8.2939955,98.73962844,泰國,喀比府,奧律縣,Ao Luek Noi,
8.39899732,98.79049733,泰國,喀比府,奧律縣,Ao Luek Nuea,
8.3862566,98.70694007,泰國,喀比府,奧律縣,Ao Luek Tai,
8.35176176,98.79155832,泰國,喀比府,奧律縣,Ban Klang,
8.45895255,98.71929451,泰國,喀比府,奧律縣,Khao Yai,
8.31039507,98.83927325,泰國,喀比府,奧律縣,Khlong Hin,
8.38696791,98.89188099,泰國,喀比府,奧律縣,Khlong Ya,
8.32755162,98.66055225,泰國,喀比府,奧律縣,Laem Sak,
8.51627732,98.70777184,泰國,喀比府,奧律縣,Na Nuea,
8.151348,99.06511089,泰國,喀比府,尼空縣,Huai Yung,
8.03497738,98.97611323,泰國,喀比府,尼空縣,Khlong Khamao,
7.95574158,99.03368874,泰國,喀比府,尼空縣,Khlong Khanan,
8.08699201,99.08524348,泰國,喀比府,尼空縣,Khok Yang,
7.85756153,98.98707078,泰國,喀比府,尼空縣,Ko Si Boya,
8.08162554,98.99108897,泰國,喀比府,尼空縣,Nuea Khlong,
8.01760783,99.06117351,泰國,喀比府,尼空縣,Pakasai,
7.97435663,98.97133304,泰國,喀比府,尼空縣,Taling Chan,
8.56720255,98.80454518,泰國,喀比府,拜拍耶縣,Khao Khen,
8.60472291,98.74810037,泰國,喀比府,拜拍耶縣,Khao To,
8.4501594,98.83167066,泰國,喀比府,拜拍耶縣,Khiri Wong,
8.55274359,98.88161783,泰國,喀比府,拜拍耶縣,Plai Phraya,
7.9632557,98.81403032,泰國,喀比府,甲米府治縣,Ao Nang,
8.23397716,98.80022748,泰國,喀比府,甲米府治縣,Khao Khram,
8.15514917,98.79108805,泰國,喀比府,甲米府治縣,Khao Thong,
8.05149798,98.93942097,泰國,喀比府,甲米府治縣,Khlong Prasong,
8.17672638,98.96126037,泰國,喀比府,甲米府治縣,Krabi Noi,
8.09871619,98.90708678,泰國,喀比府,甲米府治縣,Krabi Yai,
8.0884949,98.78340414,泰國,喀比府,甲米府治縣,Nong Thale,
8.07388147,98.9087778,泰國,喀比府,甲米府治縣,Pak Nam,
8.07472553,98.87240828,泰國,喀比府,甲米府治縣,Sai Thai,
8.19813504,98.88693562,泰國,喀比府,甲米府治縣,Thap Prik,
7.86428023,99.12743965,泰國,喀比府,空統縣,Huai Nam Khao,
7.80426912,99.20967236,泰國,喀比府,空統縣,Khlong Phon,
7.92914512,99.26529544,泰國,喀比府,空統縣,Khlong Thom Nuea,
7.94138698,99.1533341,泰國,喀比府,空統縣,Khlong Thom Tai,
8.07795823,99.13838471,泰國,喀比府,空統縣,Phela,
8.0557463,99.21390843,泰國,喀比府,空統縣,Phru Din Na,
7.72949912,99.25564854,泰國,喀比府,空統縣,Sai Khao,
8.33812253,99.10775694,泰國,喀比府,考帕農縣,Khao Din,
8.23139776,99.03206112,泰國,喀比府,考帕農縣,Khao Phanom,
8.18568984,99.25235159,泰國,喀比府,考帕農縣,Khok Han,
8.34308496,98.96627052,泰國,喀比府,考帕農縣,Na Khao,
8.25652911,99.13157631,泰國,喀比府,考帕農縣,Phru Tiao,
8.27493906,99.24939122,泰國,喀比府,考帕農縣,Sin Pun,
8.01144603,99.37249908,泰國,喀比府,蘭它縣,Din Daeng,
8.10054913,99.35785036,泰國,喀比府,蘭它縣,Din Udom,
8.0331514,99.32423385,泰國,喀比府,蘭它縣,Lam Thap,
8.0474535,99.28999236,泰國,喀比府,蘭它縣,Thung Sai Thong,
7.80636384,99.09057495,泰國,喀比府,閣蘭大縣,Khlong Yang,
7.7517547,99.06444556,泰國,喀比府,閣蘭大縣,Ko Klang,
7.64539034,99.08897431,泰國,喀比府,閣蘭大縣,Ko Lanta Noi,
7.52566455,99.07790984,泰國,喀比府,閣蘭大縣,Ko Lanta Yai,
7.60469812,99.05192937,泰國,喀比府,閣蘭大縣,Sala Dan,
14.85239188,104.57870768,泰國,四色菊府,南格亮縣,Khoen,
14.97035182,104.56567988,泰國,四色菊府,南格亮縣,Khup,
14.92977577,104.46359954,泰國,四色菊府,南格亮縣,La-O,
14.91604541,104.55302816,泰國,四色菊府,南格亮縣,Nam Kliang,
14.88731791,104.49792809,泰國,四色菊府,南格亮縣,Rung Rawi,
14.97359719,104.46214253,泰國,四色菊府,南格亮縣,Tong Pit,
14.99535249,104.39205142,泰國,四色菊府,四色菊府治縣,Chan,
15.21457741,104.2775348,泰國,四色菊府,四色菊府治縣,Khu Sot,
15.04728826,104.25748493,泰國,四色菊府,四色菊府治縣,Mak Khiap,
15.11884443,104.33135971,泰國,四色菊府,四色菊府治縣,Mueang Nuea,
15.11055824,104.33178097,泰國,四色菊府,四色菊府治縣,Mueang Tai,
15.16707314,104.34054757,泰國,四色菊府,四色菊府治縣,Nam Kham,
15.00579475,104.42597328,泰國,四色菊府,四色菊府治縣,Nong Hai,
15.08065224,104.42639069,泰國,四色菊府,四色菊府治縣,Nong Kaeo,
15.0822557,104.29911727,泰國,四色菊府,四色菊府治縣,Nong Khrok,
15.14102091,104.27380195,泰國,四色菊府,四色菊府治縣,Nong Phai,
15.12044562,104.37656271,泰國,四色菊府,四色菊府治縣,Pho,
15.06498918,104.36920317,泰國,四色菊府,四色菊府治縣,Phon Kha,
15.01766834,104.36816367,泰國,四色菊府,四色菊府治縣,Phon Kho,
15.11984545,104.44434816,泰國,四色菊府,四色菊府治縣,Phon Khwao,
15.03663503,104.32909975,泰國,四色菊府,四色菊府治縣,Sam,
15.04104596,104.43244809,泰國,四色菊府,四色菊府治縣,Tadop,
14.9807557,104.33451826,泰國,四色菊府,四色菊府治縣,Thum,
15.15204156,104.29752411,泰國,四色菊府,四色菊府治縣,Ya Plong,
14.4602488,104.44393345,泰國,四色菊府,坤漢縣,Bak Dong,
14.47159315,104.35719469,泰國,四色菊府,坤漢縣,Huai Chan,
14.50549027,104.3101428,泰國,四色菊府,坤漢縣,Kan Throm,
14.62988389,104.36919505,泰國,四色菊府,坤漢縣,Khun Han,
14.66491468,104.40219606,泰國,四色菊府,坤漢縣,Krawan,
14.5875267,104.4048646,泰國,四色菊府,坤漢縣,Non Sung,
14.62563587,104.3265886,泰國,四色菊府,坤漢縣,Pho Krasang,
14.66542399,104.45523017,泰國,四色菊府,坤漢縣,Pho Wong,
14.71223374,104.45848098,泰國,四色菊府,坤漢縣,Phrai,
14.59685092,104.50011901,泰國,四色菊府,坤漢縣,Phran,
14.67624305,104.5049803,泰國,四色菊府,坤漢縣,Phu Fai,
14.62248548,104.43486451,泰國,四色菊府,坤漢縣,Si,
15.15634769,104.03972189,泰國,四色菊府,孟占縣,Mueang Chan,
15.19787336,104.03534143,泰國,四色菊府,孟占縣,Nong Yai,
15.20505012,103.99606159,泰國,四色菊府,孟占縣,Ta Kon,
14.93138213,104.32898422,泰國,四色菊府,帕育縣,Non Phek,
14.89495688,104.33545775,泰國,四色菊府,帕育縣,Nong Kha,
14.93470029,104.38704663,泰國,四色菊府,帕育縣,Phayu,
14.86319773,104.40572446,泰國,四色菊府,帕育縣,Phrom Sawat,
14.9159881,104.42224368,泰國,四色菊府,帕育縣,Tamyae,
14.53205633,104.71349615,泰國,四色菊府,幹他拉叻縣,Bueng Malu,
14.54845016,104.57597419,泰國,四色菊府,幹他拉叻縣,Cham,
14.72887602,104.65551724,泰國,四色菊府,幹他拉叻縣,Chan Yai,
14.60104048,104.79500455,泰國,四色菊府,幹他拉叻縣,Khanun,
14.65569099,104.56840877,泰國,四色菊府,幹他拉叻縣,Krachaeng,
14.67939266,104.83247426,泰國,四色菊府,幹他拉叻縣,Kut Salao,
14.4436576,104.55096923,泰國,四色菊府,幹他拉叻縣,Lalai,
14.58707042,104.66876079,泰國,四色菊府,幹他拉叻縣,Mueang,
14.66935168,104.65695704,泰國,四色菊府,幹他拉叻縣,Nam Om,
14.52413449,104.80089074,泰國,四色菊府,幹他拉叻縣,Non Samran,
14.6524144,104.61819682,泰國,四色菊府,幹他拉叻縣,Nong Ya Lat,
14.73890018,104.54949761,泰國,四色菊府,幹他拉叻縣,Phu Ngoen,
14.45254027,104.82976047,泰國,四色菊府,幹他拉叻縣,Phu Pha Mok,
14.48239752,104.62860732,泰國,四色菊府,幹他拉叻縣,Rung,
14.64955285,104.72897415,泰國,四色菊府,幹他拉叻縣,Sang Mek,
14.45271943,104.71362564,泰國,四色菊府,幹他拉叻縣,Sao Thong Chai,
14.69442671,104.77613063,泰國,四色菊府,幹他拉叻縣,Suan Kluai,
14.59361119,104.60157296,泰國,四色菊府,幹他拉叻縣,Thung Yai,
14.73970002,104.61085489,泰國,四色菊府,幹他拉叻縣,Trakat,
14.63854185,104.68657912,泰國,四色菊府,幹他拉叻縣,Wiang Nuea,
15.16469548,104.47491551,泰國,四色菊府,幹他拉隆縣,Bua Noi,
14.99480642,104.51611103,泰國,四色菊府,幹他拉隆縣,Chan,
15.09118254,104.48879489,泰國,四色菊府,幹他拉隆縣,Du,
15.11513304,104.57839238,泰國,四色菊府,幹他拉隆縣,Dun,
15.2217409,104.50117096,泰國,四色菊府,幹他拉隆縣,I Pat,
15.06702039,104.57984809,泰國,四色菊府,幹他拉隆縣,Kham Niam,
15.18214536,104.58319473,泰國,四色菊府,幹他拉隆縣,Lathai,
15.20211402,104.54861784,泰國,四色菊府,幹他拉隆縣,Mueang Noi,
15.10911126,104.64221074,泰國,四色菊府,幹他拉隆縣,Non Sang,
15.12079534,104.5254982,泰國,四色菊府,幹他拉隆縣,Nong Bua,
15.04939865,104.6427541,泰國,四色菊府,幹他拉隆縣,Nong Hua Chang,
15.1541901,104.66394222,泰國,四色菊府,幹他拉隆縣,Nong Kaeo,
15.19976054,104.6598707,泰國,四色菊府,幹他拉隆縣,Nong Waeng,
15.03642723,104.50187187,泰國,四色菊府,幹他拉隆縣,Phak Phaeo,
15.23690484,104.61726306,泰國,四色菊府,幹他拉隆縣,Tham,
15.04450012,104.56265534,泰國,四色菊府,幹他拉隆縣,Yang,
14.82045048,104.25142765,泰國,四色菊府,庫坎縣,Cha Kong,
14.75313074,104.15017199,泰國,四色菊府,庫坎縣,Chai Di,
14.77357989,104.20020012,泰國,四色菊府,庫坎縣,Dong Kammet,
14.83326056,104.18594288,泰國,四色菊府,庫坎縣,Hua Suea,
14.72798007,104.22070353,泰國,四色菊府,庫坎縣,Huai Nuea,
14.71211502,104.14151946,泰國,四色菊府,庫坎縣,Huai Samran,
14.66195571,104.17907853,泰國,四色菊府,庫坎縣,Huai Tai,
14.71762532,104.06604014,泰國,四色菊府,庫坎縣,Kanthararom,
14.80575109,104.14430421,泰國,四色菊府,庫坎縣,Khok Phet,
14.8723421,104.2514148,泰國,四色菊府,庫坎縣,Kritsana,
14.76333466,104.28661586,泰國,四色菊府,庫坎縣,Lom Sak,
14.64464038,104.23261333,泰國,四色菊府,庫坎縣,Nikhom Phatthana,
14.68229595,104.22360404,泰國,四色菊府,庫坎縣,Nong Chalong,
14.71548654,104.02997449,泰國,四色菊府,庫坎縣,Prasat,
14.58233271,104.248569,泰國,四色菊府,庫坎縣,Prue Yai,
14.71185435,104.26825654,泰國,四色菊府,庫坎縣,Sadao Yai,
14.87211114,104.16961053,泰國,四色菊府,庫坎縣,Samrong Ta Chen,
14.65776362,104.10370117,泰國,四色菊府,庫坎縣,Sano,
14.75587685,104.08333374,泰國,四色菊府,庫坎縣,Si Sa-At,
14.63912303,104.2802564,泰國,四色菊府,庫坎縣,Si Trakun,
14.66816773,104.26846796,泰國,四色菊府,庫坎縣,Ta Ut,
14.7748271,104.2473361,泰國,四色菊府,庫坎縣,Takhian,
15.31695998,104.11204187,泰國,四色菊府,拉是沙萊縣,Bua Hung,
15.43512162,104.12459523,泰國,四色菊府,拉是沙萊縣,Chik Sang Thong,
15.42710416,104.02008521,泰國,四色菊府,拉是沙萊縣,Dan,
15.42442108,104.16418913,泰國,四色菊府,拉是沙萊縣,Du,
15.35067476,104.21451066,泰國,四色菊府,拉是沙萊縣,Mueang Khaen,
15.34966243,104.16019249,泰國,四色菊府,拉是沙萊縣,Mueang Khong,
15.38501371,104.10703546,泰國,四色菊府,拉是沙萊縣,Nong Khae,
15.27141836,104.29248052,泰國,四色菊府,拉是沙萊縣,Nong Mi,
15.27897333,104.17587903,泰國,四色菊府,拉是沙萊縣,Nong Ueng,
15.33297978,104.25632862,泰國,四色菊府,拉是沙萊縣,Phai,
15.31705328,104.30474907,泰國,四色菊府,拉是沙萊縣,Sang Pi,
15.2773575,104.23787221,泰國,四色菊府,拉是沙萊縣,Som Poi,
15.39851873,104.19563895,泰國,四色菊府,拉是沙萊縣,Wan Kham,
15.25128039,104.44340606,泰國,四色菊府,揚春內縣,Bueng Bon,
15.22257216,104.35835134,泰國,四色菊府,揚春內縣,Khon Kam,
15.23542923,104.32381945,泰國,四色菊府,揚春內縣,Kut Mueang Ham,
15.18066774,104.42039879,泰國,四色菊府,揚春內縣,Lin Fa,
15.30046585,104.35383815,泰國,四色菊府,揚春內縣,Non Khun,
15.26219994,104.39234649,泰國,四色菊府,揚春內縣,Yang Chum Noi,
15.21443007,104.41409702,泰國,四色菊府,揚春內縣,Yang Chum Yai,
14.99577642,104.27378357,泰國,四色菊府,旺欣縣,Bo Kaeo,
14.96209759,104.17334653,泰國,四色菊府,旺欣縣,Bu Sung,
14.94658916,104.27130631,泰國,四色菊府,旺欣縣,Duan Yai,
14.92895996,104.18829135,泰國,四色菊府,旺欣縣,Phon Yang,
14.9038429,104.17541796,泰國,四色菊府,旺欣縣,Si Samran,
14.99072007,104.18279265,泰國,四色菊府,旺欣縣,That,
15.02395819,104.20199441,泰國,四色菊府,旺欣縣,Thung Sawang,
14.91378152,104.25817192,泰國,四色菊府,旺欣縣,Wang Hin,
14.43938655,104.18969979,泰國,四色菊府,普興縣,Dong Rak,
14.52511337,104.0719357,泰國,四色菊府,普興縣,Huai Ta Mon,
14.56497625,104.12293908,泰國,四色菊府,普興縣,Huai Tuek Chu,
14.54340742,104.20601265,泰國,四色菊府,普興縣,Khok Tan,
14.59130764,104.07702741,泰國,四色菊府,普興縣,Lalom,
14.42602493,104.08562162,泰國,四色菊府,普興縣,Phrai Phatthana,
14.60582764,104.16865144,泰國,四色菊府,普興縣,Takhian Ram,
14.97995027,104.0217584,泰國,四色菊府,會他探縣,Chan Saen Chai,
15.06389762,104.04384495,泰國,四色菊府,會他探縣,Huai Thap Than,
14.9659772,104.06851628,泰國,四色菊府,會他探縣,Kluai Kwang,
15.02602572,104.05413313,泰國,四色菊府,會他探縣,Mueang Luang,
14.94647588,104.00425357,泰國,四色菊府,會他探縣,Phak Mai,
15.11017907,104.02717382,泰國,四色菊府,會他探縣,Prasat,
14.80804247,104.61636355,泰國,四色菊府,本乍叻縣,Nong Hang,
14.83944719,104.68013705,泰國,四色菊府,本乍叻縣,Nong Ngu Lueam,
14.75505569,104.72236311,泰國,四色菊府,本乍叻縣,Nong Wa,
14.80179951,104.69227392,泰國,四色菊府,本乍叻縣,Siao,
14.76654884,104.78332564,泰國,四色菊府,本乍叻縣,Tha Khlo,
15.32734374,104.05547094,泰國,四色菊府,本汶縣,Bueng Bun,
15.29581028,104.0616396,泰國,四色菊府,本汶縣,Po,
15.20199695,104.08037858,泰國,四色菊府,樸西素萬縣,Dot,
15.26834203,104.00790491,泰國,四色菊府,樸西素萬縣,I Se,
15.25409099,104.08324924,泰國,四色菊府,樸西素萬縣,Nong Ma,
15.2333137,104.11026376,泰國,四色菊府,樸西素萬縣,Phue Yai,
15.25298934,104.04335145,泰國,四色菊府,樸西素萬縣,Siao,
14.80416573,104.31062145,泰國,四色菊府,派本縣,Din Daeng,
14.85713945,104.30289652,泰國,四色菊府,派本縣,Non Pun,
14.74401569,104.37331047,泰國,四色菊府,派本縣,Phrai Bueng,
14.8112585,104.36368704,泰國,四色菊府,派本縣,Prasat Yoe,
14.69618106,104.32971485,泰國,四色菊府,派本縣,Samrong Phlan,
14.85215644,104.35226533,泰國,四色菊府,派本縣,Suk Sawat,
15.25010557,104.13572833,泰國,四色菊府,烏統蓬披賽縣,Hua Chang,
15.19760833,104.18748763,泰國,四色菊府,烏統蓬披賽縣,I Lam,
15.09987581,104.15003219,泰國,四色菊府,烏統蓬披賽縣,Kamphaeng,
15.05108341,104.14095695,泰國,四色菊府,烏統蓬披賽縣,Kan Lueang,
15.06795085,104.1932183,泰國,四色菊府,烏統蓬披賽縣,Khae,
15.19590534,104.13516492,泰國,四色菊府,烏統蓬披賽縣,Khaem,
15.12620053,104.2381878,泰國,四色菊府,烏統蓬披賽縣,Khayung,
14.96636414,104.10418327,泰國,四色菊府,烏統蓬披賽縣,Khok Chan,
15.21940536,104.16996362,泰國,四色菊府,烏統蓬披賽縣,Khok Lam,
15.14468304,104.10075504,泰國,四色菊府,烏統蓬披賽縣,Nong Hai,
15.0893783,104.09011748,泰國,四色菊府,烏統蓬披賽縣,Nong Hang,
15.09536546,104.21273826,泰國,四色菊府,烏統蓬披賽縣,Pa-Ao,
15.17242449,104.21312811,泰國,四色菊府,烏統蓬披賽縣,Pho Chai,
15.22253178,104.22812312,泰國,四色菊府,烏統蓬披賽縣,Rang Raeng,
15.10102523,104.11685319,泰國,四色菊府,烏統蓬披賽縣,Sa Kamphaeng Yai,
15.14636676,104.14774161,泰國,四色菊府,烏統蓬披賽縣,Samrong,
15.14675853,104.19438647,泰國,四色菊府,烏統蓬披賽縣,Ta Ket,
15.12052305,104.178162,泰國,四色菊府,烏統蓬披賽縣,Tae,
15.01687725,104.10506254,泰國,四色菊府,烏統蓬披賽縣,Thung Chai,
14.76092337,104.4298842,泰國,四色菊府,西拉他那縣,Phing Phuai,
14.78344726,104.51498783,泰國,四色菊府,西拉他那縣,Sa Yao,
14.82497642,104.46592092,泰國,四色菊府,西拉他那縣,Saphung,
14.77969744,104.47119021,泰國,四色菊府,西拉他那縣,Si Kaeo,
14.80474042,104.41872663,泰國,四色菊府,西拉他那縣,Si Non Ngam,
14.8130772,104.55563534,泰國,四色菊府,西拉他那縣,Sueang Khao,
14.85759827,104.4902971,泰國,四色菊府,西拉他那縣,Tum,
15.47261238,104.13827496,泰國,四色菊府,西拉叻縣,Chot Muang,
15.52916717,104.1096386,泰國,四色菊府,西拉叻縣,Khli Kling,
15.47378356,104.08427683,泰國,四色菊府,西拉叻縣,Kung,
15.45956043,104.04801925,泰國,四色菊府,西拉叻縣,Nong Bua Dong,
14.97191321,104.64662279,泰國,四色菊府,農坤縣,Bok,
14.88199571,104.64276572,泰國,四色菊府,農坤縣,Lao Kwang,
14.89913787,104.70988895,泰國,四色菊府,農坤縣,Non Kho,
14.86142675,104.77304204,泰國,四色菊府,農坤縣,Nong Kung,
14.921235,104.63339106,泰國,四色菊府,農坤縣,Pho,
14.78886189,104.01477077,泰國,四色菊府,邦古縣,Du,
14.85248918,103.95759961,泰國,四色菊府,邦古縣,Ku,
14.87552691,104.10147951,泰國,四色菊府,邦古縣,Nong Chiang Thun,
14.83513946,104.03256077,泰國,四色菊府,邦古縣,Phimai,
14.87580477,104.04602971,泰國,四色菊府,邦古縣,Phimai Nuea,
14.78311323,104.0753931,泰國,四色菊府,邦古縣,Pho Si,
14.8201659,104.09639619,泰國,四色菊府,邦古縣,Samo,
14.91886705,104.08195008,泰國,四色菊府,邦古縣,Samrong Prasat,
14.91381949,103.9641136,泰國,四色菊府,邦古縣,Sawai,
14.89826548,103.99787196,泰國,四色菊府,邦古縣,Tum,
19.3029775,98.52532858,泰國,夜豐頌府,Pai,Mae Hi,
19.50973706,98.38103442,泰國,夜豐頌府,Pai,Mae Na Toeng,
19.21423455,98.31589159,泰國,夜豐頌府,Pai,Mueang Paeng,
19.11523105,98.52651398,泰國,夜豐頌府,Pai,Pong Sa,
19.32542927,98.31859944,泰國,夜豐頌府,Pai,Thung Yao,
19.50933384,98.49550554,泰國,夜豐頌府,Pai,Wiang Nuea,
19.36268396,98.41772705,泰國,夜豐頌府,Pai,Wiang Tai,
18.94376318,97.87493262,泰國,夜豐頌府,坤榮縣,Khun Yuam,
18.67238469,97.81854112,泰國,夜豐頌府,坤榮縣,Mae Ki,
18.84180564,97.80091548,泰國,夜豐頌府,坤榮縣,Mae Ngao,
18.8864117,98.04866835,泰國,夜豐頌府,坤榮縣,Mae U Kho,
18.7472707,98.05251139,泰國,夜豐頌府,坤榮縣,Mae Yuam Noi,
18.6997624,97.9469795,泰國,夜豐頌府,坤榮縣,Mueang Pon,
19.29918006,97.96705917,泰國,夜豐頌府,夜豐頌府治縣,Chong Kham,
19.49881875,98.04244993,泰國,夜豐頌府,夜豐頌府治縣,Huai Pha,
19.03656622,98.0051482,泰國,夜豐頌府,夜豐頌府治縣,Huai Pong,
19.18434521,98.11112461,泰國,夜豐頌府,夜豐頌府治縣,Huai Pu Ling,
19.50175364,97.93042458,泰國,夜豐頌府,夜豐頌府治縣,Mok Champae,
19.35948295,97.91444416,泰國,夜豐頌府,夜豐頌府治縣,Pang Mu,
19.2089514,97.92589525,泰國,夜豐頌府,夜豐頌府治縣,Pha Bong,
18.3615904,98.09903982,泰國,夜豐頌府,湄拉內縣,Huai Hom,
18.58567966,98.16157855,泰國,夜豐頌府,湄拉內縣,Khun Mae La Noi,
18.54815604,97.87209971,泰國,夜豐頌府,湄拉內縣,Mae La Luang,
18.41756846,97.91488682,泰國,夜豐頌府,湄拉內縣,Mae La Noi,
18.53217146,98.09320943,泰國,夜豐頌府,湄拉內縣,Mae Na Chang,
18.6088477,98.03038613,泰國,夜豐頌府,湄拉內縣,Mae Tho,
18.50644296,97.98864412,泰國,夜豐頌府,湄拉內縣,Santi Khiri,
18.31778005,97.95944614,泰國,夜豐頌府,湄拉內縣,Tha Pha Pum,
18.02066542,98.17017532,泰國,夜豐頌府,索梅縣,Kong Koi,
18.00256786,97.98131787,泰國,夜豐頌府,索梅縣,Mae Khatuan,
17.90151578,97.75983116,泰國,夜豐頌府,索梅縣,Mae Sam Laep,
17.78660077,98.05029841,泰國,夜豐頌府,索梅縣,Mae Suat,
18.09532726,98.1338406,泰國,夜豐頌府,索梅縣,Pa Pong,
17.89788305,97.87240046,泰國,夜豐頌府,索梅縣,Sop Moei,
18.25752978,97.88104256,泰國,夜豐頌府,邁薩良縣,Ban Kat,
18.12416608,98.06493757,泰國,夜豐頌府,邁薩良縣,Mae Ho,
18.33277866,97.62121148,泰國,夜豐頌府,邁薩良縣,Mae Khong,
18.13992928,97.96644679,泰國,夜豐頌府,邁薩良縣,Mae Sariang,
18.07385145,97.82435873,泰國,夜豐頌府,邁薩良縣,Mae Yuam,
18.26370371,98.07786063,泰國,夜豐頌府,邁薩良縣,Pa Pae,
18.43266507,97.71733431,泰國,夜豐頌府,邁薩良縣,Sao Hin,
19.68435123,98.1046043,泰國,夜豐頌府,邦瑪帕縣,Na Pu Pom,
19.6184559,98.20393631,泰國,夜豐頌府,邦瑪帕縣,Pang Mapha,
19.45517411,98.20850374,泰國,夜豐頌府,邦瑪帕縣,Sop Pong,
19.58166756,98.31025944,泰國,夜豐頌府,邦瑪帕縣,Tham Lot,
14.39290827,100.39360205,泰國,大城府,Sena,Ban Krathum,
14.27558352,100.40144345,泰國,大城府,Sena,Ban Luang,
14.34199638,100.41691268,泰國,大城府,Sena,Ban Phaen,
14.35356413,100.39566668,泰國,大城府,Sena,Ban Pho,
14.29975692,100.35094724,泰國,大城府,Sena,Ban Thaeo,
14.29211456,100.42427301,泰國,大城府,Sena,Bang Nom Kho,
14.25857815,100.3485838,泰國,大城府,Sena,Chai Na,
14.30379003,100.37879418,泰國,大城府,Sena,Chao Chet,
14.33349571,100.36290539,泰國,大城府,Sena,Chao Sadet,
14.23974305,100.30535627,泰國,大城府,Sena,Don Thong,
14.37337276,100.39799349,泰國,大城府,Sena,Hua Wiang,
14.37613721,100.35983455,泰國,大城府,Sena,Lat Nga,
14.24144241,100.37380336,泰國,大城府,Sena,Man Wichai,
14.34971374,100.36483624,泰國,大城府,Sena,Rang Chorakhe,
14.3036223,100.39886091,泰國,大城府,Sena,Sam Ko,
14.24092398,100.40701094,泰國,大城府,Sena,Sam Tum,
14.32687252,100.40081534,泰國,大城府,Sena,Sena,
14.57547552,100.68431226,泰國,大城府,他勒縣,Ban Rom,
14.55167161,100.7414796,泰國,大城府,他勒縣,Champa,
14.51085842,100.73736555,泰國,大城府,他勒縣,Nong Khanak,
14.50531346,100.68358764,泰國,大城府,他勒縣,Pak Tha,
14.5214146,100.67699969,泰國,大城府,他勒縣,Pho En,
14.53325401,100.70112772,泰國,大城府,他勒縣,Sala Loi,
14.54416645,100.71730907,泰國,大城府,他勒縣,Tha Chao Sanuk,
14.54803366,100.76526851,泰國,大城府,他勒縣,Tha Luang,
14.56715776,100.71942172,泰國,大城府,他勒縣,Tha Ruea,
14.54304775,100.65477865,泰國,大城府,他勒縣,Wang Daeng,
14.48234392,100.734989,泰國,大城府,帕棲縣,Don Ya Nang,
14.41815394,100.73583176,泰國,大城府,帕棲縣,Khok Muang,
14.42296364,100.69332425,泰國,大城府,帕棲縣,Krachio,
14.4557636,100.75396508,泰國,大城府,帕棲縣,Nong Nam Sai,
14.44000169,100.7275753,泰國,大城府,帕棲縣,Phachi,
14.46897255,100.70391105,泰國,大城府,帕棲縣,Phai Lom,
14.43694786,100.67606179,泰國,大城府,帕棲縣,Phra Kaeo,
14.38950947,100.76982847,泰國,大城府,帕棲縣,Rasom,
14.4725747,100.36014305,泰國,大城府,帕海縣,Ammarit,
14.49364781,100.41053163,泰國,大城府,帕海縣,Ban Khae,
14.43592724,100.38353041,泰國,大城府,帕海縣,Ban Yai,
14.44690104,100.32755766,泰國,大城府,帕海縣,Chakkarat,
14.43112969,100.28036433,泰國,大城府,帕海縣,Don Lan,
14.49941159,100.38767542,泰國,大城府,帕海縣,Khok Chang,
14.43785481,100.40809829,泰國,大城府,帕海縣,Kudi,
14.4191406,100.31739309,泰國,大城府,帕海縣,Lam Takhian,
14.4205554,100.35820929,泰國,大城府,帕海縣,Lat Chit,
14.48127359,100.39530812,泰國,大城府,帕海縣,Lat Nam Khem,
14.48870417,100.36238493,泰國,大城府,帕海縣,Na Khok,
14.46793509,100.27263173,泰國,大城府,帕海縣,Na Khu,
14.47432314,100.32000369,泰國,大城府,帕海縣,Nong Nam Yai,
14.46211797,100.38231104,泰國,大城府,帕海縣,Phak Hai,
14.4461043,100.37512876,泰國,大城府,帕海縣,Ta Lan,
14.41630758,100.3862124,泰國,大城府,帕海縣,Tha Din Daeng,
14.133096,100.37021548,泰國,大城府,拉磨鑾縣,Khlong Phraya Banlue,
14.19241199,100.38827271,泰國,大城府,拉磨鑾縣,Khu Salot,
14.1914353,100.26139333,泰國,大城府,拉磨鑾縣,Lak Chai,
14.19212565,100.32320732,泰國,大城府,拉磨鑾縣,Lat Bua Luang,
14.16135645,100.39545496,泰國,大城府,拉磨鑾縣,Phraya Banlue,
14.14650502,100.31552804,泰國,大城府,拉磨鑾縣,Sam Mueang,
14.13330964,100.42538261,泰國,大城府,拉磨鑾縣,Singhanat,
14.24100496,100.67341191,泰國,大城府,旺內縣,Bo Ta Lo,
14.26368615,100.76101664,泰國,大城府,旺內縣,Chamaep,
14.29395551,100.75909685,泰國,大城府,旺內縣,Han Taphao,
14.24888155,100.80063849,泰國,大城府,旺內縣,Khao Ngam,
14.2104212,100.66419465,泰國,大城府,旺內縣,Lam Sai,
14.27416532,100.70812477,泰國,大城府,旺內縣,Lam Ta Sao,
14.17121353,100.64227675,泰國,大城府,旺內縣,Phayom,
14.29693109,100.80446811,泰國,大城府,旺內縣,Sanap Thuep,
14.22765828,100.75507822,泰國,大城府,旺內縣,Wang Chula,
14.20048546,100.69803981,泰國,大城府,旺內縣,Wang Noi,
14.32239145,100.6801651,泰國,大城府,烏泰縣,Ban Chang,
14.3720581,100.71204219,泰國,大城府,烏泰縣,Ban Hip,
14.33559762,100.6411796,泰國,大城府,烏泰縣,Khan Ham,
14.3842204,100.63234315,泰國,大城府,烏泰縣,Khao Mao,
14.37772668,100.74816486,泰國,大城府,烏泰縣,Nong Mai Sung,
14.31994961,100.71250096,泰國,大城府,烏泰縣,Nong Nam Som,
14.33065018,100.75713147,泰國,大城府,烏泰縣,Pho Sao Han,
14.34829734,100.72703616,泰國,大城府,烏泰縣,Sam Bandit,
14.39579539,100.68937756,泰國,大城府,烏泰縣,Sena,
14.35276044,100.62149076,泰國,大城府,烏泰縣,Thanu,
14.36614141,100.66444775,泰國,大城府,烏泰縣,Uthai,
14.65485682,100.58510498,泰國,大城府,班佩縣,Ban Mai,
14.64602083,100.57585798,泰國,大城府,班佩縣,Ban Phraek,
14.64410953,100.54378513,泰國,大城府,班佩縣,Khlong Noi,
14.63314774,100.56455458,泰國,大城府,班佩縣,Sam Phaniang,
14.64707775,100.51926953,泰國,大城府,班佩縣,Song Hong,
14.45775586,100.65484161,泰國,大城府,那空鑾縣,Ban Chung,
14.48822677,100.60384963,泰國,大城府,那空鑾縣,Bang Phrakhru,
14.46611954,100.58925116,泰國,大城府,那空鑾縣,Bang Rakam,
14.40643938,100.59872955,泰國,大城府,那空鑾縣,Bo Phong,
14.42272256,100.60695153,泰國,大城府,那空鑾縣,Khlong Sakae,
14.50111266,100.61722204,泰國,大城府,那空鑾縣,Mae La,
14.4687385,100.62219526,泰國,大城府,那空鑾縣,Nakhon Luang,
14.42331398,100.64051413,泰國,大城府,那空鑾縣,Nong Pling,
14.44044394,100.61385237,泰國,大城府,那空鑾縣,Pak Chan,
14.51294153,100.6274151,泰國,大城府,那空鑾縣,Phra Non,
14.48989466,100.67422624,泰國,大城府,那空鑾縣,Sam Thai,
14.52005822,100.64239133,泰國,大城府,那空鑾縣,Tha Chang,
14.30704631,100.60356254,泰國,大城府,邦巴因縣,Ban Krot,
14.23415079,100.59227768,泰國,大城府,邦巴因縣,Ban Len,
14.2383274,100.55369206,泰國,大城府,邦巴因縣,Ban Paeng,
14.22213513,100.55418968,泰國,大城府,邦巴因縣,Ban Phlap,
14.27219048,100.58830993,泰國,大城府,邦巴因縣,Ban Pho,
14.28963413,100.66775386,泰國,大城府,邦巴因縣,Ban Sang,
14.25863682,100.61552012,泰國,大城府,邦巴因縣,Ban Wa,
14.18276223,100.55932832,泰國,大城府,邦巴因縣,Bang Krasan,
14.28605954,100.54508758,泰國,大城府,邦巴因縣,Bang Pradaeng,
14.15993672,100.59292074,泰國,大城府,邦巴因縣,Chiang Rak Noi,
14.2963086,100.57557907,泰國,大城府,邦巴因縣,Khanon Luang,
14.21499381,100.61061526,泰國,大城府,邦巴因縣,Khlong Chik,
14.29902185,100.6230275,泰國,大城府,邦巴因縣,Khung Lan,
14.2062172,100.54658626,泰國,大城府,邦巴因縣,Ko Koet,
14.28882492,100.64564307,泰國,大城府,邦巴因縣,Sam Ruean,
14.26988417,100.55073703,泰國,大城府,邦巴因縣,Talat Kriap,
14.26184336,100.63230745,泰國,大城府,邦巴因縣,Taling Chan,
14.25554761,100.55744982,泰國,大城府,邦巴因縣,Wat Yom,
14.53236624,100.5863377,泰國,大城府,邦巴漢縣,Ban Khlo,
14.44844894,100.52118272,泰國,大城府,邦巴漢縣,Ban Li,
14.49186786,100.50969636,泰國,大城府,邦巴漢縣,Ban Ma,
14.43621662,100.57618378,泰國,大城府,邦巴漢縣,Bang Duea,
14.47399739,100.53180163,泰國,大城府,邦巴漢縣,Bang Nang Ra,
14.45786479,100.55785183,泰國,大城府,邦巴漢縣,Bang Pahan,
14.49979915,100.57748136,泰國,大城府,邦巴漢縣,Bang Phloeng,
14.51215646,100.51702262,泰國,大城府,邦巴漢縣,Han Sang,
14.41449498,100.56332128,泰國,大城府,邦巴漢縣,Khayai,
14.44474894,100.53593576,泰國,大城府,邦巴漢縣,Khwan Mueang,
14.42112838,100.5467811,泰國,大城府,邦巴漢縣,Pho Sam Ton,
14.41664332,100.52359758,泰國,大城府,邦巴漢縣,Phut Lao,
14.49006522,100.55780009,泰國,大城府,邦巴漢縣,Sao Thong,
14.52360559,100.56323109,泰國,大城府,邦巴漢縣,Tan En,
14.49121084,100.53189043,泰國,大城府,邦巴漢縣,Tanim,
14.51337655,100.54420166,泰國,大城府,邦巴漢縣,Thang Klang,
14.47178805,100.50348403,泰國,大城府,邦巴漢縣,Thap Nam,
14.34703856,100.45692702,泰國,大城府,邦班縣,Ban Khlang,
14.43601463,100.49199275,泰國,大城府,邦班縣,Ban Kum,
14.41094202,100.46159236,泰國,大城府,邦班縣,Bang Ban,
14.42953379,100.46074521,泰國,大城府,邦班縣,Bang Chani,
14.43501941,100.43036456,泰國,大城府,邦班縣,Bang Hak,
14.40284177,100.43355341,泰國,大城府,邦班縣,Bang Luang,
14.41752732,100.43147449,泰國,大城府,邦班縣,Bang Luang Dot,
14.36135232,100.46919584,泰國,大城府,邦班縣,Kop Chao,
14.3623001,100.50381802,泰國,大城府,邦班縣,Mahaphram,
14.33608379,100.43720964,泰國,大城府,邦班縣,Namtao,
14.3300819,100.48127205,泰國,大城府,邦班縣,Phra Khao,
14.40743643,100.48604089,泰國,大城府,邦班縣,Sai Noi,
14.36426247,100.48411216,泰國,大城府,邦班縣,Saphan Thai,
14.37366901,100.43408931,泰國,大城府,邦班縣,Thang Chang,
14.38799214,100.43226146,泰國,大城府,邦班縣,Wat Taku,
14.38886787,100.47389118,泰國,大城府,邦班縣,Wat Yom,
14.30858159,100.50142863,泰國,大城府,邦賽縣,Ban Klueng,
14.23625142,100.46143766,泰國,大城府,邦賽縣,Ban Ko,
14.14040762,100.48357685,泰國,大城府,邦賽縣,Ban Ma,
14.228986,100.50446421,泰國,大城府,邦賽縣,Ban Paeng,
14.21173474,100.46567142,泰國,大城府,邦賽縣,Bang Phli,
14.19228766,100.48209472,泰國,大城府,邦賽縣,Bang Sai,
14.31365955,100.28767511,泰國,大城府,邦賽縣,Bang Sai,
14.29912059,100.4448824,泰國,大城府,邦賽縣,Bang Yi Tho,
14.27458768,100.44956511,泰國,大城府,邦賽縣,Chang Lek,
14.25179028,100.50520258,泰國,大城府,邦賽縣,Chang Noi,
14.16195701,100.52132427,泰國,大城府,邦賽縣,Chang Yai,
14.13155386,100.56084502,泰國,大城府,邦賽縣,Chiang Rak Noi,
14.2560039,100.46573296,泰國,大城府,邦賽縣,Ho Mok,
14.31252145,100.32572663,泰國,大城府,邦賽縣,Kaeo Fa,
14.30524059,100.47472184,泰國,大城府,邦賽縣,Khae Ok,
14.27831256,100.46998467,泰國,大城府,邦賽縣,Khae Tok,
14.1243299,100.48990997,泰國,大城府,邦賽縣,Khok Chang,
14.18822797,100.43552302,泰國,大城府,邦賽縣,Kok Kaeo Burapha,
14.27852965,100.50501747,泰國,大城府,邦賽縣,Krachaeng,
14.16386335,100.47292502,泰國,大城府,邦賽縣,Mai Tra,
14.31445335,100.46130446,泰國,大城府,邦賽縣,Na Mai,
14.22053803,100.43326321,泰國,大城府,邦賽縣,Phai Phra,
14.13942265,100.53529231,泰國,大城府,邦賽縣,Pho Taeng,
14.38208714,100.31340279,泰國,大城府,邦賽縣,Plai Klat,
14.18507963,100.51900466,泰國,大城府,邦賽縣,Ratchakhram,
14.21166061,100.51792838,泰國,大城府,邦賽縣,Sanam Chai,
14.34320569,100.31736991,泰國,大城府,邦賽縣,Tao Lao,
14.23603062,100.25986617,泰國,大城府,邦賽縣,Thep Mongkhon,
14.27862398,100.29077178,泰國,大城府,邦賽縣,Wang Phatthana,
14.3900594,100.58200709,泰國,大城府,阿瑜陀耶,Ban Ko,
14.38874324,100.51804422,泰國,大城府,阿瑜陀耶,Ban Mai,
14.34513484,100.52834241,泰國,大城府,阿瑜陀耶,Ban Pom,
14.31346614,100.55684321,泰國,大城府,阿瑜陀耶,Ban Run,
14.37224049,100.60265078,泰國,大城府,阿瑜陀耶,Han Tra,
14.35547924,100.57792752,泰國,大城府,阿瑜陀耶,Ho Rattana Chai,
14.36922738,100.5784609,泰國,大城府,阿瑜陀耶,Hua Ro,
14.34183444,100.58044965,泰國,大城府,阿瑜陀耶,Kamang,
14.36987056,100.56223807,泰國,大城府,阿瑜陀耶,Khlong Sa Bua,
14.3341289,100.60457142,泰國,大城府,阿瑜陀耶,Khlong Suan Phlu,
14.3293631,100.56133612,泰國,大城府,阿瑜陀耶,Khlong Takhian,
14.31823024,100.57884768,泰國,大城府,阿瑜陀耶,Ko Rian,
14.3749611,100.55031463,泰國,大城府,阿瑜陀耶,Lumphli,
14.30943837,100.53074091,泰國,大城府,阿瑜陀耶,Pak Kran,
14.35336381,100.59328874,泰國,大城府,阿瑜陀耶,Phai Ling,
14.36535999,100.54215179,泰國,大城府,阿瑜陀耶,Phu Khao Thong,
14.35046374,100.55896329,泰國,大城府,阿瑜陀耶,Pratu Chai,
14.33857744,100.56635292,泰國,大城府,阿瑜陀耶,Samphao Lom,
14.39080328,100.55796714,泰國,大城府,阿瑜陀耶,Suan Phrik,
14.36034759,100.55776135,泰國,大城府,阿瑜陀耶,Tha Wasukri,
14.38919924,100.53905415,泰國,大城府,阿瑜陀耶,Wat Tum,
14.57208977,100.51493781,泰國,大城府,馬哈叻縣,Ban Khwang,
14.52995333,100.50055696,泰國,大城府,馬哈叻縣,Ban Mai,
14.60645746,100.50892867,泰國,大城府,馬哈叻縣,Ban Na,
14.57500605,100.58101242,泰國,大城府,馬哈叻縣,Bang Na,
14.5811998,100.5386312,泰國,大城府,馬哈叻縣,Chao Pluk,
14.53390512,100.52234029,泰國,大城府,馬哈叻縣,Hua Phai,
14.54812313,100.56441903,泰國,大城府,馬哈叻縣,Kathum,
14.54797592,100.53154533,泰國,大城府,馬哈叻縣,Maha Rat,
14.5635928,100.54694995,泰國,大城府,馬哈叻縣,Namtao,
14.60854605,100.54257369,泰國,大城府,馬哈叻縣,Phit Phian,
14.60124258,100.562659,泰國,大城府,馬哈叻縣,Rong Chang,
14.56066375,100.49570064,泰國,大城府,馬哈叻縣,Tha To,
15.85773038,102.65245749,泰國,孔敬府,Phon,Chot Nong Kae,
15.87254895,102.56431427,泰國,孔敬府,Phon,Hua Thung,
15.8483755,102.59841807,泰國,孔敬府,Phon,Kao Ngio,
15.75415172,102.48766603,泰國,孔敬府,Phon,Khok Sa-Nga,
15.80075402,102.54265899,泰國,孔敬府,Phon,Lom Khom,
15.79048581,102.64381318,泰國,孔敬府,Phon,Mueang Phon,
15.76121196,102.58950788,泰國,孔敬府,Phon,Non Kha,
15.75274579,102.54568337,泰國,孔敬府,Phon,Nong Makhuea,
15.89440525,102.60883858,泰國,孔敬府,Phon,Nong Waeng Nang Bao,
15.73739424,102.62473644,泰國,孔敬府,Phon,Nong Waeng Sok Phra,
15.84370846,102.54215854,泰國,孔敬府,Phon,Phek Yai,
15.83410975,102.67711227,泰國,孔敬府,Phon,Sok Nok Ten,
15.93597259,102.87287619,泰國,孔敬府,佩內縣,Kham Pom,
15.87920514,102.90139678,泰國,孔敬府,佩內縣,Pueai Noi,
15.84936378,102.89576938,泰國,孔敬府,佩內縣,Sa Kaeo,
15.88385161,102.82841087,泰國,孔敬府,佩內縣,Wang Muang,
16.56670071,102.95479582,泰國,孔敬府,南豐,Ban Kham,
16.77374071,102.97810449,泰國,孔敬府,南豐,Bua Ngoen,
16.62505695,102.95676293,泰國,孔敬府,南豐,Bua Yai,
16.70315892,102.78506289,泰國,孔敬府,南豐,Kut Nam Sai,
16.64612943,102.77202921,泰國,孔敬府,南豐,Muang Wan,
16.75571929,102.81339157,泰國,孔敬府,南豐,Nam Phong,
16.71452278,102.877624,泰國,孔敬府,南豐,Nong Kung,
16.74588199,102.93385769,泰國,孔敬府,南豐,Phang Thui,
16.79123929,102.76966643,泰國,孔敬府,南豐,Sa-At,
16.65982146,102.90962981,泰國,孔敬府,南豐,Sai Mun,
16.60317053,102.88004934,泰國,孔敬府,南豐,Tha Krasoem,
16.70371883,102.84517779,泰國,孔敬府,南豐,Wang Chai,
16.5682309,102.753998,泰國,孔敬府,孔敬府治縣,Ban Kho,
16.43595895,102.78122086,泰國,孔敬府,孔敬府治縣,Ban Pet,
16.45097549,102.7003497,泰國,孔敬府,孔敬府治縣,Ban Thum,
16.38456365,102.71274887,泰國,孔敬府,孔敬府治縣,Ban Wa,
16.43063042,102.92312487,泰國,孔敬府,孔敬府治縣,Bueng Niam,
16.48573576,102.75095095,泰國,孔敬府,孔敬府治縣,Daeng Yai,
16.36099686,102.75958489,泰國,孔敬府,孔敬府治縣,Don Chang,
16.3358383,102.86965842,泰國,孔敬府,孔敬府治縣,Don Han,
16.47624681,102.95447749,泰國,孔敬府,孔敬府治縣,Khok Si,
16.38579306,102.81162832,泰國,孔敬府,孔敬府治縣,Mueang Kao,
16.44052775,102.83614706,泰國,孔敬府,孔敬府治縣,Nai Mueang,
16.5912815,102.83641814,泰國,孔敬府,孔敬府治縣,Non Thon,
16.51626607,102.93085318,泰國,孔敬府,孔敬府治縣,Nong Tum,
16.40711114,102.88980173,泰國,孔敬府,孔敬府治縣,Phra Lap,
16.53888071,102.83907027,泰國,孔敬府,孔敬府治縣,Samran,
16.53279177,102.68288789,泰國,孔敬府,孔敬府治縣,Sawathi,
16.49330924,102.85770795,泰國,孔敬府,孔敬府治縣,Sila,
16.30856416,102.81736501,泰國,孔敬府,孔敬府治縣,Tha Phra,
16.2782457,102.73333312,泰國,孔敬府,帕雲縣,Ban Ton,
16.30059501,102.65781156,泰國,孔敬府,帕雲縣,Kham Pom,
16.31738243,102.73299874,泰國,孔敬府,帕雲縣,Nong Waeng,
16.26404371,102.69709208,泰國,孔敬府,帕雲縣,Phra Bu,
16.33403085,102.61247993,泰國,孔敬府,帕雲縣,Phra Yuen,
15.84638424,102.47294705,泰國,孔敬府,文內縣,Kan Lueang,
15.81238038,102.36691984,泰國,孔敬府,文內縣,Lahan Na,
15.8654258,102.37336945,泰國,孔敬府,文內縣,Tha Nang Naeo,
15.73450242,102.39679126,泰國,孔敬府,文內縣,Tha Wat,
15.75390502,102.43430955,泰國,孔敬府,文內縣,Thang Khwang,
15.80568038,102.44011464,泰國,孔敬府,文內縣,Waeng Noi,
15.93410058,102.51072913,泰國,孔敬府,文艾縣,Khon Chim,
15.9033054,102.49015765,泰國,孔敬府,文艾縣,Mai Na Phiang,
15.95270471,102.42051551,泰國,孔敬府,文艾縣,Non Sa-At,
15.90387162,102.39812562,泰國,孔敬府,文艾縣,Non Thong,
15.94600455,102.54068804,泰國,孔敬府,文艾縣,Waeng Yai,
16.51442008,102.13947586,泰國,孔敬府,春佩縣,Chai So,
16.52673151,102.07423829,泰國,孔敬府,春佩縣,Chum Phae,
16.56164828,102.21470258,泰國,孔敬府,春佩縣,Khua Riang,
16.76739146,101.97975168,泰國,孔敬府,春佩縣,Na Nong Thum,
16.48931613,102.26971075,泰國,孔敬府,春佩縣,Na Phiang,
16.60339064,102.02261579,泰國,孔敬府,春佩縣,Non Han,
16.58237546,102.00400484,泰國,孔敬府,春佩縣,Non Sa-At,
16.50920518,102.21779792,泰國,孔敬府,春佩縣,Non Udom,
16.65767548,102.01389176,泰國,孔敬府,春佩縣,Nong Khiat,
16.57028883,102.12043076,泰國,孔敬府,春佩縣,Nong Phai,
16.56757493,102.27647314,泰國,孔敬府,春佩縣,Nong Sao Lao,
16.62412479,102.09522585,泰國,孔敬府,春佩縣,Wang Hin Lat,
15.96985877,102.60455054,泰國,孔敬府,春那博縣,Ban Thaen,
16.07756675,102.6162581,泰國,孔敬府,春那博縣,Chonnabot,
15.99522718,102.54687348,泰國,孔敬府,春那博縣,Huai Kae,
16.03186863,102.59651297,泰國,孔敬府,春那博縣,Kut Phia Khom,
16.06415822,102.54942709,泰國,孔敬府,春那博縣,Non Phayom,
15.93961763,102.59872638,泰國,孔敬府,春那博縣,Po Daeng,
16.114082,102.62360914,泰國,孔敬府,春那博縣,Si Bun Rueang,
16.01468622,102.48107616,泰國,孔敬府,春那博縣,Wang Saeng,
16.76751776,101.90825889,泰國,孔敬府,普帕曼縣,Huai Muang,
16.67832415,101.86159355,泰國,孔敬府,普帕曼縣,Na Fai,
16.64890384,101.93571364,泰國,孔敬府,普帕曼縣,Non Khom,
16.68188697,101.90748313,泰國,孔敬府,普帕曼縣,Phu Pha Man,
16.71343326,101.81711814,泰國,孔敬府,普帕曼縣,Wang Sawap,
16.69905874,102.39076742,泰國,孔敬府,普淵縣,Ban Ruea,
16.74449945,102.42708714,泰國,孔敬府,普淵縣,Din Dam,
16.57972373,102.50163538,泰國,孔敬府,普淵縣,Kut Khon Kaen,
16.60257462,102.33245147,泰國,孔敬府,普淵縣,Na Chum Saeng,
16.71019658,102.546628,泰國,孔敬府,普淵縣,Na Wa,
16.63328426,102.51865328,泰國,孔敬府,普淵縣,Nong Kung Soen,
16.64847855,102.4358242,泰國,孔敬府,普淵縣,Nong Kung Thanasan,
16.67871773,102.37289303,泰國,孔敬府,普淵縣,Phu Wiang,
16.62644199,102.37389805,泰國,孔敬府,普淵縣,Song Pueai,
16.74882846,102.50615278,泰國,孔敬府,普淵縣,Thung Chomphu,
16.7586048,102.46720364,泰國,孔敬府,普淵縣,Wa Thong,
16.31581438,102.47616106,泰國,孔敬府,曼乍奇里縣,Kham Khaen,
16.1124066,102.51449843,泰國,孔敬府,曼乍奇里縣,Kut Khao,
16.19413983,102.48306566,泰國,孔敬府,曼乍奇里縣,Na Kha,
16.19662838,102.41897837,泰國,孔敬府,曼乍奇里縣,Na Ngam,
16.17823977,102.62920916,泰國,孔敬府,曼乍奇里縣,Nong Paen,
16.23838889,102.55717406,泰國,孔敬府,曼乍奇里縣,Phon Phek,
16.16483541,102.56140702,泰國,孔敬府,曼乍奇里縣,Suan Mon,
16.26826699,102.61603835,泰國,孔敬府,曼乍奇里縣,Tha Sala,
16.77054458,103.04908333,泰國,孔敬府,格拉暖縣,Ban Fang,
16.81098204,103.14850755,泰國,孔敬府,格拉暖縣,Dun Sat,
16.82715893,103.04980286,泰國,孔敬府,格拉暖縣,Hua Na Kham,
16.66573104,103.02223642,泰國,孔敬府,格拉暖縣,Huai Chot,
16.86988001,103.08567982,泰國,孔敬府,格拉暖縣,Huai Yang,
16.67078614,103.1278977,泰國,孔敬府,格拉暖縣,Nam Om,
16.72662531,103.10987429,泰國,孔敬府,格拉暖縣,Nong Ko,
16.64585642,103.08773159,泰國,孔敬府,格拉暖縣,Nong Kung Yai,
16.72191402,103.0312996,泰國,孔敬府,格拉暖縣,Nong No,
16.72571135,102.33270628,泰國,孔敬府,淵告縣,Khao Noi,
16.63572085,102.2502672,泰國,孔敬府,淵告縣,Mueang Kao Phatthana,
16.73131108,102.25724351,泰國,孔敬府,淵告縣,Nai Mueang,
16.79034753,102.67764736,泰國,孔敬府,烏邦拉縣,Ban Dong,
16.6858486,102.7007722,泰國,孔敬府,烏邦拉縣,Khok Sung,
16.70299591,102.61968257,泰國,孔敬府,烏邦拉縣,Khuean Ubolratana,
16.85590494,102.6798214,泰國,孔敬府,烏邦拉縣,Na Kham,
16.91755325,102.70116188,泰國,孔敬府,烏邦拉縣,Si Suk Samran,
16.73174166,102.67551634,泰國,孔敬府,烏邦拉縣,Thung Pong,
16.46023323,102.62958163,泰國,孔敬府,班方縣,Ban Fang,
16.39885683,102.65113761,泰國,孔敬府,班方縣,Ban Lao,
16.57573997,102.60037175,泰國,孔敬府,班方縣,Khok Ngam,
16.41845048,102.58609372,泰國,孔敬府,班方縣,Non Khong,
16.49239783,102.59407365,泰國,孔敬府,班方縣,Nong Bua,
16.36983836,102.5772224,泰國,孔敬府,班方縣,Pa Manao,
16.61496577,102.64216785,泰國,孔敬府,班方縣,Pa Wai Nang,
15.99148318,102.83425371,泰國,孔敬府,班派縣,Ban Lan,
16.11933595,102.71227206,泰國,孔敬府,班派縣,Ban Phai,
16.0363546,102.83580178,泰國,孔敬府,班派縣,Hin Tang,
16.05812609,102.69645208,泰國,孔敬府,班派縣,Hua Nong,
15.98836896,102.77052527,泰國,孔敬府,班派縣,Khaen Nuea,
16.11561675,102.66669259,泰國,孔敬府,班派縣,Mueang Phia,
16.09083701,102.75607284,泰國,孔敬府,班派縣,Nai Mueang,
16.02555474,102.74309605,泰國,孔敬府,班派縣,Nong Nam Sai,
15.92822174,102.79374572,泰國,孔敬府,班派縣,Pa Po,
16.11069708,102.82384671,泰國,孔敬府,班派縣,Phu Lek,
16.20932462,102.7752218,泰國,孔敬府,班海縣,Ban Haet,
16.1905728,102.70987786,泰國,孔敬府,班海縣,Khok Samran,
16.25455457,102.78640765,泰國,孔敬府,班海縣,Non Sombun,
16.1726129,102.80575115,泰國,孔敬府,班海縣,Nong Saeng,
16.11037148,102.37995349,泰國,孔敬府,科普猜縣,Ban Khok,
16.10054963,102.44872835,泰國,孔敬府,科普猜縣,Na Phaeng,
16.02863637,102.39902892,泰國,孔敬府,科普猜縣,Pho Chai,
16.07345959,102.32915222,泰國,孔敬府,科普猜縣,Sap Sombun,
16.86003103,102.76734289,泰國,孔敬府,考宣光縣,Dong Mueang Am,
16.82148267,102.88011496,泰國,孔敬府,考宣光縣,Kham Muang,
16.8623448,102.8377735,泰國,孔敬府,考宣光縣,Khao Suan Kwang,
16.94417414,102.75746907,泰國,孔敬府,考宣光縣,Na Ngio,
17.01234207,102.73698178,泰國,孔敬府,考宣光縣,Non Sombun,
16.76127789,102.06578855,泰國,孔敬府,西春普縣,Ban Mai,
16.85431104,102.09484228,泰國,孔敬府,西春普縣,Boribun,
16.81612473,102.07038913,泰國,孔敬府,西春普縣,Dong Lan,
16.66597719,102.1586033,泰國,孔敬府,西春普縣,Na Chan,
16.71201947,102.13324039,泰國,孔敬府,西春普縣,Nong Daeng,
16.71989698,102.03924313,泰國,孔敬府,西春普縣,Phu Han,
16.68394971,102.08966488,泰國,孔敬府,西春普縣,Sam Yang,
16.84155938,102.15626146,泰國,孔敬府,西春普縣,Si Chomphu,
16.7499556,102.1833288,泰國,孔敬府,西春普縣,Si Suk,
16.80431249,102.18076049,泰國,孔敬府,西春普縣,Wang Phoem,
16.54670718,103.00915643,泰國,孔敬府,訕頌縣,Ban Non,
16.58150356,103.08880379,泰國,孔敬府,訕頌縣,Huai Toei,
16.61561811,103.12109801,泰國,孔敬府,訕頌縣,Kham Maet,
16.50796353,103.01749115,泰國,孔敬府,訕頌縣,Khu Kham,
16.57033989,103.04572067,泰國,孔敬府,訕頌縣,Kranuan,
15.76982757,102.78782939,泰國,孔敬府,農宋洪縣,Don Dang,
15.80936676,102.87363525,泰國,孔敬府,農宋洪縣,Don Du,
15.66645298,102.80867348,泰國,孔敬府,農宋洪縣,Dong Kheng,
15.75186148,102.70771709,泰國,孔敬府,農宋洪縣,Han Chot,
15.81787681,102.80331531,泰國,孔敬府,農宋洪縣,Khuem Chat,
15.70441472,102.71987727,泰國,孔敬府,農宋洪縣,Non That,
15.78808386,102.72681454,泰國,孔敬府,農宋洪縣,Nong Mek,
15.75170349,102.84220035,泰國,孔敬府,農宋洪縣,Nong Phai Lom,
15.70717957,102.7707652,泰國,孔敬府,農宋洪縣,Nong Song Hong,
15.83463602,102.74866321,泰國,孔敬府,農宋洪縣,Samrong,
15.69740038,102.84746618,泰國,孔敬府,農宋洪縣,Takua Pa,
15.8726495,102.73531873,泰國,孔敬府,農宋洪縣,Wang Hin,
15.94150248,102.7195951,泰國,孔敬府,農是叻縣,Ban Han,
16.00125951,102.68541369,泰國,孔敬府,農是叻縣,Non Daeng,
15.94420003,102.66373061,泰國,孔敬府,農是叻縣,Non Sila,
15.98904066,102.63530153,泰國,孔敬府,農是叻縣,Nong Pla Mo,
16.02593672,102.65156403,泰國,孔敬府,農是叻縣,Pueai Yai,
16.51211137,102.52946988,泰國,孔敬府,農羅縣,Ban Kong,
16.44127153,102.45787889,泰國,孔敬府,農羅縣,Ban Meng,
16.56501809,102.56188134,泰國,孔敬府,農羅縣,Ban Phue,
16.45805208,102.53610771,泰國,孔敬府,農羅縣,Chorakhe,
16.47416467,102.34579619,泰國,孔敬府,農羅縣,Kut Kwang,
16.53414639,102.31489613,泰國,孔敬府,農羅縣,Non Sa-At,
16.51795063,102.3708091,泰國,孔敬府,農羅縣,Non Than,
16.55641253,102.41352454,泰國,孔敬府,農羅縣,Non Thong,
16.50245941,102.46441784,泰國,孔敬府,農羅縣,Nong Ruea,
16.39768905,102.51525342,泰國,孔敬府,農羅縣,Yang Kham,
16.79203396,102.33601403,泰國,孔敬府,農那堪縣,Ban Khok,
16.77131385,102.38961378,泰國,孔敬府,農那堪縣,Khanuan,
16.8459381,102.28444828,泰國,孔敬府,農那堪縣,Kut That,
15.70989938,104.66790114,泰國,安納乍倫府,勒安納縣,Amnat,
15.71779149,104.74517145,泰國,安納乍倫府,勒安納縣,Dong Bang,
15.71600096,104.61591088,泰國,安納乍倫府,勒安納縣,Dong Mayang,
15.75085181,104.63686678,泰國,安納乍倫府,勒安納縣,Khok Klang,
15.76364276,104.6901237,泰國,安納乍倫府,勒安納縣,Maet,
15.6935355,104.70511131,泰國,安納乍倫府,勒安納縣,Pueai,
15.65414536,104.78292258,泰國,安納乍倫府,勒安納縣,Rai Khi,
15.8718062,104.63552223,泰國,安納乍倫府,安納乍倫府治縣,Bung,
15.80720081,104.55207868,泰國,安納乍倫府,安納乍倫府治縣,Don Moei,
15.85032606,104.68904278,泰國,安納乍倫府,安納乍倫府治縣,Huai Rai,
15.80686493,104.63914991,泰國,安納乍倫府,安納乍倫府治縣,Kai Kham,
15.94413117,104.75070528,泰國,安納乍倫府,安納乍倫府治縣,Khuem Yai,
15.95039524,104.55826341,泰國,安納乍倫府,安納乍倫府治縣,Kut Pla Duk,
15.86549139,104.79409259,泰國,安納乍倫府,安納乍倫府治縣,Lao Phruan,
15.80273578,104.58149595,泰國,安納乍倫府,安納乍倫府治縣,Na Chik,
15.88773029,104.47937571,泰國,安納乍倫府,安納乍倫府治縣,Na Mo Ma,
15.98668886,104.64819478,泰國,安納乍倫府,安納乍倫府治縣,Na Phue,
15.95705522,104.69587429,泰國,安納乍倫府,安納乍倫府治縣,Na Tae,
15.98733517,104.55484209,泰國,安納乍倫府,安納乍倫府治縣,Na Wang,
15.87760174,104.51301271,泰國,安納乍倫府,安納乍倫府治縣,Na Yom,
15.80779501,104.48719649,泰國,安納乍倫府,安納乍倫府治縣,Nam Plik,
15.92850811,104.63142909,泰國,安納乍倫府,安納乍倫府治縣,Non Nam Thaeng,
15.8730503,104.55789955,泰國,安納乍倫府,安納乍倫府治縣,Non Pho,
15.82952696,104.72454755,泰國,安納乍倫府,安納乍倫府治縣,Nong Masaeo,
15.78378701,104.78711696,泰國,安納乍倫府,安納乍倫府治縣,Pla Khao,
15.84124391,104.75340127,泰國,安納乍倫府,安納乍倫府治縣,Sang Nok Tha,
16.22669375,104.95257766,泰國,安納乍倫府,差努曼縣,Chanuman,
16.15090062,104.88071462,泰國,安納乍倫府,差努曼縣,Kham Khuean Kaeo,
16.06586322,104.97008045,泰國,安納乍倫府,差努曼縣,Khok Kong,
16.1518489,104.99613542,泰國,安納乍倫府,差努曼縣,Khok San,
16.04616854,104.85980935,泰國,安納乍倫府,差努曼縣,Pa Ko,
15.8384903,104.9479841,泰國,安納乍倫府,巴通叻差旺縣,Huai,
15.96565192,104.96584659,泰國,安納乍倫府,巴通叻差旺縣,Kham Phon,
15.79573813,104.86784969,泰國,安納乍倫府,巴通叻差旺縣,Lue,
15.87333156,104.87574143,泰國,安納乍倫府,巴通叻差旺縣,Na Pa Saeng,
15.89670612,104.91870447,泰國,安納乍倫府,巴通叻差旺縣,Na Wa,
15.86299414,104.82835468,泰國,安納乍倫府,巴通叻差旺縣,Non Ngam,
15.96580766,104.85687664,泰國,安納乍倫府,巴通叻差旺縣,Nong Kha,
15.60815962,104.87398864,泰國,安納乍倫府,帕納縣,Chan Lan,
15.73068441,104.81706972,泰國,安納乍倫府,帕納縣,Mai Klon,
15.67536105,104.86849264,泰國,安納乍倫府,帕納縣,Phana,
15.70136712,104.85383741,泰國,安納乍倫府,帕納縣,Phra Lao,
16.03446299,104.56586906,泰國,安納乍倫府,色南卡尼空縣,Na Wiang,
16.02247019,104.78863102,泰國,安納乍倫府,色南卡尼空縣,Nong Hai,
16.07020892,104.59735726,泰國,安納乍倫府,色南卡尼空縣,Nong Sam Si,
16.05723858,104.7574526,泰國,安納乍倫府,色南卡尼空縣,Phon Thong,
16.09259177,104.63907102,泰國,安納乍倫府,色南卡尼空縣,Rai Si Suk,
16.05596833,104.68547199,泰國,安納乍倫府,色南卡尼空縣,Senangkhanikhom,
15.58665724,104.5459757,泰國,安納乍倫府,華達潘縣,Chik Du,
15.71875901,104.45512579,泰國,安納乍倫府,華達潘縣,Hua Taphan,
15.76319835,104.4802329,泰國,安納乍倫府,華達潘縣,Kham Phra,
15.74180208,104.56684954,泰國,安納乍倫府,華達潘縣,Kheng Yai,
15.69494202,104.55871662,泰國,安納乍倫府,華達潘縣,Nong Kaeo,
15.649574,104.57957534,泰國,安納乍倫府,華達潘縣,Phon Mueang Noi,
15.71869248,104.49961507,泰國,安納乍倫府,華達潘縣,Rattana Wari,
15.64372441,104.48937429,泰國,安納乍倫府,華達潘縣,Sang Tho Noi,
6.90345759,100.76224025,泰國,宋卡府,占那縣,Ban Na,
7.00283026,100.66261279,泰國,宋卡府,占那縣,Chanong,
6.84110816,100.63373491,泰國,宋卡府,占那縣,Khae,
6.95381603,100.65556641,泰國,宋卡府,占那縣,Khlong Pia,
6.85027144,100.69818561,泰國,宋卡府,占那縣,Khu,
6.79174602,100.69921636,泰國,宋卡府,占那縣,Khun Tat Wai,
7.03738966,100.69942143,泰國,宋卡府,占那縣,Na Thap,
6.89689457,100.6600411,泰國,宋卡府,占那縣,Na Wa,
6.80469194,100.63269245,泰國,宋卡府,占那縣,Nam Khao,
6.92340288,100.70434593,泰國,宋卡府,占那縣,Pa Ching,
6.9382681,100.79055615,泰國,宋卡府,占那縣,Sakom,
6.82585823,100.78258694,泰國,宋卡府,占那縣,Saphan Mai Kaen,
6.96313706,100.73875408,泰國,宋卡府,占那縣,Taling Chan,
6.7946301,100.75045038,泰國,宋卡府,占那縣,Tha Mo Sai,
7.62272784,100.30968075,泰國,宋卡府,卡塞辛縣,Choeng Sae,
7.55820818,100.2875665,泰國,宋卡府,卡塞辛縣,Ko Yai,
7.59399749,100.32619298,泰國,宋卡府,卡塞辛縣,Krasae Sin,
7.67661809,100.28981925,泰國,宋卡府,卡塞辛縣,Rong,
6.92180027,100.4868338,泰國,宋卡府,合艾,Ban Phru,
6.992199,100.28664899,泰國,宋卡府,合艾,Chalung,
7.00967481,100.47226777,泰國,宋卡府,合艾,Hat Yai,
7.05388113,100.47752837,泰國,宋卡府,合艾,Khlong Hae,
7.04585961,100.44625437,泰國,宋卡府,合艾,Khlong U Taphao,
7.00540352,100.50297544,泰國,宋卡府,合艾,Kho Hong,
7.13087997,100.48077276,泰國,宋卡府,合艾,Khu Tao,
6.97280844,100.42220246,泰國,宋卡府,合艾,Khuan Lang,
7.10710443,100.53034432,泰國,宋卡府,合艾,Nam Noi,
6.84005595,100.53030074,泰國,宋卡府,合艾,Phatong,
7.0446262,100.57217536,泰國,宋卡府,合艾,Tha Kham,
6.92854611,100.28837103,泰國,宋卡府,合艾,Thung Tam Sao,
7.02947854,100.53710196,泰國,宋卡府,合艾,Thung Yai,
6.83173172,100.31682729,泰國,宋卡府,孔會空縣,Khlong Hoi Khong,
6.8859255,100.31618411,泰國,宋卡府,孔會空縣,Khlong La,
6.87445638,100.40628391,泰國,宋卡府,孔會空縣,Khok Muang,
6.88564871,100.44030372,泰國,宋卡府,孔會空縣,Thung Lan,
7.19752392,100.59533287,泰國,宋卡府,宋卡府治縣,Bo Yang,
7.15437316,100.61214872,泰國,宋卡府,宋卡府治縣,Khao Rup Chang,
7.10909037,100.63555299,泰國,宋卡府,宋卡府治縣,Ko Taeo,
7.16988625,100.5250795,泰國,宋卡府,宋卡府治縣,Ko Yo,
7.10567432,100.58467709,泰國,宋卡府,宋卡府治縣,Phawong,
7.05582081,100.63512045,泰國,宋卡府,宋卡府治縣,Thung Wang,
7.1307617,100.39333879,泰國,宋卡府,寬娘縣,Bang Riang,
7.27274765,100.3664348,泰國,宋卡府,寬娘縣,Huai Luek,
7.23080559,100.40037569,泰國,宋卡府,寬娘縣,Khuan So,
7.18302361,100.36996831,泰國,宋卡府,寬娘縣,Rattaphum,
7.80745435,100.22371387,泰國,宋卡府,拉諾縣,Ban Khao,
7.81629206,100.29869307,泰國,宋卡府,拉諾縣,Ban Mai,
7.63587287,100.38569544,泰國,宋卡府,拉諾縣,Bo Tru,
7.88122036,100.28791771,泰國,宋卡府,拉諾縣,Daen Sa-Nguan,
7.91163876,100.31923263,泰國,宋卡府,拉諾縣,Khlong Daen,
7.76643282,100.35877904,泰國,宋卡府,拉諾縣,Pak Trae,
7.72075723,100.35366565,泰國,宋卡府,拉諾縣,Phang Yang,
7.73800789,100.29011362,泰國,宋卡府,拉諾縣,Ranot,
7.71407257,100.37711073,泰國,宋卡府,拉諾縣,Rawa,
7.83659838,100.25819065,泰國,宋卡府,拉諾縣,Takhria,
7.836166,100.3403051,泰國,宋卡府,拉諾縣,Tha Bon,
7.66810352,100.37187074,泰國,宋卡府,拉諾縣,Wat Son,
7.08708092,100.28610741,泰國,宋卡府,拉達蓬縣,Kamphaeng Phet,
7.02071591,100.14596164,泰國,宋卡府,拉達蓬縣,Khao Phra,
7.18060086,100.31521651,泰國,宋卡府,拉達蓬縣,Khuan Ru,
7.17474214,100.26456862,泰國,宋卡府,拉達蓬縣,Khuha Tai,
7.11375168,100.17438533,泰國,宋卡府,拉達蓬縣,Tha Chamuang,
6.39609586,100.88400172,泰國,宋卡府,沙巴銳縣,Bahoi,
6.63761306,101.05127932,泰國,宋卡府,沙巴銳縣,Ban Not,
6.51379509,100.96282801,泰國,宋卡府,沙巴銳縣,Cha Nae,
6.50303738,100.80152249,泰國,宋卡府,沙巴銳縣,Khao Daeng,
6.60963025,100.83401936,泰國,宋卡府,沙巴銳縣,Khuha,
6.63308562,101.00345119,泰國,宋卡府,沙巴銳縣,Pian,
6.62397465,100.9558341,泰國,宋卡府,沙巴銳縣,Saba Yoi,
6.54411835,101.03193976,泰國,宋卡府,沙巴銳縣,Than Khiri,
6.54477452,100.89972034,泰國,宋卡府,沙巴銳縣,Thung Pho,
7.40549727,100.45392772,泰國,宋卡府,沙廷帕縣,Bo Daeng,
7.43368748,100.446715,泰國,宋卡府,沙廷帕縣,Bo Dan,
7.46874723,100.43703065,泰國,宋卡府,沙廷帕縣,Chathing Phra,
7.60289648,100.38554518,泰國,宋卡府,沙廷帕縣,Chumphon,
7.58148906,100.4072152,泰國,宋卡府,沙廷帕縣,Di Luang,
7.54276021,100.38589014,泰國,宋卡府,沙廷帕縣,Khlong Ri,
7.45713136,100.40644382,泰國,宋卡府,沙廷帕縣,Khu Khut,
7.50975297,100.42639619,泰國,宋卡府,沙廷帕縣,Kradang Nga,
7.54745725,100.41664826,泰國,宋卡府,沙廷帕縣,Sanam Chai,
7.39504907,100.41919747,泰國,宋卡府,沙廷帕縣,Tha Hin,
7.38166902,100.46085788,泰國,宋卡府,沙廷帕縣,Wat Chan,
6.77436496,100.52393355,泰國,宋卡府,沙道縣,Khao Mi Kiat,
6.72839186,100.27841366,泰國,宋卡府,沙道縣,Padang Besar,
6.77475429,100.46477558,泰國,宋卡府,沙道縣,Phang La,
6.68894697,100.48276896,泰國,宋卡府,沙道縣,Prik,
6.64518558,100.39633881,泰國,宋卡府,沙道縣,Sadao,
6.58093196,100.38628787,泰國,宋卡府,沙道縣,Samnak Kham,
6.56828392,100.51675588,泰國,宋卡府,沙道縣,Samnak Taeo,
6.79489039,100.41718699,泰國,宋卡府,沙道縣,Tha Pho,
6.75437369,100.35613411,泰國,宋卡府,沙道縣,Thung Mo,
6.76317671,100.70940505,泰國,宋卡府,納塔威縣,Chang,
6.63551928,100.6086756,泰國,宋卡府,納塔威縣,Khlong Kwang,
6.74185854,100.60213819,泰國,宋卡府,納塔威縣,Khlong Sai,
6.78312144,100.65934274,泰國,宋卡府,納塔威縣,Na Mo Si,
6.71204397,100.75120323,泰國,宋卡府,納塔威縣,Na Thawi,
6.67559427,100.66404136,泰國,宋卡府,納塔威縣,Plak Nu,
6.50043204,100.67911902,泰國,宋卡府,納塔威縣,Prakop,
6.61068065,100.74066008,泰國,宋卡府,納塔威縣,Sathon,
6.68280162,100.71144306,泰國,宋卡府,納塔威縣,Tha Pradu,
6.56396043,100.65882666,泰國,宋卡府,納塔威縣,Thap Chang,
7.34495126,100.43403957,泰國,宋卡府,興哈那空縣,Bang Khiat,
7.30980634,100.44360744,泰國,宋卡府,興哈那空縣,Chalae,
7.26570881,100.52473669,泰國,宋卡府,興哈那空縣,Ching Kho,
7.20389504,100.56866625,泰國,宋卡府,興哈那空縣,Hua Khao,
7.34668397,100.47620056,泰國,宋卡府,興哈那空縣,Muang Ngam,
7.2411176,100.46952121,泰國,宋卡府,興哈那空縣,Pa Khat,
7.27557236,100.44034495,泰國,宋卡府,興哈那空縣,Pak Ro,
7.30035913,100.47471326,泰國,宋卡府,興哈那空縣,Ram Daeng,
7.21054677,100.52395539,泰國,宋卡府,興哈那空縣,Sathing Mo,
7.24407977,100.49939808,泰國,宋卡府,興哈那空縣,Thamnop,
7.30639464,100.49858464,泰國,宋卡府,興哈那空縣,Wat Khanun,
6.86269819,100.89138707,泰國,宋卡府,貼帕縣,Ko Saba,
6.70540829,100.90246018,泰國,宋卡府,貼帕縣,Lam Phlai,
6.82879738,101.00833825,泰國,宋卡府,貼帕縣,Pak Bang,
6.89187904,100.83339751,泰國,宋卡府,貼帕縣,Sakom,
6.74357424,100.99914806,泰國,宋卡府,貼帕縣,Tha Muang,
6.82462013,100.93912886,泰國,宋卡府,貼帕縣,Thepha,
6.76466652,100.85317376,泰國,宋卡府,貼帕縣,Wang Yai,
6.92826469,100.58610627,泰國,宋卡府,那芒縣,Khlong Rang,
6.96521757,100.54186214,泰國,宋卡府,那芒縣,Na Mom,
6.99290336,100.58698274,泰國,宋卡府,那芒縣,Phichit,
6.91547493,100.54660969,泰國,宋卡府,那芒縣,Thung Khamin,
7.07461373,100.44927767,泰國,宋卡府,邦坎縣,Ban Han,
7.1163755,100.43422259,泰國,宋卡府,邦坎縣,Bang Klam,
7.09466949,100.45951971,泰國,宋卡府,邦坎縣,Mae Thom,
7.04699158,100.38393941,泰國,宋卡府,邦坎縣,Tha Chang,
13.3397552,101.7550021,泰國,差春騷府,他達傑縣,Khlong Takrao,
13.48465643,101.71876488,泰國,差春騷府,他達傑縣,Tha Takiap,
13.78393019,101.27926088,泰國,差春騷府,叻差訕縣,Bang Kha,
13.83941301,101.29411457,泰國,差春騷府,叻差訕縣,Dong Noi,
13.72496189,101.27270983,泰國,差春騷府,叻差訕縣,Mueang Mai,
13.70673907,101.10126478,泰國,差春騷府,差春騷府治縣,Ban Mai,
13.7407633,101.1131983,泰國,差春騷府,差春騷府治縣,Bang Kaeo,
13.6723421,101.00501256,泰國,差春騷府,差春騷府治縣,Bang Kahai,
13.75478983,101.07431679,泰國,差春騷府,差春騷府治縣,Bang Khwan,
13.67639146,101.11393036,泰國,差春騷府,差春騷府治縣,Bang Phai,
13.65022562,101.04828051,泰國,差春騷府,差春騷府治縣,Bang Phra,
13.66954059,101.0853416,泰國,差春騷府,差春騷府治縣,Bang Tin Pet,
13.70764511,100.98914867,泰國,差春騷府,差春騷府治縣,Bang Toei,
13.68578657,101.12467192,泰國,差春騷府,差春騷府治縣,Khlong Chuk Krachoe,
13.75461844,100.90495292,泰國,差春騷府,差春騷府治縣,Khlong Luang Phaeng,
13.64931731,101.1025336,泰國,差春騷府,差春騷府治縣,Khlong Na,
13.76577799,101.0074585,泰國,差春騷府,差春騷府治縣,Khlong Nakhon Nueang Khet,
13.70612235,100.93430032,泰國,差春騷府,差春騷府治縣,Khlong Preng,
13.73547302,100.92074144,泰國,差春騷府,差春騷府治縣,Khlong Udom Chonlachon,
13.68510506,101.0686971,泰國,差春騷府,差春騷府治縣,Na Mueang,
13.74703528,100.97815701,泰國,差春騷府,差春騷府治縣,Nam Daeng,
13.68093267,101.03997796,泰國,差春騷府,差春騷府治縣,Sothon,
13.73613827,101.05980678,泰國,差春騷府,差春騷府治縣,Tha Khai,
13.71925785,101.03409869,泰國,差春騷府,差春騷府治縣,Wang Takhian,
13.80138107,101.40436186,泰國,差春騷府,帕農沙拉堪縣,Ban Song,
13.74892443,101.49342985,泰國,差春騷府,帕農沙拉堪縣,Khao Hin Son,
13.69395429,101.3982312,泰國,差春騷府,帕農沙拉堪縣,Ko Khanun,
13.72801089,101.31937343,泰國,差春騷府,帕農沙拉堪縣,Mueang Kao,
13.66114938,101.33509692,泰國,差春騷府,帕農沙拉堪縣,Nong Nae,
13.81616623,101.35123362,泰國,差春騷府,帕農沙拉堪縣,Nong Yao,
13.76935987,101.33654596,泰國,差春騷府,帕農沙拉堪縣,Phanom Sarakham,
13.72600059,101.35977716,泰國,差春騷府,帕農沙拉堪縣,Tha Than,
13.62289339,101.31756195,泰國,差春騷府,本堯縣,Hua Samrong,
13.49281731,101.40790746,泰國,差春騷府,本堯縣,Nong Mai Kaen,
13.59733335,101.30103104,泰國,差春騷府,本堯縣,Plaeng Yao,
13.55512841,101.30534096,泰國,差春騷府,本堯縣,Wang Yen,
13.62907212,101.5007756,泰國,差春騷府,沙南猜凱縣,Khu Yai Mi,
13.54907241,101.47279234,泰國,差春騷府,沙南猜凱縣,Lat Krathing,
13.60677194,101.70210396,泰國,差春騷府,沙南猜凱縣,Tha Kradan,
13.68669357,101.74458894,泰國,差春騷府,沙南猜凱縣,Thung Phraya,
13.58818728,101.08506431,泰國,差春騷府,班坡縣,Ban Pho,
13.63383669,101.06979924,泰國,差春騷府,班坡縣,Bang Krut,
13.55908548,101.05356736,泰國,差春騷府,班坡縣,Bang Son,
13.63021217,101.12638104,泰國,差春騷府,班坡縣,Don Sai,
13.57682602,101.05485311,泰國,差春騷府,班坡縣,Khlong Ban Pho,
13.62178928,101.17297904,泰國,差春騷府,班坡縣,Khlong Khut,
13.63127518,101.02493323,泰國,差春騷府,班坡縣,Khlong Prawet,
13.67791605,100.96086669,泰國,差春騷府,班坡縣,Ko Rai,
13.59196851,101.21228954,泰國,差春騷府,班坡縣,Laem Pradu,
13.60689795,101.02324384,泰國,差春騷府,班坡縣,Lat Khwang,
13.6158977,101.100183,泰國,差春騷府,班坡縣,Nong Bua,
13.58057871,101.10647322,泰國,差春騷府,班坡縣,Nong Tin Nok,
13.58187335,101.01464571,泰國,差春騷府,班坡縣,Saen Phu Dat,
13.60117875,101.0563696,泰國,差春騷府,班坡縣,Sanam Chan,
13.6012407,101.14721569,泰國,差春騷府,班坡縣,Sip Et Sok,
13.61626359,101.07446911,泰國,差春騷府,班坡縣,Tha Phlap,
13.64519033,100.98083471,泰國,差春騷府,班坡縣,Theppharat,
13.72067686,101.15002347,泰國,差春騷府,空坤縣,Bang Lao,
13.82356578,101.13761144,泰國,差春騷府,空坤縣,Bang Rong,
13.73324191,101.17449967,泰國,差春騷府,空坤縣,Bang Talat,
13.78349157,101.17018375,泰國,差春騷府,空坤縣,Khlong Khuean,
13.76657342,101.13500503,泰國,差春騷府,空坤縣,Kon Kaeo,
13.85683755,101.11356138,泰國,差春騷府,邦南表縣,Bang Khanak,
13.82839893,101.00164035,泰國,差春騷府,邦南表縣,Bang Nam Priao,
13.90804281,100.92595343,泰國,差春騷府,邦南表縣,Bueng Nam Rak,
13.90828273,100.96458824,泰國,差春騷府,邦南表縣,Don Chimphli,
13.94810135,101.04459287,泰國,差春騷府,邦南表縣,Don Ko Ka,
13.87477483,101.04095766,泰國,差春騷府,邦南表縣,Mon Thong,
13.80969705,101.06759934,泰國,差春騷府,邦南表縣,Phrong Akat,
13.81718366,100.94987462,泰國,差春騷府,邦南表縣,Sala Daeng,
13.90761498,101.04215346,泰國,差春騷府,邦南表縣,Singto Thong,
13.92549927,101.12625192,泰國,差春騷府,邦南表縣,Yothaka,
13.72248099,101.20889965,泰國,差春騷府,邦卡縣,Bang Khla,
13.84981183,101.20434286,泰國,差春騷府,邦卡縣,Bang Krachet,
13.69563332,101.17647979,泰國,差春騷府,邦卡縣,Bang Suan,
13.80072931,101.22361635,泰國,差春騷府,邦卡縣,Hua Sai,
13.74446607,101.21771533,泰國,差春騷府,邦卡縣,Pak Nam,
13.67290835,101.20169821,泰國,差春騷府,邦卡縣,Samet Nuea,
13.64357585,101.18630101,泰國,差春騷府,邦卡縣,Samet Tai,
13.68311174,101.15166053,泰國,差春騷府,邦卡縣,Sao Cha-Ngok,
13.69432562,101.22891722,泰國,差春騷府,邦卡縣,Tha Thong Lang,
13.52259741,100.93263216,泰國,差春騷府,邦巴功縣,Bang Kluea,
13.49497276,100.96617011,泰國,差春騷府,邦巴功縣,Bang Pakong,
13.52313056,101.0535698,泰國,差春騷府,邦巴功縣,Bang Phueng,
13.55201685,100.94381717,泰國,差春騷府,邦巴功縣,Bang Samak,
13.56783719,100.96509972,泰國,差春騷府,邦巴功縣,Bang Wua,
13.54017333,100.9075888,泰國,差春騷府,邦巴功縣,Hom Sin,
13.53114603,101.02070717,泰國,差春騷府,邦巴功縣,Khao Din,
13.60145588,100.98712504,泰國,差春騷府,邦巴功縣,Nong Chok,
13.60204532,100.93940678,泰國,差春騷府,邦巴功縣,Phimpha,
13.49215919,100.89359535,泰國,差春騷府,邦巴功縣,Song Khlong,
13.48530698,101.01069854,泰國,差春騷府,邦巴功縣,Tha Kham,
13.55274143,100.99478108,泰國,差春騷府,邦巴功縣,Tha Sa-An,
14.08261494,100.5381902,泰國,巴吞他尼府,三鵠縣,Ban Ngio,
14.07342235,100.55992303,泰國,巴吞他尼府,三鵠縣,Ban Pathum,
14.1020831,100.53090563,泰國,巴吞他尼府,三鵠縣,Bang Krabue,
14.04089362,100.51617036,泰國,巴吞他尼府,三鵠縣,Bang Pho Nuea,
14.07783075,100.47925207,泰國,巴吞他尼府,三鵠縣,Bang Toei,
14.10551358,100.56691956,泰國,巴吞他尼府,三鵠縣,Chiang Rak Noi,
14.05787423,100.57331991,泰國,巴吞他尼府,三鵠縣,Chiang Rak Yai,
14.09374779,100.48413432,泰國,巴吞他尼府,三鵠縣,Khlong Khwai,
14.04307659,100.54336451,泰國,巴吞他尼府,三鵠縣,Krachaeng,
14.05230315,100.52983049,泰國,巴吞他尼府,三鵠縣,Sam Khok,
14.11109277,100.50736991,泰國,巴吞他尼府,三鵠縣,Thai Ko,
14.02341269,100.51041167,泰國,巴吞他尼府,巴吞他尼府治縣,Ban Chang,
14.0069162,100.55506158,泰國,巴吞他尼府,巴吞他尼府治縣,Ban Klang,
14.03187883,100.55340601,泰國,巴吞他尼府,巴吞他尼府治縣,Ban Krachaeng,
13.96394455,100.55503314,泰國,巴吞他尼府,巴吞他尼府治縣,Ban Mai,
13.99363529,100.49250117,泰國,巴吞他尼府,巴吞他尼府治縣,Bang Duea,
13.98457574,100.54493287,泰國,巴吞他尼府,巴吞他尼府治縣,Bang Kadi,
13.96158507,100.52571215,泰國,巴吞他尼府,巴吞他尼府治縣,Bang Khayaeng,
13.96450925,100.49481053,泰國,巴吞他尼府,巴吞他尼府治縣,Bang Khu Wat,
14.01005761,100.49018006,泰國,巴吞他尼府,巴吞他尼府治縣,Bang Luang,
13.98827276,100.58580074,泰國,巴吞他尼府,巴吞他尼府治縣,Bang Phun,
14.0415811,100.58464701,泰國,巴吞他尼府,巴吞他尼府治縣,Bang Phut,
14.0167308,100.52934591,泰國,巴吞他尼府,巴吞他尼府治縣,Bang Prok,
13.96331602,100.58959741,泰國,巴吞他尼府,巴吞他尼府治縣,Lak Hok,
14.01649261,100.57933406,泰國,巴吞他尼府,巴吞他尼府治縣,Suan Phrik Thai,
14.09828249,100.39284955,泰國,巴吞他尼府,拉倫膠縣,Bo Ngoen,
13.98990716,100.44998672,泰國,巴吞他尼府,拉倫膠縣,Khlong Phra Udom,
14.04700762,100.46691277,泰國,巴吞他尼府,拉倫膠縣,Khu Bang Luang,
14.06867816,100.43714576,泰國,巴吞他尼府,拉倫膠縣,Khu Khwang,
14.01093892,100.40668079,泰國,巴吞他尼府,拉倫膠縣,Lat Lum Kaeo,
14.03865259,100.35797119,泰國,巴吞他尼府,拉倫膠縣,Na Mai,
14.05927276,100.39615893,泰國,巴吞他尼府,拉倫膠縣,Rahaeng,
14.07198184,100.88053284,泰國,巴吞他尼府,探耶武里縣,Bueng Nam Rak,
14.05215323,100.82375936,泰國,巴吞他尼府,探耶武里縣,Bueng Sanan,
13.99990824,100.68649411,泰國,巴吞他尼府,探耶武里縣,Bueng Yi Tho,
14.037155,100.77841166,泰國,巴吞他尼府,探耶武里縣,Lam Phak Kut,
13.98778176,100.63333294,泰國,巴吞他尼府,探耶武里縣,Pracha Thipat,
14.01898634,100.7323764,泰國,巴吞他尼府,探耶武里縣,Rangsit,
14.12537082,100.74955202,泰國,巴吞他尼府,空鑾縣,Khlong Chet,
14.10687045,100.70990976,泰國,巴吞他尼府,空鑾縣,Khlong Ha,
14.11680308,100.73242352,泰國,巴吞他尼府,空鑾縣,Khlong Hok,
14.07281897,100.61131131,泰國,巴吞他尼府,空鑾縣,Khlong Nueng,
14.08691936,100.66417613,泰國,巴吞他尼府,空鑾縣,Khlong Sam,
14.09653645,100.68703637,泰國,巴吞他尼府,空鑾縣,Khlong Si,
14.08008471,100.64233547,泰國,巴吞他尼府,空鑾縣,Khlong Song,
13.96167315,100.72912586,泰國,巴吞他尼府,蘭盧加縣,Bueng Kham Phroi,
14.03238362,100.88290844,泰國,巴吞他尼府,蘭盧加縣,Bueng Kho Hai,
13.98448761,100.82004319,泰國,巴吞他尼府,蘭盧加縣,Bueng Thong Lang,
13.95533918,100.64099879,泰國,巴吞他尼府,蘭盧加縣,Khu Khot,
13.9728342,100.77345292,泰國,巴吞他尼府,蘭盧加縣,Lam Luk Ka,
13.97292498,100.86171733,泰國,巴吞他尼府,蘭盧加縣,Lam Sai,
13.95472723,100.68635991,泰國,巴吞他尼府,蘭盧加縣,Lat Sawai,
13.97627293,100.89806507,泰國,巴吞他尼府,蘭盧加縣,Phuet Udom,
14.11255503,100.82305018,泰國,巴吞他尼府,農色縣,Bueng Ba,
14.08738484,100.77845702,泰國,巴吞他尼府,農色縣,Bueng Bon,
14.17205562,100.77804321,泰國,巴吞他尼府,農色縣,Bueng Cham O,
14.20064555,100.82417277,泰國,巴吞他尼府,農色縣,Bueng Ka Sam,
14.13000244,100.88059497,泰國,巴吞他尼府,農色縣,Nong Sam Wang,
14.22400487,100.86595634,泰國,巴吞他尼府,農色縣,Noppharat,
14.21710088,100.90384071,泰國,巴吞他尼府,農色縣,Sala Khru,
14.00099254,101.56311745,泰國,巴真府,巴占達堪縣,Ban Hoi,
14.2737215,101.59909256,泰國,巴真府,巴占達堪縣,Bu Fai,
14.05217262,101.59960226,泰國,巴真府,巴占達堪縣,Dong Bang,
14.11200184,101.59990912,泰國,巴真府,巴占達堪縣,Kham Tanot,
14.02661359,101.51659542,泰國,巴真府,巴占達堪縣,Ko Loi,
14.13934839,101.53495643,泰國,巴真府,巴占達堪縣,Nong Kaeo,
14.0499003,101.56219542,泰國,巴真府,巴占達堪縣,Nong Saeng,
14.29289391,101.50181178,泰國,巴真府,巴占達堪縣,Pho Ngam,
14.05002833,101.49812099,泰國,巴真府,巴占達堪縣,Prachantakham,
14.11587455,101.38696109,泰國,巴真府,巴真府治縣,Ban Phra,
14.03862208,101.42913788,泰國,巴真府,巴真府治縣,Bang Boribun,
13.99395448,101.35712713,泰國,巴真府,巴真府治縣,Bang Decha,
14.13194023,101.4388592,泰國,巴真府,巴真府治縣,Dong Khi Lek,
14.07368812,101.39840165,泰國,巴真府,巴真府治縣,Dong Phraram,
14.14818848,101.30850738,泰國,巴真府,巴真府治縣,Khok Mai Lai,
14.11627713,101.33432672,泰國,巴真府,巴真府治縣,Mai Khet,
14.05694589,101.37266531,泰國,巴真府,巴真府治縣,Na Mueang,
14.19721679,101.3912146,泰國,巴真府,巴真府治縣,Noen Hom,
14.08576923,101.46485145,泰國,巴真府,巴真府治縣,Non Hom,
14.06029464,101.34556618,泰國,巴真府,巴真府治縣,Rop Mueang,
14.02096098,101.40838703,泰國,巴真府,巴真府治縣,Tha Ngam,
14.03416244,101.30988255,泰國,巴真府,巴真府治縣,Wat Bot,
14.01866105,101.23150548,泰國,巴真府,班桑縣,Ban Sang,
13.89212403,101.27351381,泰國,巴真府,班桑縣,Bang Kham,
13.9836554,101.20335521,泰國,巴真府,班桑縣,Bang Krabao,
13.98620069,101.28318482,泰國,巴真府,班桑縣,Bang Phluang,
13.92522025,101.31134924,泰國,巴真府,班桑縣,Bang Pla Ra,
13.88982633,101.17746752,泰國,巴真府,班桑縣,Bang Taen,
13.96349111,101.19276339,泰國,巴真府,班桑縣,Bang Toei,
13.92258511,101.20718301,泰國,巴真府,班桑縣,Bang Yang,
13.88273757,101.3477876,泰國,巴真府,班桑縣,Krathum Phaeo,
13.99081009,101.88401992,泰國,巴真府,甲民武里縣,Ban Na,
13.94294771,101.84801374,泰國,巴真府,甲民武里縣,Bo Thong,
13.95768833,101.64017854,泰國,巴真府,甲民武里縣,Hat Nang Kaeo,
13.94021241,101.711273,泰國,巴真府,甲民武里縣,Kabin,
13.79258907,101.77006582,泰國,巴真府,甲民武里縣,Khao Mai Kaeo,
13.8708943,101.66120581,泰國,巴真府,甲民武里縣,Lat Takhian,
13.99901037,101.77341942,泰國,巴真府,甲民武里縣,Mueang Kao,
14.05222543,101.72269416,泰國,巴真府,甲民武里縣,Na Khaem,
14.0708123,101.85031826,泰國,巴真府,甲民武里縣,Nong Ki,
14.05594892,101.66785641,泰國,巴真府,甲民武里縣,Nonsi,
14.00373571,101.63646427,泰國,巴真府,甲民武里縣,Wang Dan,
13.84962152,101.86988098,泰國,巴真府,甲民武里縣,Wang Takhian,
13.69864114,101.89456567,泰國,巴真府,甲民武里縣,Wang Tha Chang,
13.88789256,101.78497632,泰國,巴真府,甲民武里縣,Yan Ri,
13.98018337,101.54679686,泰國,巴真府,西瑪哈坡縣,Ban Tham,
13.96885237,101.47187165,泰國,巴真府,西瑪哈坡縣,Bang Kung,
13.96539992,101.42331868,泰國,巴真府,西瑪哈坡縣,Dong Krathong Yam,
13.98819674,101.43168923,泰國,巴真府,西瑪哈坡縣,Hat Yang,
13.87963354,101.4887404,泰國,巴真府,西瑪哈坡縣,Hua Wa,
13.82405198,101.62725949,泰國,巴真府,西瑪哈坡縣,Krok Sombun,
13.83981098,101.55109789,泰國,巴真府,西瑪哈坡縣,Nong Phrong,
13.99731215,101.48072406,泰國,巴真府,西瑪哈坡縣,Samphan,
13.84904235,101.5758702,泰國,巴真府,西瑪哈坡縣,Si Maha Phot,
13.93222962,101.57097723,泰國,巴真府,西瑪哈坡縣,Tha Tum,
13.88502372,101.4134031,泰國,巴真府,西瑪霍索縣,Khok Pip,
13.83466179,101.46688026,泰國,巴真府,西瑪霍索縣,Khok Thai,
13.927412,101.40755133,泰國,巴真府,西瑪霍索縣,Khu Lamphan,
13.92567356,101.3718835,泰國,巴真府,西瑪霍索縣,Phai Chalueat,
14.26809223,101.87145696,泰國,巴真府,那滴縣,Bu Phram,
14.09193645,102.0113627,泰國,巴真府,那滴縣,Kaeng Dinso,
14.19599169,101.79065701,泰國,巴真府,那滴縣,Na Di,
14.09376962,101.76350357,泰國,巴真府,那滴縣,Sam Phan Ta,
14.22422949,101.69109503,泰國,巴真府,那滴縣,Saphan Hin,
14.14865254,101.93206866,泰國,巴真府,那滴縣,Thung Pho,
12.43878592,99.67896104,泰國,巴蜀府,Hua Hin,Bueng Nakhon,
12.59601499,99.8608058,泰國,巴蜀府,Hua Hin,Hin Lek Fai,
12.59120829,99.94058723,泰國,巴蜀府,Hua Hin,Hua Hin,
12.51260049,99.52703869,泰國,巴蜀府,Hua Hin,Huai Sat Yai,
12.50052961,99.95822535,泰國,巴蜀府,Hua Hin,Nong Kae,
12.56772638,99.70233179,泰國,巴蜀府,Hua Hin,Nong Phlap,
12.51532761,99.86252462,泰國,巴蜀府,Hua Hin,Thap Tai,
12.22091809,99.63604809,泰國,巴蜀府,三百峰縣,Rai Kao,
12.20803533,99.79551024,泰國,巴蜀府,三百峰縣,Rai Mai,
12.27002821,99.72396171,泰國,巴蜀府,三百峰縣,Sala Lai,
12.25068309,99.96677257,泰國,巴蜀府,三百峰縣,Sam Roi Yot,
12.30955847,99.69727179,泰國,巴蜀府,三百峰縣,Sila Loi,
12.14116668,99.93172896,泰國,巴蜀府,圭布里縣,Don Yai Nu,
12.10741218,99.65942765,泰國,巴蜀府,圭布里縣,Hat Kham,
12.14070827,99.96791009,泰國,巴蜀府,圭布里縣,Khao Daeng,
12.05637449,99.81634747,泰國,巴蜀府,圭布里縣,Kui Buri,
12.09348435,99.90015507,泰國,巴蜀府,圭布里縣,Kui Nuea,
12.15577654,99.82911133,泰國,巴蜀府,圭布里縣,Sam Krathai,
11.45391227,99.50747628,泰國,巴蜀府,塔沙革縣,Ang Thong,
11.63919772,99.63980089,泰國,巴蜀府,塔沙革縣,Huai Yang,
11.57878545,99.54766219,泰國,巴蜀府,塔沙革縣,Khao Lan,
11.51072795,99.53667416,泰國,巴蜀府,塔沙革縣,Na Hu Kwang,
11.57816793,99.62360829,泰國,巴蜀府,塔沙革縣,Saeng Arun,
11.52495594,99.62932938,泰國,巴蜀府,塔沙革縣,Thap Sakae,
11.38862976,99.46629673,泰國,巴蜀府,大挽沙藩縣,Chai Kasem,
11.26215774,99.49588239,泰國,巴蜀府,大挽沙藩縣,Kamnoet Nopphakhun,
11.22717452,99.54452421,泰國,巴蜀府,大挽沙藩縣,Mae Ramphueng,
11.18334243,99.46475166,泰國,巴蜀府,大挽沙藩縣,Phong Prasat,
11.29866236,99.39318798,泰國,巴蜀府,大挽沙藩縣,Ron Thong,
11.34256105,99.54405386,泰國,巴蜀府,大挽沙藩縣,Thong Chai,
11.20682438,99.36452193,泰國,巴蜀府,大挽沙藩縣,Thong Mongkhon,
11.90340773,99.70115884,泰國,巴蜀府,巴蜀府治縣,Ao Noi,
11.99622646,99.77104062,泰國,巴蜀府,巴蜀府治縣,Bo Nok,
11.70881447,99.67193036,泰國,巴蜀府,巴蜀府治縣,Huai Sai,
11.7567264,99.72842035,泰國,巴蜀府,巴蜀府治縣,Khlong Wan,
11.80759939,99.73001666,泰國,巴蜀府,巴蜀府治縣,Ko Lak,
11.81293622,99.79143111,泰國,巴蜀府,巴蜀府治縣,Prachuap Khiri Khan,
12.39258711,99.58391144,泰國,巴蜀府,攀武里縣,Khao Chao,
12.41816916,99.88132112,泰國,巴蜀府,攀武里縣,Khao Noi,
12.37951634,99.81631243,泰國,巴蜀府,攀武里縣,Nong Ta Taem,
12.38186588,99.98056559,泰國,巴蜀府,攀武里縣,Pak Nam Pran,
12.35394662,99.93536686,泰國,巴蜀府,攀武里縣,Pran Buri,
12.42142568,99.9388669,泰國,巴蜀府,攀武里縣,Wang Phong,
11.10654649,99.44341392,泰國,巴蜀府,邦沙潘內縣,Bang Saphan,
11.01836942,99.25304525,泰國,巴蜀府,邦沙潘內縣,Chaiyarat,
11.11242044,99.30987176,泰國,巴蜀府,邦沙潘內縣,Chang Raek,
11.0623017,99.4428576,泰國,巴蜀府,邦沙潘內縣,Pak Phraek,
11.0097728,99.42241151,泰國,巴蜀府,邦沙潘內縣,Sai Thong,
19.28422894,100.15102167,泰國,帕堯府,Chun,Chun,
19.50723832,100.10322279,泰國,帕堯府,Chun,Hong Hin,
19.35048818,100.09485252,泰國,帕堯府,Chun,Huai Khao Kam,
19.3801176,100.16192189,泰國,帕堯府,Chun,Huai Yang Kham,
19.42573222,100.09598631,泰國,帕堯府,Chun,Lo,
19.27393552,100.20481849,泰國,帕堯府,Chun,Phrathat Khing Kaeng,
19.44347335,100.16371641,泰國,帕堯府,Chun,Thung Ruang Thong,
19.13558784,100.32802718,泰國,帕堯府,Pong,Khuan,
19.10217133,100.45927736,泰國,帕堯府,Pong,Khun Khuan,
19.20773781,100.24433622,泰國,帕堯府,Pong,Na Prang,
19.28359301,100.39220686,泰國,帕堯府,Pong,Ngim,
19.24736318,100.30719769,泰國,帕堯府,Pong,Oi,
19.25687926,100.53518099,泰國,帕堯府,Pong,Pha Chang Noi,
19.10133634,100.20374914,泰國,帕堯府,Pong,Pong,
18.98666487,100.03194179,泰國,帕堯府,多堪代縣,Ban Pin,
19.10311269,100.07315841,泰國,帕堯府,多堪代縣,Ban Tham,
19.13457417,99.99984078,泰國,帕堯府,多堪代縣,Bunkoet,
19.15142696,99.96174512,泰國,帕堯府,多堪代縣,Dok Khamtai,
19.15710839,100.02630633,泰國,帕堯府,多堪代縣,Don Si Chum,
19.24141052,100.05819707,泰國,帕堯府,多堪代縣,Dong Suwan,
19.36406545,100.0363801,泰國,帕堯府,多堪代縣,Huai Lan,
19.08593967,100.01193029,泰國,帕堯府,多堪代縣,Khue Wiang,
18.92698357,100.09506559,泰國,帕堯府,多堪代縣,Nong Lom,
19.28256267,100.0610332,泰國,帕堯府,多堪代縣,Pa Sang,
19.18878396,100.0663447,泰國,帕堯府,多堪代縣,San Khong,
19.19462603,99.98232067,泰國,帕堯府,多堪代縣,Sawang Arom,
19.28536388,99.7666201,泰國,帕堯府,帕堯府治縣,Ban Mai,
19.15625119,99.81065144,泰國,帕堯府,帕堯府治縣,Ban Sang,
19.22477105,99.79492107,泰國,帕堯府,帕堯府治縣,Ban Tam,
19.20411269,99.85413093,泰國,帕堯府,帕堯府治縣,Ban Tom,
19.1386838,99.81898429,泰國,帕堯府,帕堯府治縣,Ban Tun,
19.04455642,99.97647009,泰國,帕堯府,帕堯府治縣,Champa Wai,
19.01439425,99.92990104,泰國,帕堯府,帕堯府治縣,Mae Ka,
19.08185269,99.83367122,泰國,帕堯府,帕堯府治縣,Mae Na Ruea,
19.31661252,99.8838871,泰國,帕堯府,帕堯府治縣,Mae Puem,
19.12668159,99.8857789,泰國,帕堯府,帕堯府治縣,Mae Sai,
19.14182785,99.91217718,泰國,帕堯府,帕堯府治縣,Mae Tam,
19.17216466,99.78681045,泰國,帕堯府,帕堯府治縣,San Pa Muang,
19.25053332,99.77821124,泰國,帕堯府,帕堯府治縣,Tha Champi,
19.20137715,99.92278402,泰國,帕堯府,帕堯府治縣,Tha Wang Thong,
19.16822894,99.90112295,泰國,帕堯府,帕堯府治縣,Wiang,
19.61684684,100.28932375,泰國,帕堯府,普桑縣,Chiang Raeng,
19.61712789,100.35406152,泰國,帕堯府,普桑縣,Pa Sak,
19.67456845,100.38137738,泰國,帕堯府,普桑縣,Phu Sang,
19.57153858,100.29744442,泰國,帕堯府,普桑縣,Sop Bong,
19.60286472,100.41690862,泰國,帕堯府,普桑縣,Thung Kluai,
19.24488991,99.95235912,泰國,帕堯府,普甘堯縣,Dong Chen,
19.34417415,99.96955839,泰國,帕堯府,普甘堯縣,Huai Kaeo,
19.23935374,99.98933091,泰國,帕堯府,普甘堯縣,Mae Ing,
19.56166862,100.2124871,泰國,帕堯府,清堪縣,Ang Thong,
19.53088474,100.33879049,泰國,帕堯府,清堪縣,Chedi Kham,
19.51707297,100.28182568,泰國,帕堯府,清堪縣,Chiang Ban,
19.40335966,100.2860725,泰國,帕堯府,清堪縣,Fai Kwang,
19.42915566,100.43832557,泰國,帕堯府,清堪縣,Mae Lao,
19.48432715,100.2219604,泰國,帕堯府,清堪縣,Nam Waen,
19.50963334,100.45695652,泰國,帕堯府,清堪縣,Rom Yen,
19.46122527,100.28547467,泰國,帕堯府,清堪縣,Thung Pha Suk,
19.49619129,100.3263789,泰國,帕堯府,清堪縣,Wiang,
19.53020923,100.30306965,泰國,帕堯府,清堪縣,Yuan,
18.87198726,100.22218333,泰國,帕堯府,清曼縣,Ban Mang,
18.88754266,100.33406012,泰國,帕堯府,清曼縣,Chiang Muan,
18.98420545,100.29770448,泰國,帕堯府,清曼縣,Sa,
19.39955346,99.85888995,泰國,帕堯府,湄猜縣,Ban Lao,
19.39872855,99.75272394,泰國,帕堯府,湄猜縣,Charoen Rat,
19.33714267,99.83332248,泰國,帕堯府,湄猜縣,Mae Chai,
19.31751405,99.77214916,泰國,帕堯府,湄猜縣,Mae Suk,
19.42465608,99.76784428,泰國,帕堯府,湄猜縣,Pa Faek,
19.36297579,99.7550623,泰國,帕堯府,湄猜縣,Si Thoi,
18.14100108,99.88688303,泰國,帕府,Long,Ban Pin,
18.0245098,99.72044827,泰國,帕府,Long,Bo Lek Long,
18.09317433,99.77613388,泰國,帕府,Long,Hua Thung,
18.12993122,99.82542236,泰國,帕府,Long,Huai O,
17.98604105,99.87074223,泰國,帕府,Long,Mae Pan,
18.03625615,99.80877958,泰國,帕府,Long,Pak Kang,
18.16297333,99.95905505,泰國,帕府,Long,Ta Pha Mok,
17.95685248,99.73302961,泰國,帕府,Long,Thung Laeng,
18.29155563,100.00092106,泰國,帕府,Long,Wiang Ta,
18.50549083,100.16702476,泰國,帕府,Song,Ban Klang,
18.47403365,100.14829697,泰國,帕府,Song,Ban Nun,
18.37309538,100.18518326,泰國,帕府,Song,Daen Chumphon,
18.33407034,100.18210167,泰國,帕府,Song,Hua Mueang,
18.41600909,100.0924205,泰國,帕府,Song,Huai Mai,
18.70332898,100.24027145,泰國,帕府,Song,Sa-Iap,
18.53096936,100.27192473,泰國,帕府,Song,Tao Pun,
18.40045374,100.20251611,泰國,帕府,Song,Thung Nao,
18.15321156,100.24336811,泰國,帕府,帕府府治縣,Ban Thin,
17.98825948,100.2912331,泰國,帕府,帕府府治縣,Cho Hae,
18.20855789,100.2663626,泰國,帕府,帕府府治縣,Huai Ma,
18.12126997,100.18587869,泰國,帕府,帕府府治縣,Kanchana,
18.24806352,100.21650874,泰國,帕府,帕府府治縣,Mae Kham Mi,
18.21504884,100.2043404,泰國,帕府,帕府府治縣,Mae Lai,
18.19553529,100.15877751,泰國,帕府,帕府府治縣,Mae Yom,
18.1557978,100.19296714,泰國,帕府,帕府府治縣,Mueang Mo,
18.11407012,100.16375789,泰國,帕府,帕府府治縣,Na Chak,
18.14262099,100.14436643,泰國,帕府,帕府府治縣,Nai Wiang,
18.17902732,100.25734081,泰國,帕府,帕府府治縣,Nam Cham,
18.07138356,100.32361059,泰國,帕府,帕府府治縣,Pa Daeng,
18.15807199,100.09212117,泰國,帕府,帕府府治縣,Pa Maet,
18.16663653,100.19236742,泰國,帕府,帕府府治縣,Rong Fong,
18.13182816,100.30030678,泰國,帕府,帕府府治縣,Suan Khuean,
18.22805421,100.12750559,泰國,帕府,帕府府治縣,Tha Kham,
18.18293062,100.17962748,泰國,帕府,帕府府治縣,Thung Hong,
18.15851937,100.15834889,泰國,帕府,帕府府治縣,Thung Kwao,
18.24875106,100.13176694,泰國,帕府,帕府府治縣,Wang Hong,
18.20718188,100.10764024,泰國,帕府,帕府府治縣,Wang Thong,
17.95054449,99.58653528,泰國,帕府,旺欽縣,Mae Koeng,
18.00625455,99.6378678,泰國,帕府,旺欽縣,Mae Pak,
17.87122016,99.5390583,泰國,帕府,旺欽縣,Mae Phung,
17.84946864,99.79000604,泰國,帕府,旺欽縣,Na Phun,
17.8264945,99.47232818,泰國,帕府,旺欽縣,Pa Sak,
17.75978413,99.42503393,泰國,帕府,旺欽縣,Soi,
17.85458166,99.64699642,泰國,帕府,旺欽縣,Wang Chin,
17.97379144,100.04089984,泰國,帕府,登猜縣,Den Chai,
17.8912196,100.07403329,泰國,帕府,登猜縣,Huai Rai,
17.97425648,100.10210441,泰國,帕府,登猜縣,Mae Chua,
18.01794143,100.01467469,泰國,帕府,登猜縣,Pong Pa Wai,
17.90213873,99.95398308,泰國,帕府,登猜縣,Sai Yoi,
18.27157428,100.21771418,泰國,帕府,農孟開縣,Mae Kham Mi,
18.26912049,100.14536922,泰國,帕府,農孟開縣,Nam Rat,
18.28204684,100.20157195,泰國,帕府,農孟開縣,Nong Muang Khai,
18.27284339,100.25520596,泰國,帕府,農孟開縣,Tamnak Tham,
18.32251744,100.11951547,泰國,帕府,農孟開縣,Thung Khaeo,
18.28865657,100.13837219,泰國,帕府,農孟開縣,Wang Luang,
18.21506712,100.39079951,泰國,帕府,隆光縣,Ban Wiang,
18.43216744,100.48435551,泰國,帕府,隆光縣,Huai Rong,
18.41397607,100.31984643,泰國,帕府,隆光縣,Mae Sai,
18.33690792,100.25338093,泰國,帕府,隆光縣,Mae Yang Ho,
18.36114444,100.23020858,泰國,帕府,隆光縣,Mae Yang Rong,
18.30794959,100.26480567,泰國,帕府,隆光縣,Mae Yang Tan,
18.26280105,100.34344972,泰國,帕府,隆光縣,Nam Lao,
18.35789532,100.42819755,泰國,帕府,隆光縣,Phai Thon,
18.29293987,100.31413597,泰國,帕府,隆光縣,Rong Khem,
18.3715158,100.31480253,泰國,帕府,隆光縣,Rong Kwang,
18.31813034,100.35886599,泰國,帕府,隆光縣,Thung Si,
18.08846064,100.1683465,泰國,帕府,頌門縣,Ban Kat,
18.04821887,100.20281376,泰國,帕府,頌門縣,Ban Kwang,
18.03574846,100.17853101,泰國,帕府,頌門縣,Ban Lao,
18.06179041,100.02672913,泰國,帕府,頌門縣,Ban Pong,
18.06985677,100.13504057,泰國,帕府,頌門縣,Don Mun,
17.97491122,100.1761842,泰國,帕府,頌門縣,Hua Fai,
18.03220961,100.09058086,泰國,帕府,頌門縣,Nam Cham,
18.06936124,100.10160542,泰國,帕府,頌門縣,Phra Luang,
18.09629317,100.1262226,泰國,帕府,頌門縣,Rong Kat,
18.09360279,100.05091699,泰國,帕府,頌門縣,Sop Sai,
18.05524633,100.09886992,泰國,帕府,頌門縣,Sung Men,
18.11751188,100.07271333,泰國,帕府,頌門縣,Wiang Thong,
17.7759527,102.57983299,泰國,廊開府,塔波縣,Ban Duea,
17.76126322,102.63308898,泰國,廊開府,塔波縣,Ban Thon,
17.7711142,102.53840712,泰國,廊開府,塔波縣,Ban Wan,
17.79528202,102.48186739,泰國,廊開府,塔波縣,Khok Khon,
17.89434328,102.57919067,泰國,廊開府,塔波縣,Kong Nang,
17.78592003,102.45725221,泰國,廊開府,塔波縣,Na Kha,
17.84514607,102.52309957,泰國,廊開府,塔波縣,Nam Mong,
17.70751151,102.61569157,泰國,廊開府,塔波縣,Nong Nang,
17.8157674,102.62879883,泰國,廊開府,塔波縣,Phon Sa,
17.82629596,102.56843269,泰國,廊開府,塔波縣,Tha Bo,
17.98159559,102.94945634,泰國,廊開府,廊開府治縣,Ban Duea,
17.9065446,102.82254581,泰國,廊開府,廊開府治縣,Hat Kham,
17.93897328,102.84830384,泰國,廊開府,廊開府治縣,Hin Ngom,
17.77542478,102.79355967,泰國,廊開府,廊開府治縣,Khai Bok Wan,
17.85758213,102.69920444,泰國,廊開府,廊開府治縣,Kuan Wan,
17.86817754,102.72914713,泰國,廊開府,廊開府治縣,Mi Chai,
17.83547645,102.70373709,泰國,廊開府,廊開府治縣,Mueang Mi,
17.88637575,102.75071067,泰國,廊開府,廊開府治縣,Nai Mueang,
17.82935033,102.74117351,泰國,廊開府,廊開府治縣,Nong Kom Ko,
17.79805345,102.71388116,泰國,廊開府,廊開府治縣,Pakho,
17.84155386,102.77176236,泰國,廊開府,廊開府治縣,Pho Chai,
17.72384438,102.80944496,泰國,廊開府,廊開府治縣,Phon Sawang,
17.73926072,102.69347739,泰國,廊開府,廊開府治縣,Phrathat Bang Phuan,
17.95799194,102.88376844,泰國,廊開府,廊開府治縣,Si Kai,
17.85496618,102.8234625,泰國,廊開府,廊開府治縣,Wat That,
17.78244157,102.67423469,泰國,廊開府,廊開府治縣,Wiang Khuk,
18.27057269,103.26031301,泰國,廊開府,拉達那瓦比縣,Ban Ton,
18.17760052,103.30675738,泰國,廊開府,拉達那瓦比縣,Na Thap Hai,
18.24049139,103.22989917,泰國,廊開府,拉達那瓦比縣,Phon Phaeng,
18.16154721,103.21631528,泰國,廊開府,拉達那瓦比縣,Phrabat Na Sing,
18.21423314,103.1763942,泰國,廊開府,拉達那瓦比縣,Rattanawapi,
17.92514983,102.40004223,泰國,廊開府,普達縣,Dan Si Suk,
17.85268051,102.42176791,泰國,廊開府,普達縣,Pho Tak,
17.88145343,102.45442071,泰國,廊開府,普達縣,Phon Thong,
18.16446153,102.15011194,泰國,廊開府,桑空縣,Ban Muang,
18.03685447,102.23418399,泰國,廊開府,桑空縣,Kaeng Kai,
18.09174444,102.12518,泰國,廊開府,桑空縣,Na Ngio,
17.99581984,102.32753266,泰國,廊開府,桑空縣,Pha Tang,
18.07560123,102.20864187,泰國,廊開府,桑空縣,Sangkhom,
17.65499408,102.66117578,泰國,廊開府,沙格萊縣,Ban Fang,
17.63749334,102.7360302,泰國,廊開府,沙格萊縣,Khok Chang,
17.70457947,102.74516552,泰國,廊開府,沙格萊縣,Sakhrai,
17.99829999,103.30374885,泰國,廊開府,福萊縣,Fao Rai,
17.99977603,103.36616596,泰國,廊開府,福萊縣,Na Di,
18.02019299,103.23169366,泰國,廊開府,福萊縣,Nong Luang,
17.91565323,103.36357688,泰國,廊開府,福萊縣,Udom Phon,
18.08515751,103.2622696,泰國,廊開府,福萊縣,Wang Luang,
17.87178016,103.28827744,泰國,廊開府,蓬披賽縣,Ban Pho,
17.93476428,103.21000145,泰國,廊開府,蓬披賽縣,Ban Phue,
17.97146419,103.12174322,泰國,廊開府,蓬披賽縣,Chum Chang,
18.05366599,103.14498112,泰國,廊開府,蓬披賽縣,Chumphon,
18.11013453,103.11765462,泰國,廊開府,蓬披賽縣,Kut Bong,
17.91552055,102.92698192,泰國,廊開府,蓬披賽縣,Lao Tang Kham,
17.88815196,103.13534814,泰國,廊開府,蓬披賽縣,Na Nang,
17.90172475,103.03089853,泰國,廊開府,蓬披賽縣,Sang Nang Khao,
17.92880303,103.30129859,泰國,廊開府,蓬披賽縣,Soem,
17.8972789,102.97656793,泰國,廊開府,蓬披賽縣,Thung Luang,
17.96018352,103.03617931,泰國,廊開府,蓬披賽縣,Wat Luang,
17.95354075,102.49771094,泰國,廊開府,西清邁縣,Ban Mo,
17.91349787,102.51367024,泰國,廊開府,西清邁縣,Nong Pla Pak,
17.94467575,102.58053075,泰國,廊開府,西清邁縣,Phan Phrao,
17.96654851,102.42431453,泰國,廊開府,西清邁縣,Phra Phutthabat,
16.54362429,100.75209579,泰國,彭世洛府,嫩馬邦縣,Ban Mung,
16.53285484,100.60754467,泰國,彭世洛府,嫩馬邦縣,Ban Noi Sum Khi Lek,
16.6837517,100.72485193,泰國,彭世洛府,嫩馬邦縣,Chomphu,
16.58872963,100.64847339,泰國,彭世洛府,嫩馬邦縣,Noen Maprang,
16.45247904,100.63458082,泰國,彭世洛府,嫩馬邦縣,Sai Yoi,
16.38347441,100.66321267,泰國,彭世洛府,嫩馬邦縣,Wang Phrong,
16.45620379,100.73979392,泰國,彭世洛府,嫩馬邦縣,Wang Yang,
17.3647123,100.51605989,泰國,彭世洛府,差德拉甘縣,Ban Dong,
17.54007178,100.81754262,泰國,彭世洛府,差德拉甘縣,Bo Phak,
17.32475644,100.70000506,泰國,彭世洛府,差德拉甘縣,Chat Trakan,
17.27915321,100.5693788,泰國,彭世洛府,差德拉甘縣,Pa Daeng,
17.1871486,100.53268714,泰國,彭世洛府,差德拉甘縣,Suan Miang,
17.23674215,100.66328696,泰國,彭世洛府,差德拉甘縣,Tha Sakae,
16.79979045,100.28795954,泰國,彭世洛府,彭世洛府治縣,Aranyik,
16.83140461,100.23721463,泰國,彭世洛府,彭世洛府治縣,Ban Khlong,
16.86021092,100.17719188,泰國,彭世洛府,彭世洛府治縣,Ban Krang,
16.9271149,100.35514606,泰國,彭世洛府,彭世洛府治縣,Ban Pa,
16.74748687,100.27477707,泰國,彭世洛府,彭世洛府治縣,Bueng Phra,
16.89241965,100.21921875,泰國,彭世洛府,彭世洛府治縣,Chom Thong,
16.91097921,100.41598669,泰國,彭世洛府,彭世洛府治縣,Don Thong,
16.87547124,100.28349298,泰國,彭世洛府,彭世洛府治縣,Hua Ro,
16.9251687,100.25669531,泰國,彭世洛府,彭世洛府治縣,Makham Sung,
16.81409032,100.25958915,泰國,彭世洛府,彭世洛府治縣,Nai Mueang,
16.6703434,100.23627728,泰國,彭世洛府,彭世洛府治縣,Ngio Ngam,
16.88927386,100.2532341,泰國,彭世洛府,彭世洛府治縣,Pak Thok,
16.91123986,100.15987564,泰國,彭世洛府,彭世洛府治縣,Phai Kho Don,
16.84630807,100.22149472,泰國,彭世洛府,彭世洛府治縣,Phlai Chumphon,
16.83924363,100.34850354,泰國,彭世洛府,彭世洛府治縣,Samo Khae,
16.75907652,100.19625584,泰國,彭世洛府,彭世洛府治縣,Tha Pho,
16.79717708,100.1964332,泰國,彭世洛府,彭世洛府治縣,Tha Thong,
16.66138801,100.27427775,泰國,彭世洛府,彭世洛府治縣,Wang Nam Khu,
16.80247094,100.23080083,泰國,彭世洛府,彭世洛府治縣,Wat Chan,
16.71460582,100.24247354,泰國,彭世洛府,彭世洛府治縣,Wat Phrik,
17.01650349,100.54927134,泰國,彭世洛府,旺通縣,Ban Klang,
16.84040451,100.46822428,泰國,彭世洛府,旺通縣,Chai Nam,
16.77044294,100.44252786,泰國,彭世洛府,旺通縣,Din Thong,
16.8998258,100.65928647,泰國,彭世洛府,旺通縣,Kaeng Sopha,
16.70077738,100.36884059,泰國,彭世洛府,旺通縣,Mae Raka,
16.68109869,100.44025454,泰國,彭世洛府,旺通縣,Nong Phra,
16.61005404,100.52441203,泰國,彭世洛府,旺通縣,Phan Chali,
16.69072802,100.51315784,泰國,彭世洛府,旺通縣,Tha Muen Ram,
16.80234,100.68675919,泰國,彭世洛府,旺通縣,Wang Nok Aen,
16.76741434,100.35626959,泰國,彭世洛府,旺通縣,Wang Phikun,
16.82163903,100.40228266,泰國,彭世洛府,旺通縣,Wang Thong,
17.06132871,100.41735192,泰國,彭世洛府,瓦波縣,Ban Yang,
17.16650202,100.33246384,泰國,彭世洛府,瓦波縣,Hin Lat,
17.25177961,100.38687172,泰國,彭世洛府,瓦波縣,Khan Chong,
17.02156928,100.36475407,泰國,彭世洛府,瓦波縣,Tha Ngam,
16.96892218,100.29652781,泰國,彭世洛府,瓦波縣,Tho Thae,
17.00274936,100.316147,泰國,彭世洛府,瓦波縣,Wat Bot,
17.17950479,100.23081503,泰國,彭世洛府,蓬披蘭縣,Dong Prakham,
16.98480521,100.25090681,泰國,彭世洛府,蓬披蘭縣,Ho Klong,
17.09691046,100.17451017,泰國,彭世洛府,蓬披蘭縣,Matong,
16.93565199,100.18329256,泰國,彭世洛府,蓬披蘭縣,Matum,
17.04372975,100.12974246,泰國,彭世洛府,蓬披蘭縣,Nong Khaem,
17.0252422,100.17716527,泰國,彭世洛府,蓬披蘭縣,Phrom Phiram,
17.12749893,100.07840037,泰國,彭世洛府,蓬披蘭縣,Si Phirom,
17.14449079,100.02141763,泰國,彭世洛府,蓬披蘭縣,Taluk Thiam,
16.96898032,100.16587131,泰國,彭世洛府,蓬披蘭縣,Tha Chang,
17.09548253,100.2696873,泰國,彭世洛府,蓬披蘭縣,Thap Yai Chiang,
17.05177088,100.05869961,泰國,彭世洛府,蓬披蘭縣,Wang Won,
17.11959277,100.13676322,泰國,彭世洛府,蓬披蘭縣,Wong Khong,
17.14606029,100.7605301,泰國,彭世洛府,那空泰縣,Ban Phrao,
16.91916914,100.75960692,泰國,彭世洛府,那空泰縣,Ban Yaeng,
17.16378341,101.02635056,泰國,彭世洛府,那空泰縣,Bo Pho,
16.89931017,100.92200103,泰國,彭世洛府,那空泰縣,Huai Hia,
17.24121373,100.88400336,泰國,彭世洛府,那空泰縣,Na Bua,
17.26073265,100.80637885,泰國,彭世洛府,那空泰縣,Nakhon Chum,
17.12669878,100.83843535,泰國,彭世洛府,那空泰縣,Nakhon Thai,
17.39904357,100.86620784,泰國,彭世洛府,那空泰縣,Nam Kum,
17.03309783,100.94597766,泰國,彭世洛府,那空泰縣,Noen Phoem,
17.06228926,100.72667853,泰國,彭世洛府,那空泰縣,Nong Kathao,
17.2436555,100.95771601,泰國,彭世洛府,那空泰縣,Yang Klon,
16.61990604,100.25359629,泰國,彭世洛府,邦加統縣,Ban Rai,
16.59017066,100.29741125,泰國,彭世洛府,邦加統縣,Bang Krathum,
16.57734617,100.2538678,泰國,彭世洛府,邦加統縣,Khok Salut,
16.61676388,100.36984437,泰國,彭世洛府,邦加統縣,Nakhon Pa Mak,
16.55833859,100.42812114,泰國,彭世洛府,邦加統縣,Noen Kum,
16.56090946,100.34465554,泰國,彭世洛府,邦加統縣,Phai Lom,
16.54311023,100.27278251,泰國,彭世洛府,邦加統縣,Sanam Khli,
16.66090713,100.33115753,泰國,彭世洛府,邦加統縣,Tha Tan,
16.59476765,100.44367808,泰國,彭世洛府,邦加統縣,Wat Ta Yom,
16.73991302,100.11001792,泰國,彭世洛府,邦拉堪縣,Bang Rakam,
16.62708894,100.13730715,泰國,彭世洛府,邦拉堪縣,Bo Thong,
16.70088327,100.00787115,泰國,彭世洛府,邦拉堪縣,Bueng Kok,
16.82237041,100.03639181,泰國,彭世洛府,邦拉堪縣,Chum Saeng Songkhram,
16.82205501,99.97605512,泰國,彭世洛府,邦拉堪縣,Khui Muang,
16.74450459,99.91023406,泰國,彭世洛府,邦拉堪縣,Nikhom Phatthana,
16.63777013,99.95469896,泰國,彭世洛府,邦拉堪縣,Nong Kula,
16.62417735,100.06454668,泰國,彭世洛府,邦拉堪縣,Phan Sao,
16.68307864,100.09694147,泰國,彭世洛府,邦拉堪縣,Plak Raet,
16.80989736,100.11403301,泰國,彭世洛府,邦拉堪縣,Tha Nang Ngam,
16.65936095,100.18481979,泰國,彭世洛府,邦拉堪縣,Wang I Thok,
16.58878518,100.208468,泰國,披集府,三昂縣,Kamphaeng Din,
16.40884185,100.13466127,泰國,披集府,三昂縣,Noen Po,
16.38925043,100.03681035,泰國,披集府,三昂縣,Nong Sano,
16.43223737,100.21131316,泰國,披集府,三昂縣,Rang Nok,
16.49600393,100.21058097,泰國,披集府,三昂縣,Sam Ngam,
16.2793345,100.58508998,泰國,披集府,他格羅縣,Khao Chet Luk,
16.19459242,100.63854295,泰國,披集府,他格羅縣,Khao Sai,
16.18645992,100.56944103,泰國,披集府,他格羅縣,Tap Khlo,
16.10540907,100.57619651,泰國,披集府,他格羅縣,Thai Thung,
16.04646033,100.28387167,泰國,披集府,坡他列縣,Ban Noi,
16.00824004,100.27859882,泰國,披集府,坡他列縣,Bang Khlan,
16.1101581,100.25663653,泰國,披集府,坡他列縣,Pho Thale,
16.07511456,100.32867193,泰國,披集府,坡他列縣,Tha Bua,
16.02208263,100.18929195,泰國,披集府,坡他列縣,Tha Khamin,
15.96761705,100.27453587,泰國,披集府,坡他列縣,Tha Nang,
15.96562169,100.21137096,泰國,披集府,坡他列縣,Tha Sao,
16.1475423,100.20924025,泰國,披集府,坡他列縣,Thai Nam,
16.07702363,100.17923664,泰國,披集府,坡他列縣,Thanong,
16.1177861,100.3116094,泰國,披集府,坡他列縣,Thung Noi,
16.15974276,100.29287883,泰國,披集府,坡他列縣,Wat Khwang,
16.26715658,100.16671478,泰國,披集府,坡巴他昌縣,Dong Suea Lueang,
16.31605185,100.14415104,泰國,披集府,坡巴他昌縣,Noen Sawang,
16.35353833,100.16242204,泰國,披集府,坡巴他昌縣,Phai Rop,
16.27780262,100.23509589,泰國,披集府,坡巴他昌縣,Phai Tha Pho,
16.32459845,100.30006439,泰國,披集府,坡巴他昌縣,Pho Prathap Chang,
16.28779997,100.07602438,泰國,披集府,坡巴他昌縣,Thung Yai,
16.35286266,100.2523151,泰國,披集府,坡巴他昌縣,Wang Chik,
16.39399981,100.42418975,泰國,披集府,披集府治縣,Ban Bung,
16.34535587,100.34333892,泰國,披集府,披集府治縣,Dong Klang,
16.29498755,100.36392956,泰國,披集府,披集府治縣,Dong Pa Kham,
16.33193275,100.44038558,泰國,披集府,披集府治縣,Hua Dong,
16.37023348,100.37192747,泰國,披集府,披集府治縣,Kha Mang,
16.45648771,100.29484625,泰國,披集府,披集府治縣,Khlong Khachen,
16.39223533,100.30224928,泰國,披集府,披集府治縣,Mueang Kao,
16.44360931,100.34241285,泰國,披集府,披集府治縣,Nai Mueang,
16.50132592,100.39245955,泰國,披集府,披集府治縣,Pa Makhap,
16.46531995,100.35096892,泰國,披集府,披集府治縣,Pak Thang,
16.50482715,100.29985154,泰國,披集府,披集府治縣,Phai Khwang,
16.42348103,100.2643411,泰國,披集府,披集府治縣,Rong Chang,
16.4071785,100.4847412,泰國,披集府,披集府治縣,Sai Kham Ho,
16.50485016,100.34065727,泰國,披集府,披集府治縣,Tha Lo,
16.41908679,100.36302164,泰國,披集府,披集府治縣,Tha Luang,
16.50938473,100.26402481,泰國,披集府,披集府治縣,Yan Yao,
16.34198393,100.56581967,泰國,披集府,旺賽噴縣,Nong Phra,
16.4437258,100.49775714,泰國,披集府,旺賽噴縣,Nong Pla Lai,
16.34161838,100.50131911,泰國,披集府,旺賽噴縣,Nong Plong,
16.39800132,100.58170368,泰國,披集府,旺賽噴縣,Wang Sai Phun,
15.99597644,100.59747711,泰國,披集府,東乍倫縣,Huai Phuk,
15.97117529,100.53637956,泰國,披集府,東乍倫縣,Huai Ruam,
16.04228709,100.56713164,泰國,披集府,東乍倫縣,Samnak Khun Nen,
15.98466824,100.74531577,泰國,披集府,東乍倫縣,Wang Ngio,
16.03327983,100.64484013,泰國,披集府,東乍倫縣,Wang Ngio Tai,
16.55463863,100.56061914,泰國,披集府,沙雷縣,Khlong Sai,
16.54257994,100.51276392,泰國,披集府,沙雷縣,Nong Ya Sai,
16.48645827,100.46141886,泰國,披集府,沙雷縣,Sak Lek,
16.51584335,100.53637839,泰國,披集府,沙雷縣,Tha Yiam,
16.48885521,100.55532477,泰國,披集府,沙雷縣,Wang Thap Sai,
16.49467486,100.12825592,泰國,披集府,瓦棲拉巴拉米縣,Ban Na,
16.48396382,100.05107437,泰國,披集府,瓦棲拉巴拉米縣,Bueng Bua,
16.57384838,100.14822467,泰國,披集府,瓦棲拉巴拉米縣,Nong Lum,
16.55527138,100.08329401,泰國,披集府,瓦棲拉巴拉米縣,Wang Mok,
16.13778342,100.46729767,泰國,披集府,達潘欣縣,Dong Takhop,
16.24007276,100.40088806,泰國,披集府,達潘欣縣,Huai Ket,
16.15921574,100.36023891,泰國,披集府,達潘欣縣,Khlong Khun,
16.24726611,100.43057358,泰國,披集府,達潘欣縣,Ngio Rai,
16.24334246,100.47194717,泰國,披集府,達潘欣縣,Nong Phayom,
16.17782924,100.39333704,泰國,披集府,達潘欣縣,Phai Luang,
16.1676624,100.41922356,泰國,披集府,達潘欣縣,Sai Rong Khon,
16.21840708,100.42259991,泰國,披集府,達潘欣縣,Taphan Hin,
16.20217024,100.30011128,泰國,披集府,達潘欣縣,Thap Man,
16.13877318,100.50500162,泰國,披集府,達潘欣縣,Thung Pho,
16.21239037,100.51627075,泰國,披集府,達潘欣縣,Wang Lum,
16.25190553,100.30804413,泰國,披集府,達潘欣縣,Wang Samrong,
16.2255477,100.3691787,泰國,披集府,達潘欣縣,Wang Wa,
16.20747611,100.23117777,泰國,披集府,那朗縣,Bang Lai,
16.20997969,100.15972197,泰國,披集府,那朗縣,Bueng Na Rang,
16.16618615,100.1109741,泰國,披集府,那朗縣,Huai Kaeo,
16.22435432,100.07418705,泰國,披集府,那朗縣,Laem Rang,
16.12204949,100.12312086,泰國,披集府,那朗縣,Pho Sai Ngam,
16.0315765,100.37869763,泰國,披集府,邦門納縣,Bang Mun Nak,
16.11698656,100.40827634,泰國,披集府,邦門納縣,Bang Phai,
16.06026221,100.37893179,泰國,披集府,邦門納縣,Ho Krai,
16.0328147,100.47942962,泰國,披集府,邦門納縣,Huai Khen,
16.0823119,100.46388091,泰國,披集府,邦門納縣,Lam Prada,
15.98882783,100.36139797,泰國,披集府,邦門納縣,Noen Makok,
16.03769788,100.44132521,泰國,披集府,邦門納縣,Phum,
15.98224274,100.47573835,泰國,披集府,邦門納縣,Wang Krot,
15.96866445,100.42715705,泰國,披集府,邦門納縣,Wang Samrong,
16.04753947,100.51321402,泰國,披集府,邦門納縣,Wang Taku,
9.55033835,98.71081137,泰國,拉廊,Kapoe,Ban Na,
9.51505835,98.5852309,泰國,拉廊,Kapoe,Bang Hin,
9.60330471,98.66251115,泰國,拉廊,Kapoe,Chiao Liang,
9.61326262,98.60644696,泰國,拉廊,Kapoe,Kapoe,
9.60377017,98.51640836,泰國,拉廊,Kapoe,Muang Kluang,
10.26497553,98.75621674,泰國,拉廊,Kra Buri,Bang Yai,
10.63782048,98.88630373,泰國,拉廊,Kra Buri,Cho Po Ro,
10.29483433,98.8431141,泰國,拉廊,Kra Buri,Lamliang,
10.45520684,98.84257521,泰國,拉廊,Kra Buri,Mamu,
10.38755207,98.84245825,泰國,拉廊,Kra Buri,Nam Chuet,
10.4266191,98.79327491,泰國,拉廊,Kra Buri,Nam Chuet Noi,
10.57462549,98.83168954,泰國,拉廊,Kra Buri,Pak Chan,
10.1832758,98.78588887,泰國,拉廊,La-Un,Bang Kaeo,
10.02448887,98.72762819,泰國,拉廊,La-Un,Bang Phra Nuea,
10.12546788,98.72978744,泰國,拉廊,La-Un,Bang Phra Tai,
10.04864873,98.80710107,泰國,拉廊,La-Un,La-Un Nuea,
10.12477435,98.76989524,泰國,拉廊,La-Un,La-Un Tai,
10.02890429,98.85195924,泰國,拉廊,La-Un,Nai Wong Nuea,
10.02906117,98.88241875,泰國,拉廊,La-Un,Nai Wong Tai,
10.00600848,98.6553672,泰國,拉廊,Mueang Ranong,Bang Non,
9.91272927,98.62718307,泰國,拉廊,Mueang Ranong,Bang Rin,
9.90789549,98.6929343,泰國,拉廊,Mueang Ranong,Hat Som Paen,
9.96572746,98.63314189,泰國,拉廊,Mueang Ranong,Khao Niwet,
9.79258417,98.43221596,泰國,拉廊,Mueang Ranong,Ko Phayam,
9.83286589,98.57755626,泰國,拉廊,Mueang Ranong,Ngao,
10.00731496,98.60584295,泰國,拉廊,Mueang Ranong,Pak Nam,
9.71994507,98.57730642,泰國,拉廊,Mueang Ranong,Ratchakrut,
10.13211374,98.68176537,泰國,拉廊,Mueang Ranong,Sai Daeng,
9.37609409,98.44062919,泰國,拉廊,Suk Samran,Kamphuan,
9.42708109,98.53845441,泰國,拉廊,Suk Samran,Na Kha,
8.4215577,98.5701274,泰國,攀牙府,Mueang Phangnga,Bang Toei,
8.36361409,98.51670324,泰國,攀牙府,Mueang Phangnga,Ko Panyi,
8.53380888,98.51153593,泰國,攀牙府,Mueang Phangnga,Nop Pring,
8.49281821,98.46497511,泰國,攀牙府,Mueang Phangnga,Pa Ko,
8.6048949,98.55075405,泰國,攀牙府,Mueang Phangnga,Song Phraek,
8.43413335,98.47858394,泰國,攀牙府,Mueang Phangnga,Tak Daet,
8.44920799,98.52727701,泰國,攀牙府,Mueang Phangnga,Thai Chang,
8.45077399,98.52728958,泰國,攀牙府,Mueang Phangnga,Tham Nam Phut,
8.55346749,98.4369921,泰國,攀牙府,Mueang Phangnga,Thung Kha Ngok,
8.64797515,98.46755627,泰國,攀牙府,加本縣,Kapong,
8.73381865,98.50693178,泰國,攀牙府,加本縣,Le,
8.69620862,98.36634958,泰國,攀牙府,加本縣,Mo,
8.8172323,98.499287,泰國,攀牙府,加本縣,Rommani,
8.71037086,98.43759054,泰國,攀牙府,加本縣,Tha Na,
8.60920788,98.65349132,泰國,攀牙府,塔布縣,Bang Riang,
8.4696316,98.6073264,泰國,攀牙府,塔布縣,Bo Saen,
8.5530544,98.64376132,泰國,攀牙府,塔布縣,Khok Charoen,
8.42698983,98.6397827,泰國,攀牙府,塔布縣,Marui,
8.54391156,98.58073984,泰國,攀牙府,塔布縣,Tham Thong Lang,
8.51547749,98.6320795,泰國,攀牙府,塔布縣,Thap Put,
9.04349488,98.42073893,泰國,攀牙府,庫拉布里縣,Bang Wan,
9.25794549,98.4385231,泰國,攀牙府,庫拉布里縣,Khura,
9.14015826,98.19169032,泰國,攀牙府,庫拉布里縣,Ko Phra Thong,
9.16300875,98.40437053,泰國,攀牙府,庫拉布里縣,Mae Nang Khao,
8.41796408,98.35405843,泰國,攀牙府,泰孟縣,Bang Thong,
8.57683806,98.25882594,泰國,攀牙府,泰孟縣,Lam Kaen,
8.59245875,98.36396869,泰國,攀牙府,泰孟縣,Lam Phi,
8.3440446,98.3025514,泰國,攀牙府,泰孟縣,Na Toei,
8.44115989,98.27499938,泰國,攀牙府,泰孟縣,Thai Mueang,
8.52366596,98.31812705,泰國,攀牙府,泰孟縣,Thung Maphrao,
8.81896737,98.28017721,泰國,攀牙府,達瓜巴縣,Bang Muang,
8.91623089,98.36491908,泰國,攀牙府,達瓜巴縣,Bang Nai Si,
8.79123427,98.33554197,泰國,攀牙府,達瓜巴縣,Bang Sai,
8.85055882,98.38682171,泰國,攀牙府,達瓜巴縣,Khok Khian,
8.69868856,98.28030287,泰國,攀牙府,達瓜巴縣,Khuek Khak,
8.95559257,98.28108602,泰國,攀牙府,達瓜巴縣,Ko Kho Khao,
8.84940857,98.35351034,泰國,攀牙府,達瓜巴縣,Takua Pa,
8.78418623,98.37729556,泰國,攀牙府,達瓜巴縣,Tamtua,
8.31700259,98.41304285,泰國,攀牙府,達瓜通縣,Kalai,
8.19224064,98.4241657,泰國,攀牙府,達瓜通縣,Khlong Khian,
8.25971805,98.30752515,泰國,攀牙府,達瓜通縣,Khok Kloi,
8.37821759,98.45546248,泰國,攀牙府,達瓜通縣,Krasom,
8.22222066,98.35933854,泰國,攀牙府,達瓜通縣,Lo Yung,
8.26093725,98.39817089,泰國,攀牙府,達瓜通縣,Tha Yu,
8.41205453,98.41406693,泰國,攀牙府,達瓜通縣,Tham,
8.13978229,98.59418274,泰國,攀牙府,閣堯縣,Ko Yao Noi,
8.06094897,98.56569291,泰國,攀牙府,閣堯縣,Ko Yao Yai,
7.96377318,98.58961201,泰國,攀牙府,閣堯縣,Phru Nai,
13.15071802,100.8099272,泰國,春武里府,Ko Si Chang,Tha Thewawong,
13.31754588,101.30903029,泰國,春武里府,博通縣,Bo Kwang Thong,
13.19308491,101.50403753,泰國,春武里府,博通縣,Bo Thong,
13.31571588,101.52733976,泰國,春武里府,博通縣,Kaset Suwan,
13.21660224,101.62740906,泰國,春武里府,博通縣,Phluang Thong,
13.25979432,101.38796725,泰國,春武里府,博通縣,That Thong,
13.3322592,101.4193571,泰國,春武里府,博通縣,Wat Suwan,
13.44474899,101.19947516,泰國,春武里府,帕那尼空縣,Ban Chang,
13.44422727,101.14325168,泰國,春武里府,帕那尼空縣,Ban Soet,
13.52802472,101.22599737,泰國,春武里府,帕那尼空縣,Hua Thanon,
13.52902092,101.13438249,泰國,春武里府,帕那尼空縣,Khok Phlo,
13.44602464,101.16409007,泰國,春武里府,帕那尼空縣,Kut Ngong,
13.36784488,101.23420706,泰國,春武里府,帕那尼空縣,Mon Nang,
13.42485661,101.17571266,泰國,春武里府,帕那尼空縣,Na Matum,
13.46827462,101.14711267,泰國,春武里府,帕那尼空縣,Na Phrathat,
13.40565006,101.24974527,泰國,春武里府,帕那尼空縣,Na Roek,
13.44649178,101.25412269,泰國,春武里府,帕那尼空縣,Na Wang Hin,
13.47339948,101.29083178,泰國,春武里府,帕那尼空縣,Nong Hiang,
13.40069663,101.14993803,泰國,春武里府,帕那尼空縣,Nong Khayat,
13.51098202,101.25485952,泰國,春武里府,帕那尼空縣,Nong Prue,
13.4503504,101.1807072,泰國,春武里府,帕那尼空縣,Phanat Nikhom,
13.48492094,101.18609012,泰國,春武里府,帕那尼空縣,Rai Lak Thong,
13.55529665,101.23111027,泰國,春武里府,帕那尼空縣,Sa Si Liam,
13.56505149,101.16203793,泰國,春武里府,帕那尼空縣,Tha Kham,
13.38623111,101.18958845,泰國,春武里府,帕那尼空縣,Thung Khwang,
13.49790754,101.14556928,泰國,春武里府,帕那尼空縣,Wat Bot,
13.51475448,101.16681916,泰國,春武里府,帕那尼空縣,Wat Luang,
13.04277059,100.93641789,泰國,春武里府,挽臘茫郡,Bang Lamung,
12.83630544,100.98621889,泰國,春武里府,挽臘茫郡,Huai Yai,
12.9513709,101.05706409,泰國,春武里府,挽臘茫郡,Khao Mai Kaeo,
12.9466786,100.82638616,泰國,春武里府,挽臘茫郡,Na Kluea,
12.98211656,100.96555723,泰國,春武里府,挽臘茫郡,Nong Pla Lai,
12.91533793,100.91747129,泰國,春武里府,挽臘茫郡,Nong Prue,
12.92216712,101.00622702,泰國,春武里府,挽臘茫郡,Pong,
13.01572892,101.00059222,泰國,春武里府,挽臘茫郡,Takhian Tia,
13.45253458,101.04402438,泰國,春武里府,攀通縣,Ban Kao,
13.54656813,101.06633991,泰國,春武里府,攀通縣,Bang Hak,
13.48175146,101.05373051,泰國,春武里府,攀通縣,Bang Nang,
13.54365085,101.11064416,泰國,春武里府,攀通縣,Khok Khi Non,
13.52589484,101.08459353,泰國,春武里府,攀通縣,Ko Loi,
13.4312294,101.12071068,泰國,春武里府,攀通縣,Map Pong,
13.49673875,101.1003433,泰國,春武里府,攀通縣,Na Pradu,
13.3897472,101.11239246,泰國,春武里府,攀通縣,Nong Hong,
13.43102354,101.09458338,泰國,春武里府,攀通縣,Nong Kakha,
13.40823124,101.07636588,泰國,春武里府,攀通縣,Nong Tamlueng,
13.46653685,101.09926691,泰國,春武里府,攀通縣,Phan Thong,
13.3245338,100.92884567,泰國,春武里府,春武里府治縣,Ang Sila,
13.37444471,100.98539696,泰國,春武里府,春武里府治縣,Ban Khot,
13.30611653,100.93107366,泰國,春武里府,春武里府治縣,Ban Puek,
13.35582713,100.99567473,泰國,春武里府,春武里府治縣,Ban Suan,
13.36384957,100.98454852,泰國,春武里府,春武里府治縣,Bang Pla Soi,
13.38960911,100.98995315,泰國,春武里府,春武里府治縣,Bang Sai,
13.42610101,101.0455048,泰國,春武里府,春武里府治縣,Don Hua Lo,
13.30529469,100.96817894,泰國,春武里府,春武里府治縣,Huai Kapi,
13.44140712,100.99183467,泰國,春武里府,春武里府治縣,Khlong Tamru,
13.37103911,100.98654366,泰國,春武里府,春武里府治縣,Makham Yong,
13.26339798,100.96072327,泰國,春武里府,春武里府治縣,Mueang,
13.38579256,101.02925012,泰國,春武里府,春武里府治縣,Na Pa,
13.30521416,101.00642033,泰國,春武里府,春武里府治縣,Nong Khang Khok,
13.40895125,101.00173637,泰國,春武里府,春武里府治縣,Nong Mai Daeng,
13.31599005,101.04362243,泰國,春武里府,春武里府治縣,Nong Ri,
13.28595128,100.92362532,泰國,春武里府,春武里府治縣,Saen Suk,
13.32616666,100.95088445,泰國,春武里府,春武里府治縣,Samet,
13.37368941,101.05626152,泰國,春武里府,春武里府治縣,Samnak Bok,
13.21544642,101.0079979,泰國,春武里府,是拉差,Bang Phra,
13.05191744,101.09238499,泰國,春武里府,是拉差,Bo Win,
13.07333085,101.00591459,泰國,春武里府,是拉差,Bueng,
13.10756675,101.1439295,泰國,春武里府,是拉差,Khao Khan Song,
13.13263862,101.03924885,泰國,春武里府,是拉差,Nong Kham,
13.16871183,100.92664804,泰國,春武里府,是拉差,Si Racha,
13.14930299,100.95833411,泰國,春武里府,是拉差,Surasak,
13.09357851,100.91114415,泰國,春武里府,是拉差,Thung Sukhla,
12.74462489,100.90637533,泰國,春武里府,梭桃邑縣,Bang Sare,
12.79474106,100.93219908,泰國,春武里府,梭桃邑縣,Na Chom Thian,
12.7011256,100.96740754,泰國,春武里府,梭桃邑縣,Phlu Ta Luang,
12.59812399,100.94977854,泰國,春武里府,梭桃邑縣,Samae San,
12.68882316,100.87396479,泰國,春武里府,梭桃邑縣,Sattahip,
13.403072,101.42166169,泰國,春武里府,珍島縣,Ko Chan,
13.38362592,101.30598478,泰國,春武里府,珍島縣,Tha Bunmi,
13.29823287,101.10703432,泰國,春武里府,班邦縣,Ban Bueng,
13.18973148,101.16318728,泰國,春武里府,班邦縣,Khlong Kio,
13.36042901,101.09231726,泰國,春武里府,班邦縣,Map Phai,
13.35367111,101.16001771,泰國,春武里府,班邦縣,Nong Bon Daeng,
13.29874838,101.17156786,泰國,春武里府,班邦縣,Nong Chak,
13.28050997,101.24682826,泰國,春武里府,班邦縣,Nong I Run,
13.21258019,101.2492331,泰國,春武里府,班邦縣,Nong Phai Kaeo,
13.32806674,101.07301142,泰國,春武里府,班邦縣,Nong Samsak,
13.21166156,101.3251211,泰國,春武里府,農艾縣,Hang Sung,
13.07082619,101.42074422,泰國,春武里府,農艾縣,Khao Sok,
13.11491122,101.47710041,泰國,春武里府,農艾縣,Khlong Phlu,
13.11715345,101.28338175,泰國,春武里府,農艾縣,Nong Suea Chang,
13.15312404,101.37543489,泰國,春武里府,農艾縣,Nong Yai,
10.6221392,98.99207379,泰國,春蓬府,塔色縣,Hin Kaeo,
10.82393398,99.1347346,泰國,春蓬府,塔色縣,Hong Charoen,
10.7473679,99.11691876,泰國,春蓬府,塔色縣,Khu Ring,
10.61246887,99.18506426,泰國,春蓬府,塔色縣,Na Kratam,
10.76852654,99.01081717,泰國,春蓬府,塔色縣,Rap Ro,
10.88027987,99.17365849,泰國,春蓬府,塔色縣,Salui,
10.710471,99.20362814,泰國,春蓬府,塔色縣,Sap Anan,
10.94949694,99.18673203,泰國,春蓬府,塔色縣,Song Phi Nong,
10.65561794,99.1052683,泰國,春蓬府,塔色縣,Tha Kham,
10.67506718,99.1642931,泰國,春蓬府,塔色縣,Tha Sae,
10.66401133,99.2883412,泰國,春蓬府,巴挑縣,Bang Son,
10.77085395,99.33240586,泰國,春蓬府,巴挑縣,Chum Kho,
10.86197377,99.35575476,泰國,春蓬府,巴挑縣,Don Yang,
10.93181416,99.34335291,泰國,春蓬府,巴挑縣,Khao Chai Rat,
10.90865749,99.46442548,泰國,春蓬府,巴挑縣,Pak Khlong,
10.60200613,99.24875303,泰國,春蓬府,巴挑縣,Saphli,
10.72173107,99.26529916,泰國,春蓬府,巴挑縣,Thale Sap,
9.725906,98.70492609,泰國,春蓬府,帕多縣,Pak Song,
9.92892561,98.9048555,泰國,春蓬府,帕多縣,Pang Wan,
9.81480213,98.80031775,泰國,春蓬府,帕多縣,Phato,
9.8660047,98.88723437,泰國,春蓬府,帕多縣,Phrarak,
9.74937668,98.99752301,泰國,春蓬府,拉邁縣,Lamae,
9.71873771,99.10056434,泰國,春蓬府,拉邁縣,Suan Taeng,
9.75120445,99.01023862,泰國,春蓬府,拉邁縣,Thung Kha Wat,
9.79656784,99.04447186,泰國,春蓬府,拉邁縣,Thung Luang,
10.45581977,98.99231062,泰國,春蓬府,春蓬府治縣,Ban Na,
10.54850726,99.18263884,泰國,春蓬府,春蓬府治縣,Bang Luek,
10.44366945,99.18894192,泰國,春蓬府,春蓬府治縣,Bang Mak,
10.56165465,99.12476436,泰國,春蓬府,春蓬府治縣,Hat Phan Krai,
10.38131522,99.26117607,泰國,春蓬府,春蓬府治縣,Hat Sai Ri,
10.46695622,99.11778971,泰國,春蓬府,春蓬府治縣,Khun Krathing,
10.53955498,99.22935487,泰國,春蓬府,春蓬府治縣,Na Cha-Ang,
10.50390843,99.21235283,泰國,春蓬府,春蓬府治縣,Na Thung,
10.41703322,99.25174968,泰國,春蓬府,春蓬府治縣,Pak Nam,
10.46564805,99.15428755,泰國,春蓬府,春蓬府治縣,Tak Daet,
10.49761415,99.18059757,泰國,春蓬府,春蓬府治縣,Tha Taphao,
10.4273888,99.21804709,泰國,春蓬府,春蓬府治縣,Tha Yang,
10.42001048,99.07733617,泰國,春蓬府,春蓬府治縣,Tham Sing,
10.39619239,99.14036325,泰國,春蓬府,春蓬府治縣,Thung Kha,
10.51603543,99.00564115,泰國,春蓬府,春蓬府治縣,Wang Mai,
10.5230572,99.12640773,泰國,春蓬府,春蓬府治縣,Wang Phai,
10.36673029,99.09084344,泰國,春蓬府,春蓬府治縣,Wisai Nuea,
9.85110734,99.02861171,泰國,春蓬府,朗萱縣,Ban Khuan,
9.92313222,99.13567183,泰國,春蓬府,朗萱縣,Bang Maphrao,
10.02225275,99.14360187,泰國,春蓬府,朗萱縣,Bang Nam Chuet,
9.95612182,98.96011992,泰國,春蓬府,朗萱縣,Hat Yai,
9.936131,99.07238398,泰國,春蓬府,朗萱縣,Khan Ngoen,
9.96201526,99.10417548,泰國,春蓬府,朗萱縣,Laem Sai,
9.95071998,99.08270153,泰國,春蓬府,朗萱縣,Lang Suan,
10.01319383,99.04615607,泰國,春蓬府,朗萱縣,Na Kha,
9.86983817,99.11978041,泰國,春蓬府,朗萱縣,Na Phaya,
9.95569558,99.14587201,泰國,春蓬府,朗萱縣,Pak Nam,
9.92944337,99.09852224,泰國,春蓬府,朗萱縣,Pho Daeng,
9.92871076,99.04529022,泰國,春蓬府,朗萱縣,Tha Maphla,
9.97877912,99.02177437,泰國,春蓬府,朗萱縣,Wang Tako,
10.24350697,99.19242747,泰國,春蓬府,沙威縣,Dan Sawi,
10.12550991,98.89771744,泰國,春蓬府,沙威縣,Khao Khai,
10.22115482,98.91830638,泰國,春蓬府,沙威縣,Khao Thalu,
10.3061524,99.0479967,泰國,春蓬府,沙威縣,Khron,
10.19807306,99.10696486,泰國,春蓬府,沙威縣,Na Pho,
10.17976511,99.00161365,泰國,春蓬府,沙威縣,Na Sak,
10.2735437,99.13325896,泰國,春蓬府,沙威縣,Pak Phraek,
10.25402589,99.0634249,泰國,春蓬府,沙威縣,Sawi,
10.21321763,99.15100861,泰國,春蓬府,沙威縣,Tha Hin,
10.28564368,98.97698034,泰國,春蓬府,沙威縣,Thung Raya,
10.35877077,99.04122876,泰國,春蓬府,沙威縣,Wisai Tai,
10.10631315,99.01276519,泰國,春蓬府,通達戈縣,Chong Mai Kaeo,
10.12243929,99.14298083,泰國,春蓬府,通達戈縣,Pak Tako,
10.05634097,99.0272677,泰國,春蓬府,通達戈縣,Tako,
10.1315271,99.09609968,泰國,春蓬府,通達戈縣,Thung Takhrai,
7.94533716,98.28866155,泰國,普吉府,加圖縣,Kamala,
7.91348954,98.33773083,泰國,普吉府,加圖縣,Kathu,
7.89929117,98.30014301,泰國,普吉府,加圖縣,Pa Tong,
8.00478826,98.29892384,泰國,普吉府,塔廊縣,Choeng Thale,
8.14404061,98.31845504,泰國,普吉府,塔廊縣,Mai Khao,
8.04314826,98.40406155,泰國,普吉府,塔廊縣,Pa Khlok,
8.07371388,98.29582862,泰國,普吉府,塔廊縣,Sakhu,
7.984335,98.34725392,泰國,普吉府,塔廊縣,Si Sunthon,
8.06189327,98.34358493,泰國,普吉府,塔廊縣,Thep Krasattri,
7.84695185,98.33477448,泰國,普吉府,普吉府治縣,Chalong,
7.83420476,98.30027487,泰國,普吉府,普吉府治縣,Karon,
7.94660052,98.38858883,泰國,普吉府,普吉府治縣,Ko Kaeo,
7.90492442,98.4026944,泰國,普吉府,普吉府治縣,Ratsada,
7.74678129,98.3379975,泰國,普吉府,普吉府治縣,Rawai,
7.8784482,98.38040829,泰國,普吉府,普吉府治縣,Talat Nuea,
7.88638462,98.39401504,泰國,普吉府,普吉府治縣,Talat Yai,
7.85244453,98.37803798,泰國,普吉府,普吉府治縣,Wichit,
13.93048185,100.54536273,泰國,暖武里府,巴革縣,Ban Mai,
13.92966647,100.45596379,泰國,暖武里府,巴革縣,Bang Phlap,
13.92714481,100.51574032,泰國,暖武里府,巴革縣,Bang Phut,
13.89459489,100.52479054,泰國,暖武里府,巴革縣,Bang Talat,
13.93164243,100.49158928,泰國,暖武里府,巴革縣,Bang Tanai,
13.96293969,100.44866669,泰國,暖武里府,巴革縣,Khlong Khoi,
13.90311801,100.54436639,泰國,暖武里府,巴革縣,Khlong Kluea,
13.92799646,100.4785427,泰國,暖武里府,巴革縣,Khlong Phra Udom,
13.9091998,100.47925942,泰國,暖武里府,巴革縣,Ko Kret,
13.90964672,100.45302279,泰國,暖武里府,巴革縣,Om Kret,
13.91137045,100.50529542,泰國,暖武里府,巴革縣,Pak Kret,
13.89666152,100.4695658,泰國,暖武里府,巴革縣,Tha It,
13.84792746,100.52768072,泰國,暖武里府,暖武里府治縣,Bang Khen,
13.8422318,100.44904888,泰國,暖武里府,暖武里府治縣,Bang Krang,
13.86785227,100.50201353,泰國,暖武里府,暖武里府治縣,Bang Kraso,
13.82493006,100.49132109,泰國,暖武里府,暖武里府治縣,Bang Phai,
13.8680649,100.45707766,泰國,暖武里府,暖武里府治縣,Bang Rak Noi,
13.83922915,100.4755179,泰國,暖武里府,暖武里府治縣,Bang Si Mueang,
13.87442268,100.47041087,泰國,暖武里府,暖武里府治縣,Sai Ma,
13.84243686,100.49431161,泰國,暖武里府,暖武里府治縣,Suan Yai,
13.84981486,100.50862553,泰國,暖武里府,暖武里府治縣,Talat Khwan,
13.88066627,100.51504195,泰國,暖武里府,暖武里府治縣,Tha Sai,
14.01530535,100.31639662,泰國,暖武里府,賽內縣,Khlong Khwang,
14.00551332,100.28492935,泰國,暖武里府,賽內縣,Khun Si,
13.90328097,100.30617458,泰國,暖武里府,賽內縣,Nong Phrao Ngai,
14.08039801,100.32398367,泰國,暖武里府,賽內縣,Rat Niyom,
13.97702578,100.33614267,泰國,暖武里府,賽內縣,Sai Noi,
14.08496332,100.29222783,泰國,暖武里府,賽內縣,Sai Yai,
13.94219034,100.3119416,泰國,暖武里府,賽內縣,Thawi Watthana,
13.9517495,100.38303305,泰國,暖武里府,邦博通縣,Bang Bua Thong,
13.90672664,100.35177304,泰國,暖武里府,邦博通縣,Bang Khu Rat,
13.89745542,100.40788058,泰國,暖武里府,邦博通縣,Bang Rak Phatthana,
13.87827048,100.43839436,泰國,暖武里府,邦博通縣,Bang Rak Yai,
13.95728684,100.40670158,泰國,暖武里府,邦博通縣,Lahan,
13.96285489,100.42451711,泰國,暖武里府,邦博通縣,Lam Pho,
13.92381841,100.39033277,泰國,暖武里府,邦博通縣,Phimonrat,
13.91308549,100.42102734,泰國,暖武里府,邦博通縣,Sano Loi,
13.81446974,100.45866371,泰國,暖武里府,邦格雷縣,Bang Khanun,
13.82193449,100.4172945,泰國,暖武里府,邦格雷縣,Bang Khu Wiang,
13.82171879,100.4437319,泰國,暖武里府,邦格雷縣,Bang Khun Kong,
13.80703363,100.49766999,泰國,暖武里府,邦格雷縣,Bang Kruai,
13.81889171,100.47849307,泰國,暖武里府,邦格雷縣,Bang Si Thong,
13.80593153,100.43413744,泰國,暖武里府,邦格雷縣,Mahasawat,
13.81337634,100.40163843,泰國,暖武里府,邦格雷縣,Plai Bang,
13.81284199,100.35865116,泰國,暖武里府,邦格雷縣,Sala Klang,
13.80305614,100.47123547,泰國,暖武里府,邦格雷縣,Wat Chalo,
13.86059429,100.33271949,泰國,暖武里府,邦艾縣,Ban Mai,
13.85401715,100.43449393,泰國,暖武里府,邦艾縣,Bang Len,
13.86729797,100.38081553,泰國,暖武里府,邦艾縣,Bang Mae Nang,
13.83368048,100.39405634,泰國,暖武里府,邦艾縣,Bang Muang,
13.83442759,100.35735661,泰國,暖武里府,邦艾縣,Bang Yai,
13.87504743,100.40283581,泰國,暖武里府,邦艾縣,Sao Thong Hin,
13.81063819,100.53022366,泰國,曼谷,Bang Sue,Bang Sue,
13.82946396,100.52671706,泰國,曼谷,Bang Sue,Wong Sawang,
13.74055151,100.50442192,泰國,曼谷,三攀他旺縣,Chakkrawat,
13.73991749,100.50907762,泰國,曼谷,三攀他旺縣,Samphanthawong,
13.73432834,100.51346464,泰國,曼谷,三攀他旺縣,Talat Noi,
13.81937633,100.58120921,泰國,曼谷,乍都節縣,Chantharakasem,
13.81618746,100.55095079,泰國,曼谷,乍都節縣,Chatuchak,
13.80852298,100.56571785,泰國,曼谷,乍都節縣,Chomphon,
13.84317025,100.56138763,泰國,曼谷,乍都節縣,Lat Yao,
13.84210295,100.58363701,泰國,曼谷,乍都節縣,Sena Nikhom,
13.7856544,100.37355931,泰國,曼谷,他威越他那縣,Sala Thammasop,
13.75869907,100.35932956,泰國,曼谷,他威越他那縣,Thawi Watthana,
13.75155529,100.58596797,泰國,曼谷,匯權縣,Bang Kapi,
13.76870548,100.57682497,泰國,曼谷,匯權縣,Huai Khwang,
13.78462338,100.58540267,泰國,曼谷,匯權縣,Sam Sen Nok,
13.83922118,100.60804593,泰國,曼谷,叻拋縣,Chorakhe Bua,
13.81817448,100.60861975,泰國,曼谷,叻拋縣,Lat Phrao,
13.67473214,100.4921937,泰國,曼谷,叻武拉納縣,Bang Pakok,
13.67079886,100.50980911,泰國,曼谷,叻武拉納縣,Rat Burana,
13.75243658,100.75437004,泰國,曼谷,叻甲挽縣,Khlong Sam Prawet,
13.7516546,100.72473755,泰國,曼谷,叻甲挽縣,Khlong Song Ton Nun,
13.7273091,100.85354611,泰國,曼谷,叻甲挽縣,Khum Thong,
13.76189623,100.79618538,泰國,曼谷,叻甲挽縣,Lam Pla Thio,
13.72263479,100.74936408,泰國,曼谷,叻甲挽縣,Lat Krabang,
13.73439742,100.82135852,泰國,曼谷,叻甲挽縣,Thap Yao,
13.72269883,100.48610995,泰國,曼谷,吞武里縣,Bang Yi Ruea,
13.71353152,100.484564,泰國,曼谷,吞武里縣,Bukkhalo,
13.70248518,100.48320235,泰國,曼谷,吞武里縣,Dao Khanong,
13.73056555,100.48993011,泰國,曼谷,吞武里縣,Hiranruchi,
13.70907688,100.49168357,泰國,曼谷,吞武里縣,Samre,
13.71683646,100.47400218,泰國,曼谷,吞武里縣,Talat Phlu,
13.73682159,100.49289616,泰國,曼谷,吞武里縣,Wat Kanlaya,
13.72287516,100.57073439,泰國,曼谷,孔提縣,Khlong Tan,
13.71759782,100.56465254,泰國,曼谷,孔提縣,Khlong Toei,
13.70985453,100.58751324,泰國,曼谷,孔提縣,Phra Khanong,
13.70652849,100.46890619,泰國,曼谷,宗通縣,Bang Kho,
13.6974363,100.44949393,泰國,曼谷,宗通縣,Bang Khun Thian,
13.67145119,100.46814118,泰國,曼谷,宗通縣,Bang Mot,
13.68800334,100.46760444,泰國,曼谷,宗通縣,Chom Thong,
13.73451281,100.58519508,泰國,曼谷,宛他那縣,Khlong Tan Nuea,
13.74293359,100.56093779,泰國,曼谷,宛他那縣,Khlong Toei Nuea,
13.71913359,100.59629503,泰國,曼谷,宛他那縣,Phra Khanong Nuea,
13.73625953,100.54550631,泰國,曼谷,巴吞旺縣,Lumphini,
13.7403747,100.53485175,泰國,曼谷,巴吞旺縣,Pathum Wan,
13.74452747,100.51970548,泰國,曼谷,巴吞旺縣,Rong Mueang,
13.74176676,100.52654327,泰國,曼谷,巴吞旺縣,Wang Mai,
13.68080067,100.68916736,泰國,曼谷,巴威縣,Dokmai,
13.68686463,100.65582306,泰國,曼谷,巴威縣,Nong Bon,
13.71753114,100.67989701,泰國,曼谷,巴威縣,Prawet,
13.72914824,100.45221547,泰國,曼谷,帕世乍能縣,Bang Chak,
13.72359702,100.43593103,泰國,曼谷,帕世乍能縣,Bang Duan,
13.70890623,100.43972225,泰國,曼谷,帕世乍能縣,Bang Wa,
13.73646471,100.444468,泰國,曼谷,帕世乍能縣,Bang Waek,
13.73799096,100.42299011,泰國,曼谷,帕世乍能縣,Khlong Khwang,
13.73398435,100.45961355,泰國,曼谷,帕世乍能縣,Khuha Sawan,
13.72190816,100.46322749,泰國,曼谷,帕世乍能縣,Pak Khlong Phasi Charoen,
13.91699797,100.57962336,泰國,曼谷,廊曼區,Don Mueang,
13.92024705,100.60913084,泰國,曼谷,廊曼區,Sanam Bin,
13.9393151,100.58704101,泰國,曼谷,廊曼區,Si Kan,
13.67961489,100.35875886,泰國,曼谷,廊鑒縣,Nong Khaem,
13.71414536,100.35096378,泰國,曼谷,廊鑒縣,Nong Khang Phlu,
13.77285084,100.51230386,泰國,曼谷,律實縣,Dusit,
13.75741663,100.51738365,泰國,曼谷,律實縣,Si Yaek Mahanak,
13.76779202,100.52057332,泰國,曼谷,律實縣,Suan Chitlada,
13.78906895,100.52260089,泰國,曼谷,律實縣,Thanon Nakhon Chaisi,
13.77815372,100.50476149,泰國,曼谷,律實縣,Wachira Phayaban,
13.74778095,100.42677083,泰國,曼谷,打鄰倉縣,Bang Chueak Nang,
13.75227017,100.44148028,泰國,曼谷,打鄰倉縣,Bang Phrom,
13.7671449,100.42848306,泰國,曼谷,打鄰倉縣,Bang Ramat,
13.78614469,100.42861746,泰國,曼谷,打鄰倉縣,Chimphli,
13.7656516,100.4576839,泰國,曼谷,打鄰倉縣,Khlong Chak Phra,
13.79100256,100.45144715,泰國,曼谷,打鄰倉縣,Taling Chan,
13.75338089,100.55166748,泰國,曼谷,拉差貼威縣,Makkasan,
13.75731492,100.53840461,泰國,曼谷,拉差貼威縣,Thanon Phaya Thai,
13.75221937,100.52796286,泰國,曼谷,拉差貼威縣,Thanon Phet Buri,
13.7630446,100.52975995,泰國,曼谷,拉差貼威縣,Thung Phaya Thai,
13.69223539,100.61370762,泰國,曼谷,拍崑崙縣,Bang Chak,
13.7818771,100.54500632,泰國,曼谷,拍耶泰縣,Sam Sen Nai,
13.76180935,100.50303307,泰國,曼谷,拍那空縣,Ban Phan Thom,
13.76475344,100.50546493,泰國,曼谷,拍那空縣,Bang Khun Phrom,
13.75727426,100.50141466,泰國,曼谷,拍那空縣,Bowon Niwet,
13.76186827,100.4946366,泰國,曼谷,拍那空縣,Chana Songkhram,
13.75128928,100.49209665,泰國,曼谷,拍那空縣,Phraborom Maharatchawang,
13.75111881,100.50336504,泰國,曼谷,拍那空縣,Samran Rat,
13.75395935,100.4970683,泰國,曼谷,拍那空縣,San Chaopho Suea,
13.75340659,100.50021886,泰國,曼谷,拍那空縣,Sao Chingcha,
13.75957023,100.49753515,泰國,曼谷,拍那空縣,Talat Yot,
13.74390825,100.49894887,泰國,曼谷,拍那空縣,Wang Burapha Phirom,
13.74993997,100.49914222,泰國,曼谷,拍那空縣,Wat Ratchabophit,
13.76785286,100.49917764,泰國,曼谷,拍那空縣,Wat Sam Phraya,
13.86791368,100.60576811,泰國,曼谷,挽卿縣,Anusawari,
13.86601687,100.64997661,泰國,曼谷,挽卿縣,Tha Raeng,
13.72462716,100.51437496,泰國,曼谷,挽叻縣,Bang Rak,
13.73359808,100.52025644,泰國,曼谷,挽叻縣,Maha Phruettharam,
13.72392372,100.52909898,泰國,曼谷,挽叻縣,Si Lom,
13.72941792,100.52323383,泰國,曼谷,挽叻縣,Si Phraya,
13.7266838,100.52535767,泰國,曼谷,挽叻縣,Suriyawong,
13.62149151,100.41282488,泰國,曼谷,挽坤天縣,Samae Dam,
13.57365901,100.43729892,泰國,曼谷,挽坤天縣,Tha Kham,
13.78336079,100.48096022,泰國,曼谷,挽拍縣,Bang Bamru,
13.80016723,100.50867918,泰國,曼谷,挽拍縣,Bang O,
13.7900405,100.49235542,泰國,曼谷,挽拍縣,Bang Phlat,
13.77430307,100.4923882,泰國,曼谷,挽拍縣,Bang Yi Khan,
13.65645157,100.39209907,泰國,曼谷,挽汶縣,Bang Bon,
13.75510616,100.64370867,泰國,曼谷,挽甲必縣,Hua Mak,
13.78842111,100.63509791,泰國,曼谷,挽甲必縣,Khlong Chan,
13.66761562,100.61843342,泰國,曼谷,挽那縣,Bang Na,
13.89789018,100.62967167,泰國,曼谷,曬邁縣,Khlong Thanon,
13.89631707,100.67230046,泰國,曼谷,曬邁縣,O Ngoen,
13.92137522,100.65266164,泰國,曼谷,曬邁縣,Sai Mai,
13.6964307,100.41647112,泰國,曼谷,曼凱縣,Bang Khae,
13.71991886,100.39743489,泰國,曼谷,曼凱縣,Bang Khae Nuea,
13.74061415,100.38446614,泰國,曼谷,曼凱縣,Bang Phai,
13.6919498,100.39356778,泰國,曼谷,曼凱縣,Lak Song,
13.69392088,100.51571542,泰國,曼谷,曼柯廉縣,Bang Khlo,
13.69638905,100.49832967,泰國,曼谷,曼柯廉縣,Bang Kho Laem,
13.70570322,100.50793011,泰國,曼谷,曼柯廉縣,Wat Phraya Krai,
13.74279804,100.48645633,泰國,曼谷,曼谷艾縣,Wat Arun,
13.73389693,100.4745292,泰國,曼谷,曼谷艾縣,Wat Tha Phra,
13.77219871,100.47739478,泰國,曼谷,曼谷蓮縣,Arun Ammarin,
13.7522042,100.47562069,泰國,曼谷,曼谷蓮縣,Ban Chang Lo,
13.7726592,100.466545,泰國,曼谷,曼谷蓮縣,Bang Khun Non,
13.75983393,100.46311428,泰國,曼谷,曼谷蓮縣,Bang Khun Si,
13.75694813,100.4827388,泰國,曼谷,曼谷蓮縣,Sirirat,
13.87147617,100.58003908,泰國,曼谷,朗四縣,Talat Bang Khen,
13.88278092,100.56378572,泰國,曼谷,朗四縣,Thung Song Hong,
13.80500649,100.72624257,泰國,曼谷,民武里縣,Min Buri,
13.81146637,100.77392004,泰國,曼谷,民武里縣,Saen Saep,
13.7941008,100.66058794,泰國,曼谷,汶昆縣,Khlong Kum,
13.80476362,100.64177469,泰國,曼谷,汶昆縣,Nawamin,
13.82894307,100.64498866,泰國,曼谷,汶昆縣,Nuan Chan,
13.71758794,100.541366,泰國,曼谷,沙吞縣,Thung Mahamek,
13.71590365,100.52040324,泰國,曼谷,沙吞縣,Thung Wat Don,
13.70861241,100.52613674,泰國,曼谷,沙吞縣,Yan Nawa,
13.76272859,100.69149888,泰國,曼谷,沙攀松縣,Saphan Sung,
13.81786753,100.68650149,泰國,曼谷,漢那堯縣,Khan Na Yao,
13.82463957,100.66814631,泰國,曼谷,漢那堯縣,Ram Inthra,
13.68073233,100.53262817,泰國,曼谷,然那哇縣,Bang Phongphang,
13.69685685,100.54403271,泰國,曼谷,然那哇縣,Chong Nonsi,
13.84429611,100.706382,泰國,曼谷,空三華縣,Bang Chan,
13.85339402,100.74514961,泰國,曼谷,空三華縣,Sai Kong Din,
13.85104792,100.77290169,泰國,曼谷,空三華縣,Sai Kong Din Tai,
13.89657218,100.76068105,泰國,曼谷,空三華縣,Sam Wa Tawan Ok,
13.88906328,100.70802238,泰國,曼谷,空三華縣,Sam Wa Tawan Tok,
13.71440759,100.50078898,泰國,曼谷,空訕縣,Bang Lamphu Lang,
13.73111841,100.5050366,泰國,曼谷,空訕縣,Khlong San,
13.72354939,100.50454654,泰國,曼谷,空訕縣,Khlong Ton Sai,
13.73285544,100.49881982,泰國,曼谷,空訕縣,Somdet Chaophraya,
13.64928287,100.49188965,泰國,曼谷,童酷縣,Bang Mot,
13.61712221,100.49726872,泰國,曼谷,童酷縣,Thung Khru,
13.78819437,100.62057226,泰國,曼谷,翁通郎縣,Khlong Chaokhun Sing,
13.76853815,100.61374928,泰國,曼谷,翁通郎縣,Phlapphla,
13.7947421,100.60057511,泰國,曼谷,翁通郎縣,Saphan Song,
13.77977574,100.59882412,泰國,曼谷,翁通郎縣,Wang Thonglang,
13.725905,100.6280383,泰國,曼谷,萱鑾縣,Suan Luang,
13.91276492,100.82302,泰國,曼谷,農卓縣,Khlong Sip,
13.91590123,100.88021379,泰國,曼谷,農卓縣,Khlong Sip Song,
13.83543324,100.82801855,泰國,曼谷,農卓縣,Khok Faet,
13.8733661,100.8117049,泰國,曼谷,農卓縣,Khu Fung Nuea,
13.82560773,100.8918181,泰國,曼谷,農卓縣,Krathum Rai,
13.79763798,100.83514878,泰國,曼谷,農卓縣,Lam Phak Chi,
13.77734171,100.87863782,泰國,曼谷,農卓縣,Lam Toiting,
13.87175565,100.8723282,泰國,曼谷,農卓縣,Nong Chok,
13.75166521,100.50675364,泰國,曼谷,邦巴沙都拍縣,Ban Bat,
13.7533309,100.51353375,泰國,曼谷,邦巴沙都拍縣,Khlong Mahanak,
13.74373711,100.5118157,泰國,曼谷,邦巴沙都拍縣,Pom Prap,
13.75887546,100.51064979,泰國,曼谷,邦巴沙都拍縣,Wat Sommanat,
13.7485579,100.51209047,泰國,曼谷,邦巴沙都拍縣,Wat Thepsirin,
13.77503614,100.56329044,泰國,曼谷,鄰鈴縣,Din Daeng,
14.57499104,102.86373808,泰國,武里南府,乍倫帕革縣,Charoen Suk,
14.63803816,102.91903326,泰國,武里南府,乍倫帕革縣,Isan Khet,
14.56307118,102.92172999,泰國,武里南府,乍倫帕革縣,Ta Pek,
14.51139064,102.84711658,泰國,武里南府,乍倫帕革縣,Thawon,
14.50643229,102.91802432,泰國,武里南府,乍倫帕革縣,Yai Yaem Watthana,
14.79515856,102.82561494,泰國,武里南府,占尼縣,Chamni,
14.82808394,102.81170196,泰國,武里南府,占尼縣,Cho Phaka,
14.75426529,102.89175392,泰國,武里南府,占尼縣,Khok Sanuan,
14.78063654,102.7462765,泰國,武里南府,占尼縣,Laluat,
14.79846165,102.8859333,泰國,武里南府,占尼縣,Mueang Yang,
14.73885393,102.85494012,泰國,武里南府,占尼縣,Nong Plong,
14.73435471,102.78976583,泰國,武里南府,娘隆縣,Ban Sing,
14.56149696,102.66449516,泰國,武里南府,娘隆縣,Chum Saeng,
14.66841983,102.65000043,泰國,武里南府,娘隆縣,Hua Thanon,
14.73135957,102.7116584,泰國,武里南府,娘隆縣,Kan Lueang,
14.67675449,102.70622042,泰國,武里南府,娘隆縣,Lam Sai Yong,
14.66631807,102.78546386,泰國,武里南府,娘隆縣,Nang Rong,
14.61281363,102.6911566,泰國,武里南府,娘隆縣,Nong Bot,
14.67464304,102.89637406,泰國,武里南府,娘隆縣,Nong Kong,
14.51188894,102.77307957,泰國,武里南府,娘隆縣,Nong Sai,
14.73085459,102.93719298,泰國,武里南府,娘隆縣,Nong Sano,
14.69231535,102.85527486,泰國,武里南府,娘隆縣,Nong Yai Phim,
14.5739717,102.76683518,泰國,武里南府,娘隆縣,Sadao,
14.51322585,102.68779118,泰國,武里南府,娘隆縣,Sap Phraya,
14.61704603,102.83222894,泰國,武里南府,娘隆縣,Thanon Hak,
14.58188138,102.70546105,泰國,武里南府,娘隆縣,Thung Saeng Thong,
14.70657368,103.06554602,泰國,武里南府,巴坤猜縣,Ban Sai,
14.50001274,102.9886339,泰國,武里南府,巴坤猜縣,Chorakhe Mak,
14.46021519,103.04311569,泰國,武里南府,巴坤猜縣,Khao Khok,
14.64065153,103.03449587,泰國,武里南府,巴坤猜縣,Khok Ma,
14.6077046,103.12827632,泰國,武里南府,巴坤猜縣,Khok Makham,
14.70257054,102.99090763,泰國,武里南府,巴坤猜縣,Khok Tum,
14.56605063,103.01104019,泰國,武里南府,巴坤猜縣,Khok Yang,
14.59964148,103.19207118,泰國,武里南府,巴坤猜縣,Lawia,
14.53927157,103.14130426,泰國,武里南府,巴坤猜縣,Nong Bon,
14.53803802,103.06648082,泰國,武里南府,巴坤猜縣,Pang Ku,
14.65593145,103.20299475,泰國,武里南府,巴坤猜縣,Phaisan,
14.61311805,103.08242894,泰國,武里南府,巴坤猜縣,Prakhon Chai,
14.57618299,102.97466854,泰國,武里南府,巴坤猜縣,Prathat Bu,
14.78686291,103.0552977,泰國,武里南府,巴坤猜縣,Salaeng Thon,
14.74831215,103.0008317,泰國,武里南府,巴坤猜縣,Si Liam,
14.63579953,102.97737066,泰國,武里南府,巴坤猜縣,Tako Taphi,
14.36498155,102.69658458,泰國,武里南府,巴堪縣,Hu Thamnop,
14.40417235,102.61319121,泰國,武里南府,巴堪縣,Khok Mamuang,
14.43130217,102.65578423,泰國,武里南府,巴堪縣,Nong Bua,
14.44716695,102.73826662,泰國,武里南府,巴堪縣,Pakham,
14.45862893,102.68930945,泰國,武里南府,巴堪縣,Thai Charoen,
14.67311924,103.13746014,泰國,武里南府,帕帕猜縣,Chan Dum,
14.76828624,103.19320016,泰國,武里南府,帕帕猜縣,Khok Khamin,
14.72097573,103.24331858,泰國,武里南府,帕帕猜縣,Pa Chan,
14.72339307,103.1676922,泰國,武里南府,帕帕猜縣,Sadao,
14.77596419,103.11296187,泰國,武里南府,帕帕猜縣,Samrong,
15.38946525,102.99298251,泰國,武里南府,庫芒縣,Ban Phae,
15.20618073,103.06274767,泰國,武里南府,庫芒縣,Hin Lek Fai,
15.23942524,102.99221663,泰國,武里南府,庫芒縣,Khu Mueang,
15.31573235,103.00462795,泰國,武里南府,庫芒縣,Nong Khaman,
15.39313991,103.05505524,泰國,武里南府,庫芒縣,Pakhiap,
15.16664475,103.02680174,泰國,武里南府,庫芒縣,Phon Samran,
15.18772852,103.11682692,泰國,武里南府,庫芒縣,Tum Yai,
14.46126976,102.81227825,泰國,武里南府,拉漢賽縣,Khok Wan,
14.4182628,102.85798234,泰國,武里南府,拉漢賽縣,Lahan Sai,
14.39528597,102.78789545,泰國,武里南府,拉漢賽縣,Nong Takhrong,
14.26705196,102.93490953,泰國,武里南府,拉漢賽縣,Nong Waeng,
14.28360997,102.8503753,泰國,武里南府,拉漢賽縣,Samrong Mai,
14.42385011,102.92868102,泰國,武里南府,拉漢賽縣,Ta Chong,
15.4930393,102.9878358,泰國,武里南府,普泰頌縣,Ban Chan,
15.62508913,102.88871673,泰國,武里南府,普泰頌縣,Ban Pao,
15.58761798,102.95446792,泰國,武里南府,普泰頌縣,Ban Waeng,
15.4863064,103.07492443,泰國,武里南府,普泰頌縣,Ban Yang,
15.53001001,102.93927448,泰國,武里南府,普泰頌縣,Hai Sok,
15.49791482,103.03236143,泰國,武里南府,普泰頌縣,Mafueang,
15.57399966,103.01191501,泰國,武里南府,普泰頌縣,Phutthaisong,
14.96546157,103.23327555,泰國,武里南府,會叻縣,Ban Tako,
14.98446417,103.18948785,泰國,武里南府,會叻縣,Huai Racha,
14.96365779,103.18321663,泰國,武里南府,會叻縣,Huai Rat,
15.02318244,103.22867244,泰國,武里南府,會叻縣,Khok Lek,
15.04618097,103.26576352,泰國,武里南府,會叻縣,Mueang Pho,
15.00207237,103.2094308,泰國,武里南府,會叻縣,Sam Waeng,
14.93197363,103.18245404,泰國,武里南府,會叻縣,Sanuan,
15.08857144,103.28436061,泰國,武里南府,會叻縣,Ta Sao,
14.9344529,103.0307675,泰國,武里南府,武里南直轄縣,Ban Bua,
15.01844181,103.15568664,泰國,武里南府,武里南直轄縣,Ban Yang,
15.05825972,103.15373329,泰國,武里南府,武里南直轄縣,Bua Thong,
15.0327572,103.09303895,泰國,武里南府,武里南直轄縣,Chum Het,
14.98069668,103.10026438,泰國,武里南府,武里南直轄縣,I San,
15.08888042,103.09753447,泰國,武里南府,武里南直轄縣,Kalantha,
14.97356971,103.02594603,泰國,武里南府,武里南直轄縣,Krasang,
14.82273242,103.15912884,泰國,武里南府,武里南直轄縣,Lak Khet,
14.90947447,102.94891417,泰國,武里南府,武里南直轄縣,Lumpuk,
14.80021841,102.99858833,泰國,武里南府,武里南直轄縣,Mueang Fang,
14.99590085,103.10289335,泰國,武里南府,武里南直轄縣,Nai Mueang,
15.0296729,103.02488132,泰國,武里南府,武里南直轄縣,Nong Tat,
15.09893395,103.01938895,泰國,武里南府,武里南直轄縣,Phrakhru,
14.87711952,102.98025772,泰國,武里南府,武里南直轄縣,Sakae Phrong,
14.8703567,103.09984353,泰國,武里南府,武里南直轄縣,Sakae Sam,
14.88774542,103.06781443,泰國,武里南府,武里南直轄縣,Samet,
14.89526938,103.14659229,泰國,武里南府,武里南直轄縣,Sawai Chik,
14.80961935,102.95261959,泰國,武里南府,武里南直轄縣,Song Hong,
15.11557377,103.07753944,泰國,武里南府,武里南直轄縣,Thalung Lek,
15.13785894,103.37759711,泰國,武里南府,沙兌縣,Chum Saeng,
15.20951289,103.18268514,泰國,武里南府,沙兌縣,Don Mon,
15.19727475,103.4050685,泰國,武里南府,沙兌縣,Krasang,
15.19035836,103.3078809,泰國,武里南府,沙兌縣,Mueang Kae,
15.28347951,103.24320841,泰國,武里南府,沙兌縣,Nikhom,
15.13113725,103.29133364,泰國,武里南府,沙兌縣,Nong Yai,
15.19836958,103.2408274,泰國,武里南府,沙兌縣,Ron Thong,
15.29937335,103.35304799,泰國,武里南府,沙兌縣,Sakae,
15.20685568,103.35692217,泰國,武里南府,沙兌縣,Sanam Chai,
15.26277196,103.30017838,泰國,武里南府,沙兌縣,Satuek,
15.29957293,103.44312652,泰國,武里南府,沙兌縣,Tha Muang,
15.25354379,103.40329276,泰國,武里南府,沙兌縣,Thung Wang,
15.11281594,103.16019668,泰國,武里南府,班丹縣,Ban Dan,
15.18972231,103.15652605,泰國,武里南府,班丹縣,Non Khwang,
15.08361632,103.22132721,泰國,武里南府,班丹縣,Prasat,
15.13742922,103.21470356,泰國,武里南府,班丹縣,Wang Nuea,
14.43570633,103.08297547,泰國,武里南府,班瓜縣,Ban Kruat,
14.34280278,103.05144753,泰國,武里南府,班瓜縣,Bueng Charoen,
14.37619739,103.16248141,泰國,武里南府,班瓜縣,Chanthop Phet,
14.47311187,103.14350445,泰國,武里南府,班瓜縣,Hin Lat,
14.52771774,103.19956811,泰國,武里南府,班瓜縣,Khao Din Nuea,
14.46414782,103.18924683,泰國,武里南府,班瓜縣,Non Charoen,
14.34358994,102.99802408,泰國,武里南府,班瓜縣,Nong Mai Ngam,
14.36468738,103.10875738,泰國,武里南府,班瓜縣,Prasat,
14.39667127,103.21151214,泰國,武里南府,班瓜縣,Sai Taku,
15.59708758,102.87146346,泰國,武里南府,班邁猜亞普縣,Daeng Yai,
15.53459773,102.861893,泰國,武里南府,班邁猜亞普縣,Ku Suan Taeng,
15.56445244,102.88229454,泰國,武里南府,班邁猜亞普縣,Nong Waeng,
15.55291655,102.81133755,泰國,武里南府,班邁猜亞普縣,Nong Yueang,
15.61170131,102.80775894,泰國,武里南府,班邁猜亞普縣,Thong Lang,
14.84844586,103.29874276,泰國,武里南府,甲桑縣,Ban Prue,
14.9836676,103.3949053,泰國,武里南府,甲桑縣,Chum Saeng,
15.07282616,103.33607782,泰國,武里南府,甲桑縣,Huai Samran,
14.96609398,103.33976834,泰國,武里南府,甲桑縣,Kanthararom,
14.92235493,103.29493229,泰國,武里南府,甲桑縣,Krasang,
15.06139783,103.40341647,泰國,武里南府,甲桑縣,Lamduan,
14.99348745,103.28823146,泰國,武里南府,甲桑縣,Mueang Phai,
14.90288838,103.37110379,泰國,武里南府,甲桑縣,Nong Teng,
15.02741068,103.33823112,泰國,武里南府,甲桑縣,Si Phum,
14.88472018,103.22414747,泰國,武里南府,甲桑縣,Song Chan,
14.8126141,103.24127869,泰國,武里南府,甲桑縣,Sung Noen,
15.71353221,102.97677023,泰國,武里南府,納普縣,Ban Du,
15.70876211,102.91021107,泰國,武里南府,納普縣,Ban Khu,
15.76090096,102.9163547,泰國,武里南府,納普縣,Don Kok,
15.63752113,102.93765549,泰國,武里南府,納普縣,Na Pho,
15.65846172,102.95862491,泰國,武里南府,納普縣,Si Sawang,
15.31413189,103.16786228,泰國,武里南府,肯東縣,Dong Phlong,
15.27587814,103.1856272,泰國,武里南府,肯東縣,Hua Fai,
15.31598987,103.12176013,泰國,武里南府,肯東縣,Khaen Dong,
15.32396879,103.07669011,泰國,武里南府,肯東縣,Sa Bua,
14.20462272,102.63956685,泰國,武里南府,農丁登縣,Lam Nang Rong,
14.2508794,102.78135439,泰國,武里南府,農丁登縣,Non Din Daeng,
14.34591616,102.76290535,泰國,武里南府,農丁登縣,Som Poi,
14.71656644,102.4933471,泰國,武里南府,農吉縣,Bu Krasang,
14.62311498,102.5249456,泰國,武里南府,農吉縣,Don Arang,
14.78344754,102.49166191,泰國,武里南府,農吉縣,Khok Sawang,
14.80673402,102.56241923,泰國,武里南府,農吉縣,Khok Sung,
14.77503479,102.64443364,泰國,武里南府,農吉縣,Mueang Phai,
14.66504794,102.55109005,泰國,武里南府,農吉縣,Nong Ki,
14.71869661,102.61443807,泰國,武里南府,農吉縣,Tha Pho Chai,
14.67907925,102.51296488,泰國,武里南府,農吉縣,Thung Kratat Phatthana,
14.68392743,102.58954947,泰國,武里南府,農吉縣,Thung Kraten,
14.73848744,102.56562294,泰國,武里南府,農吉縣,Yoei Prasat,
14.87220852,102.59381004,泰國,武里南府,農紅縣,Huai Hin,
14.83906141,102.73990457,泰國,武里南府,農紅縣,Mueang Fai,
14.81855989,102.63134027,泰國,武里南府,農紅縣,Nong Chai Si,
14.82958329,102.68018357,泰國,武里南府,農紅縣,Sa Kaeo,
14.88655072,102.66950504,泰國,武里南府,農紅縣,Sa Thong,
14.91913376,102.61470365,泰國,武里南府,農紅縣,Sao Diao,
14.88753288,102.73566014,泰國,武里南府,農紅縣,Thai Samakkhi,
14.54753875,102.51767595,泰國,武里南府,農素萬縣,Dong I Chan,
14.60785021,102.6124451,泰國,武里南府,農素萬縣,Krok Kaeo,
14.53668665,102.60513367,泰國,武里南府,農素萬縣,Non Suwan,
14.56463221,102.55930287,泰國,武里南府,農素萬縣,Thung Changhan,
14.87794318,102.88422537,泰國,武里南府,郎拜瑪縣,Ban Yang,
15.10940498,102.9357575,泰國,武里南府,郎拜瑪縣,Bu Pho,
15.05863344,102.80600504,泰國,武里南府,郎拜瑪縣,Hin Khon,
14.94180272,102.85801335,泰國,武里南府,郎拜瑪縣,Khok Klang,
15.11504511,102.83577223,泰國,武里南府,郎拜瑪縣,Khok Lam,
15.15136878,102.89837073,泰國,武里南府,郎拜瑪縣,Khok Sa-At,
15.01940523,102.83116864,泰國,武里南府,郎拜瑪縣,Lam Plai Mat,
15.14460975,102.97314064,泰國,武里南府,郎拜瑪縣,Mueang Faek,
14.98676075,102.91077504,泰國,武里南府,郎拜瑪縣,Nong Bua Khok,
14.87815633,102.82264843,泰國,武里南府,郎拜瑪縣,Nong Don,
14.97370203,102.7709077,泰國,武里南府,郎拜瑪縣,Nong Kathing,
15.02169714,102.84144909,泰國,武里南府,郎拜瑪縣,Nong Khu,
14.92756736,102.74639094,泰國,武里南府,郎拜瑪縣,Phathai Rin,
14.99478467,102.96213161,泰國,武里南府,郎拜瑪縣,Salaeng Phan,
15.08058945,102.8967643,泰國,武里南府,郎拜瑪縣,Talat Pho,
15.0483146,102.94688608,泰國,武里南府,郎拜瑪縣,Thamenchai,
18.09769652,103.94692106,泰國,汶干府,Seka,Ban Tong,
18.05077763,103.8742153,泰國,汶干府,Seka,Nam Chan,
17.91437505,103.89078429,泰國,汶干府,Seka,Nong Thum,
18.00407386,103.82466902,泰國,汶干府,Seka,Pong Hai,
17.84427316,103.95543548,泰國,汶干府,Seka,Sang,
17.96563364,103.95218338,泰國,汶干府,Seka,Seka,
18.08305478,104.02762646,泰國,汶干府,Seka,Sok Kam,
17.90574003,103.81582979,泰國,汶干府,Seka,Tha Kok Daeng,
17.96947662,103.76376855,泰國,汶干府,Seka,Tha Sa-At,
18.25648945,103.30393752,泰國,汶干府,巴卡縣,Na Dong,
18.38656753,103.28562925,泰國,汶干府,巴卡縣,Na Kang,
18.29225843,103.35188645,泰國,汶干府,巴卡縣,Non Sila,
18.20858783,103.35105092,泰國,汶干府,巴卡縣,Nong Yong,
18.34266942,103.31560479,泰國,汶干府,巴卡縣,Pak Khat,
18.22301259,103.39781711,泰國,汶干府,巴卡縣,Som Sanuk,
18.1431324,103.71889743,泰國,汶干府,是威萊縣,Chumphu Phon,
18.14028483,103.81484038,泰國,汶干府,是威萊縣,Na Sabaeng,
18.0890707,103.84145782,泰國,汶干府,是威萊縣,Na Saeng,
18.21292292,103.78862344,泰國,汶干府,是威萊縣,Na Sing,
18.2118956,103.73681372,泰國,汶干府,是威萊縣,Si Wilai,
18.00203369,104.04500774,泰國,汶干府,汶孔隆縣,Bueng Khong Long,
18.03106353,104.13508173,泰國,汶干府,汶孔隆縣,Dong Bang,
17.9405231,104.07491932,泰國,汶干府,汶孔隆縣,Pho Mak Khaeng,
18.12300752,104.05742515,泰國,汶干府,汶孔隆縣,Tha Dok Kham,
18.33037875,103.67895163,泰國,汶干府,汶幹府治縣,Bueng Kan,
18.21183684,103.86116318,泰國,汶干府,汶幹府治縣,Chaiyaphon,
18.40703026,103.38047981,泰國,汶干府,汶幹府治縣,Ho Kham,
18.40325268,103.50797474,泰國,汶干府,汶幹府治縣,Khai Si,
18.20725514,103.62977202,泰國,汶干府,汶幹府治縣,Kham Na Di,
18.29722351,103.77789548,泰國,汶干府,汶幹府治縣,Khok Kong,
18.26491652,103.58139844,泰國,汶干府,汶幹府治縣,Na Sawan,
18.35473819,103.4643031,泰國,汶干府,汶幹府治縣,Non Sawang,
18.26118724,103.6716275,泰國,汶干府,汶幹府治縣,Non Sombun,
18.33844399,103.39907523,泰國,汶干府,汶幹府治縣,Nong Loeng,
18.33245114,103.53288264,泰國,汶干府,汶幹府治縣,Pong Pueai,
18.3591133,103.5915303,泰國,汶干府,汶幹府治縣,Wisit,
18.08492239,103.35263269,泰國,汶干府,索披賽縣,Bua Tum,
18.13131217,103.51670117,泰國,汶干府,索披賽縣,Kham Kaeo,
18.14421717,103.44158787,泰國,汶干府,索披賽縣,Lao Thong,
18.12914639,103.38504985,泰國,汶干府,索披賽縣,Nong Phan Tha,
18.27355283,103.46544516,泰國,汶干府,索披賽縣,Si Chomphu,
18.04136076,103.44395187,泰國,汶干府,索披賽縣,So,
18.20866448,103.49763462,泰國,汶干府,索披賽縣,Tham Charoen,
18.05076505,103.63360937,泰國,汶干府,蓬乍倫縣,Don Ya Nang,
18.12438881,103.58318065,泰國,汶干府,蓬乍倫縣,Nong Hua Chang,
18.08185268,103.72511386,泰國,汶干府,蓬乍倫縣,Pa Faek,
18.03065685,103.71067675,泰國,汶干府,蓬乍倫縣,Phon Charoen,
18.02889091,103.66476833,泰國,汶干府,蓬乍倫縣,Si Chomphu,
18.11351951,103.64400278,泰國,汶干府,蓬乍倫縣,Si Samran,
17.98287906,103.68183907,泰國,汶干府,蓬乍倫縣,Wang Chomphu,
18.24816292,103.95820064,泰國,汶干府,邦卡縣,Bung Khla,
18.20247571,104.00878481,泰國,汶干府,邦卡縣,Khok Kwang,
18.2864973,103.92245232,泰國,汶干府,邦卡縣,Nong Doen,
17.69899224,103.52394125,泰國,沙功那空府,乍倫信縣,Ban Lao,
17.5706309,103.56689266,泰國,沙功那空府,乍倫信縣,Charoen Sin,
17.54908518,103.62771331,泰國,沙功那空府,乍倫信縣,Khok Sila,
17.7072036,103.44089168,泰國,沙功那空府,乍倫信縣,Nong Paen,
17.60823149,103.53039166,泰國,沙功那空府,乍倫信縣,Thung Kae,
17.04945604,103.76184382,泰國,沙功那空府,古巴縣,Kut Bak,
17.11248922,103.73901496,泰國,沙功那空府,古巴縣,Kut Hai,
17.08855479,103.91156088,泰國,沙功那空府,古巴縣,Na Mong,
17.32210484,104.34570113,泰國,沙功那空府,古素曼縣,Kusuman,
17.37104946,104.21857218,泰國,沙功那空府,古素曼縣,Na Phiang,
17.35075929,104.28690922,泰國,沙功那空府,古素曼縣,Na Pho,
17.37639653,104.37920296,泰國,沙功那空府,古素曼縣,Pho Phaisan,
17.35780198,104.13501937,泰國,沙功那空府,古素曼縣,Um Chan,
17.83419299,103.75415422,泰國,沙功那空府,坎達格拉縣,Kham Ta Kla,
17.86242756,103.6965103,泰國,沙功那空府,坎達格拉縣,Na Tae,
17.84156697,103.86218572,泰國,沙功那空府,坎達格拉縣,Nong Bua Sim,
17.7757123,103.84216251,泰國,沙功那空府,坎達格拉縣,Phaet,
17.17803884,103.6812503,泰國,沙功那空府,尼空南溫縣,Nikhom Nam Un,
17.148506,103.82696505,泰國,沙功那空府,尼空南溫縣,Nong Bua,
17.18359163,103.75131913,泰國,沙功那空府,尼空南溫縣,Nong Pling,
17.1523478,103.71835304,泰國,沙功那空府,尼空南溫縣,Suwannakham,
17.42628008,103.90017769,泰國,沙功那空府,攀那尼空縣,Bahi,
17.34358712,103.79964915,泰國,沙功那空府,攀那尼空縣,Chang Ming,
17.42809038,104.00330872,泰國,沙功那空府,攀那尼空縣,Choeng Chum,
17.2455891,103.93819269,泰國,沙功那空府,攀那尼空縣,Na Hua Bo,
17.20762119,103.8228648,泰國,沙功那空府,攀那尼空縣,Na Nai,
17.35693717,103.85425586,泰國,沙功那空府,攀那尼空縣,Phanna,
17.31403856,103.95254058,泰國,沙功那空府,攀那尼空縣,Phok Noi,
17.2747812,103.84567165,泰國,沙功那空府,攀那尼空縣,Rai,
17.37394342,103.9816897,泰國,沙功那空府,攀那尼空縣,Sawang,
17.34353847,103.90883475,泰國,沙功那空府,攀那尼空縣,Wang Yang,
16.97145332,103.85914233,泰國,沙功那空府,普攀縣,Khok Phu,
16.96716798,104.04179867,泰國,沙功那空府,普攀縣,Kok Pla Sio,
16.9074167,103.98912838,泰國,沙功那空府,普攀縣,Luplao,
16.86937966,103.9153494,泰國,沙功那空府,普攀縣,Sang Kho,
17.27821732,104.12392622,泰國,沙功那空府,沙功那空府治縣,Chiang Khruea,
17.09588157,104.2396774,泰國,沙功那空府,沙功那空府治縣,Dong Chon,
17.05845991,104.10234045,泰國,沙功那空府,沙功那空府治縣,Dong Mafai,
17.21996089,104.11879035,泰國,沙功那空府,沙功那空府治縣,Hang Hong,
17.09850755,104.03381021,泰國,沙功那空府,沙功那空府治縣,Huai Yang,
17.25333868,104.01380683,泰國,沙功那空府,沙功那空府治縣,Khamin,
17.13345047,104.29434036,泰國,沙功那空府,沙功那空府治縣,Khok Kong,
17.137012,104.21291637,泰國,沙功那空府,沙功那空府治縣,Lao Po Daeng,
17.11485849,104.26660117,泰國,沙功那空府,沙功那空府治縣,Muang Lai,
17.11234625,104.16086024,泰國,沙功那空府,沙功那空府治縣,Ngio Don,
17.05692838,104.19768859,泰國,沙功那空府,沙功那空府治縣,Non Hom,
17.32965437,104.04844877,泰國,沙功那空府,沙功那空府治縣,Nong Lat,
17.17754625,104.01216427,泰國,沙功那空府,沙功那空府治縣,Phang Khwang,
17.25154106,104.18443375,泰國,沙功那空府,沙功那空府治縣,Tha Rae,
17.16819613,104.13339977,泰國,沙功那空府,沙功那空府治縣,That Choeng Chum,
17.17839121,104.10528718,泰國,沙功那空府,沙功那空府治縣,That Naweng,
17.43859636,103.38771653,泰國,沙功那空府,沙旺殿丁縣,Ban Tai,
17.53523814,103.45837052,泰國,沙功那空府,沙旺殿丁縣,Ban Thon,
17.31946747,103.30128148,泰國,沙功那空府,沙旺殿丁縣,Bong Nuea,
17.43281382,103.31705233,泰國,沙功那空府,沙旺殿丁縣,Bong Tai,
17.51158078,103.35125161,泰國,沙功那空府,沙旺殿丁縣,Kham Sa-At,
17.3673982,103.33182753,泰國,沙功那空府,沙旺殿丁縣,Kho Tai,
17.62035999,103.44190997,泰國,沙功那空府,沙旺殿丁縣,Khok Si,
17.37627162,103.38295586,泰國,沙功那空府,沙旺殿丁縣,Nong Luang,
17.4125659,103.57101928,泰國,沙功那空府,沙旺殿丁縣,Phan Na,
17.53795026,103.40014042,泰國,沙功那空府,沙旺殿丁縣,Phon Sung,
17.47744431,103.52806045,泰國,沙功那空府,沙旺殿丁縣,Sai Mun,
17.44458209,103.46141031,泰國,沙功那空府,沙旺殿丁縣,Sawang Daen Din,
17.35717876,103.58000279,泰國,沙功那空府,沙旺殿丁縣,Tan Kon,
17.35121553,103.61288048,泰國,沙功那空府,沙旺殿丁縣,Tan Noeng,
17.48820464,103.57903114,泰國,沙功那空府,沙旺殿丁縣,That Thong,
17.4539777,103.6291888,泰國,沙功那空府,沙旺殿丁縣,Waeng,
17.87031044,103.6205884,泰國,沙功那空府,班孟縣,Bo Kaeo,
17.99248121,103.51435129,泰國,沙功那空府,班孟縣,Dong Mo Thong,
17.93934034,103.4443234,泰國,沙功那空府,班孟縣,Dong Mo Thong Tai,
17.989193,103.57770434,泰國,沙功那空府,班孟縣,Dong Nuea,
17.81677462,103.41433421,泰國,沙功那空府,班孟縣,Huai Lua,
17.86775606,103.49306809,泰國,沙功那空府,班孟縣,Mai,
17.8553993,103.56025908,泰國,沙功那空府,班孟縣,Muang,
17.93004476,103.65199532,泰國,沙功那空府,班孟縣,Non Sa-At,
17.79505246,103.48814915,泰國,沙功那空府,班孟縣,Nong Kwang,
17.47142294,103.7280617,泰國,沙功那空府,瓦暖尼瓦縣,Duea Si Khan Chai,
17.78677856,103.59422666,泰國,沙功那空府,瓦暖尼瓦縣,In Plaeng,
17.59084248,103.74593319,泰國,沙功那空府,瓦暖尼瓦縣,Khon Sawan,
17.73817683,103.58116437,泰國,沙功那空府,瓦暖尼瓦縣,Khu Sakham,
17.59642373,103.83962848,泰國,沙功那空府,瓦暖尼瓦縣,Khua Kai,
17.75524144,103.64298268,泰國,沙功那空府,瓦暖尼瓦縣,Kut Ruea Kham,
17.69315158,103.79178292,泰國,沙功那空府,瓦暖尼瓦縣,Na Kham,
17.67947215,103.84857997,泰國,沙功那空府,瓦暖尼瓦縣,Na So,
17.52719574,103.85957594,泰國,沙功那空府,瓦暖尼瓦縣,Nong Sanom,
17.77039584,103.72153432,泰國,沙功那空府,瓦暖尼瓦縣,Nong Waeng,
17.73887862,103.7219979,泰國,沙功那空府,瓦暖尼瓦縣,Nong Waeng Tai,
17.53429983,103.72100078,泰國,沙功那空府,瓦暖尼瓦縣,Si Wichai,
17.64122568,103.65096118,泰國,沙功那空府,瓦暖尼瓦縣,That,
17.65067676,103.73836416,泰國,沙功那空府,瓦暖尼瓦縣,Wanon Niwat,
17.22469735,103.55038866,泰國,沙功那空府,瓦里差蓬縣,Kham Bo,
17.27616011,103.52735892,泰國,沙功那空府,瓦里差蓬縣,Kho Khiao,
17.30936843,103.57446234,泰國,沙功那空府,瓦里差蓬縣,Nong Lat,
17.31454454,103.67948835,泰國,沙功那空府,瓦里差蓬縣,Pla Lo,
17.23139522,103.64222555,泰國,沙功那空府,瓦里差蓬縣,Waritchaphum,
17.1962531,104.23440764,泰國,沙功那空府,蓬那膠縣,Ban Paen,
17.22027473,104.37418254,泰國,沙功那空府,蓬那膠縣,Ban Phon,
17.1366638,104.36179463,泰國,沙功那空府,蓬那膠縣,Chiang Sue,
17.26819377,104.24200701,泰國,沙功那空府,蓬那膠縣,Na Kaeo,
17.2151858,104.31220742,泰國,沙功那空府,蓬那膠縣,Na Tong Watthana,
17.03409141,104.15340761,泰國,沙功那空府,道威縣,Bueng Thawai,
16.90431258,104.14535292,泰國,沙功那空府,道威縣,Chan Phen,
16.97681001,104.11804772,泰國,沙功那空府,道威縣,Na Tan,
16.96812482,104.21141824,泰國,沙功那空府,道威縣,Tao Ngoi,
17.58756116,104.00582976,泰國,沙功那空府,阿甲安內縣,Akat,
17.49159896,103.96512486,泰國,沙功那空府,阿甲安內縣,Bawa,
17.71407344,103.91573827,泰國,沙功那空府,阿甲安內縣,Na Hi,
17.73488364,103.99731073,泰國,沙功那空府,阿甲安內縣,Phon Ngam,
17.53711532,103.95455857,泰國,沙功那空府,阿甲安內縣,Phon Phaeng,
17.68154475,104.02997999,泰國,沙功那空府,阿甲安內縣,Samakkhi Phatthana,
17.77209796,103.93431655,泰國,沙功那空府,阿甲安內縣,Tha Kon,
17.62934239,103.9278812,泰國,沙功那空府,阿甲安內縣,Wa Yai,
17.29848464,103.4801026,泰國,沙功那空府,頌道縣,Pathum Wapi,
17.35233429,103.44874589,泰國,沙功那空府,頌道縣,Song Dao,
17.27508851,103.38980812,泰國,沙功那空府,頌道縣,Tha Sila,
17.37615328,103.51413339,泰國,沙功那空府,頌道縣,Watthana,
17.09111632,104.32183404,泰國,沙功那空府,鵠西素攀縣,Dan Muang Kham,
17.00013454,104.3307069,泰國,沙功那空府,鵠西素攀縣,Lao Phon Kho,
17.03876673,104.34698577,泰國,沙功那空府,鵠西素攀縣,Maet Na Thom,
17.00378615,104.26367357,泰國,沙功那空府,鵠西素攀縣,Tong Khop,
17.40624348,103.76461345,泰國,沙功那空府,龐空縣,Hai Yong,
17.40447732,103.66499728,泰國,沙功那空府,龐空縣,Muang Khai,
17.38769633,103.70442983,泰國,沙功那空府,龐空縣,Phang Khon,
17.3230474,103.75021827,泰國,沙功那空府,龐空縣,Rae,
17.43312716,103.82719514,泰國,沙功那空府,龐空縣,Ton Phueng,
6.85695208,99.92807788,泰國,沙敦府,他佩縣,Pae-Ra,
6.77892153,99.88187528,泰國,沙敦府,他佩縣,Sakhon,
6.79055276,99.96440886,泰國,沙敦府,他佩縣,Tha Phae,
6.81087469,99.91526867,泰國,沙敦府,他佩縣,Tha Ruea,
6.95208351,100.03020505,泰國,沙敦府,寬加隆縣,Khuan Kalong,
6.87707382,100.13806422,泰國,沙敦府,寬加隆縣,Thung Nui,
6.90375234,99.93832651,泰國,沙敦府,寬加隆縣,Udai Charoen,
6.813052,100.06087798,泰國,沙敦府,寬東縣,Khuan Don,
6.76238814,100.10093212,泰國,沙敦府,寬東縣,Khuan Sato,
6.75283276,100.16012285,泰國,沙敦府,寬東縣,Wang Prachan,
6.76743795,100.06567665,泰國,沙敦府,寬東縣,Yan Sue,
6.93306797,99.77719349,泰國,沙敦府,拉烏縣,Kamphaeng,
6.93696766,99.82694544,泰國,沙敦府,拉烏縣,Khao Khao,
6.84905939,99.82537651,泰國,沙敦府,拉烏縣,La-Ngu,
6.94184895,99.71115844,泰國,沙敦府,拉烏縣,Laem Son,
6.98990495,99.85792582,泰國,沙敦府,拉烏縣,Nam Phut,
6.86555453,99.71749319,泰國,沙敦府,拉烏縣,Pak Nam,
6.68969891,100.05028123,泰國,沙敦府,沙敦府治縣,Ban Khuan,
6.72736754,100.04022522,泰國,沙敦府,沙敦府治縣,Chalung,
6.69382452,99.97023854,泰國,沙敦府,沙敦府治縣,Che Bi Lang,
6.69639843,100.10760563,泰國,沙敦府,沙敦府治縣,Ketri,
6.62477926,100.12081952,泰國,沙敦府,沙敦府治縣,Khlong Khut,
6.62910744,100.04021695,泰國,沙敦府,沙敦府治縣,Khuan Khan,
6.76473984,100.01812463,泰國,沙敦府,沙敦府治縣,Khuan Pho,
6.59758329,99.54902264,泰國,沙敦府,沙敦府治縣,Ko Sarai,
6.61542497,100.07270324,泰國,沙敦府,沙敦府治縣,Phiman,
6.51681802,100.12398013,泰國,沙敦府,沙敦府治縣,Puyu,
6.556047,100.04453238,泰國,沙敦府,沙敦府治縣,Tam Malang,
6.60660784,99.9925149,泰國,沙敦府,沙敦府治縣,Tanyong Po,
6.95211504,99.92575855,泰國,沙敦府,瑪南縣,Nikhom Phatthana,
7.03770592,99.93435826,泰國,沙敦府,瑪南縣,Pam Phatthana,
6.99716447,99.6892009,泰國,沙敦府,童哇縣,Khon Khlan,
7.031215,99.74292038,泰國,沙敦府,童哇縣,Na Thon,
7.04717756,99.8196838,泰國,沙敦府,童哇縣,Pa Kae Bo Hin,
7.04171208,99.69305754,泰國,沙敦府,童哇縣,Thung Bu Lang,
7.12312843,99.8909497,泰國,沙敦府,童哇縣,Thung Wa,
13.61411304,100.53526909,泰國,沙沒巴干府,帕巴登縣,Bang Chak,
13.62974924,100.55467545,泰國,沙沒巴干府,帕巴登縣,Bang Hua Suea,
13.69664156,100.56094751,泰國,沙沒巴干府,帕巴登縣,Bang Kachao,
13.63041601,100.52636772,泰國,沙沒巴干府,帕巴登縣,Bang Khru,
13.69244272,100.57542261,泰國,沙沒巴干府,帕巴登縣,Bang Ko Bua,
13.66507991,100.56547303,泰國,沙沒巴干府,帕巴登縣,Bang Krasop,
13.67914774,100.57847712,泰國,沙沒巴干府,帕巴登縣,Bang Nam Phueng,
13.65756938,100.52290589,泰國,沙沒巴干府,帕巴登縣,Bang Phueng,
13.64543395,100.54624557,泰國,沙沒巴干府,帕巴登縣,Bang Ya Phraek,
13.67866942,100.55815772,泰國,沙沒巴干府,帕巴登縣,Bang Yo,
13.65901629,100.58327685,泰國,沙沒巴干府,帕巴登縣,Samrong,
13.65119827,100.5732817,泰國,沙沒巴干府,帕巴登縣,Samrong Klang,
13.64078024,100.5758228,泰國,沙沒巴干府,帕巴登縣,Samrong Tai,
13.66501842,100.54466558,泰國,沙沒巴干府,帕巴登縣,Song Khanong,
13.65675063,100.53270301,泰國,沙沒巴干府,帕巴登縣,Talat,
13.57116497,100.47530108,泰國,沙沒巴干府,帕沙沒則滴縣,Ban Khlong Suan,
13.53921758,100.55070886,泰國,沙沒巴干府,帕沙沒則滴縣,Laem Fa Pha,
13.53287485,100.49532102,泰國,沙沒巴干府,帕沙沒則滴縣,Na Kluea,
13.58608802,100.53965122,泰國,沙沒巴干府,帕沙沒則滴縣,Nai Khlong Bang Pla Kot,
13.60355506,100.57059862,泰國,沙沒巴干府,帕沙沒則滴縣,Pak Khlong Bang Pla Kot,
13.6205608,100.57989272,泰國,沙沒巴干府,沙没巴干縣,Bang Duan,
13.6078021,100.62192597,泰國,沙沒巴干府,沙没巴干縣,Bang Mueang,
13.62363954,100.60268975,泰國,沙沒巴干府,沙没巴干縣,Bang Mueang Mai,
13.62229061,100.56489691,泰國,沙沒巴干府,沙没巴干縣,Bang Prong,
13.50635097,100.75259127,泰國,沙沒巴干府,沙没巴干縣,Bang Pu,
13.52645567,100.66575203,泰國,沙沒巴干府,沙没巴干縣,Bang Pu Mai,
13.59438703,100.59733207,泰國,沙沒巴干府,沙没巴干縣,Pak Nam,
13.56645795,100.64986648,泰國,沙沒巴干府,沙没巴干縣,Phraeksa,
13.57201314,100.6774917,泰國,沙沒巴干府,沙没巴干縣,Phraeksa Mai,
13.64633288,100.61718855,泰國,沙沒巴干府,沙没巴干縣,Samrong Nuea,
13.55778614,100.5971243,泰國,沙沒巴干府,沙没巴干縣,Thai Ban,
13.57186814,100.61756876,泰國,沙沒巴干府,沙没巴干縣,Thai Ban Mai,
13.62553167,100.62865712,泰國,沙沒巴干府,沙没巴干縣,Thepharak,
13.62493532,100.75529033,泰國,沙沒巴干府,邦普里縣,Bang Chalong,
13.64206339,100.66232367,泰國,沙沒巴干府,邦普里縣,Bang Kaeo,
13.615645,100.69844228,泰國,沙沒巴干府,邦普里縣,Bang Phli Yai,
13.55618783,100.73831202,泰國,沙沒巴干府,邦普里縣,Bang Pla,
13.68010966,100.76104839,泰國,沙沒巴干府,邦普里縣,Nong Prue,
13.67991281,100.72679247,泰國,沙沒巴干府,邦普里縣,Racha Thewa,
13.59479282,100.8866557,泰國,沙沒巴干府,邦波縣,Ban Rakat,
13.61161378,100.86175739,泰國,沙沒巴干府,邦波縣,Bang Bo,
13.60385238,100.90926034,泰國,沙沒巴干府,邦波縣,Bang Phli Noi,
13.54510027,100.80765304,泰國,沙沒巴干府,邦波縣,Bang Phriang,
13.51199142,100.83472324,泰國,沙沒巴干府,邦波縣,Khlong Dan,
13.62383461,100.93617453,泰國,沙沒巴干府,邦波縣,Khlong Niyom Yattra,
13.65878602,100.92384391,泰國,沙沒巴干府,邦波縣,Khlong Suan,
13.67211283,100.88111581,泰國,沙沒巴干府,邦波縣,Preng,
13.61822364,100.8171706,泰國,沙沒巴干府,邦騷通縣,Bang Sao Thong,
13.6889579,100.79864913,泰國,沙沒巴干府,邦騷通縣,Sisa Chorakhe Noi,
13.63541241,100.79869622,泰國,沙沒巴干府,邦騷通縣,Sisa Chorakhe Yai,
13.66169794,100.22288477,泰國,沙沒沙空府,格拉吞本縣,Bang Yang,
13.63059796,100.26795191,泰國,沙沒沙空府,格拉吞本縣,Don Kai Di,
13.64329406,100.3250593,泰國,沙沒沙空府,格拉吞本縣,Khae Rai,
13.63841619,100.293316,泰國,沙沒沙空府,格拉吞本縣,Khlong Maduea,
13.66970242,100.18893095,泰國,沙沒沙空府,格拉吞本縣,Nong Nok Khai,
13.70077305,100.30476709,泰國,沙沒沙空府,格拉吞本縣,Om Noi,
13.66934177,100.31213006,泰國,沙沒沙空府,格拉吞本縣,Suan Luang,
13.65198461,100.252381,泰國,沙沒沙空府,格拉吞本縣,Talat Krathum Baen,
13.6702475,100.26548839,泰國,沙沒沙空府,格拉吞本縣,Tha Mai,
13.62356694,100.24289871,泰國,沙沒沙空府,格拉吞本縣,Tha Sao,
13.48855805,100.19091133,泰國,沙沒沙空府,沙沒沙空府治縣,Ban Bo,
13.58167494,100.2234974,泰國,沙沒沙空府,沙沒沙空府治縣,Ban Ko,
13.51112736,100.21523221,泰國,沙沒沙空府,沙沒沙空府治縣,Bang Krachao,
13.61710967,100.34993129,泰國,沙沒沙空府,沙沒沙空府治縣,Bang Nam Chuet,
13.49238324,100.15822611,泰國,沙沒沙空府,沙沒沙空府治縣,Bang Thorat,
13.51048594,100.26413124,泰國,沙沒沙空府,沙沒沙空府治縣,Bang Ya Phraek,
13.54911492,100.17488882,泰國,沙沒沙空府,沙沒沙空府治縣,Chai Mongkhon,
13.48053629,100.13052678,泰國,沙沒沙空府,沙沒沙空府治縣,Kalong,
13.53169927,100.32471307,泰國,沙沒沙空府,沙沒沙空府治縣,Khok Kham,
13.59966476,100.3322212,泰國,沙沒沙空府,沙沒沙空府治縣,Khok Krabue,
13.53301614,100.27500508,泰國,沙沒沙空府,沙沒沙空府治縣,Krok Krak,
13.55034531,100.27917639,泰國,沙沒沙空府,沙沒沙空府治縣,Mahachai,
13.59529101,100.29502702,泰國,沙沒沙空府,沙沒沙空府治縣,Na Di,
13.46529628,100.09478654,泰國,沙沒沙空府,沙沒沙空府治縣,Na Khok,
13.54033068,100.37653222,泰國,沙沒沙空府,沙沒沙空府治縣,Phanthai Norasing,
13.53651072,100.27029821,泰國,沙沒沙空府,沙沒沙空府治縣,Tha Chalom,
13.5407988,100.25190642,泰國,沙沒沙空府,沙沒沙空府治縣,Tha Chin,
13.56330276,100.24555118,泰國,沙沒沙空府,沙沒沙空府治縣,Tha Sai,
13.60228834,100.19424045,泰國,沙沒沙空府,班飄縣,Amphaeng,
13.62151382,100.10219937,泰國,沙沒沙空府,班飄縣,Ban Phaeo,
13.65022809,100.13713945,泰國,沙沒沙空府,班飄縣,Chet Rio,
13.66400689,100.16283922,泰國,沙沒沙空府,班飄縣,Kaset Phatthana,
13.64146814,100.17549827,泰國,沙沒沙空府,班飄縣,Khlong Tan,
13.57056636,100.13599711,泰國,沙沒沙空府,班飄縣,Lak Sam,
13.62572765,100.13217554,泰國,沙沒沙空府,班飄縣,Lak Song,
13.61701583,100.07667146,泰國,沙沒沙空府,班飄縣,Nong Bua,
13.59279666,100.05459857,泰國,沙沒沙空府,班飄縣,Nong Song Hong,
13.52271524,100.0677406,泰國,沙沒沙空府,班飄縣,Rong Khe,
13.62444181,100.19170399,泰國,沙沒沙空府,班飄縣,Suan Som,
13.54729377,100.10210732,泰國,沙沒沙空府,班飄縣,Yok Krabat,
13.42105253,99.98187056,泰國,沙沒頌堪府,沙沒頌堪府治縣,Ban Prok,
13.37481269,100.00960902,泰國,沙沒頌堪府,沙沒頌堪府治縣,Bang Chakreng,
13.41217212,100.03825739,泰國,沙沒頌堪府,沙沒頌堪府治縣,Bang Kaeo,
13.38479226,99.95487835,泰國,沙沒頌堪府,沙沒頌堪府治縣,Bang Khan Taek,
13.44405485,99.98953804,泰國,沙沒頌堪府,沙沒頌堪府治縣,Khlong Khoen,
13.32748699,99.95007959,泰國,沙沒頌堪府,沙沒頌堪府治縣,Khlong Khon,
13.35992989,99.9821035,泰國,沙沒頌堪府,沙沒頌堪府治縣,Laem Yai,
13.45110561,100.03668898,泰國,沙沒頌堪府,沙沒頌堪府治縣,Lat Yai,
13.40048767,99.99413302,泰國,沙沒頌堪府,沙沒頌堪府治縣,Mae Klong,
13.47337147,100.02365135,泰國,沙沒頌堪府,沙沒頌堪府治縣,Nang Takhian,
13.40030902,99.97638586,泰國,沙沒頌堪府,沙沒頌堪府治縣,Thai Hat,
13.42176602,99.96029108,泰國,沙沒頌堪府,紅塗我縣,Amphawa,
13.43728769,99.96068726,泰國,沙沒頌堪府,紅塗我縣,Bang Chang,
13.41394174,99.91750849,泰國,沙沒頌堪府,紅塗我縣,Bang Khae,
13.40794064,99.92415987,泰國,沙沒頌堪府,紅塗我縣,Bang Nang Li,
13.43352455,99.93828309,泰國,沙沒頌堪府,紅塗我縣,Khwae Om,
13.43253822,99.9088884,泰國,沙沒頌堪府,紅塗我縣,Mueang Mai,
13.34323601,99.88255466,泰國,沙沒頌堪府,紅塗我縣,Phraek Nam Daeng,
13.38547366,99.92254089,泰國,沙沒頌堪府,紅塗我縣,Plai Phongphang,
13.41277026,99.94640946,泰國,沙沒頌堪府,紅塗我縣,Suan Luang,
13.46507757,99.99108497,泰國,沙沒頌堪府,紅塗我縣,Tha Kha,
13.39359926,99.8856709,泰國,沙沒頌堪府,紅塗我縣,Wat Pradu,
13.30167612,99.89522662,泰國,沙沒頌堪府,紅塗我縣,Yi San,
13.46071857,99.89713638,泰國,沙沒頌堪府,邦坤梯縣,Ban Pramot,
13.48972469,99.93777302,泰國,沙沒頌堪府,邦坤梯縣,Bang Khonthi,
13.46304478,99.96843144,泰國,沙沒頌堪府,邦坤梯縣,Bang Krabue,
13.45109852,99.93799722,泰國,沙沒頌堪府,邦坤梯縣,Bang Kung,
13.50448896,99.92324944,泰國,沙沒頌堪府,邦坤梯縣,Bang Nok Khwaek,
13.4524841,99.95548625,泰國,沙沒頌堪府,邦坤梯縣,Bang Phrom,
13.45313854,99.91997603,泰國,沙沒頌堪府,邦坤梯縣,Bang Sakae,
13.48030857,99.91208248,泰國,沙沒頌堪府,邦坤梯縣,Bang Yi Rong,
13.48418986,99.97909316,泰國,沙沒頌堪府,邦坤梯縣,Chom Pluak,
13.49425438,100.00948743,泰國,沙沒頌堪府,邦坤梯縣,Don Manora,
13.47204788,99.95099406,泰國,沙沒頌堪府,邦坤梯縣,Kradang Nga,
13.47071405,99.93062505,泰國,沙沒頌堪府,邦坤梯縣,Rong Hip,
13.4879741,99.9575399,泰國,沙沒頌堪府,邦坤梯縣,Yai Phaeng,
13.60417044,102.12442698,泰國,沙繳府,旺南延縣,Khlong Hin Pun,
13.50679404,102.09746633,泰國,沙繳府,旺南延縣,Ta Lang Nai,
13.4880624,102.01103951,泰國,沙繳府,旺南延縣,Thung Mahacharoen,
13.5181087,102.16382908,泰國,沙繳府,旺南延縣,Wang Nam Yen,
13.42235071,102.10711752,泰國,沙繳府,旺頌汶縣,Wang Mai,
13.34395884,102.20658016,泰國,沙繳府,旺頌汶縣,Wang Sombun,
13.3336326,102.07481623,泰國,沙繳府,旺頌汶縣,Wang Thong,
13.98278685,101.99281245,泰國,沙繳府,沙繳府治縣,Ban Kaeng,
13.99101054,102.08581563,泰國,沙繳府,沙繳府治縣,Khok Pi Khong,
13.86460134,102.12629134,泰國,沙繳府,沙繳府治縣,Nong Bon,
13.80327086,102.07655043,泰國,沙繳府,沙繳府治縣,Sa Kaeo,
13.7632281,102.00777908,泰國,沙繳府,沙繳府治縣,Sa Khwan,
13.85475984,101.95648184,泰國,沙繳府,沙繳府治縣,Sala Lamduan,
13.76545204,102.16426576,泰國,沙繳府,沙繳府治縣,Tha Kasem,
14.03355623,102.21059222,泰國,沙繳府,沙繳府治縣,Tha Yaek,
14.00110474,102.44932566,泰國,沙繳府,瓦他那那空縣,Chong Kum,
13.75426021,102.23927732,泰國,沙繳府,瓦他那那空縣,Huai Chot,
13.83218777,102.26139741,泰國,沙繳府,瓦他那那空縣,Non Mak Kheng,
14.0083181,102.36252244,泰國,沙繳府,瓦他那那空縣,Nong Mak Fai,
13.86640389,102.3804768,泰國,沙繳府,瓦他那那空縣,Nong Nam Sai,
13.91585948,102.26438033,泰國,沙繳府,瓦他那那空縣,Nong Takhian Bon,
13.79813534,102.37333908,泰國,沙繳府,瓦他那那空縣,Nong Waeng,
13.71001983,102.38266981,泰國,沙繳府,瓦他那那空縣,Phak Kha,
13.99346773,102.5160713,泰國,沙繳府,瓦他那那空縣,Sae-O,
13.66057287,102.23807926,泰國,沙繳府,瓦他那那空縣,Tha Kwian,
13.74123525,102.32548814,泰國,沙繳府,瓦他那那空縣,Watthana Nakhon,
13.540567,102.29177863,泰國,沙繳府,空哈縣,Benchakhon,
13.4423743,102.31114198,泰國,沙繳府,空哈縣,Khlong Hat,
13.34529889,102.30572004,泰國,沙繳府,空哈縣,Khlong Kai Thuean,
13.59302007,102.21990805,泰國,沙繳府,空哈縣,Sai Diao,
13.59724766,102.28983622,泰國,沙繳府,空哈縣,Sai Thong,
13.5175533,102.2272641,泰國,沙繳府,空哈縣,Sap Makrut,
13.4018948,102.25135555,泰國,沙繳府,空哈縣,Thai Udom,
13.69206863,102.08953878,泰國,沙繳府,考差幹縣,Khao Chakan,
13.70509902,102.12155002,泰國,沙繳府,考差幹縣,Khao Sam Sip,
13.64844267,101.99965272,泰國,沙繳府,考差幹縣,Nong Wa,
13.55593713,101.97994563,泰國,沙繳府,考差幹縣,Phra Phloeng,
13.96785539,102.65017715,泰國,沙繳府,達帕耶縣,Kho Khlan,
13.96203987,102.75732408,泰國,沙繳府,達帕耶縣,Ta Phraya,
14.08041129,102.63996699,泰國,沙繳府,達帕耶縣,Thap Rat,
14.04664697,102.85487567,泰國,沙繳府,達帕耶縣,Thap Sadet,
14.12188529,102.84623298,泰國,沙繳府,達帕耶縣,Thap Thai,
13.67998148,102.51729841,泰國,沙繳府,阿蘭亞帕貼縣,Aranyaprathet,
13.73270342,102.48090521,泰國,沙繳府,阿蘭亞帕貼縣,Ban Dan,
13.71000798,102.4916825,泰國,沙繳府,阿蘭亞帕貼縣,Ban Mai Nong Sai,
13.64662273,102.48101071,泰國,沙繳府,阿蘭亞帕貼縣,Fak Huai,
13.80663456,102.45168955,泰國,沙繳府,阿蘭亞帕貼縣,Han Sai,
13.58878678,102.51142891,泰國,沙繳府,阿蘭亞帕貼縣,Khlong Nam Sai,
13.64691297,102.38545984,泰國,沙繳府,阿蘭亞帕貼縣,Khlong Thap Chan,
13.64704173,102.43646493,泰國,沙繳府,阿蘭亞帕貼縣,Mueang Phai,
13.80611506,102.53244638,泰國,沙繳府,阿蘭亞帕貼縣,Nong Sang,
13.7307501,102.57744601,泰國,沙繳府,阿蘭亞帕貼縣,Pa Rai,
13.59131302,102.40045746,泰國,沙繳府,阿蘭亞帕貼縣,Phan Suek,
13.63156111,102.54796062,泰國,沙繳府,阿蘭亞帕貼縣,Tha Kham,
13.52273066,102.33390898,泰國,沙繳府,阿蘭亞帕貼縣,Thap Phrik,
13.82467517,102.68004099,泰國,沙繳府,鵠頌縣,Khok Sung,
13.78108923,102.66594415,泰國,沙繳府,鵠頌縣,Non Mak Mun,
13.87423773,102.58060202,泰國,沙繳府,鵠頌縣,Nong Muang,
13.87965566,102.66888988,泰國,沙繳府,鵠頌縣,Nong Waeng,
19.62415759,99.77425125,泰國,清萊府,Phan,Charoen Mueang,
19.55392871,99.8271282,泰國,清萊府,Phan,Doi Ngam,
19.52823485,99.7917868,泰國,清萊府,Phan,Hua Ngom,
19.67260025,99.82144894,泰國,清萊府,Phan,Mae O,
19.45050364,99.72560598,泰國,清萊府,Phan,Mae Yen,
19.49709589,99.73145861,泰國,清萊府,Phan,Muang Kham,
19.54215616,99.72740003,泰國,清萊府,Phan,Mueang Phan,
19.48434486,99.64606724,泰國,清萊府,Phan,Pa Hung,
19.66132137,99.70290648,泰國,清萊府,Phan,Sai Khao,
19.60835561,99.68166518,泰國,清萊府,Phan,San Klang,
19.60342022,99.86524821,泰國,清萊府,Phan,San Makhet,
19.57540396,99.77867048,泰國,清萊府,Phan,Santi Suk,
19.47034457,99.8322344,泰國,清萊府,Phan,Than Tawan,
19.70981294,99.72468244,泰國,清萊府,Phan,Than Thong,
19.52475375,99.87986524,泰國,清萊府,Phan,Wiang Hao,
19.84723642,100.27146591,泰國,清萊府,坤丹縣,Pa Tan,
19.80332991,100.2313705,泰國,清萊府,坤丹縣,Ta,
19.92283321,100.30781569,泰國,清萊府,坤丹縣,Yang Hom,
20.13635031,100.19725743,泰國,清萊府,堆鑾縣,Chok Chai,
20.18014256,100.1286609,泰國,清萊府,堆鑾縣,Nong Pa Ko,
20.10396395,100.06771049,泰國,清萊府,堆鑾縣,Pong Noi,
19.5065265,100.01506484,泰國,清萊府,巴代縣,Pa Daet,
19.56774764,99.95373599,泰國,清萊府,巴代縣,Pa Ngae,
19.49407894,99.94521834,泰國,清萊府,巴代縣,Rong Chang,
19.45869647,100.03261241,泰國,清萊府,巴代縣,San Makha,
19.44010814,99.94896155,泰國,清萊府,巴代縣,Si Pho Ngoen,
19.89693749,100.11969094,泰國,清萊府,帕雅門萊縣,Mae Pao,
19.93851868,100.22371954,泰國,清萊府,帕雅門萊縣,Mae Tam,
19.76257634,100.10944146,泰國,清萊府,帕雅門萊縣,Mai Ya,
19.86531151,100.18148043,泰國,清萊府,帕雅門萊縣,Mengrai,
19.99229327,100.18316424,泰國,清萊府,帕雅門萊縣,Tat Khwan,
19.30560984,99.4646239,泰國,清萊府,淵巴寶縣,Ban Pong,
19.17584471,99.41222991,泰國,清萊府,淵巴寶縣,Mae Chedi,
19.10429204,99.45288647,泰國,清萊府,淵巴寶縣,Mae Chedi Mai,
19.25062864,99.42308666,泰國,清萊府,淵巴寶縣,Pa Ngio,
19.45216571,99.43328826,泰國,清萊府,淵巴寶縣,San Sali,
19.35803616,99.42339195,泰國,清萊府,淵巴寶縣,Wiang,
19.24448847,99.52014183,泰國,清萊府,淵巴寶縣,Wiang Kalong,
20.11785652,100.48063456,泰國,清萊府,淵根縣,Lai Ngao,
20.11317339,100.54075836,泰國,清萊府,淵根縣,Muang Yai,
19.93251765,100.44648913,泰國,清萊府,淵根縣,Po,
20.04269796,100.4841325,泰國,清萊府,淵根縣,Tha Kham,
20.0417807,100.00558034,泰國,清萊府,淵清榮縣,Dong Mahawan,
20.04793891,100.12003194,泰國,清萊府,淵清榮縣,Pa Sang,
19.97292498,100.044535,泰國,清萊府,淵清榮縣,Thung Ko,
19.80526588,100.00525583,泰國,清萊府,淵猜縣,Don Sila,
19.89990632,99.97128764,泰國,清萊府,淵猜縣,Mueang Chum,
19.88176356,100.04582606,泰國,清萊府,淵猜縣,Pha Ngam,
19.86624294,99.91115777,泰國,清萊府,淵猜縣,Wiang Chai,
19.9324556,99.93962016,泰國,清萊府,淵猜縣,Wiang Nuea,
19.98924599,100.34724927,泰國,清萊府,清孔縣,Bunrueang,
20.06105062,100.28473276,泰國,清萊府,清孔縣,Huai So,
20.05964409,100.40217935,泰國,清萊府,清孔縣,Khrueng,
20.36107768,100.31316458,泰國,清萊府,清孔縣,Rim Khong,
20.20295171,100.36252848,泰國,清萊府,清孔縣,Sathan,
20.14219246,100.38066368,泰國,清萊府,清孔縣,Si Don Chai,
20.2654464,100.36947737,泰國,清萊府,清孔縣,Wiang,
20.23288939,100.21428571,泰國,清萊府,清盛,Ban Saeo,
20.29798877,100.2614712,泰國,清萊府,清盛,Mae Ngoen,
20.28985113,100.02051037,泰國,清萊府,清盛,Pa Sak,
20.34425488,100.00907865,泰國,清萊府,清盛,Si Don Mun,
20.30477359,100.081113,泰國,清萊府,清盛,Wiang,
20.23781621,100.06119697,泰國,清萊府,清盛,Yonok,
19.97756339,99.83771103,泰國,清萊府,清萊府直轄縣,Ban Du,
19.92861782,99.71181539,泰國,清萊府,清萊府直轄縣,Doi Hang,
19.68109666,99.94477044,泰國,清萊府,清萊府直轄縣,Doi Lan,
19.93324444,99.5776511,泰國,清萊府,清萊府直轄縣,Huai Chomphu,
19.76304363,99.9064462,泰國,清萊府,清萊府直轄縣,Huai Sak,
20.05758959,99.94312855,泰國,清萊府,清萊府直轄縣,Mae Khao Tom,
19.86734763,99.69567648,泰國,清萊府,清萊府直轄縣,Mae Kon,
20.0096276,99.70509669,泰國,清萊府,清萊府直轄縣,Mae Yao,
20.02275158,99.85053359,泰國,清萊府,清萊府直轄縣,Nang Lae,
19.81466686,99.79179195,泰國,清萊府,清萊府直轄縣,Pa O Don Chai,
19.9574456,99.90276534,泰國,清萊府,清萊府直轄縣,Rim Kok,
19.90015032,99.83345427,泰國,清萊府,清萊府直轄縣,Rop Wiang,
19.85730881,99.8067379,泰國,清萊府,清萊府直轄縣,San Sai,
19.8376411,99.85051625,泰國,清萊府,清萊府直轄縣,Tha Sai,
20.07851732,99.87574273,泰國,清萊府,清萊府直轄縣,Tha Sut,
19.90770934,99.83192604,泰國,清萊府,清萊府直轄縣,Wiang,
19.8082084,99.74853019,泰國,清萊府,湄佬縣,Bua Sali,
19.75600696,99.72577957,泰國,清萊府,湄佬縣,Chom Mok Kaeo,
19.73355427,99.67272887,泰國,清萊府,湄佬縣,Dong Mada,
19.78077844,99.74430723,泰國,清萊府,湄佬縣,Pa Ko Dam,
19.8123427,99.65075858,泰國,清萊府,湄佬縣,Pong Phrae,
20.24222425,99.97767619,泰國,清萊府,湄占縣,Chan Chawa,
20.21947913,99.93740483,泰國,清萊府,湄占縣,Chan Chawa Tai,
20.19619296,99.91814493,泰國,清萊府,湄占縣,Chom Sawan,
20.13184922,99.884256,泰國,清萊府,湄占縣,Mae Chan,
20.24341027,99.87575148,泰國,清萊府,湄占縣,Mae Kham,
20.2553115,99.86009698,泰國,清萊府,湄占縣,Mae Rai,
20.18037541,99.81344688,泰國,清萊府,湄占縣,Pa Sang,
20.09937288,99.67206651,泰國,清萊府,湄占縣,Pa Tueng,
20.16527155,99.90998099,泰國,清萊府,湄占縣,San Sai,
20.20992411,99.82370627,泰國,清萊府,湄占縣,Si Kham,
20.16200891,100.01621599,泰國,清萊府,湄占縣,Tha Khao Plueak,
19.56921527,99.54565354,泰國,清萊府,湄歲縣,Chedi Luang,
19.6106281,99.57135237,泰國,清萊府,湄歲縣,Mae Phrik,
19.68386387,99.57240174,泰國,清萊府,湄歲縣,Mae Suai,
19.71479693,99.42732625,泰國,清萊府,湄歲縣,Pa Daet,
19.63503868,99.37630569,泰國,清萊府,湄歲縣,Si Thoi,
19.54436455,99.4343674,泰國,清萊府,湄歲縣,Tha Ko,
19.84746706,99.49766286,泰國,清萊府,湄歲縣,Wawi,
20.28912819,99.78143324,泰國,清萊府,湄法鑾縣,Mae Fa Luang,
20.23859772,99.62652879,泰國,清萊府,湄法鑾縣,Mae Salong Nai,
20.15272041,99.6503068,泰國,清萊府,湄法鑾縣,Mae Salong Nok,
20.30130981,99.63673866,泰國,清萊府,湄法鑾縣,Thoet Thai,
19.61795301,99.98627187,泰國,清萊府,湯縣,Chiang Khian,
19.57487295,100.05023098,泰國,清萊府,湯縣,Mae Loi,
19.67842261,100.27935331,泰國,清萊府,湯縣,Ngao,
19.69464714,100.09440451,泰國,清萊府,湯縣,Ngio,
19.61720025,100.14343736,泰國,清萊府,湯縣,Nong Raet,
19.65566129,100.06102394,泰國,清萊府,湯縣,Plong,
19.74739629,100.17721717,泰國,清萊府,湯縣,San Sai Ngam,
19.58389716,100.11445732,泰國,清萊府,湯縣,Si Don Chai,
19.77928004,100.34821917,泰國,清萊府,湯縣,Tap Tao,
19.69280755,100.21275853,泰國,清萊府,湯縣,Wiang,
20.3162286,99.9359415,泰國,清萊府,美塞,Ban Dai,
20.29225223,99.8642284,泰國,清萊府,美塞,Huai Khrai,
20.41861543,99.97635611,泰國,清萊府,美塞,Ko Chang,
20.43064661,99.91422205,泰國,清萊府,美塞,Mae Sai,
20.33387745,99.86693395,泰國,清萊府,美塞,Pong Ngam,
20.36660094,99.89137829,泰國,清萊府,美塞,Pong Pha,
20.37814312,99.95717454,泰國,清萊府,美塞,Si Mueang Chum,
20.40865774,99.87529422,泰國,清萊府,美塞,Wiang Phang Kham,
19.77429073,99.22556549,泰國,清邁府,Fang,Mae Kha,
19.81745339,99.27628673,泰國,清邁府,Fang,Mae Kha,
19.82559081,99.07721955,泰國,清邁府,Fang,Mae Ngon,
19.84944681,99.13176183,泰國,清邁府,Fang,Mae Sun,
19.97018088,99.08593885,泰國,清邁府,Fang,Mon Pin,
19.99982537,99.14455374,泰國,清邁府,Fang,Pong Nam Ron,
19.88473525,99.17979302,泰國,清邁府,Fang,San Sai,
19.92102036,99.22936779,泰國,清邁府,Fang,Wiang,
19.07763718,98.31993788,泰國,清邁府,加拉雅尼瓦他那縣,Ban Chan,
18.97695683,98.2354543,泰國,清邁府,加拉雅尼瓦他那縣,Chaem Luang,
18.94261106,98.36877965,泰國,清邁府,加拉雅尼瓦他那縣,Mae Daet,
18.49431004,98.76799325,泰國,清邁府,堆洛縣,Doi Lo,
18.56502101,98.72104537,泰國,清邁府,堆洛縣,Santi Suk,
18.50376613,98.8416041,泰國,清邁府,堆洛縣,Song Khwae,
18.55658786,98.78776715,泰國,清邁府,堆洛縣,Yang Khram,
18.05516798,98.6281194,泰國,清邁府,堆道縣,Ban Aen,
18.02072152,98.65767569,泰國,清邁府,堆道縣,Bong Tan,
17.90944052,98.73357923,泰國,清邁府,堆道縣,Doi Tao,
17.87824031,98.58638075,泰國,清邁府,堆道縣,Muet Ka,
17.87264971,98.78214318,泰國,清邁府,堆道縣,Pong Thung,
17.97463614,98.6681626,泰國,清邁府,堆道縣,Tha Duea,
18.35961832,98.23754723,泰國,清邁府,夜佔縣,Ban Thap,
18.55093118,98.39973078,泰國,清邁府,夜佔縣,Chang Khoeng,
18.36212314,98.3872461,泰國,清邁府,夜佔縣,Kong Khaek,
18.78677856,98.4019356,泰國,清邁府,夜佔縣,Mae Na Chon,
18.72803606,98.21963904,泰國,清邁府,夜佔縣,Mae Suek,
18.50343302,98.19876372,泰國,清邁府,夜佔縣,Pang Hin Fon,
18.4771307,98.41074788,泰國,清邁府,夜佔縣,Tha Pha,
18.50216396,98.58519477,泰國,清邁府,宗通縣,Ban Luang,
18.25549541,98.5653783,泰國,清邁府,宗通縣,Ban Pae,
18.38542519,98.56495775,泰國,清邁府,宗通縣,Doi Kaeo,
18.45810043,98.70501743,泰國,清邁府,宗通縣,Khuang Pao,
18.26301883,98.67343249,泰國,清邁府,宗通縣,Mae Soi,
18.35779777,98.66322749,泰國,清邁府,宗通縣,Sop Tia,
18.70361245,99.10512576,泰國,清邁府,山甘烹縣,Buak Khang,
18.72204459,99.14984955,泰國,清邁府,山甘烹縣,Chae Chang,
18.78169843,99.18991867,泰國,清邁府,山甘烹縣,Huai Sai,
18.7800078,99.12431054,泰國,清邁府,山甘烹縣,Mae Pu Kha,
18.70092297,99.22410064,泰國,清邁府,山甘烹縣,On Tai,
18.74904357,99.18166951,泰國,清邁府,山甘烹縣,Rong Wua Daeng,
18.73912454,99.13982107,泰國,清邁府,山甘烹縣,Sai Mun,
18.74488369,99.10917227,泰國,清邁府,山甘烹縣,San Kamphaeng,
18.77672852,99.05496172,泰國,清邁府,山甘烹縣,San Klang,
18.75895878,99.07921569,泰國,清邁府,山甘烹縣,Ton Pao,
19.38977468,99.14285193,泰國,清邁府,帛琉縣,Ban Pong,
19.31571256,99.17659588,泰國,清邁府,帛琉縣,Khuean Phak,
19.08383815,99.21319356,泰國,清邁府,帛琉縣,Long Khot,
19.21361002,99.21271652,泰國,清邁府,帛琉縣,Mae Pang,
19.29496269,99.27441446,泰國,清邁府,帛琉縣,Mae Waen,
19.34049638,99.12791991,泰國,清邁府,帛琉縣,Nam Phrae,
19.43766879,99.25880405,泰國,清邁府,帛琉縣,Pa Nai,
19.37558545,99.27203292,泰國,清邁府,帛琉縣,Pa Tum,
19.50136414,99.20568942,泰國,清邁府,帛琉縣,San Sai,
19.35658525,99.19585274,泰國,清邁府,帛琉縣,Thung Luang,
19.37712487,99.2019887,泰國,清邁府,帛琉縣,Wiang,
18.80178958,98.83927488,泰國,清邁府,杭東縣,Ban Pong,
18.69924384,98.94076786,泰國,清邁府,杭東縣,Ban Waen,
18.64828797,98.92353883,泰國,清邁府,杭東縣,Han Kaeo,
18.68996119,98.91616423,泰國,清邁府,杭東縣,Hang Dong,
18.67208275,98.95423287,泰國,清邁府,杭東縣,Khun Khong,
18.71981934,98.86228747,泰國,清邁府,杭東縣,Nam Phrae,
18.66781393,98.9345647,泰國,清邁府,杭東縣,Nong Kaeo,
18.72998883,98.92352724,泰國,清邁府,杭東縣,Nong Khwai,
18.61096898,98.94588813,泰國,清邁府,杭東縣,Nong Tong,
18.71570067,98.96218443,泰國,清邁府,杭東縣,San Phak Wan,
18.68273212,98.976473,泰國,清邁府,杭東縣,Sop Mae Kha,
18.85037053,98.56727854,泰國,清邁府,沙孟縣,Bo Kaeo,
18.94494225,98.64139269,泰國,清邁府,沙孟縣,Mae Sap,
18.98178511,98.73829326,泰國,清邁府,沙孟縣,Samoeng Nuea,
18.83800598,98.72064708,泰國,清邁府,沙孟縣,Samoeng Tai,
18.99954837,98.53344548,泰國,清邁府,沙孟縣,Yung Moen,
18.74520506,99.04322714,泰國,清邁府,沙拉披縣,Chai Sathan,
18.69916125,99.06467454,泰國,清邁府,沙拉披縣,Chomphu,
18.69688767,98.99637765,泰國,清邁府,沙拉披縣,Don Kaeo,
18.66706832,98.98283921,泰國,清邁府,沙拉披縣,Khua Mung,
18.69104968,99.01923242,泰國,清邁府,沙拉披縣,Nong Faek,
18.73574589,99.02245039,泰國,清邁府,沙拉披縣,Nong Phueng,
18.73774081,99.05603963,泰國,清邁府,沙拉披縣,Pa Bong,
18.63742786,98.9683258,泰國,清邁府,沙拉披縣,San Sai,
18.67975249,99.04709765,泰國,清邁府,沙拉披縣,Saraphi,
18.65836594,98.99827339,泰國,清邁府,沙拉披縣,Tha Kwang,
18.72780672,98.99826368,泰國,清邁府,沙拉披縣,Tha Wang Tan,
18.70889943,99.03588921,泰國,清邁府,沙拉披縣,Yang Noeng,
19.38947613,98.9458806,泰國,清邁府,清道,Chiang Dao,
19.31642876,98.93240139,泰國,清邁府,清道,Mae Na,
19.38449729,98.70629311,泰國,清邁府,清道,Mueang Khong,
19.68332787,98.8911773,泰國,清邁府,清道,Mueang Na,
19.47776635,98.88644443,泰國,清邁府,清道,Mueang Ngai,
19.49594566,99.06382626,泰國,清邁府,清道,Ping Khong,
19.55609492,98.8764979,泰國,清邁府,清道,Thung Khao Phuang,
18.77498785,98.99558096,泰國,清邁府,清邁府治縣,Chang Khlan,
18.79620888,98.99814164,泰國,清邁府,清邁府治縣,Chang Moi,
18.82018682,98.94168801,泰國,清邁府,清邁府治縣,Chang Phueak,
18.8156301,99.00931238,泰國,清邁府,清邁府治縣,Fa Ham,
18.77698644,98.98579017,泰國,清邁府,清邁府治縣,Hai Ya,
18.74864826,98.9360178,泰國,清邁府,清邁府治縣,Mae Hia,
18.75754255,99.01342861,泰國,清邁府,清邁府治縣,Nong Hoi,
18.79113431,99.02920846,泰國,清邁府,清邁府治縣,Nong Pa Khrang,
18.74331811,98.98294038,泰國,清邁府,清邁府治縣,Pa Daet,
18.81965779,98.99385078,泰國,清邁府,清邁府治縣,Pa Tan,
18.78482844,98.98526115,泰國,清邁府,清邁府治縣,Phra Sing,
18.8530765,98.99450354,泰國,清邁府,清邁府治縣,San Phisuea,
18.79463996,98.9857738,泰國,清邁府,清邁府治縣,Si Phum,
18.78874563,98.92256818,泰國,清邁府,清邁府治縣,Suthep,
18.77073819,99.0327716,泰國,清邁府,清邁府治縣,Tha Sala,
18.78597377,99.01089672,泰國,清邁府,清邁府治縣,Wat Ket,
18.62215226,98.76995715,泰國,清邁府,湄旺縣,Ban Kat,
18.69085831,98.77658101,泰國,清邁府,湄旺縣,Don Pao,
18.68300066,98.60511834,泰國,清邁府,湄旺縣,Mae Win,
18.58656252,98.75638606,泰國,清邁府,湄旺縣,Thung Pi,
18.56416234,98.84009625,泰國,清邁府,湄旺縣,Thung Ruang Thong,
18.86039082,98.93314068,泰國,清邁府,湄林縣,Don Kaeo,
18.96701116,98.89966072,泰國,清邁府,湄林縣,Huai Sai,
19.01056864,98.94269834,泰國,清邁府,湄林縣,Khi Lek,
18.92249338,98.86336042,泰國,清邁府,湄林縣,Mae Raem,
18.89671054,98.94521859,泰國,清邁府,湄林縣,Mae Sa,
18.90066599,98.98294418,泰國,清邁府,湄林縣,Mueang Kaeo,
18.88690853,98.82183316,泰國,清邁府,湄林縣,Pong Yaeng,
18.92755541,98.94890396,泰國,清邁府,湄林縣,Rim Nuea,
18.91409411,98.94910469,泰國,清邁府,湄林縣,Rim Tai,
19.01111102,98.82948375,泰國,清邁府,湄林縣,Saluang,
18.9529062,98.95376297,泰國,清邁府,湄林縣,San Pong,
19.15004112,98.85758226,泰國,清邁府,湄登縣,Ban Chang,
19.2178284,99.04573356,泰國,清邁府,湄登縣,Ban Pao,
19.14103439,99.02127568,泰國,清邁府,湄登縣,Cho Lae,
19.19990355,98.95285731,泰國,清邁府,湄登縣,Inthakhin,
19.07442911,98.90878344,泰國,清邁府,湄登縣,Khi Lek,
19.26866048,98.76036055,泰國,清邁府,湄登縣,Kuet Chang,
19.11692372,99.07231745,泰國,清邁府,湄登縣,Mae Ho Phra,
19.15515364,98.90879011,泰國,清邁府,湄登縣,Mae Taeng,
19.193301,98.77241069,泰國,清邁府,湄登縣,Mueang Kai,
19.16811462,98.67584873,泰國,清邁府,湄登縣,Pa Pae,
19.11823666,98.94388884,泰國,清邁府,湄登縣,San Mahaphon,
19.04893808,98.8311439,泰國,清邁府,湄登縣,San Pa Yang,
19.10367641,98.81144432,泰國,清邁府,湄登縣,Sop Poeng,
18.81805174,99.25107763,泰國,清邁府,湄翁縣,Ban Sahakon,
18.88009363,99.32223159,泰國,清邁府,湄翁縣,Huai Kaeo,
18.59978959,99.28750889,泰國,清邁府,湄翁縣,Mae Tha,
18.75277656,99.26232693,泰國,清邁府,湄翁縣,On Klang,
18.80204639,99.31270589,泰國,清邁府,湄翁縣,On Nuea,
18.7033693,99.3094543,泰國,清邁府,湄翁縣,Tha Nuea,
19.87179029,99.34237526,泰國,清邁府,湄艾縣,Ban Luang,
20.07165669,99.24941888,泰國,清邁府,湄艾縣,Mae Ai,
19.98620277,99.38500072,泰國,清邁府,湄艾縣,Mae Na Wang,
20.03731788,99.20075982,泰國,清邁府,湄艾縣,Mae Sao,
20.06307495,99.3160479,泰國,清邁府,湄艾縣,Malika,
19.94977994,99.27305323,泰國,清邁府,湄艾縣,San Ton Mue,
20.08278712,99.43978419,泰國,清邁府,湄艾縣,Tha Ton,
19.55160685,98.64041309,泰國,清邁府,溫限縣,Mueang Haeng,
19.68680997,98.66792792,泰國,清邁府,溫限縣,Piang Luang,
19.63948049,98.6156157,泰國,清邁府,溫限縣,Saen Hai,
19.72886686,99.25078391,泰國,清邁府,猜巴幹縣,Mae Thalop,
19.74279198,99.06620305,泰國,清邁府,猜巴幹縣,Nong Bua,
19.7571564,99.10983943,泰國,清邁府,猜巴幹縣,Pong Tam,
19.64473612,99.17870461,泰國,清邁府,猜巴幹縣,Si Dong Yen,
17.39452784,98.39575972,泰國,清邁府,翁桂縣,Mae Tuen,
17.44463941,98.50372942,泰國,清邁府,翁桂縣,Mon Chong,
17.86537031,98.14954132,泰國,清邁府,翁桂縣,Na Kian,
17.91136727,98.33756239,泰國,清邁府,翁桂縣,Omkoi,
17.65864271,98.20994351,泰國,清邁府,翁桂縣,Sop Khong,
17.6710458,98.40431753,泰國,清邁府,翁桂縣,Yang Piang,
18.09914228,98.71943454,泰國,清邁府,荷縣,Ban Tan,
18.14509099,98.37456727,泰國,清邁府,荷縣,Bo Luang,
18.1585236,98.23989499,泰國,清邁府,荷縣,Bo Sali,
18.17152692,98.52730415,泰國,清邁府,荷縣,Hang Dong,
18.10327691,98.58366488,泰國,清邁府,荷縣,Hot,
18.00814863,98.51462358,泰國,清邁府,荷縣,Na Kho Ruea,
18.56260014,98.88158847,泰國,清邁府,訕巴東縣,Ban Klang,
18.63172362,98.8435074,泰國,清邁府,訕巴東縣,Ban Mae,
18.54834115,98.91227923,泰國,清邁府,訕巴東縣,Mae Ka,
18.59838455,98.90554956,泰國,清邁府,訕巴東縣,Makham Luang,
18.57294101,98.90341349,泰國,清邁府,訕巴東縣,Makhun Wan,
18.67397096,98.84293608,泰國,清邁府,訕巴東縣,Nam Bo Luang,
18.64933456,98.89190284,泰國,清邁府,訕巴東縣,San Klang,
18.52898144,98.86346225,泰國,清邁府,訕巴東縣,Tha Wang Phrao,
18.58446546,98.84956666,泰國,清邁府,訕巴東縣,Thung Satok,
18.6074729,98.91995111,泰國,清邁府,訕巴東縣,Thung Tom,
18.61829677,98.87964198,泰國,清邁府,訕巴東縣,Yu Wa,
19.04968798,99.00106283,泰國,清邁府,訕賽縣,Mae Faek,
18.9914451,99.0166692,泰國,清邁府,訕賽縣,Mae Faek Mai,
18.88473513,99.0753303,泰國,清邁府,訕賽縣,Mueang Len,
18.85332646,99.02129915,泰國,清邁府,訕賽縣,Nong Chom,
18.92874191,99.01284973,泰國,清邁府,訕賽縣,Nong Han,
18.91052098,99.10158036,泰國,清邁府,訕賽縣,Nong Yaeng,
18.91835393,99.05350535,泰國,清邁府,訕賽縣,Pa Phai,
18.84182445,99.06211394,泰國,清邁府,訕賽縣,San Na Meng,
18.86239082,99.08589335,泰國,清邁府,訕賽縣,San Pa Pao,
18.80759451,99.04236914,泰國,清邁府,訕賽縣,San Phranet,
18.85743943,99.04496498,泰國,清邁府,訕賽縣,San Sai Luang,
18.8261483,99.03362798,泰國,清邁府,訕賽縣,San Sai Noi,
18.89947242,99.17113484,泰國,清邁府,雷沙革縣,Choeng Doi,
18.97762022,99.13327277,泰國,清邁府,雷沙革縣,Luang Nuea,
18.80544658,99.14999484,泰國,清邁府,雷沙革縣,Mae Hoi Ngoen,
18.78631182,99.10070869,泰國,清邁府,雷沙革縣,Mae Khue,
18.84585514,99.20106593,泰國,清邁府,雷沙革縣,Mae Pong,
18.83550446,99.10527227,泰國,清邁府,雷沙革縣,Pa Lan,
18.99925973,99.29083448,泰國,清邁府,雷沙革縣,Pa Miang,
18.84939641,99.1574621,泰國,清邁府,雷沙革縣,Pa Pong,
18.82862187,99.12507842,泰國,清邁府,雷沙革縣,Sa-Nga Ban,
18.80624585,99.09507534,泰國,清邁府,雷沙革縣,Samran Rat,
18.80721846,99.07057399,泰國,清邁府,雷沙革縣,San Pu Loei,
18.84102731,99.08799597,泰國,清邁府,雷沙革縣,Talat Khwan,
18.81012762,99.12280492,泰國,清邁府,雷沙革縣,Talat Yai,
18.95441537,99.32227995,泰國,清邁府,雷沙革縣,Thep Sadet,
15.0562424,104.76493976,泰國,烏汶府,三隆縣,Bon,
14.97742701,104.81963427,泰國,烏汶府,三隆縣,Kham Pom,
14.92392765,104.81066896,泰國,烏汶府,三隆縣,Kho Noi,
15.03173398,104.83767936,泰國,烏汶府,三隆縣,Khok Kong,
14.91815289,104.85497769,泰國,烏汶府,三隆縣,Khok Sawang,
15.02267544,104.71385662,泰國,烏汶府,三隆縣,Non Kalen,
14.96667554,104.71960091,泰國,烏汶府,三隆縣,Non Klang,
14.94947263,104.76639008,泰國,烏汶府,三隆縣,Nong Hai,
15.0153654,104.78907243,泰國,烏汶府,三隆縣,Samrong,
15.35283562,105.10857281,泰國,烏汶府,丹孫縣,Chik Thoeng,
15.38454745,105.1667382,泰國,烏汶府,丹孫縣,Kham Wa,
15.41694868,105.10790667,泰國,烏汶府,丹孫縣,Na Khai,
15.44454482,105.18554047,泰國,烏汶府,丹孫縣,Nong Kung,
15.37599849,105.21689044,泰國,烏汶府,丹孫縣,Samrong,
15.32626159,105.15894229,泰國,烏汶府,丹孫縣,Tan Sum,
15.49336787,104.46295827,泰國,烏汶府,匡奈縣,Ban Kok,
15.45414309,104.42112956,泰國,烏汶府,匡奈縣,Ban Thai,
15.27885195,104.65451483,泰國,烏汶府,匡奈縣,Chi Thuan,
15.29023246,104.51298841,泰國,烏汶府,匡奈縣,Daeng Mo,
15.33290834,104.6688057,泰國,烏汶府,匡奈縣,Hua Don,
15.39928252,104.42864028,泰國,烏汶府,匡奈縣,Kho Thong,
15.36972879,104.55563752,泰國,烏汶府,匡奈縣,Khueang Nai,
15.51904176,104.42751313,泰國,烏汶府,匡奈縣,Klang Yai,
15.39115668,104.6230775,泰國,烏汶府,匡奈縣,Ko-E,
15.28442149,104.55938515,泰國,烏汶府,匡奈縣,Na Kham Yai,
15.52577525,104.50364483,泰國,烏汶府,匡奈縣,Non Rang,
15.45294361,104.59215417,泰國,烏汶府,匡奈縣,Nong Lao,
15.33816286,104.45867363,泰國,烏汶府,匡奈縣,Sahathat,
15.36384892,104.50254049,泰國,烏汶府,匡奈縣,Sang Tho,
15.49885023,104.54169495,泰國,烏汶府,匡奈縣,Si Suk,
15.32154815,104.60308646,泰國,烏汶府,匡奈縣,Tha Hai,
15.29383768,104.45035315,泰國,烏汶府,匡奈縣,That Noi,
15.44389423,104.50427915,泰國,烏汶府,匡奈縣,Yang Khi Nok,
14.62633502,104.91824603,泰國,烏汶府,南坤縣,Khi Lek,
14.48576633,104.87192986,泰國,烏汶府,南坤縣,Khok Sa-At,
14.59542354,104.84947391,泰國,烏汶府,南坤縣,Phaibun,
14.56621003,104.92415276,泰國,烏汶府,南坤縣,Ta Kao,
14.5323717,105.06418808,泰國,烏汶府,南雲縣,Bu Pueai,
14.36261751,105.11057347,泰國,烏汶府,南雲縣,Dom Pradit,
14.58190267,105.01666407,泰國,烏汶府,南雲縣,Kao Kham,
14.46651275,105.02376267,泰國,烏汶府,南雲縣,Si Wichian,
14.47115689,104.95011986,泰國,烏汶府,南雲縣,Song,
14.63065061,105.038652,泰國,烏汶府,南雲縣,Yang,
14.5740377,105.1179466,泰國,烏汶府,南雲縣,Yang Yai,
15.75504235,104.9710506,泰國,烏汶府,古考奔縣,Kabin,
15.78081691,105.10761474,泰國,烏汶府,古考奔縣,Kaeng Kheng,
15.79782533,105.00146021,泰國,烏汶府,古考奔縣,Khao Pun,
15.86565144,105.02607661,泰國,烏汶府,古考奔縣,Non Sawang,
15.8311712,105.09334595,泰國,烏汶府,古考奔縣,Nong Than Nam,
15.39391599,105.49448193,泰國,烏汶府,孔堅縣,Huai Phai,
15.4563939,105.45700008,泰國,烏汶府,孔堅縣,Huai Yang,
15.29867114,105.50630656,泰國,烏汶府,孔堅縣,Khong Chiam,
15.53990906,105.56278486,泰國,烏汶府,孔堅縣,Na Pho Klang,
15.34310137,105.3958048,泰國,烏汶府,孔堅縣,Nong Saeng Yai,
15.61511389,104.73799515,泰國,烏汶府,孟桑西縣,Dum Yai,
15.65755159,104.66523302,泰國,烏汶府,孟桑西縣,Lao Bok,
15.5120107,104.72568208,泰國,烏汶府,孟桑西縣,Muang Sam Sip,
15.54162365,104.61155426,泰國,烏汶府,孟桑西縣,Na Loeng,
15.56546848,104.82555552,泰國,烏汶府,孟桑西縣,Nong Chang Yai,
15.50179714,104.64291195,泰國,烏汶府,孟桑西縣,Nong Hang,
15.39596607,104.7655943,泰國,烏汶府,孟桑西縣,Nong Khai Nok,
15.44319794,104.68296501,泰國,烏汶府,孟桑西縣,Nong Lao,
15.57129386,104.7347643,泰國,烏汶府,孟桑西縣,Nong Mueang,
15.59751891,104.61716507,泰國,烏汶府,孟桑西縣,Phai Yai,
15.43843648,104.74006897,泰國,烏汶府,孟桑西縣,Phon Phaeng,
15.5155717,104.80461007,泰國,烏汶府,孟桑西縣,Toei,
15.44496341,104.8047642,泰國,烏汶府,孟桑西縣,Yang Sak Krapho Lum,
15.59252433,104.66697054,泰國,烏汶府,孟桑西縣,Yang Yo Phap,
15.31567008,105.0539186,泰國,烏汶府,廊末亮縣,Don Mot Daeng,
15.36718452,104.9703809,泰國,烏汶府,廊末亮縣,Kham Hai Yai,
15.37590306,105.0288693,泰國,烏汶府,廊末亮縣,Lao Daeng,
15.45715642,104.99818286,泰國,烏汶府,廊末亮縣,Tha Mueang,
14.80149001,105.21863271,泰國,烏汶府,德烏敦縣,Bua Ngam,
14.69970548,105.00904437,泰國,烏汶府,德烏敦縣,Kaeng,
14.88281823,105.20577392,泰國,烏汶府,德烏敦縣,Kham Khrang,
14.79695595,105.14143878,泰國,烏汶府,德烏敦縣,Klang,
14.9548687,105.20085905,泰國,烏汶府,德烏敦縣,Kut Prathai,
14.92156781,105.05409256,泰國,烏汶府,德烏敦縣,Mueang Det,
14.90881542,104.95730835,泰國,烏汶府,德烏敦縣,Na Charoen,
14.86978251,104.9088925,泰國,烏汶府,德烏敦縣,Na Krasaeng,
15.01007492,104.97619124,泰國,烏汶府,德烏敦縣,Na Suang,
14.75930478,105.02920792,泰國,烏汶府,德烏敦縣,Non Sombun,
14.96628903,104.9727362,泰國,烏汶府,德烏敦縣,Pa Mong,
14.89957404,105.11894746,泰國,烏汶府,德烏敦縣,Phon Ngam,
14.82400533,104.98695018,泰國,烏汶府,德烏敦縣,Som Sa-At,
14.84025074,105.05030036,泰國,烏汶府,德烏敦縣,Tha Pho Si,
14.81931126,104.84591047,泰國,烏汶府,德烏敦縣,Thung Thoeng,
14.70513273,105.08817457,泰國,烏汶府,德烏敦縣,Top Hu,
15.04228858,105.28482138,泰國,烏汶府,披汶芒沙漢縣,Ang Sila,
15.02175234,105.24980686,泰國,烏汶府,披汶芒沙漢縣,Ban Khaem,
15.1388234,105.28011803,泰國,烏汶府,披汶芒沙漢縣,Don Chik,
15.20180651,105.24810366,泰國,烏汶府,披汶芒沙漢縣,Kut Chomphu,
15.07922699,105.12782467,泰國,烏汶府,披汶芒沙漢縣,Na Pho,
14.98270654,105.34077072,泰國,烏汶府,披汶芒沙漢縣,Non Kalong,
15.06578356,105.34379952,泰國,烏汶府,披汶芒沙漢縣,Non Klang,
15.06953328,105.20848009,泰國,烏汶府,披汶芒沙漢縣,Nong Bua Hi,
15.24605919,105.22271174,泰國,烏汶府,披汶芒沙漢縣,Phibun,
15.24357628,105.18552307,泰國,烏汶府,披汶芒沙漢縣,Pho Sai,
15.28558823,105.23704516,泰國,烏汶府,披汶芒沙漢縣,Pho Si,
15.14520525,105.12612484,泰國,烏汶府,披汶芒沙漢縣,Rai Tai,
15.33607005,105.28800335,泰國,烏汶府,披汶芒沙漢縣,Rawe,
15.28333318,105.30987862,泰國,烏汶府,披汶芒沙漢縣,Sai Mun,
15.75362827,105.37312017,泰國,烏汶府,樸賽縣,Lao Ngam,
15.86414377,105.26914568,泰國,烏汶府,樸賽縣,Muang Yai,
15.81071711,105.26536144,泰國,烏汶府,樸賽縣,Pho Sai,
15.70660069,105.44288564,泰國,烏汶府,樸賽縣,Samrong,
15.75889618,105.25051818,泰國,烏汶府,樸賽縣,Saraphi,
15.83100225,105.34357099,泰國,烏汶府,樸賽縣,Song Khon,
14.89436514,105.34640026,泰國,烏汶府,汶他立縣,Ban Maet,
14.74124277,105.37154343,泰國,烏汶府,汶他立縣,Bua Ngam,
14.56123266,105.41217262,泰國,烏汶府,汶他立縣,Huai Kha,
14.87698676,105.46760761,泰國,烏汶府,汶他立縣,Kho Laen,
14.8879539,105.29428584,泰國,烏汶府,汶他立縣,Na Pho,
14.67160182,105.31135862,泰國,烏汶府,汶他立縣,Non Kho,
14.77051633,105.31004416,泰國,烏汶府,汶他立縣,Nong Sano,
14.75895558,105.46443207,泰國,烏汶府,汶他立縣,Phon Ngam,
15.23650684,105.04704736,泰國,烏汶府,沙旺威拉旺縣,Bung Malaeng,
15.21371635,105.1120652,泰國,烏汶府,沙旺威拉旺縣,Kaeng Dom,
15.27424089,105.11549905,泰國,烏汶府,沙旺威拉旺縣,Sawang,
15.22376532,104.99646815,泰國,烏汶府,沙旺威拉旺縣,Tha Chang,
15.25029305,104.80219923,泰國,烏汶府,烏汶府治縣,Chaeramae,
15.36719051,104.84511082,泰國,烏汶府,烏汶府治縣,Hua Ruea,
15.30582309,104.83750343,泰國,烏汶府,烏汶府治縣,Kham Yai,
15.3666155,104.79971772,泰國,烏汶府,烏汶府治縣,Khi Lek,
15.30822143,104.96585705,泰國,烏汶府,烏汶府治縣,Krasop,
15.2667518,104.95955294,泰國,烏汶府,烏汶府治縣,Kut Lat,
15.24173472,104.85348825,泰國,烏汶府,烏汶府治縣,Nai Mueang,
15.2385301,104.72616367,泰國,烏汶府,烏汶府治縣,Nong Bo,
15.31749807,104.74805184,泰國,烏汶府,烏汶府治縣,Nong Khon,
15.36523032,104.71553998,泰國,烏汶府,烏汶府治縣,Pa-Ao,
15.2438544,104.89270872,泰國,烏汶府,烏汶府治縣,Pathum,
15.3071711,104.90145255,泰國,烏汶府,烏汶府治縣,Rai Noi,
15.20625794,104.93056587,泰國,烏汶府,瓦林昌拉縣,Bung Mai,
15.15826853,104.75422979,泰國,烏汶府,瓦林昌拉縣,Bung Wai,
15.09082013,104.70806006,泰國,烏汶府,瓦林昌拉縣,Huai Khayung,
15.16483028,104.92333384,泰國,烏汶府,瓦林昌拉縣,Kham Khwang,
15.19432341,104.82490776,泰國,烏汶府,瓦林昌拉縣,Kham Nam Saep,
15.07894601,104.86722922,泰國,烏汶府,瓦林昌拉縣,Khu Mueang,
15.07543127,104.92404527,泰國,烏汶府,瓦林昌拉縣,Mueang Si Khai,
15.10194223,104.81697045,泰國,烏汶府,瓦林昌拉縣,Non Non,
15.15507332,104.82240617,泰國,烏汶府,瓦林昌拉縣,Non Phueng,
15.20437594,104.78269473,泰國,烏汶府,瓦林昌拉縣,Nong Kin Phlen,
15.11932752,104.96222401,泰國,烏汶府,瓦林昌拉縣,Pho Yai,
15.00034868,104.90428025,泰國,烏汶府,瓦林昌拉縣,Sa Saming,
15.17421453,104.87221341,泰國,烏汶府,瓦林昌拉縣,Saen Suk,
15.10940934,104.75362895,泰國,烏汶府,瓦林昌拉縣,Tha Lat,
15.13938597,104.88493341,泰國,烏汶府,瓦林昌拉縣,That,
15.20269567,104.85815867,泰國,烏汶府,瓦林昌拉縣,Warin Chamrap,
15.8604756,105.20798937,泰國,烏汶府,肯馬拉縣,Chiat,
15.86722134,105.15554659,泰國,烏汶府,肯馬拉縣,Hua Na,
15.91854991,105.11962037,泰國,烏汶府,肯馬拉縣,Kaeng Nuea,
15.97980361,105.17624927,泰國,烏汶府,肯馬拉縣,Kham Pom,
16.04985145,105.14448708,泰國,烏汶府,肯馬拉縣,Khemarat,
16.01252516,105.32433504,泰國,烏汶府,肯馬拉縣,Na Waeng,
16.01902352,105.09362937,泰國,烏汶府,肯馬拉縣,Nong Nok Tha,
15.94928475,105.05997267,泰國,烏汶府,肯馬拉縣,Nong Phue,
16.02545956,105.03673922,泰國,烏汶府,肯馬拉縣,Nong Sim,
15.43090356,104.91704703,泰國,烏汶府,色鵠縣,Lao Suea Kok,
15.40583899,104.95786901,泰國,烏汶府,色鵠縣,Nong Bok,
15.39459845,104.87906309,泰國,烏汶府,色鵠縣,Phaeng Yai,
15.48684174,104.8808035,泰國,烏汶府,色鵠縣,Phon Mueang,
15.44778111,105.31556912,泰國,烏汶府,西孟邁縣,Don Yai,
15.48353289,105.23290464,泰國,烏汶府,西孟邁縣,Kaeng Kok,
15.43402536,105.36115073,泰國,烏汶府,西孟邁縣,Kham Lai,
15.56253805,105.3212206,泰國,烏汶府,西孟邁縣,Lat Khwai,
15.50813706,105.32867426,泰國,烏汶府,西孟邁縣,Na Kham,
15.63950923,105.35224269,泰國,烏汶府,西孟邁縣,Na Loen,
15.63473968,105.50691646,泰國,烏汶府,西孟邁縣,Nam Thaeng,
15.61785424,105.27522098,泰國,烏汶府,西孟邁縣,Song Yang,
15.59975526,105.21724704,泰國,烏汶府,西孟邁縣,Tabai,
15.52809555,105.2194087,泰國,烏汶府,西孟邁縣,Ueat Yai,
15.41978281,105.25894761,泰國,烏汶府,西孟邁縣,Warin,
15.11291196,105.44973638,泰國,烏汶府,詩琳通縣,Chong Mek,
15.13521533,105.36789056,泰國,烏汶府,詩琳通縣,Fang Kham,
15.25303141,105.46218717,泰國,烏汶府,詩琳通縣,Kham Khuean Kaeo,
15.21585013,105.33133258,泰國,烏汶府,詩琳通縣,Khan Rai,
15.22676193,105.38793688,泰國,烏汶府,詩琳通縣,Nikhom Sang Ton-Eng Lam Dom Noi,
14.99191695,105.46976744,泰國,烏汶府,詩琳通縣,Non Ko,
14.7522949,104.90785819,泰國,烏汶府,通西烏敦縣,Khok Chamrae,
14.680954,104.91869563,泰國,烏汶府,通西烏敦縣,Kut Ruea,
14.76282985,104.85617345,泰國,烏汶府,通西烏敦縣,Na Hom,
14.73995214,104.95941448,泰國,烏汶府,通西烏敦縣,Na Kasem,
14.80437039,104.92214698,泰國,烏汶府,通西烏敦縣,Nong Om,
15.65617547,105.0792115,泰國,烏汶府,達拉幹坡蓬縣,Ban Daeng,
15.523108,105.16768454,泰國,烏汶府,達拉幹坡蓬縣,Huai Fai Phatthana,
15.70025379,105.04820795,泰國,烏汶府,達拉幹坡蓬縣,Kasem,
15.63501448,105.02264006,泰國,烏汶府,達拉幹坡蓬縣,Kham Charoen,
15.53803039,104.93315969,泰國,烏汶府,達拉幹坡蓬縣,Kham Pia,
15.50923864,105.09807011,泰國,烏汶府,達拉幹坡蓬縣,Khok Chan,
15.72691763,105.12084149,泰國,烏汶府,達拉幹坡蓬縣,Khon Sai,
15.59908298,105.01708583,泰國,烏汶府,達拉幹坡蓬縣,Khulu,
15.62075841,105.09047365,泰國,烏汶府,達拉幹坡蓬縣,Kradian,
15.72918187,105.02856873,泰國,烏汶府,達拉幹坡蓬縣,Kut Ya Luan,
15.57243501,105.10068694,泰國,烏汶府,達拉幹坡蓬縣,Kutsakon,
15.58866611,104.96292824,泰國,烏汶府,達拉幹坡蓬縣,Lai Thung,
15.56667928,105.03769091,泰國,烏汶府,達拉幹坡蓬縣,Na Phin,
15.65605989,104.93261804,泰國,烏汶府,達拉幹坡蓬縣,Na Samai,
15.65458087,105.16499006,泰國,烏汶府,達拉幹坡蓬縣,Non Kung,
15.73048405,104.93272276,泰國,烏汶府,達拉幹坡蓬縣,Nong Tao,
15.69129572,104.97887767,泰國,烏汶府,達拉幹坡蓬縣,Pao,
15.51385986,105.03283258,泰國,烏汶府,達拉幹坡蓬縣,Saphue,
15.54809484,104.99723886,泰國,烏汶府,達拉幹坡蓬縣,Se Pet,
15.57567771,105.16722272,泰國,烏汶府,達拉幹坡蓬縣,Tak Daet,
15.66578614,105.20286799,泰國,烏汶府,達拉幹坡蓬縣,Tha Luang,
15.69863232,105.15479927,泰國,烏汶府,達拉幹坡蓬縣,Tham Khae,
15.46673501,105.04870874,泰國,烏汶府,達拉幹坡蓬縣,Trakan,
15.96539334,105.26901531,泰國,烏汶府,那丹縣,Kong Phon,
15.897023,105.3121218,泰國,烏汶府,那丹縣,Na Tan,
15.95935706,105.33138417,泰國,烏汶府,那丹縣,Phalan,
15.92271782,105.21027313,泰國,烏汶府,那丹縣,Phang Khen,
14.56928142,105.20805202,泰國,烏汶府,那乍雷縣,Ban Tum,
14.48668783,105.26121454,泰國,烏汶府,那乍雷縣,Na Chaluai,
14.65749647,105.13769708,泰國,烏汶府,那乍雷縣,Non Sawan,
14.69033197,105.19941679,泰國,烏汶府,那乍雷縣,Non Sombun,
14.62951531,105.17633925,泰國,烏汶府,那乍雷縣,Phon Sawan,
14.66583037,105.25685788,泰國,烏汶府,那乍雷縣,Sok Saeng,
15.11469871,105.01801261,泰國,烏汶府,那耶縣,Na Di,
14.98753991,105.06833746,泰國,烏汶府,那耶縣,Na Rueang,
15.03260668,105.08418481,泰國,烏汶府,那耶縣,Na Yia,
15.46798322,99.94144109,泰國,烏泰他尼府,塔貪縣,Khao Khi Foi,
15.54810679,99.92027639,泰國,烏泰他尼府,塔貪縣,Khok Mo,
15.46485673,99.84215873,泰國,烏泰他尼府,塔貪縣,Nong Klang Dong,
15.50792017,99.76792517,泰國,烏泰他尼府,塔貪縣,Nong Krathum,
15.44557658,99.80348783,泰國,烏泰他尼府,塔貪縣,Nong Sa,
15.49254882,99.91185609,泰國,烏泰他尼府,塔貪縣,Nong Ya Plong,
15.51889202,99.86968209,泰國,烏泰他尼府,塔貪縣,Nong Yai Da,
15.466591,99.72689978,泰國,烏泰他尼府,塔貪縣,Taluk Du,
15.46087462,99.88902076,泰國,烏泰他尼府,塔貪縣,Thap Than,
15.44997346,99.92373984,泰國,烏泰他尼府,塔貪縣,Thung Na Thai,
15.27270134,99.58712313,泰國,烏泰他尼府,會科縣,Huai Khot,
15.27416971,99.64253613,泰國,烏泰他尼府,會科縣,Suk Ruethai,
15.31972783,99.4771428,泰國,烏泰他尼府,會科縣,Thong Lang,
15.59210098,99.71233927,泰國,烏泰他尼府,沙旺阿隆縣,Bo Yang,
15.61961882,99.8997662,泰國,烏泰他尼府,沙旺阿隆縣,Nong Luang,
15.63157109,99.72063694,泰國,烏泰他尼府,沙旺阿隆縣,Phai Khiao,
15.55683526,99.73270815,泰國,烏泰他尼府,沙旺阿隆縣,Phluang Song Nang,
15.56576702,99.84496347,泰國,烏泰他尼府,沙旺阿隆縣,Sawang Arom,
15.4084237,100.00616029,泰國,烏泰他尼府,烏泰他尼府治縣,Don Khwang,
15.40179702,100.08499427,泰國,烏泰他尼府,烏泰他尼府治縣,Hat Thanong,
15.36837853,100.0765735,泰國,烏泰他尼府,烏泰他尼府治縣,Ko Thepho,
15.35173398,100.03344758,泰國,烏泰他尼府,烏泰他尼府治縣,Nam Suem,
15.47379525,100.02544943,泰國,烏泰他尼府,烏泰他尼府治縣,Noen Chaeng,
15.45807409,100.00404043,泰國,烏泰他尼府,烏泰他尼府治縣,Non Lek,
15.42643673,99.9742943,泰國,烏泰他尼府,烏泰他尼府治縣,Nong Kae,
15.43942797,100.02339535,泰國,烏泰他尼府,烏泰他尼府治縣,Nong Phai Baen,
15.3945737,99.96410192,泰國,烏泰他尼府,烏泰他尼府治縣,Nong Phang Kha,
15.45393579,99.97176901,泰國,烏泰他尼府,烏泰他尼府治縣,Nong Tao,
15.39590337,100.05174148,泰國,烏泰他尼府,烏泰他尼府治縣,Sakae Krang,
15.31100353,100.05963152,泰國,烏泰他尼府,烏泰他尼府治縣,Tha Sung,
15.48435908,99.9718602,泰國,烏泰他尼府,烏泰他尼府治縣,Thung Yai,
15.38105656,100.02671444,泰國,烏泰他尼府,烏泰他尼府治縣,Uthai Mai,
15.0276958,99.55542823,泰國,烏泰他尼府,班賴縣,Ban Bueng,
15.2228745,99.67338114,泰國,烏泰他尼府,班賴縣,Ban Mai Khlong Khian,
15.04373852,99.47955316,泰國,烏泰他尼府,班賴縣,Ban Rai,
15.15043447,99.43231411,泰國,烏泰他尼府,班賴縣,Chao Wat,
15.13835693,99.66780278,泰國,烏泰他尼府,班賴縣,Hu Chang,
15.16318466,99.55283832,泰國,烏泰他尼府,班賴縣,Huai Haeng,
15.29330479,99.16847545,泰國,烏泰他尼府,班賴縣,Kaen Makrut,
15.25964194,99.39038758,泰國,烏泰他尼府,班賴縣,Khok Khwai,
15.18116702,99.69684523,泰國,烏泰他尼府,班賴縣,Mueang Karung,
15.06795846,99.74877439,泰國,烏泰他尼府,班賴縣,Nong Bom Kluai,
15.04730654,99.68269403,泰國,烏泰他尼府,班賴縣,Nong Chok,
15.05401537,99.60178151,泰國,烏泰他尼府,班賴縣,Thap Luang,
15.27740309,99.71576709,泰國,烏泰他尼府,班賴縣,Wang Hin,
15.5154528,99.5195461,泰國,烏泰他尼府,蘭薩縣,Lan Sak,
15.53175989,99.60621419,泰國,烏泰他尼府,蘭薩縣,Nam Rop,
15.40367013,99.52162829,泰國,烏泰他尼府,蘭薩縣,Pa O,
15.45106999,99.64744519,泰國,烏泰他尼府,蘭薩縣,Pradu Yuen,
15.53828491,99.33151112,泰國,烏泰他尼府,蘭薩縣,Rabam,
15.38538195,99.60610219,泰國,烏泰他尼府,蘭薩縣,Thung Na Ngam,
15.42706946,99.87362099,泰國,烏泰他尼府,農倉縣,Ban Kao,
15.31855899,99.68311237,泰國,烏泰他尼府,農倉縣,Khao Bang Kraek,
15.39082846,99.68749799,泰國,烏泰他尼府,農倉縣,Khao Kwang Thong,
15.39296128,99.86475109,泰國,烏泰他尼府,農倉縣,Nong Chang,
15.33891275,99.86680443,泰國,烏泰他尼府,農倉縣,Nong Nang Nuan,
15.38177926,99.82131159,泰國,烏泰他尼府,農倉縣,Nong Suang,
15.34319898,99.81353977,泰國,烏泰他尼府,農倉縣,Nong Yang,
15.36474562,99.74659108,泰國,烏泰他尼府,農倉縣,Thung Pho,
15.42328904,99.83038038,泰國,烏泰他尼府,農倉縣,Thung Phong,
15.40764129,99.79814412,泰國,烏泰他尼府,農倉縣,Uthai Kao,
15.39389166,99.9162761,泰國,烏泰他尼府,農卡揚縣,Don Kloi,
15.30934485,99.91554562,泰國,烏泰他尼府,農卡揚縣,Dong Khwang,
15.37231197,99.90849644,泰國,烏泰他尼府,農卡揚縣,Huai Rop,
15.31355358,100.00383127,泰國,烏泰他尼府,農卡揚縣,Lum Khao,
15.3377782,99.99056009,泰國,烏泰他尼府,農卡揚縣,Mok Thaeo,
15.35338041,99.95346678,泰國,烏泰他尼府,農卡揚縣,Nong Khayang,
15.34284261,99.91590349,泰國,烏泰他尼府,農卡揚縣,Nong Phai,
15.36928434,99.98401564,泰國,烏泰他尼府,農卡揚縣,Tha Pho,
15.41991435,99.91819691,泰國,烏泰他尼府,農卡揚縣,Thung Phueng,
17.62420124,103.19047536,泰國,烏隆塔尼,Ban Dung,Ban Chai,
17.82027152,103.33290226,泰國,烏隆塔尼,Ban Dung,Ban Chan,
17.72441068,103.22754847,泰國,烏隆塔尼,Ban Dung,Ban Dung,
17.71262147,103.36078593,泰國,烏隆塔尼,Ban Dung,Ban Muang,
17.57289377,103.24774648,泰國,烏隆塔尼,Ban Dung,Ban Tat,
17.63727584,103.37890787,泰國,烏隆塔尼,Ban Dung,Dong Yen,
17.67098058,103.14102659,泰國,烏隆塔尼,Ban Dung,Na Kham,
17.7679871,103.1702325,泰國,烏隆塔尼,Ban Dung,Na Mai,
17.59166689,103.30572925,泰國,烏隆塔尼,Ban Dung,Om Ko,
17.66846633,103.29471178,泰國,烏隆塔尼,Ban Dung,Phon Sung,
17.68373579,103.25852342,泰國,烏隆塔尼,Ban Dung,Si Suttho,
17.83825879,103.22562186,泰國,烏隆塔尼,Ban Dung,Thon Na Lap,
17.75883863,103.31950112,泰國,烏隆塔尼,Ban Dung,Wang Thong,
17.74354554,102.44479892,泰國,烏隆塔尼,Ban Phue,Ban Kho,
17.69146084,102.45101652,泰國,烏隆塔尼,Ban Phue,Ban Phue,
17.60932724,102.37425488,泰國,烏隆塔尼,Ban Phue,Champa Mong,
17.69349178,102.53309266,泰國,烏隆塔尼,Ban Phue,Hai Sok,
17.57591567,102.53146371,泰國,烏隆塔尼,Ban Phue,Kham Bong,
17.8829961,102.32854768,泰國,烏隆塔尼,Ban Phue,Kham Duang,
17.61193229,102.4201916,泰國,烏隆塔尼,Ban Phue,Khao San,
17.56599223,102.64383864,泰國,烏隆塔尼,Ban Phue,Khuea Nam,
17.78259247,102.37157557,泰國,烏隆塔尼,Ban Phue,Klang Yai,
17.69077661,102.35788891,泰國,烏隆塔尼,Ban Phue,Mueang Phan,
17.5803183,102.45959311,泰國,烏隆塔尼,Ban Phue,Non Thong,
17.60042326,102.58773613,泰國,烏隆塔尼,Ban Phue,Nong Hua Khu,
17.51322148,102.39348852,泰國,烏隆塔尼,Ban Phue,Nong Waeng,
17.28729863,103.23200274,泰國,烏隆塔尼,Chai Wan,Chai Wan,
17.21255167,103.34483761,泰國,烏隆塔尼,Chai Wan,Kham Lo,
17.24208572,103.20575407,泰國,烏隆塔尼,Chai Wan,Nong Lak,
17.17169195,103.26677846,泰國,烏隆塔尼,Chai Wan,Phon Sung,
17.1484363,103.17254353,泰國,烏隆塔尼,Ku Kaeo,Ban Chiet,
17.21431052,103.14777362,泰國,烏隆塔尼,Ku Kaeo,Kho Yai,
17.16548422,103.12739844,泰國,烏隆塔尼,Ku Kaeo,Khon Sai,
17.16524356,103.20266034,泰國,烏隆塔尼,Ku Kaeo,Non Thong In,
17.15323885,103.07225175,泰國,烏隆塔尼,Kumphawapi,Chae Lae,
17.19084333,103.01004099,泰國,烏隆塔尼,Kumphawapi,Chiang Wae,
17.049643,102.93253132,泰國,烏隆塔尼,Kumphawapi,Huai Koeng,
17.11148076,103.01037618,泰國,烏隆塔尼,Kumphawapi,Kumphawapi,
17.03305908,102.97996035,泰國,烏隆塔尼,Kumphawapi,Nong Wa,
17.05446121,102.89615119,泰國,烏隆塔尼,Kumphawapi,Pakho,
17.17483212,102.94077183,泰國,烏隆塔尼,Kumphawapi,Pha Suk,
17.13618078,102.93795452,泰國,烏隆塔尼,Kumphawapi,Phan Don,
16.9995339,103.03889354,泰國,烏隆塔尼,Kumphawapi,Si-O,
17.2028556,102.87266058,泰國,烏隆塔尼,Kumphawapi,Soe Phloe,
16.9331856,103.06356395,泰國,烏隆塔尼,Kumphawapi,Tha Li,
17.08489034,102.96279799,泰國,烏隆塔尼,Kumphawapi,Tum Tai,
17.08980975,103.07941164,泰國,烏隆塔尼,Kumphawapi,Wiang Kham,
17.4914439,102.65293313,泰國,烏隆塔尼,Kut Chap,Chiang Pheng,
17.40308113,102.46406141,泰國,烏隆塔尼,Kut Chap,Khon Yung,
17.38257344,102.51473864,泰國,烏隆塔尼,Kut Chap,Kut Chap,
17.41049272,102.57550458,泰國,烏隆塔尼,Kut Chap,Mueang Phia,
17.48762195,102.58040076,泰國,烏隆塔尼,Kut Chap,Pakho,
17.47808652,102.5075301,泰國,烏隆塔尼,Kut Chap,Sang Ko,
17.44082297,102.42870919,泰國,烏隆塔尼,Kut Chap,Tan Lian,
17.34599582,102.7972957,泰國,烏隆塔尼,Mueang Udon Thani,Ban Chan,
17.54768895,102.74417828,泰國,烏隆塔尼,Mueang Udon Thani,Ban Khao,
17.42461878,102.75930303,泰國,烏隆塔尼,Mueang Udon Thani,Ban Lueam,
17.27626923,102.76865143,泰國,烏隆塔尼,Mueang Udon Thani,Ban Tat,
17.4087207,102.69635213,泰國,烏隆塔尼,Mueang Udon Thani,Chiang Phin,
17.44839525,102.68420682,泰國,烏隆塔尼,Mueang Udon Thani,Chiang Yuen,
17.35472087,102.63675944,泰國,烏隆塔尼,Mueang Udon Thani,Khok Sa-At,
17.49003456,102.84006885,泰國,烏隆塔尼,Mueang Udon Thani,Kut Sa,
17.41134645,102.79167598,泰國,烏隆塔尼,Mueang Udon Thani,Mak Khaeng,
17.4686864,102.7706594,泰國,烏隆塔尼,Mueang Udon Thani,Mu Mon,
17.3594056,102.74510972,泰國,烏隆塔尼,Mueang Udon Thani,Na Di,
17.53914769,102.84990253,泰國,烏隆塔尼,Mueang Udon Thani,Na Kha,
17.51189135,102.73526788,泰國,烏隆塔尼,Mueang Udon Thani,Na Kwang,
17.36575699,102.68704097,泰國,烏隆塔尼,Mueang Udon Thani,Nikhom Songkhro,
17.28550436,102.84733594,泰國,烏隆塔尼,Mueang Udon Thani,Non Sung,
17.40490964,102.82297057,泰國,烏隆塔尼,Mueang Udon Thani,Nong Bua,
17.26962444,102.6938939,泰國,烏隆塔尼,Mueang Udon Thani,Nong Hai,
17.3532791,102.84261019,泰國,烏隆塔尼,Mueang Udon Thani,Nong Khon Kwang,
17.36745064,102.89645859,泰國,烏隆塔尼,Mueang Udon Thani,Nong Na Kham,
17.25646103,102.89560046,泰國,烏隆塔尼,Mueang Udon Thani,Nong Phai,
17.4475223,102.89145737,泰國,烏隆塔尼,Mueang Udon Thani,Sam Phrao,
17.86303277,102.12103877,泰國,烏隆塔尼,Na Yung,Ban Kong,
17.96986845,102.07904526,泰國,烏隆塔尼,Na Yung,Na Khae,
17.91561668,102.2131775,泰國,烏隆塔尼,Na Yung,Na Yung,
17.97435596,102.19187238,泰國,烏隆塔尼,Na Yung,Non Thong,
17.68324124,102.18772526,泰國,烏隆塔尼,Nam Som,Ban Yuak,
17.74191669,102.22717877,泰國,烏隆塔尼,Nam Som,Na Ngua,
17.72976632,102.08630849,泰國,烏隆塔尼,Nam Som,Nam Som,
17.81851107,102.27168021,泰國,烏隆塔尼,Nam Som,Nong Waeng,
17.73621665,102.28940813,泰國,烏隆塔尼,Nam Som,Samakkhi,
17.75612383,102.17558771,泰國,烏隆塔尼,Nam Som,Si Samran,
17.82711764,102.20402318,泰國,烏隆塔尼,Nam Som,Som Yiam,
16.96801783,102.98340035,泰國,烏隆塔尼,Non Sa-At,Bung Kaeo,
16.91373133,102.87357521,泰國,烏隆塔尼,Non Sa-At,Khok Klang,
16.96902938,102.89796494,泰國,烏隆塔尼,Non Sa-At,Non Sa-At,
17.05002831,102.7685391,泰國,烏隆塔尼,Non Sa-At,Nong Kung Si,
16.97738393,102.83833144,泰國,烏隆塔尼,Non Sa-At,Pho Si Samran,
16.88722609,102.95836897,泰國,烏隆塔尼,Non Sa-At,Thom Na Ngam,
17.39959602,103.22855633,泰國,烏隆塔尼,Nong Han,Ban Chiang,
17.39541994,103.2726449,泰國,烏隆塔尼,Nong Han,Ban Ya,
17.42276429,102.99349388,泰國,烏隆塔尼,Nong Han,Don Hai Sok,
17.37812633,103.09210415,泰國,烏隆塔尼,Nong Han,Nong Han,
17.35323744,103.1688215,泰國,烏隆塔尼,Nong Han,Nong Mek,
17.31493931,103.07890322,泰國,烏隆塔尼,Nong Han,Nong Phai,
17.34919471,103.25610266,泰國,烏隆塔尼,Nong Han,Nong Sa Pla,
17.33110729,103.01068165,泰國,烏隆塔尼,Nong Han,Phak Top,
17.25629393,103.11876622,泰國,烏隆塔尼,Nong Han,Phang Ngu,
17.36035035,102.9686058,泰國,烏隆塔尼,Nong Han,Phon Ngam,
17.45446785,103.11438864,泰國,烏隆塔尼,Nong Han,Sabaeng,
17.43111222,103.06229247,泰國,烏隆塔尼,Nong Han,Soi Phrao,
17.08131574,102.84389063,泰國,烏隆塔尼,Nong Saeng,Na Di,
17.17238829,102.836798,泰國,烏隆塔尼,Nong Saeng,Nong Saeng,
17.11541471,102.77561525,泰國,烏隆塔尼,Nong Saeng,Saeng Sawang,
17.18222615,102.73716284,泰國,烏隆塔尼,Nong Saeng,Thap Kung,
17.06248787,102.65042254,泰國,烏隆塔尼,Nong Wua So,Kut Mak Fai,
17.23786445,102.62878465,泰國,烏隆塔尼,Nong Wua So,Mak Ya,
17.31767343,102.50854572,泰國,烏隆塔尼,Nong Wua So,Nam Phon,
17.14005514,102.58761789,泰國,烏隆塔尼,Nong Wua So,Non Wai,
17.3155116,102.61616699,泰國,烏隆塔尼,Nong Wua So,Nong Bua Ban,
17.1925839,102.55889545,泰國,烏隆塔尼,Nong Wua So,Nong O,
17.28584841,102.58108084,泰國,烏隆塔尼,Nong Wua So,Nong Wua So,
17.09234914,102.59539455,泰國,烏隆塔尼,Nong Wua So,Up Mung,
17.68666721,103.04114046,泰國,烏隆塔尼,Phen,Ban Lao,
17.71507285,102.8604632,泰國,烏隆塔尼,Phen,Ban That,
17.61549122,102.8476819,泰國,烏隆塔尼,Phen,Chiang Wang,
17.83312465,102.90069413,泰國,烏隆塔尼,Phen,Chom Si,
17.74616533,102.94550858,泰國,烏隆塔尼,Phen,Khok Klang,
17.54695882,102.97594951,泰國,烏隆塔尼,Phen,Na Bua,
17.59374007,102.75664224,泰國,烏隆塔尼,Phen,Na Phu,
17.67277498,102.93578426,泰國,烏隆塔尼,Phen,Phen,
17.51476195,102.94142372,泰國,烏隆塔尼,Phen,Sang Paen,
17.60369028,102.98468609,泰國,烏隆塔尼,Phen,Sum Sao,
17.63074888,103.06614788,泰國,烏隆塔尼,Phen,Tao Hai,
17.53581622,103.05797691,泰國,烏隆塔尼,Phibun Rak,Ban Daeng,
17.47811517,103.02317881,泰國,烏隆塔尼,Phibun Rak,Don Kloi,
17.56283918,103.12063164,泰國,烏隆塔尼,Phibun Rak,Na Sai,
17.23893624,102.93421259,泰國,烏隆塔尼,Prachaksinlapakhom,Huai Sam Phat,
17.25721418,102.97494004,泰國,烏隆塔尼,Prachaksinlapakhom,Na Muang,
17.23497546,103.05686356,泰國,烏隆塔尼,Prachaksinlapakhom,Um Chan,
17.73740514,103.09901833,泰國,烏隆塔尼,Sang Khom,Ban Hin Ngom,
17.78655632,103.00665429,泰國,烏隆塔尼,Sang Khom,Ban Khok,
17.73517242,103.04040531,泰國,烏隆塔尼,Sang Khom,Ban Yuat,
17.86460542,103.04512652,泰國,烏隆塔尼,Sang Khom,Chiang Da,
17.83518941,103.03977441,泰國,烏隆塔尼,Sang Khom,Na Sa-At,
17.81351906,103.08957625,泰國,烏隆塔尼,Sang Khom,Sang Khom,
16.99621196,103.10527045,泰國,烏隆塔尼,Si That,Ban Prong,
17.018884,103.17117398,泰國,烏隆塔尼,Si That,Champi,
17.08291509,103.28305617,泰國,烏隆塔尼,Si That,Hua Na Kham,
16.96450717,103.28435039,泰國,烏隆塔尼,Si That,Na Yung,
17.01728566,103.31096459,泰國,烏隆塔尼,Si That,Nong Nok Khian,
16.98585196,103.21074645,泰國,烏隆塔尼,Si That,Si That,
17.0531214,103.12140602,泰國,烏隆塔尼,Si That,Tat Thong,
17.55474319,103.19892088,泰國,烏隆塔尼,Thung Fon,Na Chum Saeng,
17.53388096,103.17381338,泰國,烏隆塔尼,Thung Fon,Na Thom,
17.49402881,103.26375525,泰國,烏隆塔尼,Thung Fon,Thung Fon,
17.47389899,103.1737569,泰國,烏隆塔尼,Thung Fon,Thung Yai,
17.08454731,103.40557698,泰國,烏隆塔尼,Wang Sam Mo,Bayao,
16.87976741,103.4257679,泰國,烏隆塔尼,Wang Sam Mo,Kham Khok Sung,
17.01977437,103.47216981,泰國,烏隆塔尼,Wang Sam Mo,Nong Kung Thap Ma,
16.95922485,103.36501661,泰國,烏隆塔尼,Wang Sam Mo,Nong Ya Sai,
17.13463666,103.53692889,泰國,烏隆塔尼,Wang Sam Mo,Pha Suk,
16.9397409,103.45534263,泰國,烏隆塔尼,Wang Sam Mo,Wang Sam Mo,
15.48899707,101.78589312,泰國,猜也蓬府,乍都拉縣,Ban Kham,
15.54300096,101.87136814,泰國,猜也蓬府,乍都拉縣,Ban Kok,
15.58404737,101.79407543,泰國,猜也蓬府,乍都拉縣,Kut Nam Sai,
15.63076284,101.94148374,泰國,猜也蓬府,乍都拉縣,Lahan,
15.66153171,101.84455457,泰國,猜也蓬府,乍都拉縣,Nong Bua Ban,
15.44763056,101.85724755,泰國,猜也蓬府,乍都拉縣,Nong Bua Khok,
15.57184784,101.88761175,泰國,猜也蓬府,乍都拉縣,Nong Bua Yai,
15.54862485,101.76507062,泰國,猜也蓬府,乍都拉縣,Nong Don,
15.69936748,101.80073756,泰國,猜也蓬府,乍都拉縣,Som Poi,
15.90050113,102.23677263,泰國,猜也蓬府,坤沙萬縣,Ban Sok,
16.01893331,102.29146304,泰國,猜也蓬府,坤沙萬縣,Chong Sam Mo,
15.99230342,102.21920513,泰國,猜也蓬府,坤沙萬縣,Huai Rai,
15.95384552,102.2583435,泰國,猜也蓬府,坤沙萬縣,Khok Mang Ngoi,
15.92957232,102.32737035,泰國,猜也蓬府,坤沙萬縣,Khon Sawan,
15.81215273,102.27306277,泰國,猜也蓬府,坤沙萬縣,Non Sa-At,
15.85125533,102.2646336,泰國,猜也蓬府,坤沙萬縣,Nong Kham,
15.99232077,102.33922782,泰國,猜也蓬府,坤沙萬縣,Si Samran,
15.88462183,102.30865527,泰國,猜也蓬府,坤沙萬縣,Yang Wai,
15.63420647,102.02148963,泰國,猜也蓬府,嫩沙雅縣,Kahat,
15.5586283,101.96745387,泰國,猜也蓬府,嫩沙雅縣,Nong Chim,
15.4839125,101.96316887,泰國,猜也蓬府,嫩沙雅縣,Rang Ngam,
15.54570102,102.02676803,泰國,猜也蓬府,嫩沙雅縣,Ta Noen,
16.07629944,101.43157259,泰國,猜也蓬府,帕滴春蓬縣,Ban Chiang,
15.88858867,101.39820614,泰國,猜也蓬府,帕滴春蓬縣,Chao Thong,
15.99540191,101.41970129,泰國,猜也蓬府,帕滴春蓬縣,Laem Thong,
15.79784741,101.37443202,泰國,猜也蓬府,帕滴春蓬縣,Wang Thong,
16.17939125,102.31956167,泰國,猜也蓬府,庚克羅縣,Ban Kaeng,
16.10067974,102.24062607,泰國,猜也蓬府,庚克羅縣,Chong Sam Mo,
16.05428639,102.07325318,泰國,猜也蓬府,庚克羅縣,Kao Ya Di,
16.11223066,102.15519905,泰國,猜也蓬府,庚克羅縣,Khok Kung,
16.20604276,102.25576066,泰國,猜也蓬府,庚克羅縣,Lup Kha,
16.03530259,102.16048892,泰國,猜也蓬府,庚克羅縣,Na Nong Thum,
16.16420112,102.17565188,泰國,猜也蓬府,庚克羅縣,Nong Kham,
16.13368636,102.27447732,泰國,猜也蓬府,庚克羅縣,Nong Phai,
16.24171534,102.35404988,泰國,猜也蓬府,庚克羅縣,Nong Sang,
16.15188098,102.09699474,泰國,猜也蓬府,庚克羅縣,Tha Mafai Wan,
16.30108974,102.30659419,泰國,猜也蓬府,普膠縣,Ban Don,
16.4209381,102.04596729,泰國,猜也蓬府,普膠縣,Ban Kaeng,
16.34770647,102.25656173,泰國,猜也蓬府,普膠縣,Ban Phet,
16.47474314,102.11762904,泰國,猜也蓬府,普膠縣,Khok Sa-At,
16.4171975,102.20168961,泰國,猜也蓬府,普膠縣,Kut Yom,
16.28140003,102.23182077,泰國,猜也蓬府,普膠縣,Kwang Chon,
16.45641063,102.18558764,泰國,猜也蓬府,普膠縣,Nong Khon Thai,
16.32762766,102.08866007,泰國,猜也蓬府,普膠縣,Nong Tum,
16.34657985,102.18317277,泰國,猜也蓬府,普膠縣,O Lo,
16.34830883,102.13532301,泰國,猜也蓬府,普膠縣,Phak Pang,
16.23221997,102.16047586,泰國,猜也蓬府,普膠縣,That Thong,
15.61009358,101.57821268,泰國,猜也蓬府,沙艾縣,Sap Yai,
15.56712141,101.6647365,泰國,猜也蓬府,沙艾縣,Tako Thong,
15.63868454,101.68477807,泰國,猜也蓬府,沙艾縣,Tha Kup,
15.66875246,102.03769234,泰國,猜也蓬府,猜也蓬府治縣,Ban Khai,
15.87171575,102.05992657,泰國,猜也蓬府,猜也蓬府治縣,Ban Lao,
15.76204166,102.08003249,泰國,猜也蓬府,猜也蓬府治縣,Bung Khla,
15.74962748,101.97535097,泰國,猜也蓬府,猜也蓬府治縣,Chilong,
15.85069734,102.16709939,泰國,猜也蓬府,猜也蓬府治縣,Huai Bong,
15.94927007,101.89197929,泰國,猜也蓬府,猜也蓬府治縣,Huai Ton,
15.84087752,101.94539399,泰國,猜也蓬府,猜也蓬府治縣,Khok Sung,
15.7820896,102.14635664,泰國,猜也蓬府,猜也蓬府治縣,Kut Tum,
15.79949467,102.21276455,泰國,猜也蓬府,猜也蓬府治縣,Lat Yai,
15.93769538,102.01223059,泰國,猜也蓬府,猜也蓬府治縣,Na Fai,
15.9374366,102.10471687,泰國,猜也蓬府,猜也蓬府治縣,Na Siao,
15.8079923,102.0342385,泰國,猜也蓬府,猜也蓬府治縣,Nai Mueang,
15.66232296,102.09399875,泰國,猜也蓬府,猜也蓬府治縣,Non Samran,
15.74222921,102.02235386,泰國,猜也蓬府,猜也蓬府治縣,Nong Na Saeng,
15.70963635,102.09145124,泰國,猜也蓬府,猜也蓬府治縣,Nong Phai,
15.85141908,102.10718916,泰國,猜也蓬府,猜也蓬府治縣,Phon Thong,
15.82593699,102.01304599,泰國,猜也蓬府,猜也蓬府治縣,Rop Mueang,
16.13871132,102.02995393,泰國,猜也蓬府,猜也蓬府治縣,Sap Si Thong,
16.01919664,101.99392386,泰國,猜也蓬府,猜也蓬府治縣,Tha Hin Ngom,
15.51799307,101.65337341,泰國,猜也蓬府,班內那隆縣,Ban Chuan,
15.43656308,101.69797645,泰國,猜也蓬府,班內那隆縣,Ban Phet,
15.4876485,101.74771161,泰國,猜也蓬府,班內那隆縣,Ban Tan,
15.42345145,101.75851829,泰國,猜也蓬府,班內那隆縣,Hua Thale,
15.48711265,101.57000682,泰國,猜也蓬府,班內那隆縣,Khok Phet Phatthana,
15.40391383,101.61566682,泰國,猜也蓬府,班內那隆縣,Khok Roeng Rom,
15.49623509,101.61476672,泰國,猜也蓬府,班內那隆縣,Ko Manao,
16.35048983,102.38557312,泰國,猜也蓬府,班滕縣,Ban Tao,
16.40536199,102.34870562,泰國,猜也蓬府,班滕縣,Ban Thaen,
16.30354747,102.37451372,泰國,猜也蓬府,班滕縣,Nong Khu,
16.39975067,102.4174222,泰國,猜也蓬府,班滕縣,Sa Phang,
16.41351616,102.27363627,泰國,猜也蓬府,班滕縣,Sam Suan,
15.74779838,101.89550527,泰國,猜也蓬府,班考縣,Ban Khwao,
15.8680938,101.75730872,泰國,猜也蓬府,班考縣,Chi Bon,
15.70167916,101.93143551,泰國,猜也蓬府,班考縣,Lum Lam Chi,
15.79697956,101.9156427,泰國,猜也蓬府,班考縣,Non Daeng,
15.92411428,101.77834414,泰國,猜也蓬府,班考縣,Phu Laen Kha,
15.82239839,101.85574435,泰國,猜也蓬府,班考縣,Talat Raeng,
16.23808368,101.90289977,泰國,猜也蓬府,甲色頌汶縣,Ban Bua,
16.08966765,101.90439146,泰國,猜也蓬府,甲色頌汶縣,Ban Duea,
16.3057549,102.02675497,泰國,猜也蓬府,甲色頌汶縣,Ban Han,
16.37432049,101.95072995,泰國,猜也蓬府,甲色頌汶縣,Ban Pao,
16.28277061,101.90029641,泰國,猜也蓬府,甲色頌汶縣,Ban Yang,
16.31747315,101.94387431,泰國,猜也蓬府,甲色頌汶縣,Kut Lo,
16.16789904,101.95562365,泰國,猜也蓬府,甲色頌汶縣,Non Kok,
16.37945483,101.79860513,泰國,猜也蓬府,甲色頌汶縣,Non Thong,
16.16830649,101.86869085,泰國,猜也蓬府,甲色頌汶縣,Nong Kha,
16.43502312,101.87703705,泰國,猜也蓬府,甲色頌汶縣,Nong Phon Ngam,
16.23860733,101.98716895,泰國,猜也蓬府,甲色頌汶縣,Sa Phon Thong,
16.58584745,101.95475817,泰國,猜也蓬府,空珊縣,Dong Bang,
16.53331878,101.98375511,泰國,猜也蓬府,空珊縣,Dong Klang,
16.52776332,101.89531874,泰國,猜也蓬府,空珊縣,Huai Yang,
16.60964059,101.92450772,泰國,猜也蓬府,空珊縣,Khon San,
16.48860393,102.01323984,泰國,猜也蓬府,空珊縣,Non Khun,
16.52261964,101.63419011,泰國,猜也蓬府,空珊縣,Thung Lui Lai,
16.59046659,101.86356687,泰國,猜也蓬府,空珊縣,Thung Na Lao,
16.64491545,101.7098852,泰國,猜也蓬府,空珊縣,Thung Phra,
15.58849442,101.43887643,泰國,猜也蓬府,貼沙提縣,Ban Rai,
15.47272576,101.50356569,泰國,猜也蓬府,貼沙提縣,Huai Yai Chio,
15.68719849,101.5138125,泰國,猜也蓬府,貼沙提縣,Na Yang Klak,
15.78125692,101.48950499,泰國,猜也蓬府,貼沙提縣,Pong Nok,
15.42378982,101.43037725,泰國,猜也蓬府,貼沙提縣,Wa Tabaek,
15.91291994,101.64435884,泰國,猜也蓬府,農博拉韋縣,Huai Yae,
15.77821035,101.69693369,泰國,猜也蓬府,農博拉韋縣,Khok Sa-At,
15.75290904,101.77935461,泰國,猜也蓬府,農博拉韋縣,Nong Bua Rawe,
15.71801702,101.70125632,泰國,猜也蓬府,農博拉韋縣,Sok Pla Duk,
15.85422421,101.56300186,泰國,猜也蓬府,農博拉韋縣,Wang Takhe,
16.01212347,101.72420071,泰國,猜也蓬府,農博登縣,Khu Mueang,
16.02301188,101.82703143,泰國,猜也蓬府,農博登縣,Kut Chum Saeng,
16.2800964,101.51900492,泰國,猜也蓬府,農博登縣,Nang Daet,
16.2321048,101.781539,泰國,猜也蓬府,農博登縣,Nong Bua Daeng,
16.23695603,101.68983622,泰國,猜也蓬府,農博登縣,Nong Waeng,
16.02895732,101.6239224,泰國,猜也蓬府,農博登縣,Tha Yai,
16.0896757,101.50071918,泰國,猜也蓬府,農博登縣,Tham Wua Daeng,
16.12644145,101.57734421,泰國,猜也蓬府,農博登縣,Wang Chomphu,
15.03660213,99.79372451,泰國,猜納府,嫩堪縣,Kabok Tia,
14.96527569,99.9006131,泰國,猜納府,嫩堪縣,Noen Kham,
14.96613016,99.80702062,泰國,猜納府,嫩堪縣,Suk Duean Ha,
15.1485874,100.19736324,泰國,猜納府,沙帕亞縣,Bang Luang,
15.16953238,100.26545751,泰國,猜納府,沙帕亞縣,Hat Asa,
15.14254406,100.31454086,泰國,猜納府,沙帕亞縣,Khao Kaeo,
15.10930274,100.29713696,泰國,猜納府,沙帕亞縣,Pho Nang Dam Ok,
15.0851203,100.27087672,泰國,猜納府,沙帕亞縣,Pho Nang Dam Tok,
15.12910037,100.2328284,泰國,猜納府,沙帕亞縣,Sapphaya,
15.20036726,100.21474174,泰國,猜納府,沙帕亞縣,Taluk,
14.94013337,99.99692017,泰國,猜納府,漢卡縣,Ban Chian,
15.02443926,99.93648239,泰國,猜納府,漢卡縣,Den Yai,
15.0137415,99.99338728,泰國,猜納府,漢卡縣,Hankha,
15.09741886,100.04204924,泰國,猜納府,漢卡縣,Huai Ngu,
15.11459836,99.94582059,泰國,猜納府,漢卡縣,Nong Saeng,
15.08290125,99.85968321,泰國,猜納府,漢卡縣,Phrai Nok Yung,
15.06288745,100.02683939,泰國,猜納府,漢卡縣,Sam Ngam Tha Bot,
14.996305,100.05673986,泰國,猜納府,漢卡縣,Wang Kai Thuean,
15.1856558,100.15440582,泰國,猜納府,猜納府治縣,Ban Kluai,
15.12866676,100.15042349,泰國,猜納府,猜納府治縣,Chai Nat,
15.20711115,100.07862276,泰國,猜納府,猜納府治縣,Hat Tha Sao,
15.2208252,100.14213522,泰國,猜納府,猜納府治縣,Khao Tha Phra,
15.18123649,100.12694385,泰國,猜納府,猜納府治縣,Nai Mueang,
15.12936956,100.07602617,泰國,猜納府,猜納府治縣,Nang Lue,
15.23696228,100.23397221,泰國,猜納府,猜納府治縣,Suea Hok,
15.15939653,100.11298198,泰國,猜納府,猜納府治縣,Tha Chai,
15.25016679,100.11136735,泰國,猜納府,猜納府治縣,Thammamun,
15.27771591,99.95442339,泰國,猜納府,瓦辛縣,Bo Rae,
15.22583582,100.03941412,泰國,猜納府,瓦辛縣,Makham Thao,
15.28262513,100.01400442,泰國,猜納府,瓦辛縣,Nong Bua,
15.23534853,99.96915386,泰國,猜納府,瓦辛縣,Nong Khun,
15.17660538,100.01268599,泰國,猜納府,瓦辛縣,Nong Noi,
15.17110933,99.91401617,泰國,猜納府,瓦辛縣,Wang Man,
15.26242622,100.04164533,泰國,猜納府,瓦辛縣,Wat Sing,
14.99111683,100.19539053,泰國,猜納府,訕卡武裏縣,Bang Khut,
14.96328754,100.23875095,泰國,猜納府,訕卡武裏縣,Don Kam,
14.97975833,100.13654757,泰國,猜納府,訕卡武裏縣,Dong Khon,
15.0983005,100.19987277,泰國,猜納府,訕卡武裏縣,Huai Krot,
15.07042162,100.23504418,泰國,猜納府,訕卡武裏縣,Huai Krot Phatthana,
14.99695437,100.24794571,泰國,猜納府,訕卡武裏縣,Pho Ngam,
15.05406423,100.11921331,泰國,猜納府,訕卡武裏縣,Phraek Si Racha,
15.0747603,100.17606001,泰國,猜納府,訕卡武裏縣,Thiang Thae,
15.25379391,99.9038638,泰國,猜納府,農馬蒙縣,Kut Chok,
15.23287625,99.80292318,泰國,猜納府,農馬蒙縣,Nong Mamong,
15.18835705,99.8272347,泰國,猜納府,農馬蒙縣,Saphan Hin,
15.27787298,99.80240805,泰國,猜納府,農馬蒙縣,Wang Takhian,
15.2919865,100.16711887,泰國,猜納府,馬諾魯區,Hang Nam Sakhon,
15.2902662,100.09092344,泰國,猜納府,馬諾魯區,Khung Samphao,
15.33225552,100.2257802,泰國,猜納府,馬諾魯區,Rai Phatthana,
15.35331066,100.1224348,泰國,猜納府,馬諾魯區,Sila Dan,
15.37914968,100.13874894,泰國,猜納府,馬諾魯區,Tha Chanuan,
15.2721507,100.21817231,泰國,猜納府,馬諾魯區,U Taphao,
15.3219318,100.13601361,泰國,猜納府,馬諾魯區,Wat Khok,
16.28421982,99.98887243,泰國,甘烹碧府,Bueng Samakkhi,Bueng Samakkhi,
16.15175242,99.96363915,泰國,甘烹碧府,Bueng Samakkhi,Rahan,
16.17836907,99.91029505,泰國,甘烹碧府,Bueng Samakkhi,Thep Nimit,
16.21706281,99.97308198,泰國,甘烹碧府,Bueng Samakkhi,Wang Cha-On,
15.92697721,99.68108616,泰國,甘烹碧府,Khanu Woralaksaburi,Bo Tham,
16.05616743,99.75349797,泰國,甘烹碧府,Khanu Woralaksaburi,Don Taeng,
16.10348698,99.67701296,泰國,甘烹碧府,Khanu Woralaksaburi,Khong Phai,
16.10558841,99.79011429,泰國,甘烹碧府,Khanu Woralaksaburi,Ko Tan,
16.08957977,99.91547445,泰國,甘烹碧府,Khanu Woralaksaburi,Pa Phutsa,
15.96727049,99.46052417,泰國,甘烹碧府,Khanu Woralaksaburi,Pang Makha,
16.05100489,99.83209712,泰國,甘烹碧府,Khanu Woralaksaburi,Saen To,
15.99169536,99.80372519,泰國,甘烹碧府,Khanu Woralaksaburi,Salok Bat,
16.00205955,99.64512737,泰國,甘烹碧府,Khanu Woralaksaburi,Wang Chaphlu,
16.06519875,99.59333816,泰國,甘烹碧府,Khanu Woralaksaburi,Wang Ham Hae,
16.12095575,99.8523222,泰國,甘烹碧府,Khanu Woralaksaburi,Yang Sung,
16.6899949,99.85535737,泰國,甘烹碧府,Lan Krabue,Bueng Thap Raet,
16.57014918,99.79109542,泰國,甘烹碧府,Lan Krabue,Chanthima,
16.57023245,99.92496339,泰國,甘烹碧府,Lan Krabue,Chong Lom,
16.62503377,99.86137575,泰國,甘烹碧府,Lan Krabue,Lan Krabue,
16.56009611,99.85725257,泰國,甘烹碧府,Lan Krabue,Non Phluang,
16.63972505,99.78029392,泰國,甘烹碧府,Lan Krabue,Nong Luang,
16.53297518,99.9790107,泰國,甘烹碧府,Lan Krabue,Pracha Suksan,
16.78812755,99.58516103,泰國,甘烹碧府,Phran Kratai,Huai Yang,
16.578122,99.6762903,泰國,甘烹碧府,Phran Kratai,Khao Khirit,
16.6540885,99.72384492,泰國,甘烹碧府,Phran Kratai,Khlong Phikrai,
16.65783069,99.66808825,泰國,甘烹碧府,Phran Kratai,Khui Ban Ong,
16.7471902,99.58031933,泰國,甘烹碧府,Phran Kratai,Nong Hua Wua,
16.65720655,99.53897169,泰國,甘烹碧府,Phran Kratai,Phran Kratai,
16.76735824,99.47700882,泰國,甘烹碧府,Phran Kratai,Tha Mai,
16.67856729,99.5755352,泰國,甘烹碧府,Phran Kratai,Tham Kratai Thong,
16.78502001,99.39874819,泰國,甘烹碧府,Phran Kratai,Wang Khuang,
16.70647067,99.70208293,泰國,甘烹碧府,Phran Kratai,Wang Tabaek,
16.51065816,99.80020338,泰國,甘烹碧府,Sai Ngam,Mahachai,
16.45066943,99.82691106,泰國,甘烹碧府,Sai Ngam,Nong Khla,
16.39729358,99.94609961,泰國,甘烹碧府,Sai Ngam,Nong Mae Taeng,
16.47667211,99.96353513,泰國,甘烹碧府,Sai Ngam,Nong Mai Kong,
16.42031862,99.75549086,泰國,甘烹碧府,Sai Ngam,Nong Thong,
16.37830353,99.84394717,泰國,甘烹碧府,Sai Ngam,Phan Thong,
16.47773179,99.89435933,泰國,甘烹碧府,Sai Ngam,Sai Ngam,
16.57290626,99.24503781,泰國,甘烹碧府,戈沙披那空縣,Kosamphi,
16.58263206,99.42778552,泰國,甘烹碧府,戈沙披那空縣,Lan Dokmai Tok,
16.57884444,99.36461653,泰國,甘烹碧府,戈沙披那空縣,Phet Chomphu,
16.28327221,99.46793952,泰國,甘烹碧府,甘烹碧府治縣,Ang Thong,
16.39425279,99.44207544,泰國,甘烹碧府,甘烹碧府治縣,Khlong Mae Lai,
16.36915046,99.69463588,泰國,甘烹碧府,甘烹碧府治縣,Khonthi,
16.63283898,99.44200369,泰國,甘烹碧府,甘烹碧府治縣,Lan Dokmai,
16.44981343,99.33680314,泰國,甘烹碧府,甘烹碧府治縣,Na Bo Kham,
16.47294838,99.52845269,泰國,甘烹碧府,甘烹碧府治縣,Nai Mueang,
16.4695488,99.46912613,泰國,甘烹碧府,甘烹碧府治縣,Nakhon Chum,
16.49150326,99.70127518,泰國,甘烹碧府,甘烹碧府治縣,Nikhom Thung Pho Thale,
16.56561592,99.52120916,泰國,甘烹碧府,甘烹碧府治縣,Nong Pling,
16.51799504,99.59888027,泰國,甘烹碧府,甘烹碧府治縣,Sa Kaeo,
16.52149929,99.42724989,泰國,甘烹碧府,甘烹碧府治縣,Songtham,
16.45329937,99.44846133,泰國,甘烹碧府,甘烹碧府治縣,Tha Khun Ram,
16.32974607,99.62808129,泰國,甘烹碧府,甘烹碧府治縣,Thammarong,
16.42735219,99.61139135,泰國,甘烹碧府,甘烹碧府治縣,Thep Nakhon,
16.3218127,99.5499964,泰國,甘烹碧府,甘烹碧府治縣,Trai Trueng,
16.30878392,99.41051353,泰國,甘烹碧府,甘烹碧府治縣,Wang Thong,
16.26661583,99.634514,泰國,甘烹碧府,空坤縣,Hua Thanon,
16.17744207,99.69800465,泰國,甘烹碧府,空坤縣,Khlong Khlung,
16.24567626,99.54806633,泰國,甘烹碧府,空坤縣,Khlong Sombun,
16.16186173,99.76480292,泰國,甘烹碧府,空坤縣,Mae Lat,
16.25525224,99.75197637,泰國,甘烹碧府,空坤縣,Tha Makhuea,
16.27127924,99.67763839,泰國,甘烹碧府,空坤縣,Tha Phutsa,
16.31179799,99.72751864,泰國,甘烹碧府,空坤縣,Wang Bua,
16.20211833,99.83919441,泰國,甘烹碧府,空坤縣,Wang Khaem,
16.19105939,99.58206643,泰國,甘烹碧府,空坤縣,Wang Sai,
16.22378415,99.78249933,泰國,甘烹碧府,空坤縣,Wang Yang,
16.10701658,99.31265179,泰國,甘烹碧府,空蘭縣,Khlong Lan Phatthana,
16.18533883,99.23435683,泰國,甘烹碧府,空蘭縣,Khlong Nam Lai,
16.36067601,99.1684928,泰國,甘烹碧府,空蘭縣,Pong Nam Ron,
16.29247072,99.26206084,泰國,甘烹碧府,空蘭縣,Sak Ngam,
16.29223152,99.91287964,泰國,甘烹碧府,賽通瓦他那縣,Thawon Watthana,
16.3073853,99.82137328,泰國,甘烹碧府,賽通瓦他那縣,Thung Sai,
16.34447646,99.90602775,泰國,甘烹碧府,賽通瓦他那縣,Thung Thong,
16.09410753,99.45559702,泰國,甘烹碧府,邦是叻通縣,Hin Dat,
15.99541106,99.23323671,泰國,甘烹碧府,邦是叻通縣,Pang Ta Wai,
16.11837887,99.55838296,泰國,甘烹碧府,邦是叻通縣,Pho Thong,
16.01213186,104.26648591,泰國,益梭通府,古春縣,Huai Kaeng,
15.94445721,104.37349034,泰國,益梭通府,古春縣,Kammaet,
16.1041221,104.2637194,泰國,益梭通府,古春縣,Kham Nam Sang,
16.0861604,104.32773973,泰國,益梭通府,古春縣,Kut Chum,
15.97122104,104.31419732,泰國,益梭通府,古春縣,Na So,
16.00638408,104.38770649,泰國,益梭通府,古春縣,Non Pueai,
16.05706256,104.2762661,泰國,益梭通府,古春縣,Nong Mi,
16.16056437,104.24688403,泰國,益梭通府,古春縣,Nong Nae,
16.07854192,104.17161242,泰國,益梭通府,古春縣,Phon Ngam,
15.69851387,104.29217957,泰國,益梭通府,坎寬膠縣,Dong Charoen,
15.57206005,104.39516727,泰國,益梭通府,坎寬膠縣,Dong Khaen Yai,
15.59396336,104.34659855,泰國,益梭通府,坎寬膠縣,Khaen Noi,
15.68231919,104.39932487,泰國,益梭通府,坎寬膠縣,Ku Chan,
15.61130129,104.24845824,泰國,益梭通府,坎寬膠縣,Kut Kung,
15.71619771,104.37698495,泰國,益梭通府,坎寬膠縣,Lao Hai,
15.64356776,104.32287117,泰國,益梭通府,坎寬膠縣,Lumphuk,
15.58233372,104.45532979,泰國,益梭通府,坎寬膠縣,Na Kae,
15.63335864,104.41199657,泰國,益梭通府,坎寬膠縣,Na Kham,
15.67564352,104.26682674,泰國,益梭通府,坎寬膠縣,Phon Than,
15.64647087,104.22148631,泰國,益梭通府,坎寬膠縣,Song Pueai,
15.73913814,104.31258358,泰國,益梭通府,坎寬膠縣,Thung Mon,
15.7004777,104.22873552,泰國,益梭通府,坎寬膠縣,Yo,
15.80190436,104.42733901,泰國,益梭通府,巴刁縣,Chiang Pheng,
15.91948599,104.43611711,泰國,益梭通府,巴刁縣,Khok Na Ko,
15.80665628,104.32027276,泰國,益梭通府,巴刁縣,Krachai,
15.82770257,104.39624624,泰國,益梭通府,巴刁縣,Pho Sai,
15.7760746,104.36123045,泰國,益梭通府,巴刁縣,Si Than,
16.06507465,104.49406724,泰國,益梭通府,泰乍倫縣,Kham Phai,
16.09952479,104.38777065,泰國,益梭通府,泰乍倫縣,Kham Toei,
16.01438423,104.4857873,泰國,益梭通府,泰乍倫縣,Nam Kham,
16.16909656,104.41232216,泰國,益梭通府,泰乍倫縣,Som Pho,
16.06983641,104.43594996,泰國,益梭通府,泰乍倫縣,Thai Charoen,
15.56664679,104.28162828,泰國,益梭通府,瑪哈差那猜縣,Bak Ruea,
15.51202532,104.35840761,泰國,益梭通府,瑪哈差那猜縣,Bueng Kae,
15.51322346,104.25186635,泰國,益梭通府,瑪哈差那猜縣,Fa Yat,
15.56702868,104.20203799,泰國,益梭通府,瑪哈差那猜縣,Hua Mueang,
15.50162318,104.18412705,泰國,益梭通府,瑪哈差那猜縣,Khu Mueang,
15.47314192,104.32363473,泰國,益梭通府,瑪哈差那猜縣,Muang,
15.53827998,104.31343045,泰國,益梭通府,瑪哈差那猜縣,Non Sai,
15.56603087,104.15317685,泰國,益梭通府,瑪哈差那猜縣,Phra Sao,
15.4515579,104.27372733,泰國,益梭通府,瑪哈差那猜縣,Phue Hi,
15.44479033,104.22819055,泰國,益梭通府,瑪哈差那猜縣,Song Yang,
15.94480513,104.06230516,泰國,益梭通府,益梭通府治縣,Doet,
15.88845967,104.06510816,泰國,益梭通府,益梭通府治縣,Du Thung,
15.91841084,104.11874819,泰國,益梭通府,益梭通府治縣,Khan Dai Yai,
15.83490491,104.04391192,泰國,益梭通府,益梭通府治縣,Kho Nuea,
15.73891883,104.15969841,泰國,益梭通府,益梭通府治縣,Khueang Kham,
15.71381947,104.19681835,泰國,益梭通府,益梭通府治縣,Khum Ngoen,
15.89769782,104.24430952,泰國,益梭通府,益梭通府治縣,Na Samai,
15.80106952,104.14668516,泰國,益梭通府,益梭通府治縣,Nai Mueang,
15.82755188,104.16685563,泰國,益梭通府,益梭通府治縣,Nam Kham Yai,
15.86162236,104.28069999,泰國,益梭通府,益梭通府治縣,Nong Hin,
15.7815532,104.25084398,泰國,益梭通府,益梭通府治縣,Nong Khu,
15.87655792,104.33718067,泰國,益梭通府,益梭通府治縣,Nong Pet,
15.85765772,104.20851966,泰國,益梭通府,益梭通府治縣,Nong Ruea,
15.8384555,104.11286197,泰國,益梭通府,益梭通府治縣,Samran,
15.82304907,104.24072888,泰國,益梭通府,益梭通府治縣,Sing,
15.77401399,104.20519861,泰國,益梭通府,益梭通府治縣,Tat Thong,
15.87600737,104.15705487,泰國,益梭通府,益梭通府治縣,Thung Nang Ok,
15.9090457,104.1802943,泰國,益梭通府,益梭通府治縣,Thung Tae,
15.344344,104.40168276,泰國,益梭通府,科旺縣,Fa Huan,
15.36302922,104.33540444,泰國,益梭通府,科旺縣,Kho Wang,
15.41497681,104.35369708,泰國,益梭通府,科旺縣,Kut Nam Sai,
15.39710445,104.28115369,泰國,益梭通府,科旺縣,Nam Om,
15.98341023,104.13714575,泰國,益梭通府,賽蒙縣,Dong Mafai,
16.00352789,104.2003477,泰國,益梭通府,賽蒙縣,Du Lat,
16.07073504,104.12790753,泰國,益梭通府,賽蒙縣,Na Wiang,
15.92418234,104.29494456,泰國,益梭通府,賽蒙縣,Phai,
15.9563912,104.231873,泰國,益梭通府,賽蒙縣,Sai Mun,
16.1589751,104.71315137,泰國,益梭通府,靈諾他縣,Bung Kha,
16.26931145,104.37309444,泰國,益梭通府,靈諾他縣,Hong Saeng,
16.14938722,104.59226153,泰國,益梭通府,靈諾他縣,Khok Samran,
16.31349796,104.44522774,泰國,益梭通府,靈諾他縣,Kut Chiang Mi,
16.2747293,104.51888347,泰國,益梭通府,靈諾他縣,Kut Hae,
16.21712176,104.56194436,泰國,益梭通府,靈諾他縣,Sam Yaek,
16.22773662,104.45269214,泰國,益梭通府,靈諾他縣,Samakkhi,
16.10213045,104.5082783,泰國,益梭通府,靈諾他縣,Sang Ming,
16.16474301,104.5061863,泰國,益梭通府,靈諾他縣,Sawat,
16.18969896,104.33691937,泰國,益梭通府,靈諾他縣,Si Kaeo,
16.70979152,101.71190489,泰國,碧差汶府,南瑙縣,Khok Mon,
16.94229919,101.47803384,泰國,碧差汶府,南瑙縣,Lak Dan,
16.7741945,101.59823346,泰國,碧差汶府,南瑙縣,Nam Nao,
16.91022822,101.60027384,泰國,碧差汶府,南瑙縣,Wang Kwang,
15.60243512,101.224476,泰國,碧差汶府,威遷武里縣,Bo Rang,
15.74909952,101.09480759,泰國,碧差汶府,威遷武里縣,Bueng Krachap,
15.78579722,101.18393025,泰國,碧差汶府,威遷武里縣,Khok Prong,
15.69005488,101.2631739,泰國,碧差汶府,威遷武里縣,Nam Ron,
15.52895003,101.0434377,泰國,碧差汶府,威遷武里縣,Phu Kham,
15.55257761,100.91169003,泰國,碧差汶府,威遷武里縣,Phu Nam Yot,
15.58551514,101.01831634,泰國,碧差汶府,威遷武里縣,Phu Toei,
15.62833743,101.06367764,泰國,碧差汶府,威遷武里縣,Sa Pradu,
15.70984397,101.02812668,泰國,碧差汶府,威遷武里縣,Sam Yaek,
15.67699371,100.88882653,泰國,碧差汶府,威遷武里縣,Sap Noi,
15.65353957,100.98649306,泰國,碧差汶府,威遷武里縣,Sap Sombun,
15.65936826,101.14120017,泰國,碧差汶府,威遷武里縣,Tha Rong,
15.61269397,100.93228587,泰國,碧差汶府,威遷武里縣,Wang Yai,
15.78034852,101.27224593,泰國,碧差汶府,威遷武里縣,Yang Sao,
15.79531214,101.02666697,泰國,碧差汶府,拜桑潘縣,Bueng Sam Phan,
15.83164488,101.10898977,泰國,碧差汶府,拜桑潘縣,Kan Chu,
15.87591692,100.98776749,泰國,碧差汶府,拜桑潘縣,Nong Chaeng,
15.8800504,100.85426726,泰國,碧差汶府,拜桑潘縣,Phaya Wang,
15.88830505,101.27657067,泰國,碧差汶府,拜桑潘縣,Sa Kaeo,
15.7913041,100.92309667,泰國,碧差汶府,拜桑潘縣,Sap Mai Daeng,
15.80613272,100.97608122,泰國,碧差汶府,拜桑潘縣,Sap Samo Thot,
15.81973189,100.8381331,泰國,碧差汶府,拜桑潘縣,Si Mongkhon,
15.75533734,100.85625438,泰國,碧差汶府,拜桑潘縣,Wang Phikun,
16.36983557,100.91425216,泰國,碧差汶府,旺邦縣,Sap Poep,
16.30897688,100.69808666,泰國,碧差汶府,旺邦縣,Thai Dong,
16.38717343,100.75396708,泰國,碧差汶府,旺邦縣,Wang Hin,
16.3456746,100.81358785,泰國,碧差汶府,旺邦縣,Wang Pong,
16.28387855,100.75837347,泰國,碧差汶府,旺邦縣,Wang San,
16.05000461,100.74376697,泰國,碧差汶府,春登縣,Ban Kluai,
16.15884624,100.89640408,泰國,碧差汶府,春登縣,Chon Daen,
16.11810725,100.69436925,泰國,碧差汶府,春登縣,Dong Khui,
15.98137637,100.83850294,泰國,碧差汶府,春登縣,Lat Khae,
16.24706922,100.8957009,泰國,碧差汶府,春登縣,Phutthabat,
16.10176729,100.82525984,泰國,碧差汶府,春登縣,Sala Lai,
16.0357919,100.92599283,泰國,碧差汶府,春登縣,Sap Phutsa,
16.18027161,100.72590624,泰國,碧差汶府,春登縣,Takut Rai,
16.19555541,100.78489346,泰國,碧差汶府,春登縣,Tha Kham,
16.47070576,101.24986194,泰國,碧差汶府,碧差汶府治縣,Ban Khok,
16.34711876,101.05592847,泰國,碧差汶府,碧差汶府治縣,Ban Tok,
16.3473454,101.14838464,泰國,碧差汶府,碧差汶府治縣,Chon Phrai,
16.47786719,101.2028832,泰國,碧差汶府,碧差汶府治縣,Dong Mun Lek,
16.19056988,101.06618925,泰國,碧差汶府,碧差汶府治縣,Huai Sakae,
16.5088943,101.38268079,泰國,碧差汶府,碧差汶府治縣,Huai Yai,
16.50707646,101.14718549,泰國,碧差汶府,碧差汶府治縣,Na Ngua,
16.39358111,101.27939224,泰國,碧差汶府,碧差汶府治縣,Na Pa,
16.22926496,101.23011204,泰國,碧差汶府,碧差汶府治縣,Na Yom,
16.41990815,101.15479042,泰國,碧差汶府,碧差汶府治縣,Nai Mueang,
16.31081415,101.18868318,泰國,碧差汶府,碧差汶府治縣,Nam Ron,
16.44874721,100.97253196,泰國,碧差汶府,碧差汶府治縣,Pa Lao,
16.1460556,101.13738029,泰國,碧差汶府,碧差汶府治縣,Rawing,
16.42285763,101.15028229,泰國,碧差汶府,碧差汶府治縣,Sadiang,
16.32161075,101.29895814,泰國,碧差汶府,碧差汶府治縣,Tabo,
16.58439668,101.12811764,泰國,碧差汶府,碧差汶府治縣,Tha Phon,
16.26572036,101.02609764,泰國,碧差汶府,碧差汶府治縣,Wang Chomphu,
16.77181249,101.02044696,泰國,碧差汶府,考科縣,Khaem Son,
16.63079904,100.9988643,泰國,碧差汶府,考科縣,Khao Kho,
16.8332528,101.01419015,泰國,碧差汶府,考科縣,Khek Noi,
16.57711185,100.89783832,泰國,碧差汶府,考科縣,Nong Mae Na,
16.52260185,101.04842117,泰國,碧差汶府,考科縣,Rim Si Muang,
16.53632199,100.97158168,泰國,碧差汶府,考科縣,Sado Phong,
16.71432021,101.00461482,泰國,碧差汶府,考科縣,Thung Samo,
15.36484532,101.10384547,泰國,碧差汶府,西貼縣,Khlong Krachang,
15.47563485,101.01213248,泰國,碧差汶府,西貼縣,Khok Sa-At,
15.5285504,101.1896163,泰國,碧差汶府,西貼縣,Na Sanun,
15.41122859,101.25534128,泰國,碧差汶府,西貼縣,Nong Yang Thoi,
15.43897493,100.96880452,泰國,碧差汶府,西貼縣,Pradu Ngam,
15.41386854,101.03882428,泰國,碧差汶府,西貼縣,Sa Kruat,
15.45760431,101.18496925,泰國,碧差汶府,西貼縣,Si Thep,
15.91537344,100.97553147,泰國,碧差汶府,農派縣,Ban Phot,
16.11854448,101.25574321,泰國,碧差汶府,農派縣,Bo Thai,
15.95590885,100.98170134,泰國,碧差汶府,農派縣,Bua Watthana,
16.14052897,101.03500382,泰國,碧差汶府,農派縣,Huai Pong,
15.95469537,101.10408717,泰國,碧差汶府,農派縣,Kong Thun,
16.07127599,101.08491929,泰國,碧差汶府,農派縣,Na Chaliang,
15.99255191,101.04021874,泰國,碧差汶府,農派縣,Nong Phai,
15.89827714,101.14629115,泰國,碧差汶府,農派縣,Phet Lakhon,
15.95354117,101.18290197,泰國,碧差汶府,農派縣,Tha Daeng,
16.00680032,101.3126187,泰國,碧差汶府,農派縣,Tha Duang,
16.05921146,101.15041687,泰國,碧差汶府,農派縣,Wang Bot,
15.99617282,101.22889492,泰國,碧差汶府,農派縣,Wang Tha Di,
16.08103679,100.99659019,泰國,碧差汶府,農派縣,Yang Ngam,
16.86008606,101.1224294,泰國,碧差汶府,隆告縣,Ban Noen,
16.97217485,101.22252942,泰國,碧差汶府,隆告縣,Hin Hao,
16.8955448,101.24027504,泰國,碧差汶府,隆告縣,Lom Kao,
16.83446539,101.17161436,泰國,碧差汶府,隆告縣,Na Ko,
16.86145321,101.2331337,泰國,碧差汶府,隆告縣,Na Saeng,
17.02655403,101.21619371,泰國,碧差汶府,隆告縣,Na Sam,
17.08535865,101.35148995,泰國,碧差汶府,隆告縣,Sila,
16.99892884,101.40178411,泰國,碧差汶府,隆告縣,Tat Kloi,
16.92861585,101.15344503,泰國,碧差汶府,隆告縣,Wang Ban,
16.63975057,101.37796792,泰國,碧差汶府,隆塞縣,Ban Klang,
16.63391441,101.22275645,泰國,碧差汶府,隆塞縣,Ban Rai,
16.79174728,101.27252814,泰國,碧差汶府,隆塞縣,Ban Sok,
16.78716798,101.35809164,泰國,碧差汶府,隆塞縣,Ban Tio,
16.75943422,101.29312812,泰國,碧差汶府,隆塞縣,Ban Wai,
16.62678481,101.16241038,泰國,碧差汶府,隆塞縣,Bung Khla,
16.6724131,101.11794277,泰國,碧差汶府,隆塞縣,Bung Namtao,
16.58591301,101.31289029,泰國,碧差汶府,隆塞縣,Chang Talut,
16.81923033,101.21747664,泰國,碧差汶府,隆塞縣,Fai Na Saeng,
16.83373712,101.36911663,泰國,碧差汶府,隆塞縣,Huai Rai,
16.6887193,101.2057957,泰國,碧差汶府,隆塞縣,Lan Ba,
16.7814191,101.24346234,泰國,碧差汶府,隆塞縣,Lom Sak,
16.74261497,101.1411559,泰國,碧差汶府,隆塞縣,Nam Chun,
16.8259471,101.1985584,泰國,碧差汶府,隆塞縣,Nam Hia,
16.79365495,101.15859985,泰國,碧差汶府,隆塞縣,Nam Ko,
16.75106287,101.22116371,泰國,碧差汶府,隆塞縣,Nong Khwai,
16.83915323,101.23660018,泰國,碧差汶府,隆塞縣,Nong Sawang,
16.73550191,101.4100827,泰國,碧差汶府,隆塞縣,Pak Chong,
16.7139939,101.24641164,泰國,碧差汶府,隆塞縣,Pak Duk,
16.83842241,101.27114369,泰國,碧差汶府,隆塞縣,Sak Long,
16.76255788,101.25531266,泰國,碧差汶府,隆塞縣,Tan Diao,
16.89209138,101.34455685,泰國,碧差汶府,隆塞縣,Tha I Bun,
16.79698021,101.23191295,泰國,碧差汶府,隆塞縣,Wat Pa,
17.75877885,100.7450107,泰國,程逸府,南巴縣,Ban Fai,
17.83190513,100.78968537,泰國,程逸府,南巴縣,Den Lek,
17.79414533,100.93520619,泰國,程逸府,南巴縣,Huai Mun,
17.60754562,100.54171313,泰國,程逸府,南巴縣,Nam Khrai,
17.60241503,100.70478537,泰國,程逸府,南巴縣,Nam Phai,
17.71973375,100.64610592,泰國,程逸府,南巴縣,Saen To,
17.83366392,100.3490987,泰國,程逸府,塔布拉縣,Charim,
17.76483515,100.32759522,泰國,程逸府,塔布拉縣,Hat La,
17.86312808,100.24916159,泰國,程逸府,塔布拉縣,Nam Man,
17.97123238,100.44021779,泰國,程逸府,塔布拉縣,Nang Phaya,
17.72938933,100.47871508,泰國,程逸府,塔布拉縣,Pha Lueat,
17.71494123,100.33142299,泰國,程逸府,塔布拉縣,Ruam Chit,
17.92787951,100.61013727,泰國,程逸府,塔布拉縣,Tha Faek,
17.82687082,100.40910182,泰國,程逸府,塔布拉縣,Tha Pla,
17.44297223,100.15034574,泰國,程逸府,德倫縣,Ban Kaeng,
17.43059316,100.09422375,泰國,程逸府,德倫縣,Hat Song Khwae,
17.4946625,99.97872301,泰國,程逸府,德倫縣,Khoi Sung,
17.45347597,100.21431689,泰國,程逸府,德倫縣,Nam Ang,
17.49446416,100.12039486,泰國,程逸府,德倫縣,Wang Daeng,
17.37255961,100.10432127,泰國,程逸府,披猜縣,Ban Dara,
17.20412448,100.11695699,泰國,程逸府,披猜縣,Ban Khon,
17.2532486,100.10425752,泰國,程逸府,披猜縣,Ban Mo,
17.29134738,100.02752921,泰國,程逸府,披猜縣,Kho Rum,
17.24220201,100.20400038,泰國,程逸府,披猜縣,Na In,
17.32454704,100.22162202,泰國,程逸府,披猜縣,Na Yang,
17.30122294,100.10688532,泰國,程逸府,披猜縣,Nai Mueang,
17.18352716,100.0179823,泰國,程逸府,披猜縣,Phaya Maen,
17.3533119,100.05482683,泰國,程逸府,披猜縣,Rai Oi,
17.2336529,100.01695116,泰國,程逸府,披猜縣,Tha Mafueang,
17.39748109,100.115521,泰國,程逸府,披猜縣,Tha Sak,
17.61369405,100.00188952,泰國,程逸府,拉萊縣,Chai Chumphon,
17.54368843,99.96291512,泰國,程逸府,拉萊縣,Dan Mae Kham Man,
17.67640153,100.0366989,泰國,程逸府,拉萊縣,Fai Luang,
17.74013301,99.98408926,泰國,程逸府,拉萊縣,Mae Phun,
17.77180366,100.050239,泰國,程逸府,拉萊縣,Na Nok Kok,
17.52855855,100.03466302,泰國,程逸府,拉萊縣,Phai Lom,
17.65373771,100.04000729,泰國,程逸府,拉萊縣,Si Phanom Mat,
17.57998871,100.01529706,泰國,程逸府,拉萊縣,Thung Yang,
17.92485277,100.85010562,泰國,程逸府,法塔縣,Ban Siao,
18.06865605,100.93601282,泰國,程逸府,法塔縣,Fak Tha,
17.91396998,100.77857382,泰國,程逸府,法塔縣,Song Hong,
17.99884468,100.85064458,泰國,程逸府,法塔縣,Song Khon,
18.00856225,101.0827033,泰國,程逸府,班科縣,Ban Khok,
18.25592906,101.05275442,泰國,程逸府,班科縣,Bo Bia,
18.12742355,101.09558927,泰國,程逸府,班科縣,Muang Chet Ton,
17.95072596,100.99754978,泰國,程逸府,班科縣,Na Khum,
17.65463371,100.27833311,泰國,程逸府,程逸府治縣,Ban Dan,
17.78945618,100.12420533,泰國,程逸府,程逸府治縣,Ban Dan Na Kham,
17.58662434,100.09776978,泰國,程逸府,程逸府治縣,Ban Ko,
17.55854297,100.16305664,泰國,程逸府,程逸府治縣,Hat Kruat,
17.68068509,100.33711615,泰國,程逸府,程逸府治縣,Hat Ngio,
17.75727279,100.2183377,泰國,程逸府,程逸府治縣,Khun Fang,
17.63217199,100.17210136,泰國,程逸府,程逸府治縣,Khung Taphao,
17.69967985,100.11501074,泰國,程逸府,程逸府治縣,Nam Rit,
17.69675929,100.1738782,泰國,程逸府,程逸府治縣,Ngio Ngam,
17.59996615,100.14762006,泰國,程逸府,程逸府治縣,Pa Sao,
17.64081886,100.23662045,泰國,程逸府,程逸府治縣,Pha Chuk,
17.66448516,100.30620781,泰國,程逸府,程逸府治縣,Saen To,
17.62942167,100.10107191,泰國,程逸府,程逸府治縣,Tha It,
17.65398062,100.0933604,泰國,程逸府,程逸府治縣,Tha Sao,
17.62949313,100.36337433,泰國,程逸府,程逸府治縣,Tham Chalong,
17.74463675,100.26443112,泰國,程逸府,程逸府治縣,Wang Din,
17.54590997,100.0916237,泰國,程逸府,程逸府治縣,Wang Kaphi,
17.45314118,100.44600476,泰國,程逸府,通盛坎縣,Bo Thong,
17.57275207,100.30213667,泰國,程逸府,通盛坎縣,Namphi,
17.49593115,100.26836916,泰國,程逸府,通盛坎縣,Pa Khai,
17.53491103,100.41530329,泰國,程逸府,通盛坎縣,Phak Khuang,
16.70204899,104.35227566,泰國,穆達漢府,坎差縣,Ban Kho,
16.65524431,104.32474112,泰國,穆達漢府,坎差縣,Ban Lao,
16.57057871,104.45024702,泰國,穆達漢府,坎差縣,Ban Song,
16.49925871,104.41097089,泰國,穆達漢府,坎差縣,Kham Bok,
16.58929014,104.27705904,泰國,穆達漢府,坎差縣,Khamcha-I,
16.56084171,104.49138315,泰國,穆達漢府,坎差縣,Lao Sang Tho,
16.5697056,104.3988677,泰國,穆達漢府,坎差縣,Nam Thiang,
16.61148189,104.45562712,泰國,穆達漢府,坎差縣,Nong Ian,
16.67767372,104.4354814,泰國,穆達漢府,坎差縣,Phon Ngam,
16.34831614,104.50140874,泰國,穆達漢府,尼孔坎綏縣,Chok Chai,
16.406564,104.49756083,泰國,穆達漢府,尼孔坎綏縣,Kok Daeng,
16.36682755,104.58510331,泰國,穆達漢府,尼孔坎綏縣,Na Kok,
16.27030115,104.62108319,泰國,穆達漢府,尼孔坎綏縣,Na Udom,
16.333124,104.56006315,泰國,穆達漢府,尼孔坎綏縣,Nikhom Kham Soi,
16.41182274,104.60467926,泰國,穆達漢府,尼孔坎綏縣,Nong Waeng,
16.3843883,104.43930787,泰國,穆達漢府,尼孔坎綏縣,Rom Klao,
16.23227091,104.8532577,泰國,穆達漢府,東丹縣,Ban Bak,
16.41056635,104.81487821,泰國,穆達漢府,東丹縣,Ban Kaeng,
16.29873551,104.91461358,泰國,穆達漢府,東丹縣,Don Tan,
16.33646273,104.78420369,泰國,穆達漢府,東丹縣,Lao Mi,
16.29425011,104.84447425,泰國,穆達漢府,東丹縣,Na Sameng,
16.24634626,104.73498757,泰國,穆達漢府,東丹縣,Pa Rai,
16.38221064,104.85990314,泰國,穆達漢府,東丹縣,Pho Sai,
16.80591416,104.61838336,泰國,穆達漢府,東鑾縣,Chanot Noi,
16.82653786,104.50173642,泰國,穆達漢府,東鑾縣,Dong Luang,
16.79241945,104.19638743,泰國,穆達漢府,東鑾縣,Kok Tum,
16.81158194,104.57193388,泰國,穆達漢府,東鑾縣,Nong Bua,
16.75000798,104.48499601,泰國,穆達漢府,東鑾縣,Nong Khaen,
16.8006901,104.37375742,泰國,穆達漢府,東鑾縣,Phang Daeng,
16.62813188,104.55958553,泰國,穆達漢府,穆達漢府治縣,Ban Khok,
16.62552761,104.69388202,泰國,穆達漢府,穆達漢府治縣,Bang Sai Yai,
16.68849789,104.49984397,泰國,穆達漢府,穆達漢府治縣,Dong Mon,
16.37135176,104.6970719,泰國,穆達漢府,穆達漢府治縣,Dong Yen,
16.48181998,104.66446597,泰國,穆達漢府,穆達漢府治縣,Kham A Huan,
16.72327097,104.63099125,泰國,穆達漢府,穆達漢府治縣,Kham Pa Lai,
16.5760839,104.566578,泰國,穆達漢府,穆達漢府治縣,Kut Khae,
16.55992577,104.67756989,泰國,穆達漢府,穆達漢府治縣,Mukdahan,
16.4639742,104.77857327,泰國,穆達漢府,穆達漢府治縣,Na Si Nuan,
16.48691418,104.52158252,泰國,穆達漢府,穆達漢府治縣,Na Sok,
16.59015121,104.61441116,泰國,穆達漢府,穆達漢府治縣,Phon Sai,
16.61540493,104.49252662,泰國,穆達漢府,穆達漢府治縣,Phueng Daet,
16.52298821,104.7358308,泰國,穆達漢府,穆達漢府治縣,Si Bun Rueang,
16.65562176,104.72037546,泰國,穆達漢府,萬艾縣,Bang Sai Noi,
16.67975459,104.73681518,泰國,穆達漢府,萬艾縣,Chanot,
16.80813659,104.70682586,泰國,穆達漢府,萬艾縣,Dong Mu,
16.76279078,104.72967039,泰國,穆達漢府,萬艾縣,Pong Kham,
16.71512892,104.72890579,泰國,穆達漢府,萬艾縣,Wan Yai,
16.41295786,104.33457934,泰國,穆達漢府,農頌縣,Ban Pao,
16.49036942,104.27697675,泰國,穆達漢府,農頌縣,Non Yang,
16.45862004,104.36068216,泰國,穆達漢府,農頌縣,Nong Sung,
16.49881504,104.34361761,泰國,穆達漢府,農頌縣,Nong Sung Nuea,
16.38881801,104.38368434,泰國,穆達漢府,農頌縣,Nong Sung Tai,
16.45278565,104.41990604,泰國,穆達漢府,農頌縣,Phu Wong,
14.50653706,100.34602486,泰國,紅統府,威色猜參縣,Bang Chak,
14.58392853,100.38718046,泰國,紅統府,威色猜參縣,Hua Taphan,
14.54771327,100.28091834,泰國,紅統府,威色猜參縣,Huai Khan Laen,
14.52773027,100.34048866,泰國,紅統府,威色猜參縣,Khlong Khanak,
14.51103283,100.2890098,泰國,紅統府,威色猜參縣,Lak Kaeo,
14.63350094,100.32650349,泰國,紅統府,威色猜參縣,Muang Tia,
14.59134211,100.36604618,泰國,紅統府,威色猜參縣,Phai Chamsin,
14.53029659,100.39023618,泰國,紅統府,威色猜參縣,Phai Dam Phatthana,
14.50435154,100.24933587,泰國,紅統府,威色猜參縣,Phai Wong,
14.59882053,100.34069079,泰國,紅統府,威色猜參縣,San Chao Rong Thong,
14.5451357,100.22320414,泰國,紅統府,威色猜參縣,Sao Rong Hai,
14.54731641,100.37061895,泰國,紅統府,威色猜參縣,Si Roi,
14.53947344,100.31480451,泰國,紅統府,威色猜參縣,Talat Mai,
14.56254981,100.33666918,泰國,紅統府,威色猜參縣,Tha Chang,
14.58306723,100.30467523,泰國,紅統府,威色猜參縣,Yi Lon,
14.50941179,100.46157419,泰國,紅統府,巴莫縣,Bang Pla Kot,
14.46101059,100.47345677,泰國,紅統府,巴莫縣,Bang Sadet,
14.49198985,100.4250661,泰國,紅統府,巴莫縣,Ekkarat,
14.52327703,100.42682156,泰國,紅統府,巴莫縣,Norasing,
14.49997202,100.4457644,泰國,紅統府,巴莫縣,Pa Mok,
14.45412293,100.44298973,泰國,紅統府,巴莫縣,Phong Pheng,
14.48649892,100.4731147,泰國,紅統府,巴莫縣,Rong Chang,
14.51266365,100.48395521,泰國,紅統府,巴莫縣,Sai Thong,
14.66627297,100.39255547,泰國,紅統府,普通縣,Ang Kaeo,
14.69466684,100.40098096,泰國,紅統府,普通縣,Bang Chao Cha,
14.64188459,100.40609906,泰國,紅統府,普通縣,Bang Phlap,
14.70185956,100.42137471,泰國,紅統府,普通縣,Bang Rakam,
14.63707152,100.37119432,泰國,紅統府,普通縣,Bo Rae,
14.65078729,100.42542043,泰國,紅統府,普通縣,Inthapramun,
14.66586504,100.33961164,泰國,紅統府,普通縣,Kham Yat,
14.68930366,100.37461062,泰國,紅統府,普通縣,Khok Phutsa,
14.7018811,100.33097197,泰國,紅統府,普通縣,Nong Mae Kai,
14.73035983,100.39836841,泰國,紅統府,普通縣,Ongkharak,
14.61555091,100.38132599,泰國,紅統府,普通縣,Pho Rang Nok,
14.68534357,100.2461807,泰國,紅統府,普通縣,Ram Masak,
14.6384917,100.3893861,泰國,紅統府,普通縣,Sam Ngam,
14.68032124,100.35226976,泰國,紅統府,普通縣,Thang Phra,
14.66007741,100.29406832,泰國,紅統府,普通縣,Yang Chai,
14.72038794,100.29138635,泰國,紅統府,沙翁哈縣,Ban Phran,
14.74049167,100.36500244,泰國,紅統府,沙翁哈縣,Chamlong,
14.77876846,100.3360445,泰國,紅統府,沙翁哈縣,Huai Phai,
14.76380498,100.31035871,泰國,紅統府,沙翁哈縣,Sawaeng Ha,
14.7688072,100.24913237,泰國,紅統府,沙翁哈縣,Si Bua Thong,
14.72529787,100.32740098,泰國,紅統府,沙翁哈縣,Si Phran,
14.7307352,100.23935868,泰國,紅統府,沙翁哈縣,Wang Nam Yen,
14.70990049,100.45593594,泰國,紅統府,猜約縣,Chaiyaphum,
14.63677971,100.48491424,泰國,紅統府,猜約縣,Chaiyarit,
14.70728639,100.43613665,泰國,紅統府,猜約縣,Chaiyo,
14.68060286,100.48367273,泰國,紅統府,猜約縣,Chawai,
14.65812968,100.48070712,泰國,紅統府,猜約縣,Chorakhe Rong,
14.68870297,100.47285147,泰國,紅統府,猜約縣,Lak Fa,
14.67415383,100.44543788,泰國,紅統府,猜約縣,Ratsathit,
14.64609469,100.44912123,泰國,紅統府,猜約縣,Thewarat,
14.67910862,100.49126918,泰國,紅統府,猜約縣,Tri Narong,
14.56795108,100.44006396,泰國,紅統府,紅統府治縣,Ban Hae,
14.58260858,100.4778086,泰國,紅統府,紅統府治縣,Ban It,
14.60820287,100.48499297,泰國,紅統府,紅統府治縣,Ban Ri,
14.58699789,100.45121035,泰國,紅統府,紅統府治縣,Bang Kaeo,
14.53850564,100.43354481,泰國,紅統府,紅統府治縣,Champa Lo,
14.54812176,100.47588306,泰國,紅統府,紅統府治縣,Hua Phai,
14.57017342,100.42137246,泰國,紅統府,紅統府治縣,Khlong Wua,
14.57120296,100.4001373,泰國,紅統府,紅統府治縣,Mahatthai,
14.61330802,100.41461847,泰國,紅統府,紅統府治縣,Pa Ngio,
14.55661878,100.45619529,泰國,紅統府,紅統府治縣,Pho Sa,
14.59881197,100.43617032,泰國,紅統府,紅統府治縣,Sala Daeng,
14.61470582,100.46928042,泰國,紅統府,紅統府治縣,Talat Kruat,
14.58716391,100.45762761,泰國,紅統府,紅統府治縣,Talat Luang,
14.61689419,100.44967049,泰國,紅統府,紅統府治縣,Yan Sue,
14.63722193,100.24957234,泰國,紅統府,訕戈縣,Mongkhontham Nimit,
14.59451285,100.22746594,泰國,紅統府,訕戈縣,Optom,
14.56293632,100.25418636,泰國,紅統府,訕戈縣,Pho Muang Phan,
14.61135546,100.29008075,泰國,紅統府,訕戈縣,Ratsadon Phatthana,
14.60704795,100.24762658,泰國,紅統府,訕戈縣,Samko,
16.80776844,99.64111513,泰國,素可泰府,奇里瑪縣,Ban Namphu,
16.93276064,99.77835168,泰國,素可泰府,奇里瑪縣,Ban Pom,
16.92538202,99.6852354,泰國,素可泰府,奇里瑪縣,Na Choeng Khiri,
16.74181089,99.75930541,泰國,素可泰府,奇里瑪縣,Nong Chik,
16.8011063,99.85871519,泰國,素可泰府,奇里瑪縣,Nong Krading,
16.79206537,99.79583378,泰國,素可泰府,奇里瑪縣,Sam Phuang,
16.82698043,99.70664545,泰國,素可泰府,奇里瑪縣,Si Khiri Mat,
16.83761971,99.82551879,泰國,素可泰府,奇里瑪縣,Tanot,
16.876741,99.79366175,泰國,素可泰府,奇里瑪縣,Thung Luang,
16.75446979,99.83740593,泰國,素可泰府,奇里瑪縣,Thung Yang Mueang,
17.24363216,99.83797274,泰國,素可泰府,宋加洛縣,Khlong Krachong,
17.40164271,99.91597351,泰國,素可泰府,宋加洛縣,Khlong Yang,
17.2374662,99.70626388,泰國,素可泰府,宋加洛縣,Mueang Bang Khlang,
17.21357919,99.87598925,泰國,素可泰府,宋加洛縣,Mueang Bang Yom,
17.31585284,99.83253902,泰國,素可泰府,宋加洛縣,Mueang Sawankhalok,
17.30865618,99.74480526,泰國,素可泰府,宋加洛縣,Na Thung,
17.32309882,99.87299315,泰國,素可泰府,宋加洛縣,Nai Mueang,
17.24698514,99.76711293,泰國,素可泰府,宋加洛縣,Nong Klap,
17.36480845,99.79375361,泰國,素可泰府,宋加洛縣,Pa Kum Ko,
17.22035503,99.92955321,泰國,素可泰府,宋加洛縣,Pak Nam,
17.21127582,99.83806367,泰國,素可泰府,宋加洛縣,Tha Thong,
17.30669157,99.80435586,泰國,素可泰府,宋加洛縣,Wang Mai Khon,
17.33822354,99.81174854,泰國,素可泰府,宋加洛縣,Wang Phin Phat,
17.27493853,99.85572867,泰國,素可泰府,宋加洛縣,Yan Yao,
17.03317363,99.58429001,泰國,素可泰府,班丹蘭會縣,Ban Dan,
16.90637821,99.58492364,泰國,素可泰府,班丹蘭會縣,Lan Hoi,
16.99631718,99.4813474,泰國,素可泰府,班丹蘭會縣,Nong Ya Plong,
17.15624328,99.4142499,泰國,素可泰府,班丹蘭會縣,Taling Chan,
17.04470962,99.45985819,泰國,素可泰府,班丹蘭會縣,Wang Luek,
17.11656155,99.56848364,泰國,素可泰府,班丹蘭會縣,Wang Nam Khao,
16.92782047,99.50610837,泰國,素可泰府,班丹蘭會縣,Wang Takhro,
17.02630053,99.77434364,泰國,素可泰府,素可泰府治縣,Ban Kluai,
16.98304352,99.8702619,泰國,素可泰府,素可泰府治縣,Ban Lum,
17.04149171,99.91345595,泰國,素可泰府,素可泰府治縣,Ban Suan,
17.01633058,99.68490292,泰國,素可泰府,素可泰府治縣,Mueang Kao,
17.04180692,99.82373491,泰國,素可泰府,素可泰府治縣,Pak Khwae,
16.91618938,99.83595051,泰國,素可泰府,素可泰府治縣,Pak Phra,
17.06286314,99.87087509,泰國,素可泰府,素可泰府治縣,Tan Tia,
17.011617,99.82286071,泰國,素可泰府,素可泰府治縣,Thani,
17.10546176,99.69226062,泰國,素可泰府,素可泰府治縣,Wang Thong Daeng,
16.97042536,99.82947678,泰國,素可泰府,素可泰府治縣,Yang Sai,
17.16725026,99.82140609,泰國,素可泰府,西三龍縣,Ban Na,
17.16671105,99.76163305,泰國,素可泰府,西三龍縣,Ban Rai,
17.19763643,99.77599747,泰國,素可泰府,西三龍縣,Ban San,
17.16059465,99.85902284,泰國,素可泰府,西三龍縣,Khlong Tan,
17.10646437,99.90415988,泰國,素可泰府,西三龍縣,Ko Ta Liang,
17.19574315,99.58014838,泰國,素可泰府,西三龍縣,Na Khun Krai,
17.20959391,99.66227794,泰國,素可泰府,西三龍縣,Rao Ton Chan,
17.18107573,99.89952762,泰國,素可泰府,西三龍縣,Sam Ruean,
17.08490049,99.83049279,泰國,素可泰府,西三龍縣,Thap Phueng,
17.14563192,99.91572466,泰國,素可泰府,西三龍縣,Wang Luek,
17.14353926,99.80907236,泰國,素可泰府,西三龍縣,Wang Thong,
17.11264868,99.78737539,泰國,素可泰府,西三龍縣,Wang Yai,
17.18831608,99.82709175,泰國,素可泰府,西三龍縣,Wat Ko,
17.50846221,99.57903691,泰國,素可泰府,西薩查那萊區,Ban Kaeng,
17.64691064,99.87641246,泰國,素可泰府,西薩查那萊區,Ban Tuek,
17.54668748,99.89930811,泰國,素可泰府,西薩查那萊區,Dong Khu,
17.52020414,99.76487593,泰國,素可泰府,西薩查那萊區,Hat Siao,
17.61491741,99.63927123,泰國,素可泰府,西薩查那萊區,Mae Sam,
17.72971903,99.6763542,泰國,素可泰府,西薩查那萊區,Mae Sin,
17.48250739,99.74995463,泰國,素可泰府,西薩查那萊區,Nong O,
17.53664523,99.81026435,泰國,素可泰府,西薩查那萊區,Pa Ngio,
17.42100135,99.72599523,泰國,素可泰府,西薩查那萊區,Sarachit,
17.40388268,99.77418085,泰國,素可泰府,西薩查那萊區,Si Satchanalai,
17.44223488,99.84797245,泰國,素可泰府,西薩查那萊區,Tha Chai,
17.32502432,99.9611256,泰國,素可泰府,西那空縣,Khlong Maphlap,
17.46931593,99.95759844,泰國,素可泰府,西那空縣,Nakhon Doet,
17.42663009,99.9844799,泰國,素可泰府,西那空縣,Nam Khum,
17.28723406,99.95381112,泰國,素可泰府,西那空縣,Nong Bua,
17.37050333,99.98117356,泰國,素可泰府,西那空縣,Si Nakhon,
16.94668173,99.95911471,泰國,素可泰府,貢蓋拉縣,Ban Krang,
16.95485594,100.07816665,泰國,素可泰府,貢蓋拉縣,Ban Mai Suk Kasem,
16.92271202,100.01162859,泰國,素可泰府,貢蓋拉縣,Dong Dueai,
16.9990834,100.04234882,泰國,素可泰府,貢蓋拉縣,Kok Raet,
16.90259756,99.95630914,泰國,素可泰府,貢蓋拉縣,Kong,
16.99427649,99.9972495,泰國,素可泰府,貢蓋拉縣,Krai Klang,
17.03326836,99.97558724,泰國,素可泰府,貢蓋拉縣,Krai Nai,
16.9317162,100.05357529,泰國,素可泰府,貢蓋拉縣,Krai Nok,
16.85242468,99.92691016,泰國,素可泰府,貢蓋拉縣,Nong Tum,
16.96952952,99.92631297,泰國,素可泰府,貢蓋拉縣,Pa Faek,
16.87660097,99.88441875,泰國,素可泰府,貢蓋拉縣,Tha Chanuan,
17.31191034,99.67453246,泰國,素可泰府,通沙連縣,Ban Mai Chai Mongkhon,
17.33237337,99.64513736,泰國,素可泰府,通沙連縣,Khao Kaeo Si Sombun,
17.39007037,99.49187958,泰國,素可泰府,通沙連縣,Klang Dong,
17.37705874,99.5885882,泰國,素可泰府,通沙連縣,Thai Chana Suek,
17.30830988,99.56272124,泰國,素可泰府,通沙連縣,Thung Saliam,
9.02246997,99.07877164,泰國,素叻府,噴平縣,Bang Duean,
9.01473839,99.11365858,泰國,素叻府,噴平縣,Bang Maduea,
9.11611953,99.05998676,泰國,素叻府,噴平縣,Bang Ngon,
9.13359125,99.16485749,泰國,素叻府,噴平縣,Hua Toei,
9.06213547,99.25889916,泰國,素叻府,噴平縣,Khao Hua Khwai,
8.9395974,99.14000374,泰國,素叻府,噴平縣,Krut,
9.2081902,99.25812942,泰國,素叻府,噴平縣,Li Let,
9.16984186,99.10320158,泰國,素叻府,噴平縣,Maluan,
9.09627728,99.11235853,泰國,素叻府,噴平縣,Nam Rop,
9.09691906,99.15576322,泰國,素叻府,噴平縣,Nong Sai,
9.12350566,99.19751938,泰國,素叻府,噴平縣,Phunphin,
9.16395615,99.2139361,泰國,素叻府,噴平縣,Si Wichai,
8.87168133,99.09931228,泰國,素叻府,噴平縣,Tapan,
9.06776961,99.2212804,泰國,素叻府,噴平縣,Tha Kham,
9.02026793,99.17157453,泰國,素叻府,噴平縣,Tha Rong Chang,
8.99785412,99.26029366,泰國,素叻府,噴平縣,Tha Sathon,
8.87786395,98.97117602,泰國,素叻府,基里拉塔尼空縣,Ban Thamniap,
9.0690631,98.99092036,泰國,素叻府,基里拉塔尼空縣,Ban Yang,
9.02432942,98.86699276,泰國,素叻府,基里拉塔尼空縣,Kapao,
9.13690112,98.89163438,泰國,素叻府,基里拉塔尼空縣,Nam Hak,
9.07223592,98.89919039,泰國,素叻府,基里拉塔尼空縣,Tha Khanon,
9.06704297,99.02160015,泰國,素叻府,基里拉塔尼空縣,Tha Kradan,
8.97709296,99.04345834,泰國,素叻府,基里拉塔尼空縣,Tham Singkhon,
8.99822716,98.96947826,泰國,素叻府,基里拉塔尼空縣,Yan Yao,
8.73961374,99.17178989,泰國,素叻府,堅薩縣,Aranyakham Wari,
8.75362192,99.00919528,泰國,素叻府,堅薩縣,Ban Sadet,
8.83995919,99.2173499,泰國,素叻府,堅薩縣,Khao Tok,
8.81316927,99.16532601,泰國,素叻府,堅薩縣,Khian Sa,
8.68121267,99.16641028,泰國,素叻府,堅薩縣,Phuang Phromkhon,
9.65732808,99.09044878,泰國,素叻府,塔差納縣,Khan Thuli,
9.65558523,98.93409,泰國,素叻府,塔差納縣,Khlong Pha,
9.56701381,98.92906944,泰國,素叻府,塔差納縣,Prasong,
9.58065732,99.05242827,泰國,素叻府,塔差納縣,Samo Thong,
9.59068476,99.18458498,泰國,素叻府,塔差納縣,Tha Chana,
9.51851667,99.20081257,泰國,素叻府,塔差納縣,Wang,
9.30658559,99.1855888,泰國,素叻府,塔昌縣,Khao Than,
9.21053376,99.10947922,泰國,素叻府,塔昌縣,Khlong Sai,
9.38144565,98.85524528,泰國,素叻府,塔昌縣,Pak Chalui,
9.30845365,99.09893119,泰國,素叻府,塔昌縣,Sawiat,
9.25924044,99.17758925,泰國,素叻府,塔昌縣,Tha Chang,
9.2472445,99.12174391,泰國,素叻府,塔昌縣,Tha Khoei,
9.27652629,98.82530943,泰國,素叻府,威巴瓦迪縣,Takuk Nuea,
9.20056779,98.87581872,泰國,素叻府,威巴瓦迪縣,Takuk Tai,
8.73296849,98.83088203,泰國,素叻府,帕儂縣,Khlong Cha-Un,
8.85366047,98.60963354,泰國,素叻府,帕儂縣,Khlong Sok,
8.87097234,98.82228683,泰國,素叻府,帕儂縣,Phang Kan,
8.82831738,98.77839106,泰國,素叻府,帕儂縣,Phanom,
8.71297388,98.69809326,泰國,素叻府,帕儂縣,Phlu Thuean,
8.8363908,98.87833553,泰國,素叻府,帕儂縣,Ton Yuan,
9.72851093,100.0488273,泰國,素叻府,帕岸島,Ban Tai,
9.76001221,99.99977678,泰國,素叻府,帕岸島,Ko Pha-Ngan,
10.09429281,99.8344113,泰國,素叻府,帕岸島,Ko Tao,
8.62957646,98.97537326,泰國,素叻府,帕盛縣,Bang Sawan,
8.57651605,99.22791494,泰國,素叻府,帕盛縣,I Pan,
8.55486439,99.11106383,泰國,素叻府,帕盛縣,Sai Khueng,
8.6177947,99.07862701,泰國,素叻府,帕盛縣,Sai Sopha,
8.59640165,99.1786571,泰國,素叻府,帕盛縣,Sakhu,
8.39951637,99.23861463,泰國,素叻府,帕盛縣,Sin Charoen,
8.51910408,99.2463393,泰國,素叻府,帕盛縣,Sin Pun,
9.09703455,99.44453398,泰國,素叻府,幹乍那迪縣,Chang Khwa,
9.02055223,99.4776487,泰國,素叻府,幹乍那迪縣,Chang Sai,
9.17144136,99.46654592,泰國,素叻府,幹乍那迪縣,Kadae,
8.9759102,99.62596877,泰國,素叻府,幹乍那迪縣,Khlong Sa,
9.10274225,99.54790831,泰國,素叻府,幹乍那迪縣,Krut,
8.99302099,99.54392799,泰國,素叻府,幹乍那迪縣,Pa Ron,
9.18048718,99.51802787,泰國,素叻府,幹乍那迪縣,Phlai Wat,
9.17493604,99.42995278,泰國,素叻府,幹乍那迪縣,Takhian Thong,
9.23578364,99.54552536,泰國,素叻府,幹乍那迪縣,Tha Thong,
9.17534723,99.39536893,泰國,素叻府,幹乍那迪縣,Tha Thong Mai,
9.11380071,99.63761492,泰國,素叻府,幹乍那迪縣,Tha Uthae,
9.12243111,99.4058821,泰國,素叻府,幹乍那迪縣,Thung Kong,
9.03729699,99.40505483,泰國,素叻府,幹乍那迪縣,Thung Rang,
9.21776156,99.63959659,泰國,素叻府,敦沙縣,Chai Khram,
9.24740387,99.60388761,泰國,素叻府,敦沙縣,Chon Khram,
9.26617536,99.70741474,泰國,素叻府,敦沙縣,Don Sak,
9.13325511,99.70157325,泰國,素叻府,敦沙縣,Pak Phraek,
8.64503966,99.42076487,泰國,素叻府,淵沙縣,Ban Song,
8.56883385,99.37676653,泰國,素叻府,淵沙縣,Khao Niphan,
8.51917363,99.3228714,泰國,素叻府,淵沙縣,Khlong Chanuan,
8.59309884,99.30094441,泰國,素叻府,淵沙縣,Thung Luang,
8.65577779,99.32093353,泰國,素叻府,淵沙縣,Wiang Sa,
9.36288366,99.19933807,泰國,素叻府,猜亞,Lamet,
9.39360952,99.082778,泰國,素叻府,猜亞,Mo Thai,
9.4480667,99.14475545,泰國,素叻府,猜亞,Pa We,
9.47913334,98.96275065,泰國,素叻府,猜亞,Pak Mak,
9.39428343,99.26089655,泰國,素叻府,猜亞,Phum Riang,
9.46736502,99.22746456,泰國,素叻府,猜亞,Takrop,
9.40995225,99.187136,泰國,素叻府,猜亞,Talat Chaiya,
9.42646253,99.21966192,泰國,素叻府,猜亞,Thung,
9.38515285,99.13873726,泰國,素叻府,猜亞,Wiang,
8.43624887,99.07941044,泰國,素叻府,猜武里縣,Chai Buri,
8.4989815,99.00330556,泰國,素叻府,猜武里縣,Khlong Noi,
8.39575368,99.08481133,泰國,素叻府,猜武里縣,Sai Thong,
8.47996183,99.13122392,泰國,素叻府,猜武里縣,Song Phraek,
8.85717636,99.28875148,泰國,素叻府,班納敦縣,Ban Na,
8.92514762,99.32087395,泰國,素叻府,班納敦縣,Na Tai,
8.90702387,99.23206112,泰國,素叻府,班納敦縣,Sap Thawi,
8.94525437,99.27601023,泰國,素叻府,班納敦縣,Tha Ruea,
8.75521844,99.36264713,泰國,素叻府,班納訕縣,Khlong Prap,
8.71275767,99.30585788,泰國,素叻府,班納訕縣,Khuan Si,
8.87428436,99.36807797,泰國,素叻府,班納訕縣,Khuan Suban,
8.84610122,99.46261653,泰國,素叻府,班納訕縣,Lamphun,
8.81159329,99.35409876,泰國,素叻府,班納訕縣,Na San,
8.78657045,99.30561634,泰國,素叻府,班納訕縣,Namphu,
8.76134483,99.4710668,泰國,素叻府,班納訕縣,Phoem Phun Sap,
8.70799308,99.39236297,泰國,素叻府,班納訕縣,Phru Phi,
8.77830956,99.26226114,泰國,素叻府,班納訕縣,Tha Chi,
8.90762743,99.40872233,泰國,素叻府,班納訕縣,Thung Tao,
8.95093594,99.41093007,泰國,素叻府,班納訕縣,Thung Tao Mai,
9.11462657,98.64981947,泰國,素叻府,班達坤縣,Khao Phang,
8.91520335,98.91796287,泰國,素叻府,班達坤縣,Khao Wong,
8.92149938,98.84433901,泰國,素叻府,班達坤縣,Phasaeng,
8.96379745,98.88087016,泰國,素叻府,班達坤縣,Phru Thai,
9.14775752,99.29563029,泰國,素叻府,素叻他尼府治縣,Bang Bai Mai,
9.19515078,99.31737344,泰國,素叻府,素叻他尼府治縣,Bang Chana,
9.15798535,99.36051545,泰國,素叻府,素叻他尼府治縣,Bang Kung,
9.17417879,99.26232303,泰國,素叻府,素叻他尼府治縣,Bang Pho,
9.18295151,99.30008872,泰國,素叻府,素叻他尼府治縣,Bang Sai,
9.18976935,99.34428863,泰國,素叻府,素叻他尼府治縣,Khlong Chanak,
9.1406602,99.25341239,泰國,素叻府,素叻他尼府治縣,Khlong Noi,
9.02663014,99.35553243,泰國,素叻府,素叻他尼府治縣,Khun Thale,
9.10708742,99.34848151,泰國,素叻府,素叻他尼府治縣,Makham Tia,
9.13582878,99.32185471,泰國,素叻府,素叻他尼府治縣,Talat,
9.05761843,99.30292092,泰國,素叻府,素叻他尼府治縣,Wat Pradu,
9.5540288,99.80702565,泰國,素叻府,蘇梅島,Ang Thong,
9.53357706,100.03999801,泰國,素叻府,蘇梅島,Bo Phut,
9.50009182,99.96077461,泰國,素叻府,蘇梅島,Lipa Noi,
9.56219449,99.97786586,泰國,素叻府,蘇梅島,Maenam,
9.46687551,100.02994148,泰國,素叻府,蘇梅島,Maret,
9.45876787,99.99120222,泰國,素叻府,蘇梅島,Na Mueang,
9.42917929,99.9501921,泰國,素叻府,蘇梅島,Taling Ngam,
14.70787112,100.03847481,泰國,素攀府,三竹縣,Ban Sa,
14.80798273,100.04552612,泰國,素攀府,三竹縣,Krasiao,
14.75600034,100.02763324,泰國,素攀府,三竹縣,Nong Phak Nak,
14.80258147,99.98512834,泰國,素攀府,三竹縣,Nong Sadao,
14.7629427,100.09226363,泰國,素攀府,三竹縣,Sam Chuk,
14.75963601,100.15133846,泰國,素攀府,三竹縣,Wang Luek,
14.70980432,100.10917706,泰國,素攀府,三竹縣,Yan Yao,
14.24757884,100.18506433,泰國,素攀府,宋匹農區,Ban Chang,
14.26445802,100.11150822,泰國,素攀府,宋匹農區,Ban Kum,
14.17084323,100.08196346,泰國,素攀府,宋匹農區,Bang Len,
14.27162775,100.05162657,泰國,素攀府,宋匹農區,Bang Phlap,
14.199842,100.16399875,泰國,素攀府,宋匹農區,Bang Ta Then,
14.21632109,100.10218147,泰國,素攀府,宋匹農區,Bang Takhian,
14.12937013,99.84784573,泰國,素攀府,宋匹農區,Bo Suphan,
14.16614064,100.01100386,泰國,素攀府,宋匹農區,Don Manao,
14.28517773,100.00121298,泰國,素攀府,宋匹農區,Hua Pho,
14.19638684,100.0283515,泰國,素攀府,宋匹農區,Noen Phraprang,
14.20622083,99.86034297,泰國,素攀府,宋匹農區,Nong Bo,
14.22459128,99.97792097,泰國,素攀府,宋匹農區,Si Samran,
14.22264562,100.031826,泰國,素攀府,宋匹農區,Song Phi Nong,
14.17409903,99.93616399,泰國,素攀府,宋匹農區,Thung Khok,
14.23285179,100.0704497,泰國,素攀府,宋匹農區,Ton Tan,
14.62572194,99.99545183,泰國,素攀府,敦切迪縣,Don Chedi,
14.66586141,100.02336642,泰國,素攀府,敦切迪縣,Nong Sarai,
14.59352571,99.98760856,泰國,素攀府,敦切迪縣,Rai Rot,
14.6471123,99.85949696,泰國,素攀府,敦切迪縣,Sa Krachom,
14.68710847,99.87916819,泰國,素攀府,敦切迪縣,Thale Bok,
14.31087231,99.943047,泰國,素攀府,烏通縣,Ban Don,
14.58003831,99.85824563,泰國,素攀府,烏通縣,Ban Khong,
14.37944948,99.95604933,泰國,素攀府,烏通縣,Chedi,
14.31621939,99.84143542,泰國,素攀府,烏通縣,Chorakhe Sam Phan,
14.46349201,99.88749454,泰國,素攀府,烏通縣,Don Kha,
14.25655026,99.95802025,泰國,素攀府,烏通縣,Don Makluea,
14.36944667,99.92924357,泰國,素攀府,烏通縣,Krachan,
14.42386755,99.89302307,泰國,素攀府,烏通縣,Nong Ong,
14.5174897,99.87846453,泰國,素攀府,烏通縣,Phlapphla Chai,
14.25186707,99.90458262,泰國,素攀府,烏通縣,Sa Phang Lan,
14.26833829,99.87227685,泰國,素攀府,烏通縣,Sa Yai Som,
14.37596496,99.87885948,泰國,素攀府,烏通縣,U Thong,
14.32976578,99.91154731,泰國,素攀府,烏通縣,Yung Thalai,
14.8984312,99.8830328,泰國,素攀府,登邦南磨縣,Bo Kru,
14.89678382,100.08993976,泰國,素攀府,登邦南磨縣,Doem Bang,
14.86898344,100.03731714,泰國,素攀府,登邦南磨縣,Hua Khao,
14.88648113,99.97368007,泰國,素攀府,登邦南磨縣,Hua Na,
14.80117999,100.19008957,泰國,素攀府,登邦南磨縣,Khao Din,
14.85101827,100.09364677,泰國,素攀府,登邦南磨縣,Khao Phra,
14.91456248,100.16790329,泰國,素攀府,登邦南磨縣,Khok Chang,
14.81183777,100.11605487,泰國,素攀府,登邦南磨縣,Nang Buat,
14.90486611,99.80622829,泰國,素攀府,登邦南磨縣,Nong Krathum,
14.86463308,99.94745197,泰國,素攀府,登邦南磨縣,Pa Sakae,
14.93547703,100.08285788,泰國,素攀府,登邦南磨縣,Pak Nam,
14.86370323,100.19031484,泰國,素攀府,登邦南磨縣,Thung Khli,
14.84785778,99.98700133,泰國,素攀府,登邦南磨縣,Wang Si Rat,
14.85107942,100.1469832,泰國,素攀府,登邦南磨縣,Yang Non,
14.52204943,100.06420826,泰國,素攀府,素攀府治縣,Ban Pho,
14.45608382,100.00842963,泰國,素攀府,素攀府治縣,Bang Kung,
14.44865077,100.06666871,泰國,素攀府,素攀府治縣,Don Kamyan,
14.53052136,100.18947388,泰國,素攀府,素攀府治縣,Don Masang,
14.4391937,100.03781009,泰國,素攀府,素攀府治縣,Don Pho Thong,
14.49190579,100.20249352,泰國,素攀府,素攀府治縣,Don Tan,
14.45814373,100.20922655,泰國,素攀府,素攀府治縣,Khok Kho Thao,
14.47353003,100.15999582,泰國,素攀府,素攀府治縣,Phai Khwang,
14.52045127,100.10026591,泰國,素攀府,素攀府治縣,Phihan Daeng,
14.53884107,100.12479681,泰國,素攀府,素攀府治縣,Pho Phraya,
14.47008975,100.09986099,泰國,素攀府,素攀府治縣,Rua Yai,
14.49763308,99.99597779,泰國,素攀府,素攀府治縣,Sa Kaeo,
14.44052952,99.97363308,泰國,素攀府,素攀府治縣,Sala Khao,
14.50379753,100.14253552,泰國,素攀府,素攀府治縣,Sanam Chai,
14.54434044,99.98646224,泰國,素攀府,素攀府治縣,Sanam Khli,
14.39892121,99.99074121,泰國,素攀府,素攀府治縣,Suan Taeng,
14.57036612,99.98844952,泰國,素攀府,素攀府治縣,Taling Chan,
14.47255013,100.11657954,泰國,素攀府,素攀府治縣,Tha Phi Liang,
14.4489887,100.14233377,泰國,素攀府,素攀府治縣,Tha Rahat,
14.43072395,100.10267004,泰國,素攀府,素攀府治縣,Thap Ti Lek,
14.63420712,100.12227711,泰國,素攀府,西巴占縣,Ban Krang,
14.60140547,100.09336832,泰國,素攀府,西巴占縣,Bang Ngam,
14.71225033,100.17713222,泰國,素攀府,西巴占縣,Don Pru,
14.57405651,100.12085394,泰國,素攀府,西巴占縣,Mot Daeng,
14.6623631,100.19982241,泰國,素攀府,西巴占縣,Plai Na,
14.60588869,100.1747197,泰國,素攀府,西巴占縣,Si Prachan,
14.66665534,100.13972677,泰國,素攀府,西巴占縣,Wang Nam Sap,
14.64509438,100.08323072,泰國,素攀府,西巴占縣,Wang Wa,
14.55981174,100.16648013,泰國,素攀府,西巴占縣,Wang Yang,
14.81990875,99.79414196,泰國,素攀府,農亞賽縣,Chaeng Ngam,
14.78573301,99.7202399,泰國,素攀府,農亞賽縣,Nong Kham,
14.83248279,99.92055175,泰國,素攀府,農亞賽縣,Nong Pho,
14.72028746,99.94005571,泰國,素攀府,農亞賽縣,Nong Ratchawat,
14.77082429,99.89784544,泰國,素攀府,農亞賽縣,Nong Ya Sai,
14.76199916,99.82121771,泰國,素攀府,農亞賽縣,Thap Luang,
14.35316029,100.1437253,泰國,素攀府,邦巴瑪縣,Ban Laem,
14.39723514,100.11582579,泰國,素攀府,邦巴瑪縣,Bang Pla Ma,
14.30077543,100.10866641,泰國,素攀府,邦巴瑪縣,Bang Yai,
14.42062985,100.23216919,泰國,素攀府,邦巴瑪縣,Chorakhe Yai,
14.41007218,100.17654315,泰國,素攀府,邦巴瑪縣,Khok Khram,
14.28709511,100.17533085,泰國,素攀府,邦巴瑪縣,Kritsana,
14.37864015,100.05957106,泰國,素攀府,邦巴瑪縣,Makham Lom,
14.37413077,100.23402456,泰國,素攀府,邦巴瑪縣,Ongkharak,
14.33597539,100.24933022,泰國,素攀府,邦巴瑪縣,Phai Kong Din,
14.28795988,100.22101221,泰國,素攀府,邦巴瑪縣,Sali,
14.34717259,100.17106672,泰國,素攀府,邦巴瑪縣,Takha,
14.37655814,100.01593948,泰國,素攀府,邦巴瑪縣,Wang Nam Yen,
14.32552004,100.03645544,泰國,素攀府,邦巴瑪縣,Wat Bot,
14.34333647,100.10722165,泰國,素攀府,邦巴瑪縣,Wat Dao,
14.7864226,99.56032052,泰國,素攀府,難倉縣,Dan Chang,
14.92572965,99.53594474,泰國,素攀府,難倉縣,Huai Khamin,
14.85019278,99.54866033,泰國,素攀府,難倉縣,Nikhom Krasiao,
14.88249651,99.7360743,泰國,素攀府,難倉縣,Nong Makha Mong,
14.82130606,99.38497139,泰國,素攀府,難倉縣,Ong Phra,
14.93750654,99.6664014,泰國,素攀府,難倉縣,Wang Khan,
14.95690572,99.37566789,泰國,素攀府,難倉縣,Wang Yao,
14.96697705,103.58072472,泰國,素林府,Khwao Sin Rin,Ban Rae,
15.05752817,103.60557328,泰國,素林府,Khwao Sin Rin,Bueng,
15.00964535,103.58224297,泰國,素林府,Khwao Sin Rin,Khwao Sin Rin,
14.97859508,103.64756738,泰國,素林府,Khwao Sin Rin,Prasat Thong,
15.02624426,103.64719565,泰國,素林府,Khwao Sin Rin,Ta Kuk,
14.94347956,103.9339551,泰國,素林府,三隆塔縣,Ko Kaeo,
15.13055773,103.96666112,泰國,素林府,三隆塔縣,Kra-Om,
15.01201049,103.98092198,泰國,素林府,三隆塔縣,Muen Si,
15.09672355,103.91192165,泰國,素林府,三隆塔縣,Nong Ha,
15.03736923,103.92718039,泰國,素林府,三隆塔縣,Nong Phai Lom,
15.06797709,103.98953249,泰國,素林府,三隆塔縣,Pradu,
15.09222851,103.87525608,泰國,素林府,三隆塔縣,Samet,
14.98938763,103.92566162,泰國,素林府,三隆塔縣,Samrong Thap,
15.09801818,103.9717962,泰國,素林府,三隆塔縣,Sano,
15.06936936,103.9345453,泰國,素林府,三隆塔縣,Si Suk,
14.4667729,103.71099753,泰國,素林府,加春縣,Dan,
14.48806361,103.5849256,泰國,素林府,加春縣,Kap Choeng,
14.46900771,103.50459,泰國,素林府,加春縣,Khok Takhian,
14.53848492,103.64923264,泰國,素林府,加春縣,Khu Tan,
14.44386398,103.42767465,泰國,素林府,加春縣,Naeng Mut,
14.46368288,103.6431964,泰國,素林府,加春縣,Takhian,
14.482165,103.93523674,泰國,素林府,博切縣,A Phon,
14.527876,103.93996749,泰國,素林府,博切縣,Buachet,
14.41012246,103.98183421,泰國,素林府,博切縣,Charat,
14.54159247,104.02360657,泰國,素林府,博切縣,Sadao,
14.56196672,103.96554401,泰國,素林府,博切縣,Samphao Lun,
14.60869335,104.01532183,泰國,素林府,博切縣,Ta Wang,
15.24198351,103.56889545,泰國,素林府,塔敦縣,Ba,
15.22946101,103.71101116,泰國,素林府,塔敦縣,Bua Khok,
15.24614453,103.49250386,泰國,素林府,塔敦縣,Krapho,
15.21859921,103.65762482,泰國,素林府,塔敦縣,Mueang Kae,
15.32710413,103.74374191,泰國,素林府,塔敦縣,Nong Bua,
15.23283622,103.61477975,泰國,素林府,塔敦縣,Nong Methi,
15.40351717,103.75465208,泰國,素林府,塔敦縣,Phon Khrok,
15.3544979,103.61415642,泰國,素林府,塔敦縣,Phrom Thep,
15.30421805,103.67251452,泰國,素林府,塔敦縣,Tha Tum,
15.41280046,103.65414871,泰國,素林府,塔敦縣,Thung Kula,
14.59868781,103.41146582,泰國,素林府,巴塞縣,Ban Phluang,
14.61995034,103.60432617,泰國,素林府,巴塞縣,Ban Sai,
14.54378503,103.28087552,泰國,素林府,巴塞縣,Chok Na Sam,
14.71351469,103.41761442,泰國,素林府,巴塞縣,Chuea Phloeng,
14.64915225,103.40950088,泰國,素林府,巴塞縣,Kang Aen,
14.58855667,103.55742694,泰國,素林府,巴塞縣,Kantuat Ramuan,
14.53798206,103.37183902,泰國,素林府,巴塞縣,Khok Sa-At,
14.67308154,103.52849678,泰國,素林府,巴塞縣,Khok Yang,
14.5518422,103.46150661,泰國,素林府,巴塞縣,Nong Yai,
14.70912458,103.37738075,泰國,素林府,巴塞縣,Phlai,
14.65382638,103.35613893,泰國,素林府,巴塞縣,Prasat Thanong,
14.72510837,103.35047605,泰國,素林府,巴塞縣,Prathat Bu,
14.62727616,103.31585513,泰國,素林府,巴塞縣,Prue,
14.70927051,103.31831447,泰國,素林府,巴塞縣,Samut,
14.61547441,103.49259411,泰國,素林府,巴塞縣,Ta Bao,
14.60704791,103.25676853,泰國,素林府,巴塞縣,Tani,
14.72271788,103.48552221,泰國,素林府,巴塞縣,Thamo,
14.71540561,103.28406831,泰國,素林府,巴塞縣,Thung Mon,
14.4094907,103.35037673,泰國,素林府,帕農東拉縣,Bak Dai,
14.47634747,103.31343717,泰國,素林府,帕農東拉縣,Chik Daek,
14.49015612,103.24898609,泰國,素林府,帕農東拉縣,Khok Klang,
14.38626974,103.26053933,泰國,素林府,帕農東拉縣,Ta Miang,
15.26329864,103.94720246,泰國,素林府,拉他那武里縣,Boet,
15.3693044,104.01285952,泰國,素林府,拉他那武里縣,Don Raet,
15.36240065,103.80871068,泰國,素林府,拉他那武里縣,Kae,
15.41083749,103.84260597,泰國,素林府,拉他那武里縣,Kut Kha Khim,
15.31592419,103.78762106,泰國,素林府,拉他那武里縣,Nam Khiao,
15.2389697,103.82647717,泰國,素林府,拉他那武里縣,Nong Bua Ban,
15.39347654,103.93501858,泰國,素林府,拉他那武里縣,Nong Bua Thong,
15.32537698,103.89621518,泰國,素林府,拉他那武里縣,Phai,
15.31146316,103.84351543,泰國,素林府,拉他那武里縣,Rattanaburi,
15.41232818,103.88990255,泰國,素林府,拉他那武里縣,Thap Yai,
15.31759811,103.93952562,泰國,素林府,拉他那武里縣,That,
15.30616788,103.9868266,泰國,素林府,拉他那武里縣,Yang Sawang,
15.12248499,103.68282392,泰國,素林府,春帕縣,Ban Phue,
15.08301223,103.67879357,泰國,素林府,春帕縣,Bu Kraeng,
15.10874088,103.60578662,泰國,素林府,春帕縣,Chom Phra,
15.17872344,103.53295444,泰國,素林府,春帕縣,Chum Saeng,
15.13271495,103.53139605,泰國,素林府,春帕縣,Krahat,
15.16044456,103.6052007,泰國,素林府,春帕縣,Lum Rawi,
15.17160793,103.46497283,泰國,素林府,春帕縣,Mueang Ling,
15.15884982,103.65448444,泰國,素林府,春帕縣,Nong Sanit,
15.14004673,103.56606507,泰國,素林府,春帕縣,Pen Suk,
15.38538947,103.41471058,泰國,素林府,春蓬武里縣,Chumphon Buri,
15.36760753,103.29118696,泰國,素林府,春蓬武里縣,Krabueang,
15.41722229,103.19877313,泰國,素林府,春蓬武里縣,Mueang Bua,
15.37233842,103.49109076,泰國,素林府,春蓬武里縣,Na Nong Phai,
15.309917,103.5555299,泰國,素林府,春蓬武里縣,Nong Ruea,
15.39344242,103.55452011,泰國,素林府,春蓬武里縣,Phrai Khla,
15.44071249,103.13360095,泰國,素林府,春蓬武里縣,Sa Khut,
15.37316001,103.33874505,泰國,素林府,春蓬武里縣,Si Narong,
15.36024196,103.23542952,泰國,素林府,春蓬武里縣,Yawuek,
14.56060953,103.74955244,泰國,素林府,桑卡縣,Ban Chan,
14.60725784,103.85195815,泰國,素林府,桑卡縣,Ban Chop,
14.5643469,103.86271245,泰國,素林府,桑卡縣,Dom,
14.70140906,103.90824747,泰國,素林府,桑卡縣,Khon Taek,
14.60326962,103.67270677,泰國,素林府,桑卡縣,Krathiam,
14.65290452,103.95305026,泰國,素林府,桑卡縣,Phra Kaeo,
14.62460646,103.74600874,泰國,素林府,桑卡縣,Sakat,
14.65214871,103.86463963,泰國,素林府,桑卡縣,Sangkha,
14.66348904,104.011975,泰國,素林府,桑卡縣,Ta Khong,
14.4354516,103.80485356,泰國,素林府,桑卡縣,Tatum,
14.6758582,103.78580875,泰國,素林府,桑卡縣,Thapthan,
14.47462499,103.86360724,泰國,素林府,桑卡縣,Thep Raksa,
15.12265828,103.83642331,泰國,素林府,沙農縣,Hua Ngua,
15.1727712,103.82864462,泰國,素林府,沙農縣,Khaen,
15.13869227,103.79312297,泰國,素林府,沙農縣,Na Nuan,
15.16279002,103.72522971,泰國,素林府,沙農縣,Nong I Yo,
15.14683818,103.75566519,泰國,素林府,沙農縣,Nong Rakhang,
15.25180442,103.76948946,泰國,素林府,沙農縣,Phon Ko,
15.20097265,103.7623874,泰國,素林府,沙農縣,Sanom,
14.9061525,103.59877612,泰國,素林府,素林府治縣,Bu Ruesi,
14.79441814,103.4747105,泰國,素林府,素林府治縣,Chaniang,
15.11353949,103.47358394,泰國,素林府,素林府治縣,Ka Ko,
14.94806739,103.51436995,泰國,素林府,素林府治縣,Kae Yai,
14.88598433,103.42797951,泰國,素林府,素林府治縣,Kho Kho,
14.90816244,103.65359643,泰國,素林府,素林府治縣,Mueang Thi,
14.78206583,103.41199987,泰國,素林府,素林府治縣,Na Bua,
15.02076325,103.50579085,泰國,素林府,素林府治縣,Na Di,
14.8885364,103.49516671,泰國,素林府,素林府治縣,Nai Mueang,
14.86019051,103.4941533,泰國,素林府,素林府治縣,Nok Mueang,
15.06603862,103.4687529,泰國,素林府,素林府治縣,Phia Ram,
14.84663286,103.64996213,泰國,素林府,素林府治縣,Ram,
14.91604851,103.54682307,泰國,素林府,素林府治縣,Salaeng Phan,
14.85538541,103.56690659,泰國,素林府,素林府治縣,Salak Dai,
14.79905556,103.62513524,泰國,素林府,素林府治縣,Samrong,
14.79243791,103.33703082,泰國,素林府,素林府治縣,Sawai,
14.74789982,103.5927438,泰國,素林府,素林府治縣,Ta-Ong,
15.0740827,103.54683685,泰國,素林府,素林府治縣,Tang Chai,
14.96039489,103.45647065,泰國,素林府,素林府治縣,Tha Sawang,
14.77469094,103.54202424,泰國,素林府,素林府治縣,Then Mi,
14.84966862,103.40388795,泰國,素林府,素林府治縣,Trasaeng,
14.74041794,103.72035979,泰國,素林府,蘭端縣,Chok Nuea,
14.70234107,103.64185862,泰國,素林府,蘭端縣,Lamduan,
14.76692953,103.68133615,泰國,素林府,蘭端縣,Tramdom,
14.7243302,103.75290267,泰國,素林府,蘭端縣,Trapiang Tia,
14.6747548,103.68637223,泰國,素林府,蘭端縣,U Lok,
15.18788035,103.94713263,泰國,素林府,農那萊縣,Kham Phong,
15.18609178,103.88228824,泰國,素林府,農那萊縣,Non,
15.22931184,103.9406172,泰國,素林府,農那萊縣,Nong Luang,
15.14083617,103.89553143,泰國,素林府,農那萊縣,Nong Thep,
15.24351985,103.88772529,泰國,素林府,農那萊縣,Rawiang,
14.94388969,103.70587032,泰國,素林府,錫卡拉蓬縣,Chang Pi,
14.87825083,103.73274658,泰國,素林府,錫卡拉蓬縣,Charaphat,
15.08118685,103.82147138,泰國,素林府,錫卡拉蓬縣,Khalamae,
15.01876401,103.77149394,泰國,素林府,錫卡拉蓬縣,Khwao Yai,
14.92017211,103.87386427,泰國,素林府,錫卡拉蓬縣,Kut Wai,
14.98800199,103.84858598,泰國,素林府,錫卡拉蓬縣,Na Rung,
15.08420314,103.76116956,泰國,素林府,錫卡拉蓬縣,Nong Bua,
14.96681351,103.77097695,泰國,素林府,錫卡拉蓬縣,Nong Khwao,
14.81163544,103.72161639,泰國,素林府,錫卡拉蓬縣,Nong Lek,
14.85059401,103.82822185,泰國,素林府,錫卡拉蓬縣,Phak Mai,
14.91698405,103.79727931,泰國,素林府,錫卡拉蓬縣,Ra-Ngaeng,
15.02933542,103.71529107,泰國,素林府,錫卡拉蓬縣,Tlae,
14.85130609,103.77991065,泰國,素林府,錫卡拉蓬縣,Trom Phrai,
15.03244439,103.84323711,泰國,素林府,錫卡拉蓬縣,Truem,
14.95688068,103.85632906,泰國,素林府,錫卡拉蓬縣,Yang,
14.79524365,103.92427373,泰國,素林府,錫那隆縣,Chaen Waen,
14.75180001,103.87782071,泰國,素林府,錫那隆縣,Narong,
14.75630391,103.97486248,泰國,素林府,錫那隆縣,Nong Waeng,
14.7459074,103.81316527,泰國,素林府,錫那隆縣,Si Suk,
14.84160241,103.87214073,泰國,素林府,錫那隆縣,Truat,
12.84765852,101.10128233,泰國,羅勇府,尼空帕他那縣,Makham Khu,
12.78286217,101.19263624,泰國,羅勇府,尼空帕他那縣,Map Kha,
12.84249893,101.17846668,泰國,羅勇府,尼空帕他那縣,Nikhom Phatthana,
12.90023438,101.13476835,泰國,羅勇府,尼空帕他那縣,Phana Nikhom,
12.97350088,101.3109186,泰國,羅勇府,布羅登縣,Lahan,
12.90766023,101.22995383,泰國,羅勇府,布羅登縣,Maenam Khu,
12.97084459,101.13747348,泰國,羅勇府,布羅登縣,Map Yang Phon,
13.01487583,101.34823245,泰國,羅勇府,布羅登縣,Nong Rai,
12.980896,101.22069898,泰國,羅勇府,布羅登縣,Pluak Daeng,
13.04332842,101.22285388,泰國,羅勇府,布羅登縣,Ta Sit,
12.97827911,101.53684655,泰國,羅勇府,旺占縣,Chum Saeng,
13.01115501,101.47945899,泰國,羅勇府,旺占縣,Pa Yup Nai,
12.9014922,101.53970998,泰國,羅勇府,旺占縣,Phlong Ta Iam,
12.86162572,101.55368739,泰國,羅勇府,旺占縣,Wang Chan,
12.84668151,101.6740579,泰國,羅勇府,格靈縣,Ban Na,
12.69977057,101.60399254,泰國,羅勇府,格靈縣,Chak Don,
12.66844726,101.54903996,泰國,羅勇府,格靈縣,Chak Phong,
12.77857098,101.56146237,泰國,羅勇府,格靈縣,Huai Yang,
12.74967872,101.73485712,泰國,羅勇府,格靈縣,Khlong Pun,
12.81328057,101.79615334,泰國,羅勇府,格靈縣,Kong Din,
12.6639952,101.63483377,泰國,羅勇府,格靈縣,Kram,
12.89601903,101.60908846,泰國,羅勇府,格靈縣,Krasae Bon,
12.71301481,101.65269037,泰國,羅勇府,格靈縣,Noen Kho,
12.72121609,101.70879887,泰國,羅勇府,格靈縣,Pak Nam Krasae,
12.72919161,101.77227457,泰國,羅勇府,格靈縣,Phang Rat,
12.74613087,101.54764511,泰國,羅勇府,格靈縣,Song Salueng,
12.79068196,101.63622214,泰國,羅勇府,格靈縣,Thang Kwian,
12.80939869,101.72699463,泰國,羅勇府,格靈縣,Thung Khwai Kin,
12.78596773,101.59183212,泰國,羅勇府,格靈縣,Wang Wa,
12.77524376,101.30433141,泰國,羅勇府,班凱縣,Ban Khai,
12.84742589,101.39055035,泰國,羅勇府,班凱縣,Bang But,
12.79447257,101.37986106,泰國,羅勇府,班凱縣,Chak Bok,
12.90576689,101.37225824,泰國,羅勇府,班凱縣,Nong Bua,
12.82554614,101.26224886,泰國,羅勇府,班凱縣,Nong Lalok,
12.75765815,101.25637863,泰國,羅勇府,班凱縣,Nong Taphan,
12.73444802,101.31544412,泰國,羅勇府,班凱縣,Ta Khan,
12.73186568,101.07636614,泰國,羅勇府,班昌縣,Ban Chang,
12.68823993,101.0254786,泰國,羅勇府,班昌縣,Phla,
12.76228293,101.03379914,泰國,羅勇府,班昌縣,Samnak Thon,
12.70655941,101.37652245,泰國,羅勇府,羅勇府治縣,Ban Laeng,
12.68204399,101.2945258,泰國,羅勇府,羅勇府治縣,Choeng Noen,
12.75838381,101.12350544,泰國,羅勇府,羅勇府治縣,Huai Pong,
12.77521021,101.49527655,泰國,羅勇府,羅勇府治縣,Kachet,
12.66354653,101.46639363,泰國,羅勇府,羅勇府治縣,Klaeng,
12.70501435,101.15258702,泰國,羅勇府,羅勇府治縣,Maptaphut,
12.73648731,101.36734941,泰國,羅勇府,羅勇府治縣,Na Ta Khwan,
12.7238935,101.26109442,泰國,羅勇府,羅勇府治縣,Nam Khok,
12.68830821,101.20734906,泰國,羅勇府,羅勇府治縣,Noen Phra,
12.66501957,101.25963211,泰國,羅勇府,羅勇府治縣,Pak Nam,
12.62042926,101.42202616,泰國,羅勇府,羅勇府治縣,Phe,
12.75398963,101.44986502,泰國,羅勇府,羅勇府治縣,Samnak Thong,
12.65819622,101.3688682,泰國,羅勇府,羅勇府治縣,Taphong,
12.67406952,101.27648828,泰國,羅勇府,羅勇府治縣,Tha Pradu,
12.71761679,101.22567204,泰國,羅勇府,羅勇府治縣,Thap Ma,
12.94149311,101.6442269,泰國,羅勇府,考差毛縣,Cham Kho,
13.04555745,101.6839065,泰國,羅勇府,考差毛縣,Huai Thap Mon,
13.06156764,101.61728532,泰國,羅勇府,考差毛縣,Khao Noi,
12.90146293,101.7487269,泰國,羅勇府,考差毛縣,Nam Pen,
6.48574011,101.25532192,泰國,耶拉府,也拉府治縣,Bannang Sareng,
6.49013085,101.30924265,泰國,耶拉府,也拉府治縣,Bu Di,
6.58241341,101.20674826,泰國,耶拉府,也拉府治縣,Lam Mai,
6.58997696,101.13989336,泰國,耶拉府,也拉府治縣,Lam Phaya,
6.54928765,101.18053866,泰國,耶拉府,也拉府治縣,Li Don,
6.52863058,101.22483264,泰國,耶拉府,也拉府治縣,Na Tham,
6.55979573,101.22569871,泰國,耶拉府,也拉府治縣,Phron,
6.50881808,101.21111328,泰國,耶拉府,也拉府治縣,Po Seng,
6.54674702,101.27988871,泰國,耶拉府,也拉府治縣,Sateng,
6.53253051,101.30019932,泰國,耶拉府,也拉府治縣,Sateng Nok,
6.63368983,101.2726016,泰國,耶拉府,也拉府治縣,Tase,
6.54329507,101.24983562,泰國,耶拉府,也拉府治縣,Tha Sap,
6.52134357,101.180995,泰國,耶拉府,也拉府治縣,Yala,
6.59371664,101.26608361,泰國,耶拉府,也拉府治縣,Yu Po,
6.52439069,101.15495714,泰國,耶拉府,亞哈縣,Ba-Ngoi Sinae,
6.4460149,101.10511671,泰國,耶拉府,亞哈縣,Baro,
6.50270426,101.05900304,泰國,耶拉府,亞哈縣,Katong,
6.44850422,101.18665299,泰國,耶拉府,亞哈縣,La-Ae,
6.32951007,101.10715054,泰國,耶拉府,亞哈縣,Patae,
6.554653,101.10516525,泰國,耶拉府,亞哈縣,Ta Chi,
6.50013484,101.12056805,泰國,耶拉府,亞哈縣,Yaha,
5.93635275,101.31966084,泰國,耶拉府,勿洞縣,Aiyoe Weng,
5.78450412,101.03566589,泰國,耶拉府,勿洞縣,Betong,
5.85432887,101.09757934,泰國,耶拉府,勿洞縣,Tano Maero,
5.73718576,101.09430364,泰國,耶拉府,勿洞縣,Than Nam Thip,
5.75305797,101.1877779,泰國,耶拉府,勿洞縣,Yarom,
6.5200937,101.45435008,泰國,耶拉府,拉曼縣,A Song,
6.47773651,101.34107217,泰國,耶拉府,拉曼縣,Ba-Ngoi,
6.44293572,101.43763977,泰國,耶拉府,拉曼縣,Balo,
6.41509898,101.33642117,泰國,耶拉府,拉曼縣,Buemang,
6.49911769,101.53768339,泰國,耶拉府,拉曼縣,Cha Kwua,
6.37886502,101.38657339,泰國,耶拉府,拉曼縣,Kalo,
6.46229488,101.37025886,泰國,耶拉府,拉曼縣,Kalupang,
6.48290989,101.41291033,泰國,耶拉府,拉曼縣,Kayu Boko,
6.5417228,101.53656047,泰國,耶拉府,拉曼縣,Ke Ro,
6.44886932,101.34337899,泰國,耶拉府,拉曼縣,Kota Baru,
6.49647648,101.38678736,泰國,耶拉府,拉曼縣,Koto Tuera,
6.50542318,101.34914582,泰國,耶拉府,拉曼縣,Noen Ngam,
6.4788555,101.48604884,泰國,耶拉府,拉曼縣,Talo Halo,
6.56643949,101.45370081,泰國,耶拉府,拉曼縣,Tha Thong,
6.54430269,101.37864133,泰國,耶拉府,拉曼縣,Wang Phaya,
6.42970888,101.38543413,泰國,耶拉府,拉曼縣,Yata,
6.34224423,101.25577664,泰國,耶拉府,格隆比南縣,Huai Krathing,
6.42126057,101.28530776,泰國,耶拉府,格隆比南縣,Krong Pinang,
6.44942181,101.23786202,泰國,耶拉府,格隆比南縣,Pu Rong,
6.40295219,101.23373179,泰國,耶拉府,格隆比南縣,Sa-Ae,
6.22316668,101.29691721,泰國,耶拉府,班南沙達縣,Bacho,
6.26865012,101.23293184,泰國,耶拉府,班南沙達縣,Bannang Sata,
6.17634603,101.3318498,泰國,耶拉府,班南沙達縣,Khuean Bang Lang,
6.28202173,101.35187962,泰國,耶拉府,班南沙達縣,Taling Chan,
6.35470667,101.32046438,泰國,耶拉府,班南沙達縣,Tano Pute,
6.23809023,101.1525834,泰國,耶拉府,班南沙達縣,Tham Thalu,
6.33431528,100.96186719,泰國,耶拉府,甲邦縣,Bala,
6.43920996,101.00713515,泰國,耶拉府,甲邦縣,Kabang,
6.11331009,101.25897428,泰國,耶拉府,貪多縣,Ban Rae,
6.1540374,101.12306418,泰國,耶拉府,貪多縣,Khiri Khet,
6.03704796,101.28566964,泰國,耶拉府,貪多縣,Mae Wat,
6.167628,101.21990382,泰國,耶拉府,貪多縣,Than To,
12.59522418,102.02817953,泰國,莊他武里府,他邁縣,Bo Phu,
12.62392822,101.94013082,泰國,莊他武里府,他邁縣,Khamong,
12.71701012,102.04356065,泰國,莊他武里府,他邁縣,Khao Baisi,
12.86753835,101.93956791,泰國,莊他武里府,他邁縣,Khao Kaeo,
12.65506274,102.05261076,泰國,莊他武里府,他邁縣,Khao Wua,
12.57494145,101.92234489,泰國,莊他武里府,他邁縣,Khlong Khut,
12.61701337,102.05315324,泰國,莊他武里府,他邁縣,Phloi Waen,
12.66838208,101.91440397,泰國,莊他武里府,他邁縣,Ramphan,
12.57845109,102.02858777,泰國,莊他武里府,他邁縣,Si Phaya,
12.71095995,101.99921883,泰國,莊他武里府,他邁縣,Song Phi Nong,
12.57547828,101.97790446,泰國,莊他武里府,他邁縣,Takat Ngao,
12.62777534,101.98571031,泰國,莊他武里府,他邁縣,Tha Mai,
12.78587389,101.97926941,泰國,莊他武里府,他邁縣,Thung Bencha,
12.60826174,102.0192743,泰國,莊他武里府,他邁縣,Yai Ra,
12.51810337,102.03546024,泰國,莊他武里府,林信縣,Bang Kachai,
12.51128479,102.09618995,泰國,莊他武里府,林信縣,Bang Sa Kao,
12.49825956,102.1235098,泰國,莊他武里府,林信縣,Khlong Nam Khem,
12.40330733,102.15810582,泰國,莊他武里府,林信縣,Ko Proet,
12.42612272,102.17634967,泰國,莊他武里府,林信縣,Nong Chim,
12.47115918,102.10425231,泰國,莊他武里府,林信縣,Pak Nam Laem Sing,
12.50952412,102.15604804,泰國,莊他武里府,林信縣,Phlio,
12.9757311,101.91600303,泰國,莊他武里府,根杭苗縣,Kaeng Hang Maeo,
12.89453728,101.83042517,泰國,莊他武里府,根杭苗縣,Khao Wongkot,
13.1533614,101.959765,泰國,莊他武里府,根杭苗縣,Khun Song,
13.105623,101.79124493,泰國,莊他武里府,根杭苗縣,Phawa,
12.97558352,101.84119953,泰國,莊他武里府,根杭苗縣,Sam Phi Nong,
12.63996151,102.22399044,泰國,莊他武里府,瑪堪縣,Ang Khiri,
12.81708906,102.21832491,泰國,莊他武里府,瑪堪縣,Chaman,
12.67752514,102.18714702,泰國,莊他武里府,瑪堪縣,Makham,
12.74745411,102.26962588,泰國,莊他武里府,瑪堪縣,Patthawi,
12.70066659,102.14733078,泰國,莊他武里府,瑪堪縣,Tha Luang,
12.76101402,102.1650488,泰國,莊他武里府,瑪堪縣,Wang Saem,
12.35382805,102.26978205,泰國,莊他武里府,空縣,Bang Chan,
12.42258969,102.30776122,泰國,莊他武里府,空縣,Bo,
12.72330782,102.36728544,泰國,莊他武里府,空縣,Bo Weru,
12.45672351,102.22325842,泰國,莊他武里府,空縣,Khlung,
12.46756357,102.19967674,泰國,莊他武里府,空縣,Kwian Hak,
12.5980954,102.25733897,泰國,莊他武里府,空縣,Map Phai,
12.48977657,102.26243612,泰國,莊他武里府,空縣,Sueng,
12.49308336,102.17446641,泰國,莊他武里府,空縣,Tapon,
12.62479181,102.33920233,泰國,莊他武里府,空縣,Tok Phrom,
12.53598128,102.25121758,泰國,莊他武里府,空縣,Trok Nong,
12.43982058,102.24604784,泰國,莊他武里府,空縣,Wan Yao,
12.56007064,102.30095082,泰國,莊他武里府,空縣,Wang Sappharot,
13.17067505,102.19418002,泰國,莊他武里府,綏道縣,Patong,
13.09202225,102.25463639,泰國,莊他武里府,綏道縣,Sai Khao,
13.15940531,102.3375938,泰國,莊他武里府,綏道縣,Saton,
13.24906928,102.15655454,泰國,莊他武里府,綏道縣,Thap Chang,
13.23207725,102.31980593,泰國,莊他武里府,綏道縣,Thung Khanan,
12.79453451,102.07000133,泰國,莊他武里府,考基差古縣,Chak Thai,
13.07054894,102.08977793,泰國,莊他武里府,考基差古縣,Chanthakhlem,
12.95027397,102.05325829,泰國,莊他武里府,考基差古縣,Khlong Phlu,
12.82518194,102.11784303,泰國,莊他武里府,考基差古縣,Phluang,
12.90286841,102.13205828,泰國,莊他武里府,考基差古縣,Takhian Thong,
12.56319212,102.05573069,泰國,莊他武里府,莊他武里府治縣,Bang Kacha,
12.61063786,102.12316605,泰國,莊他武里府,莊他武里府治縣,Chanthanimit,
12.5742673,102.16246094,泰國,莊他武里府,莊他武里府治縣,Khlong Narai,
12.56703444,102.10256838,泰國,莊他武里府,莊他武里府治縣,Ko Khwang,
12.53848457,102.16740452,泰國,莊他武里府,莊他武里府治縣,Kom Bang,
12.53805339,102.10762031,泰國,莊他武里府,莊他武里府治縣,Nong Bua,
12.60551144,102.17117547,泰國,莊他武里府,莊他武里府治縣,Phlapphla,
12.69436787,102.10694879,泰國,莊他武里府,莊他武里府治縣,Salaeng,
12.59331219,102.09589918,泰國,莊他武里府,莊他武里府治縣,Talat,
12.63758313,102.09393555,泰國,莊他武里府,莊他武里府治縣,Tha Chang,
12.61079639,102.10439123,泰國,莊他武里府,莊他武里府治縣,Wat Mai,
12.70693056,101.81881732,泰國,莊他武里府,那艾安縣,Chang Kham,
12.68904491,101.86106246,泰國,莊他武里府,那艾安縣,Krachae,
12.77760277,101.85003515,泰國,莊他武里府,那艾安縣,Na Yai Am,
12.6551916,101.88575744,泰國,莊他武里府,那艾安縣,Sanam Chai,
12.80185256,101.8964776,泰國,莊他武里府,那艾安縣,Wang Mai,
12.70269286,101.93252703,泰國,莊他武里府,那艾安縣,Wang Tanot,
12.87219117,102.47443614,泰國,莊他武里府,邦南隆縣,Khlong Yai,
13.06824717,102.38063186,泰國,莊他武里府,邦南隆縣,Nong Ta Khong,
12.89020866,102.38184397,泰國,莊他武里府,邦南隆縣,Pong Nam Ron,
12.95397481,102.25596665,泰國,莊他武里府,邦南隆縣,Thap Sai,
13.04396159,102.4538142,泰國,莊他武里府,邦南隆縣,Thep Nimit,
14.71722605,100.49917328,泰國,華富里府,他翁縣,Ban Boek,
14.80354889,100.52879934,泰國,華富里府,他翁縣,Bang Khu,
14.88437893,100.53998044,泰國,華富里府,他翁縣,Bang Li,
14.85720502,100.4750239,泰國,華富里府,他翁縣,Bang Nga,
14.77592906,100.49414173,泰國,華富里府,他翁縣,Hua Samrong,
14.90729215,100.47324709,泰國,華富里府,他翁縣,Khao Samo Khon,
14.88246825,100.48517036,泰國,華富里府,他翁縣,Khok Salut,
14.76535735,100.53347734,泰國,華富里府,他翁縣,Lat Sali,
14.87665424,100.50985375,泰國,華富里府,他翁縣,Mutchalin,
14.80215556,100.55541577,泰國,華富里府,他翁縣,Pho Talat Kaeo,
14.81927495,100.49414447,泰國,華富里府,他翁縣,Tha Wung,
15.03287928,101.29659173,泰國,華富里府,他鑾縣,Hua Lam,
15.01382724,101.08484389,泰國,華富里府,他鑾縣,Kaeng Phak Kut,
15.12079692,101.20903956,泰國,華富里府,他鑾縣,Nong Phak Waen,
15.02660267,101.22827047,泰國,華富里府,他鑾縣,Sap Champa,
15.0779161,101.14174162,泰國,華富里府,他鑾縣,Tha Luang,
15.02283131,101.16866215,泰國,華富里府,他鑾縣,Thale Wang Wat,
14.79535128,100.98553477,泰國,華富里府,帕塔納尼空縣,Chon Noi,
14.7970698,100.91324951,泰國,華富里府,帕塔納尼空縣,Chong Sarika,
14.91686391,100.88466277,泰國,華富里府,帕塔納尼空縣,Di Lang,
14.95565738,101.24260279,泰國,華富里府,帕塔納尼空縣,Huai Khun Ram,
14.99351993,100.97097391,泰國,華富里府,帕塔納尼空縣,Khok Salung,
14.93974572,101.06746462,泰國,華富里府,帕塔納尼空縣,Manao Wan,
14.95268282,101.14638929,泰國,華富里府,帕塔納尼空縣,Nam Sut,
14.8512831,101.05427768,泰國,華富里府,帕塔納尼空縣,Nong Bua,
14.88914697,100.96814282,泰國,華富里府,帕塔納尼空縣,Phatthana Nikhom,
15.18439613,100.78389071,泰國,華富里府,沙博縣,Huai Yai,
15.28304711,100.85625165,泰國,華富里府,沙博縣,Maha Phot,
15.20874554,100.91186887,泰國,華富里府,沙博縣,Niyom Chai,
15.22447879,100.84878306,泰國,華富里府,沙博縣,Sa Bot,
15.16789503,100.8124603,泰國,華富里府,沙博縣,Thung Tha Chang,
15.25862541,101.02198898,泰國,華富里府,猜巴丹縣,Ban Mai Samakkhi,
15.1705778,101.24410638,泰國,華富里府,猜巴丹縣,Bua Chum,
15.11018336,101.07562512,泰國,華富里府,猜巴丹縣,Chai Badan,
15.20002374,101.05956876,泰國,華富里府,猜巴丹縣,Chai Narai,
15.15886908,101.0244605,泰國,華富里府,猜巴丹縣,Huai Hin,
15.11523852,100.96802335,泰國,華富里府,猜巴丹縣,Khao Laem,
15.31831923,101.25142251,泰國,華富里府,猜巴丹縣,Ko Rang,
15.19832983,101.12404605,泰國,華富里府,猜巴丹縣,Lam Narai,
15.05413782,101.05825839,泰國,華富里府,猜巴丹縣,Makok Wan,
15.07852935,101.02383486,泰國,華富里府,猜巴丹縣,Muang Khom,
15.21870274,101.30117738,泰國,華富里府,猜巴丹縣,Na Som,
15.26830198,101.14980294,泰國,華富里府,猜巴丹縣,Nikhom Lam Narai,
15.25017335,101.26842981,泰國,華富里府,猜巴丹縣,Nong Yai To,
15.11850901,101.32878974,泰國,華富里府,猜巴丹縣,Sap Takhian,
15.31195069,101.08799873,泰國,華富里府,猜巴丹縣,Sila Thip,
15.15047084,101.13374398,泰國,華富里府,猜巴丹縣,Tha Din Dam,
15.18757993,101.17670908,泰國,華富里府,猜巴丹縣,Tha Manao,
14.94633674,100.50211863,泰國,華富里府,班米縣,Ban Chi,
15.03913905,100.57092968,泰國,華富里府,班米縣,Ban Kluai,
15.04157291,100.53988749,泰國,華富里府,班米縣,Ban Mi,
15.04587181,100.5785574,泰國,華富里府,班米縣,Ban Sai,
15.07162167,100.6132432,泰國,華富里府,班米縣,Bang Kaphi,
14.95318544,100.45800905,泰國,華富里府,班米縣,Bang Kham,
14.99500619,100.49647536,泰國,華富里府,班米縣,Bang Phueng,
15.0563958,100.51355077,泰國,華富里府,班米縣,Chiang Nga,
15.21139585,100.6081956,泰國,華富里府,班米縣,Chon Muang,
15.14602487,100.61257426,泰國,華富里府,班米縣,Don Dueng,
15.08220849,100.63717198,泰國,華富里府,班米縣,Dong Phlap,
15.05611682,100.59216025,泰國,華富里府,班米縣,Hin Pak,
15.03062093,100.47443943,泰國,華富里府,班米縣,Mahason,
15.14859695,100.53366626,泰國,華富里府,班米縣,Nong Krabian,
15.1252101,100.56976399,泰國,華富里府,班米縣,Nong Mueang,
14.99659577,100.59740665,泰國,華富里府,班米縣,Nong Sai Khao,
14.95868653,100.55606071,泰國,華富里府,班米縣,Nong Tao,
15.08270855,100.46341093,泰國,華富里府,班米縣,Phai Yai,
15.03811869,100.55859122,泰國,華富里府,班米縣,Phon Thong,
14.95274799,100.59891011,泰國,華富里府,班米縣,Phu Kha,
15.09513525,100.51050541,泰國,華富里府,班米縣,Sai Huai Kaeo,
15.01093536,100.53535462,泰國,華富里府,班米縣,Sanam Chaeng,
14.6833379,100.52856622,泰國,華富里府,華富里府治縣,Ban Khoi,
14.83005791,100.57447042,泰國,華富里府,華富里府治縣,Bang Khan Mak,
14.68771633,100.62707329,泰國,華富里府,華富里府治縣,Don Pho,
14.90775554,100.67781914,泰國,華富里府,華富里府治縣,Khao Phra Ngam,
14.83027733,100.67234047,泰國,華富里府,華富里府治縣,Khao Sam Yot,
14.89095447,100.57980579,泰國,華富里府,華富里府治縣,Khok Kathiam,
14.74059955,100.63997799,泰國,華富里府,華富里府治縣,Khok Lamphan,
14.86779945,100.81788903,泰國,華富里府,華富里府治縣,Khok Tum,
14.7649496,100.67703225,泰國,華富里府,華富里府治縣,Kok Ko,
14.67365244,100.59677727,泰國,華富里府,華富里府治縣,Kong Thanu,
14.70467208,100.59112278,泰國,華富里府,華富里府治縣,Ngio Rai,
14.82404442,100.73619425,泰國,華富里府,華富里府治縣,Nikhom Sang Ton-Eng,
14.77593873,100.64422597,泰國,華富里府,華富里府治縣,Pa Tan,
14.77175323,100.59997847,泰國,華富里府,華富里府治縣,Pho Kao Ton,
14.73529349,100.54496699,泰國,華富里府,華富里府治縣,Pho Tru,
14.8189997,100.60236055,泰國,華富里府,華富里府治縣,Phrommat,
14.68168012,100.562911,泰國,華富里府,華富里府治縣,Si Khlong,
14.73595688,100.59934941,泰國,華富里府,華富里府治縣,Talung,
14.80090439,100.61174233,泰國,華富里府,華富里府治縣,Tha Hin,
14.86491956,100.61892155,泰國,華富里府,華富里府治縣,Tha Khae,
14.79462646,100.68453549,泰國,華富里府,華富里府治縣,Tha Sala,
14.72363172,100.5619949,泰國,華富里府,華富里府治縣,Thai Talat,
14.80722733,100.63230563,泰國,華富里府,華富里府治縣,Thale Chup Son,
14.83118643,100.62877192,泰國,華富里府,華富里府治縣,Thanon Yai,
15.10343663,101.37659042,泰國,華富里府,蘭頌提縣,Khao Noi,
15.3748335,101.33077641,泰國,華富里府,蘭頌提縣,Khao Ruak,
15.55592762,101.34939109,泰國,華富里府,蘭頌提縣,Kut Ta Phet,
15.33573366,101.36296168,泰國,華富里府,蘭頌提縣,Lam Sonthi,
15.26588234,101.34677603,泰國,華富里府,蘭頌提縣,Nong Ri,
15.19665585,101.3540472,泰國,華富里府,蘭頌提縣,Sap Sombun,
15.2913635,100.64729564,泰國,華富里府,農孟縣,Bo Thong,
15.1797706,100.68996056,泰國,華富里府,農孟縣,Chon Saradet,
15.28835016,100.76364299,泰國,華富里府,農孟縣,Chon Sombun,
15.37701176,100.6830836,泰國,華富里府,農孟縣,Dong Din Daeng,
15.24318291,100.66805646,泰國,華富里府,農孟縣,Nong Muang,
15.24013884,100.71498486,泰國,華富里府,農孟縣,Yang Thon,
15.12711366,100.87678454,泰國,華富里府,鵠三廊縣,Dong Marum,
14.97433331,100.67266911,泰國,華富里府,鵠三廊縣,Huai Pong,
14.9899353,100.76782259,泰國,華富里府,鵠三廊縣,Khlong Ket,
15.06931582,100.72314449,泰國,華富里府,鵠三廊縣,Khok Samrong,
15.13638457,100.73784894,泰國,華富里府,鵠三廊縣,Ko Kaeo,
15.02329077,100.64272962,泰國,華富里府,鵠三廊縣,Lum Khao,
15.1406504,100.69116302,泰國,華富里府,鵠三廊縣,Nong Khaem,
15.03548349,100.81262336,泰國,華富里府,鵠三廊縣,Phaniat,
15.12176535,100.7961637,泰國,華富里府,鵠三廊縣,Sakae Rap,
15.06400901,100.68219069,泰國,華富里府,鵠三廊縣,Thalung Lek,
15.10189053,100.66896375,泰國,華富里府,鵠三廊縣,Wang Chan,
15.02184627,100.69640539,泰國,華富里府,鵠三廊縣,Wang Khon Khwang,
15.05905545,100.88010202,泰國,華富里府,鵠三廊縣,Wang Phloeng,
15.40646178,100.77598254,泰國,華富里府,鵠乍侖縣,Khok Charoen,
15.34347579,100.85054803,泰國,華富里府,鵠乍侖縣,Khok Samae San,
15.49633618,100.84706681,泰國,華富里府,鵠乍侖縣,Nong Makha,
15.43233947,100.85409934,泰國,華富里府,鵠乍侖縣,Wang Thong,
15.3663612,100.93636053,泰國,華富里府,鵠乍侖縣,Yang Rak,
7.27584661,99.60278838,泰國,董里府,哈訕蘭縣,Ba Wi,
7.24973092,99.56419251,泰國,董里府,哈訕蘭縣,Hat Samran,
7.18324993,99.59899678,泰國,董里府,哈訕蘭縣,Tase,
7.31486558,99.65532883,泰國,董里府,巴蓮縣,Ban Na,
7.34026866,99.72204458,泰國,董里府,巴蓮縣,Bang Duan,
7.09528885,99.56504483,泰國,董里府,巴蓮縣,Ko Sukon,
7.3068608,99.77170401,泰國,董里府,巴蓮縣,Laem Som,
7.18457085,99.80995011,泰國,董里府,巴蓮縣,Li Phang,
7.286552,99.86572079,泰國,董里府,巴蓮縣,Palian,
7.23576712,99.67349077,泰國,董里府,巴蓮縣,Suso,
7.17175984,99.68999043,泰國,董里府,巴蓮縣,Tha Kham,
7.35332482,99.67180051,泰國,董里府,巴蓮縣,Tha Phaya,
7.21343621,99.74496453,泰國,董里府,巴蓮縣,Thung Yao,
7.47404219,99.57088743,泰國,董里府,幹東縣,Bang Mak,
7.41698164,99.53919806,泰國,董里府,幹東縣,Bang Pao,
7.40419965,99.4089163,泰國,董里府,幹東縣,Bang Sak,
7.42457367,99.47425377,泰國,董里府,幹東縣,Bo Nam Ron,
7.40967953,99.51820609,泰國,董里府,幹東縣,Kantang,
7.34472413,99.51620927,泰國,董里府,幹東縣,Kantang Tai,
7.43297226,99.58673566,泰國,董里府,幹東縣,Khlong Chi Lom,
7.47765545,99.49952477,泰國,董里府,幹東縣,Khlong Lu,
7.50886814,99.48235091,泰國,董里府,幹東縣,Khok Yang,
7.51221561,99.56354129,泰國,董里府,幹東縣,Khuan Thani,
7.30323021,99.35611112,泰國,董里府,幹東縣,Ko Libong,
7.32748804,99.46496498,泰國,董里府,幹東縣,Na Kluea,
7.35779181,99.55835395,泰國,董里府,幹東縣,Wang Won,
7.46948303,99.53354066,泰國,董里府,幹東縣,Yan Sue,
7.4551335,99.699364,泰國,董里府,延達考縣,Ko Pia,
7.46990049,99.79393309,泰國,董里府,延達考縣,Na Chum Het,
7.37844833,99.74666998,泰國,董里府,延達考縣,Nai Khuan,
7.41597117,99.7188418,泰國,董里府,延達考縣,Nong Bo,
7.4064942,99.82989506,泰國,董里府,延達考縣,Phrong Chorakhe,
7.47215259,99.65173594,泰國,董里府,延達考縣,Thung Khai,
7.39032509,99.62876292,泰國,董里府,延達考縣,Thung Krabue,
7.40522498,99.67373434,泰國,董里府,延達考縣,Yan Ta Khao,
7.94949054,99.68693889,泰國,董里府,拉沙達縣,Khao Phrai,
7.98731957,99.63886692,泰國,董里府,拉沙達縣,Khlong Pang,
7.944506,99.60382016,泰國,董里府,拉沙達縣,Khuan Mao,
7.98091077,99.70596857,泰國,董里府,拉沙達縣,Nong Bua,
7.900618,99.66986645,泰國,董里府,拉沙達縣,Nong Prue,
7.85616757,99.37159494,泰國,董里府,旺威社縣,Ao Tong,
7.64528928,99.45577106,泰國,董里府,旺威社縣,Khao Wiset,
7.68606264,99.52268286,泰國,董里府,旺威社縣,Tha Saba,
7.67587481,99.38588925,泰國,董里府,旺威社縣,Wang Maprang,
7.74306034,99.40850701,泰國,董里府,旺威社縣,Wang Maprang Nuea,
7.84096499,99.49462797,泰國,董里府,會堯縣,Bang Di,
7.77623583,99.45131427,泰國,董里府,會堯縣,Bang Kung,
7.89103965,99.57645435,泰國,董里府,會堯縣,Huai Nang,
7.77617522,99.63168943,泰國,董里府,會堯縣,Huai Yot,
7.81055583,99.61870628,泰國,董里府,會堯縣,Khao Khao,
7.80101966,99.55859859,泰國,董里府,會堯縣,Khao Kop,
7.79250509,99.69999474,泰國,董里府,會堯縣,Khao Pun,
7.69744751,99.58356927,泰國,董里府,會堯縣,Lamphura,
7.73939842,99.51115817,泰國,董里府,會堯縣,Na Wong,
7.8609627,99.72666452,泰國,董里府,會堯縣,Nai Tao,
7.85015926,99.59427765,泰國,董里府,會堯縣,Nong Chang Laen,
7.72227852,99.72089044,泰國,董里府,會堯縣,Pak Chaem,
7.73328408,99.60536766,泰國,董里府,會堯縣,Pak Khom,
7.84039657,99.66884837,泰國,董里府,會堯縣,Tha Ngio,
7.76036081,99.57571718,泰國,董里府,會堯縣,Thung To,
7.79749985,99.46916148,泰國,董里府,會堯縣,Wang Khiri,
7.53102054,99.6381448,泰國,董里府,董里府治縣,Ban Khuan,
7.59777362,99.6413726,泰國,董里府,董里府治縣,Ban Pho,
7.55756589,99.57687808,泰國,董里府,董里府治縣,Bang Rak,
7.51908243,99.61771253,泰國,董里府,董里府治縣,Khok Lo,
7.51089758,99.60018202,泰國,董里府,董里府治縣,Khuan Pring,
7.54152997,99.66303952,泰國,董里府,董里府治縣,Na Bin La,
7.60042593,99.6649791,泰國,董里府,董里府治縣,Na Phala,
7.58383251,99.59680378,泰國,董里府,董里府治縣,Na Ta Luang,
7.6490606,99.61188222,泰國,董里府,董里府治縣,Na Tham Nuea,
7.63539896,99.55161467,泰國,董里府,董里府治縣,Na Tham Tai,
7.55647356,99.52753685,泰國,董里府,董里府治縣,Na To Ming,
7.56613408,99.67256631,泰國,董里府,董里府治縣,Na Yong Tai,
7.66349733,99.72081076,泰國,董里府,董里府治縣,Nam Phut,
7.60390836,99.52232693,泰國,董里府,董里府治縣,Nong Trut,
7.55690579,99.6144645,泰國,董里府,董里府治縣,Thap Thiang,
7.53838681,99.78580785,泰國,董里府,那永縣,Chong,
7.49909026,99.71402404,泰國,董里府,那永縣,Khok Saba,
7.5973941,99.75351905,泰國,董里府,那永縣,Lamo,
7.53229221,99.71116574,泰國,董里府,那永縣,Na Khao Sia,
7.61063975,99.69719144,泰國,董里府,那永縣,Na Muen Si,
7.56692147,99.70018847,泰國,董里府,那永縣,Na Yong Nuea,
7.58754155,99.34425852,泰國,董里府,錫高縣,Bo Hin,
7.74381645,99.32610477,泰國,董里府,錫高縣,Kalase,
7.64465105,99.30618345,泰國,董里府,錫高縣,Khao Mai Kaeo,
7.50509029,99.36901456,泰國,董里府,錫高縣,Mai Fat,
7.55206067,99.45274032,泰國,董里府,錫高縣,Na Mueang Phet,
17.10909666,102.47198655,泰國,農磨蘭普,Mueang Nong Bua Lam Phu,Ban Kham,
17.10208591,102.39181899,泰國,農磨蘭普,Mueang Nong Bua Lam Phu,Ban Phrao,
17.03101327,102.39039534,泰國,農磨蘭普,Mueang Nong Bua Lam Phu,Hua Na,
17.32821848,102.38723048,泰國,農磨蘭普,Mueang Nong Bua Lam Phu,Kut Chik,
17.23319066,102.44139152,泰國,農磨蘭普,Mueang Nong Bua Lam Phu,Lam Phu,
17.27772956,102.3056588,泰國,農磨蘭普,Mueang Nong Bua Lam Phu,Na Kham Hai,
17.04758156,102.50286241,泰國,農磨蘭普,Mueang Nong Bua Lam Phu,Na Mafueang,
17.16601153,102.28226418,泰國,農磨蘭普,Mueang Nong Bua Lam Phu,Non Khamin,
17.25087184,102.50893517,泰國,農磨蘭普,Mueang Nong Bua Lam Phu,Non Than,
17.16550763,102.43857559,泰國,農磨蘭普,Mueang Nong Bua Lam Phu,Nong Bua,
17.26090142,102.39514423,泰國,農磨蘭普,Mueang Nong Bua Lam Phu,Nong Phai Sun,
17.20557501,102.31393482,泰國,農磨蘭普,Mueang Nong Bua Lam Phu,Nong Sawan,
17.14755284,102.34981586,泰國,農磨蘭普,Mueang Nong Bua Lam Phu,Nong Wa,
16.97200188,102.36775317,泰國,農磨蘭普,Mueang Nong Bua Lam Phu,Pa Mai Ngam,
17.20987197,102.38717653,泰國,農磨蘭普,Mueang Nong Bua Lam Phu,Pho Chai,
17.31757146,102.14683794,泰國,農磨蘭普,Na Klang,Dan Chang,
17.44397462,102.19120286,泰國,農磨蘭普,Na Klang,Dong Sawan,
17.23853445,102.22124166,泰國,農磨蘭普,Na Klang,Fang Daeng,
17.39456443,102.34198544,泰國,農磨蘭普,Na Klang,Kao Kloi,
17.36602628,102.25107596,泰國,農磨蘭普,Na Klang,Kut Din Chi,
17.38924997,102.15054487,泰國,農磨蘭普,Na Klang,Kut Hae,
17.31192018,102.21457431,泰國,農磨蘭普,Na Klang,Na Klang,
17.17352137,102.19842524,泰國,農磨蘭普,Na Klang,Non Mueang,
17.23443131,102.14083067,泰國,農磨蘭普,Na Klang,Uthai Sawan,
17.3939552,102.07850766,泰國,農磨蘭普,Na Wang,Na Kae,
17.27959388,102.07817244,泰國,農磨蘭普,Na Wang,Na Lao,
17.29908489,102.11288806,泰國,農磨蘭普,Na Wang,Thep Khiri,
17.42643022,102.02138931,泰國,農磨蘭普,Na Wang,Wang Pla Pom,
17.27756595,102.03937774,泰國,農磨蘭普,Na Wang,Wang Thong,
16.87542758,102.61819605,泰國,農磨蘭普,Non Sang,Ban Kho,
16.9882787,102.52658551,泰國,農磨蘭普,Non Sang,Ban Thin,
16.93043996,102.439114,泰國,農磨蘭普,Non Sang,Khok Muang,
16.80797897,102.56771209,泰國,農磨蘭普,Non Sang,Khok Yai,
16.95629026,102.61857443,泰國,農磨蘭普,Non Sang,Kut Du,
16.93014657,102.52367463,泰國,農磨蘭普,Non Sang,Nikhom Phatthana,
16.83748047,102.43361459,泰國,農磨蘭普,Non Sang,Non Mueang,
16.87565246,102.5628394,泰國,農磨蘭普,Non Sang,Non Sang,
16.84406285,102.50092599,泰國,農磨蘭普,Non Sang,Nong Ruea,
17.00250039,102.59461072,泰國,農磨蘭普,Non Sang,Pang Ku,
16.98330816,102.2480074,泰國,農磨蘭普,Si Bun Rueang,Han Na Ngam,
17.05542044,102.2400786,泰國,農磨蘭普,Si Bun Rueang,Kut Sathian,
16.9941558,102.29503192,泰國,農磨蘭普,Si Bun Rueang,Mueang Mai,
16.90138053,102.17540518,泰國,農磨蘭普,Si Bun Rueang,Na Kok,
17.1275391,102.1809932,泰國,農磨蘭普,Si Bun Rueang,Non Muang,
16.96016715,102.13400152,泰國,農磨蘭普,Si Bun Rueang,Non Sa-At,
16.92200754,102.35203202,泰國,農磨蘭普,Si Bun Rueang,Nong Bua Tai,
17.08401043,102.29329189,泰國,農磨蘭普,Si Bun Rueang,Nong Kae,
17.13461621,102.08590475,泰國,農磨蘭普,Si Bun Rueang,Nong Kung Kaeo,
16.85943316,102.35075757,泰國,農磨蘭普,Si Bun Rueang,Sai Thong,
16.92680206,102.27273418,泰國,農磨蘭普,Si Bun Rueang,Si Bun Rueang,
17.06027922,102.16173605,泰國,農磨蘭普,Si Bun Rueang,Yang Lo,
17.53721231,102.20709141,泰國,農磨蘭普,Suwannakhuha,Ban Khok,
17.58188409,102.13937172,泰國,農磨蘭普,Suwannakhuha,Bunthan,
17.62546732,102.20533119,泰國,農磨蘭普,Suwannakhuha,Dong Mafai,
17.55070707,102.31477082,泰國,農磨蘭普,Suwannakhuha,Kut Phueng,
17.4718999,102.34702555,泰國,農磨蘭普,Suwannakhuha,Na Dan,
17.47319293,102.27015955,泰國,農磨蘭普,Suwannakhuha,Na Di,
17.62896631,102.29140735,泰國,農磨蘭普,Suwannakhuha,Na Si,
17.55214664,102.27630585,泰國,農磨蘭普,Suwannakhuha,Suwannakhuha,
12.59237782,102.54704311,泰國,達叻府,博賴縣,Bo Phloi,
12.61748755,102.47933025,泰國,達叻府,博賴縣,Chang Thun,
12.46098927,102.66391719,泰國,達叻府,博賴縣,Dan Chumphon,
12.68283412,102.44749503,泰國,達叻府,博賴縣,Nong Bon,
12.54355561,102.60617265,泰國,達叻府,博賴縣,Nonsi,
11.71083739,102.90601629,泰國,達叻府,空艾縣,Hat Lek,
11.79602994,102.872805,泰國,達叻府,空艾縣,Khlong Yai,
11.91078908,102.80220223,泰國,達叻府,空艾縣,Mai Rut,
12.33986947,102.43677301,泰國,達叻府,考沙明縣,Khao Saming,
12.52269276,102.36210531,泰國,達叻府,考沙明縣,Pranit,
12.39813063,102.3818242,泰國,達叻府,考沙明縣,Saen Tung,
12.55237725,102.43373428,泰國,達叻府,考沙明縣,Sato,
12.29377773,102.34499127,泰國,達叻府,考沙明縣,Tha Som,
12.46954994,102.4374671,泰國,達叻府,考沙明縣,Thep Nimit,
12.38534579,102.47564965,泰國,達叻府,考沙明縣,Thung Nonsi,
12.46249066,102.50446392,泰國,達叻府,考沙明縣,Wang Takhian,
12.24541293,102.2990696,泰國,達叻府,蘭喔縣,Bang Pit,
12.22637974,102.36327924,泰國,達叻府,蘭喔縣,Khlong Yai,
12.18604609,102.41921905,泰國,達叻府,蘭喔縣,Laem Ngop,
12.20273566,102.44058428,泰國,達叻府,蘭喔縣,Nam Chiao,
12.08091326,102.31599521,泰國,達叻府,象島,Ko Chang,
11.99457273,102.37400286,泰國,達叻府,象島,Ko Chang Tai,
12.07839999,102.56174032,泰國,達叻府,達叻府治縣,Ao Yai,
12.24732807,102.51696854,泰國,達叻府,達叻府治縣,Bang Phra,
12.19389803,102.67746193,泰國,達叻府,達叻府治縣,Cham Rak,
12.38705639,102.56086945,泰國,達叻府,達叻府治縣,Huai Raeng,
12.14162799,102.52163902,泰國,達叻府,達叻府治縣,Huang Nam Khao,
12.09556125,102.71598226,泰國,達叻府,達叻府治縣,Laem Klat,
12.29617346,102.56111544,泰國,達叻府,達叻府治縣,Noen Sai,
12.18715373,102.53932204,泰國,達叻府,達叻府治縣,Nong Khan Song,
12.21577424,102.50554842,泰國,達叻府,達叻府治縣,Nong Samet,
12.21511223,102.45943444,泰國,達叻府,達叻府治縣,Nong Sano,
12.25082973,102.66037427,泰國,達叻府,達叻府治縣,Takang,
12.33954891,102.67012388,泰國,達叻府,達叻府治縣,Tha Kum,
12.24184659,102.58533162,泰國,達叻府,達叻府治縣,Tha Phrik,
12.27275207,102.47841082,泰國,達叻府,達叻府治縣,Wang Krachae,
11.65807626,102.56639046,泰國,達叻府,骨島縣,Ko Kut,
11.81574024,102.4666364,泰國,達叻府,骨島縣,Ko Mak,
17.43615953,98.7234139,泰國,達府,三敖縣,Ban Na,
17.22063201,99.03890738,泰國,達府,三敖縣,Sam Ngao,
17.27850153,99.15610415,泰國,達府,三敖縣,Wang Chan,
17.20728427,99.11099099,泰國,達府,三敖縣,Wang Man,
17.18996074,99.02025848,泰國,達府,三敖縣,Yan Ri,
17.35660931,99.02133339,泰國,達府,三敖縣,Yok Krabat,
17.16994405,98.35921748,泰國,達府,他頌央縣,Mae La,
17.49450072,98.15069011,泰國,達府,他頌央縣,Mae Song,
17.26618661,98.2707372,泰國,達府,他頌央縣,Mae Tan,
17.37216532,98.22014097,泰國,達府,他頌央縣,Mae Usu,
17.70732702,97.9737335,泰國,達府,他頌央縣,Mae Wa Luang,
17.65845795,97.88439164,泰國,達府,他頌央縣,Tha Song Yang,
16.58029366,99.1310044,泰國,達府,旺藻縣,Chiang Thong,
16.694297,99.10041377,泰國,達府,旺藻縣,Na Bot,
16.7484015,99.18246576,泰國,達府,旺藻縣,Pradang,
16.51369018,98.71597735,泰國,達府,樸帕縣,Chong Khaep,
16.50327521,98.91278227,泰國,達府,樸帕縣,Khiri Rat,
16.40219419,98.69676409,泰國,達府,樸帕縣,Phop Phra,
16.4337198,98.78798231,泰國,達府,樸帕縣,Ruam Thai Phatthana,
16.33472165,98.71475999,泰國,達府,樸帕縣,Wale,
17.07496385,98.48379741,泰國,達府,湄拉馬縣,Khane Chue,
16.90440303,98.55692748,泰國,達府,湄拉馬縣,Mae Charao,
16.97110128,98.52368999,泰國,達府,湄拉馬縣,Mae Ramat,
17.19463054,98.56528198,泰國,達府,湄拉馬縣,Mae Tuen,
17.00727288,98.6595381,泰國,達府,湄拉馬縣,Phrathat,
17.05204948,98.78699487,泰國,達府,湄拉馬縣,Sam Muen,
16.74768655,98.86196517,泰國,達府,湄索縣,Dan Mae Lamao,
16.87798308,98.64542349,泰國,達府,湄索縣,Mae Kasa,
16.62191623,98.65448968,泰國,達府,湄索縣,Mae Ku,
16.75181151,98.5922741,泰國,達府,湄索縣,Mae Pa,
16.7127624,98.57504539,泰國,達府,湄索縣,Mae Sot,
16.66601415,98.5585776,泰國,達府,湄索縣,Mae Tao,
16.57172478,98.66159616,泰國,達府,湄索縣,Mahawan,
16.76127305,98.76387755,泰國,達府,湄索縣,Phawo,
16.68012329,98.64450723,泰國,達府,湄索縣,Phrathat Pha Daeng,
16.72872578,98.50819449,泰國,達府,湄索縣,Tha Sai Luat,
17.11224545,99.0116192,泰國,達府,班達縣,Ko Taphao,
17.23264103,99.21928807,泰國,達府,班達縣,Mae Salit,
17.02914036,99.16076179,泰國,達府,班達縣,Samo Khon,
17.0729739,99.10551441,泰國,達府,班達縣,Tak Ok,
17.00247234,99.06566811,泰國,達府,班達縣,Tak Tok,
17.0894903,98.91203777,泰國,達府,班達縣,Thong Fa,
16.98710484,98.97277875,泰國,達府,班達縣,Thung Kracho,
15.72726223,98.71540582,泰國,達府,翁龐縣,Mae Chan,
16.06582697,98.83357024,泰國,達府,翁龐縣,Mae Klong,
15.64141999,98.96582327,泰國,達府,翁龐縣,Mae Lamung,
16.21981419,98.96330913,泰國,達府,翁龐縣,Mo Kro,
16.03087687,98.75005073,泰國,達府,翁龐縣,Nong Luang,
16.01914233,98.95408671,泰國,達府,翁龐縣,Umphang,
16.85355156,99.13154201,泰國,達府,達府府治縣,Chiang Ngoen,
16.89979286,99.10486557,泰國,達府,達府府治縣,Hua Diat,
16.79169883,98.96615502,泰國,達府,達府府治縣,Mae Tho,
16.9492274,99.15081579,泰國,達府,達府府治縣,Mai Ngam,
16.91113075,99.20311794,泰國,達府,達府府治縣,Nam Ruem,
16.92614343,99.05506356,泰國,達府,達府府治縣,Nong Bua Nuea,
16.79038618,99.10109462,泰國,達府,達府府治縣,Nong Bua Tai,
16.88371338,99.12068477,泰國,達府,達府府治縣,Nong Luang,
16.86748755,99.07563981,泰國,達府,達府府治縣,Pa Mamuang,
17.05711677,99.29203746,泰國,達府,達府府治縣,Pong Daeng,
16.86648093,99.12890827,泰國,達府,達府府治縣,Rahaeng,
16.85661502,99.25090242,泰國,達府,達府府治縣,Taluk Klang Thung,
16.78242985,99.23233394,泰國,達府,達府府治縣,Wang Hin,
16.90388508,99.36385428,泰國,達府,達府府治縣,Wang Prachop,
6.51472679,101.64104017,泰國,那拉提瓦府,巴城縣,Bacho,
6.57463313,101.63140665,泰國,那拉提瓦府,巴城縣,Bare Nuea,
6.54170736,101.69936922,泰國,那拉提瓦府,巴城縣,Bare Tai,
6.54624125,101.6416577,泰國,那拉提瓦府,巴城縣,Kayo Mati,
6.49163595,101.66883898,泰國,那拉提瓦府,巴城縣,Lubo Sawo,
6.60678118,101.61001242,泰國,那拉提瓦府,巴城縣,Paluka Samo,
6.38176963,101.65799709,泰國,那拉提瓦府,怡娥縣,Cho Bo,
6.39247421,101.74580604,泰國,那拉提瓦府,怡娥縣,Lahan,
6.41819738,101.66703347,泰國,那拉提瓦府,怡娥縣,Lubo Baya,
6.43313902,101.73009978,泰國,那拉提瓦府,怡娥縣,Lubo Buesa,
6.46219664,101.67946122,泰國,那拉提瓦府,怡娥縣,Tapo Yo,
6.3797447,101.70400332,泰國,那拉提瓦府,怡娥縣,Yi-Ngo,
6.28333381,101.69070629,泰國,那拉提瓦府,拉皚縣,Ba-Ngo Sato,
6.19309233,101.74352102,泰國,那拉提瓦府,拉皚縣,Bo-Ngo,
6.30649129,101.65174096,泰國,那拉提瓦府,拉皚縣,Chaloem,
6.23084573,101.65273641,泰國,那拉提瓦府,拉皚縣,Kalisa,
6.34077238,101.63587159,泰國,那拉提瓦府,拉皚縣,Marue Bo Tok,
6.28244803,101.77405523,泰國,那拉提瓦府,拉皚縣,Tanyong Limo,
6.31076503,101.72677376,泰國,那拉提瓦府,拉皚縣,Tanyong Mat,
6.18293742,101.82754181,泰國,那拉提瓦府,朝愛榮縣,Bu Kit,
6.25282588,101.81409237,泰國,那拉提瓦府,朝愛榮縣,Chuap,
6.25322541,101.87895218,泰國,那拉提瓦府,朝愛榮縣,Marue Bo Ok,
6.23431435,101.96700824,泰國,那拉提瓦府,榻拜縣,Bang Khun Thong,
6.25458321,102.05108158,泰國,那拉提瓦府,榻拜縣,Che He,
6.17482412,102.04009162,泰國,那拉提瓦府,榻拜縣,Khosit,
6.21959088,102.06003239,泰國,那拉提瓦府,榻拜縣,Ko Sathon,
6.14103611,102.06921074,泰國,那拉提瓦府,榻拜縣,Na Nak,
6.3071545,101.94491575,泰國,那拉提瓦府,榻拜縣,Phrai Wan,
6.21295499,102.01347389,泰國,那拉提瓦府,榻拜縣,Phron,
6.28607784,102.00272785,泰國,那拉提瓦府,榻拜縣,Sala Mai,
5.96929678,101.84283969,泰國,那拉提瓦府,汪頭縣,Erawan,
5.97239434,101.90873583,泰國,那拉提瓦府,汪頭縣,Kayu Khla,
5.90294354,101.91129629,泰國,那拉提瓦府,汪頭縣,Kho Lo,
5.83907196,101.8570984,泰國,那拉提瓦府,汪頭縣,Lo Chut,
5.89269013,101.83732118,泰國,那拉提瓦府,汪頭縣,Mae Dong,
5.93400378,101.84589436,泰國,那拉提瓦府,汪頭縣,Waeng,
6.07864071,101.69597446,泰國,那拉提瓦府,渣奈縣,Chanae,
6.00170523,101.57666304,泰國,那拉提瓦府,渣奈縣,Chang Phueak,
6.14103181,101.65370722,泰國,那拉提瓦府,渣奈縣,Du Song Yo,
6.11322588,101.7580583,泰國,那拉提瓦府,渣奈縣,Phadung Mat,
6.01770971,101.89395614,泰國,那拉提瓦府,素艾巴迪縣,Kawa,
6.07533598,101.90056748,泰國,那拉提瓦府,素艾巴迪縣,Paluru,
6.07323796,101.84272239,泰國,那拉提瓦府,素艾巴迪縣,Ri Ko,
6.02525085,101.83220213,泰國,那拉提瓦府,素艾巴迪縣,Sako,
6.1630945,101.93372747,泰國,那拉提瓦府,素艾巴迪縣,Su-Ngai Padi,
6.12069315,101.85849988,泰國,那拉提瓦府,素艾巴迪縣,To Deng,
5.98800957,101.77853414,泰國,那拉提瓦府,素麒麟縣,Kia,
5.88158768,101.73774516,泰國,那拉提瓦府,素麒麟縣,Ma Mong,
5.80546483,101.73072835,泰國,那拉提瓦府,素麒麟縣,Phu Khao Thong,
6.03940266,101.74814489,泰國,那拉提瓦府,素麒麟縣,Rom Sai,
5.94870949,101.71008773,泰國,那拉提瓦府,素麒麟縣,Sukhirin,
6.33465162,101.44813209,泰國,那拉提瓦府,蘆梭縣,Batong,
6.2759737,101.44362132,泰國,那拉提瓦府,蘆梭縣,Khok Sato,
6.35133006,101.58507827,泰國,那拉提瓦府,蘆梭縣,La Lo,
6.39174327,101.43894956,泰國,那拉提瓦府,蘆梭縣,Riang,
6.36000579,101.511182,泰國,那拉提瓦府,蘆梭縣,Rueso,
6.3927696,101.55870035,泰國,那拉提瓦府,蘆梭縣,Rueso Ok,
6.42375271,101.59134295,泰國,那拉提瓦府,蘆梭縣,Samakkhi,
6.43029837,101.49913848,泰國,那拉提瓦府,蘆梭縣,Sawo,
6.4664127,101.58494686,泰國,那拉提瓦府,蘆梭縣,Suwari,
6.27918676,101.5734602,泰國,那拉提瓦府,西色空縣,Choeng Khiri,
6.20322777,101.42510409,泰國,那拉提瓦府,西色空縣,Kalong,
6.22669538,101.5455464,泰國,那拉提瓦府,西色空縣,Sa Ko,
6.1551376,101.57651636,泰國,那拉提瓦府,西色空縣,Si Banphot,
6.14209158,101.48682928,泰國,那拉提瓦府,西色空縣,Si Sakhon,
6.28310027,101.51596511,泰國,那拉提瓦府,西色空縣,Tama Yung,
6.09626435,102.03975065,泰國,那拉提瓦府,過絡河縣,Mu No,
6.05725282,101.97416122,泰國,那拉提瓦府,過絡河縣,Pa Semat,
6.11137956,102.00133243,泰國,那拉提瓦府,過絡河縣,Puyo,
6.0139794,101.95041881,泰國,那拉提瓦府,過絡河縣,Su-Ngai Kolok,
6.423316,101.82298321,泰國,那拉提瓦府,那拉提瓦府治縣,Bang Nak,
6.32222069,101.80463753,泰國,那拉提瓦府,那拉提瓦府治縣,Bang Po,
6.3380489,101.87245388,泰國,那拉提瓦府,那拉提瓦府治縣,Kaluwo,
6.40010186,101.8653095,泰國,那拉提瓦府,那拉提瓦府治縣,Kaluwo Nuea,
6.4913811,101.757922,泰國,那拉提瓦府,那拉提瓦府治縣,Khok Khian,
6.38470469,101.80594215,泰國,那拉提瓦府,那拉提瓦府治縣,Lamphu,
6.35905861,101.75945483,泰國,那拉提瓦府,那拉提瓦府治縣,Manang Tayo,
15.51829654,102.49453805,泰國,那空叻差是瑪府,Sida,Non Pradu,
15.61345385,102.59643796,泰國,那空叻差是瑪府,Sida,Nong Tat Yai,
15.52436822,102.55111944,泰國,那空叻差是瑪府,Sida,Phon Thong,
15.58974915,102.53766443,泰國,那空叻差是瑪府,Sida,Sam Mueang,
15.56683725,102.58267553,泰國,那空叻差是瑪府,Sida,Sida,
15.2110112,101.6698113,泰國,那空叻差是瑪府,丹坤托縣,Ban Kao,
15.37189112,101.80988751,泰國,那空叻差是瑪府,丹坤托縣,Ban Praeng,
15.18864636,101.77490733,泰國,那空叻差是瑪府,丹坤托縣,Dan Khun Thot,
15.11260843,101.85595214,泰國,那空叻差是瑪府,丹坤托縣,Dan Nai,
15.14104485,101.84978867,泰國,那空叻差是瑪府,丹坤托縣,Dan Nok,
15.14567542,101.60915336,泰國,那空叻差是瑪府,丹坤托縣,Hin Dat,
15.16199125,101.47434081,泰國,那空叻差是瑪府,丹坤托縣,Huai Bong,
15.30347643,101.75862114,泰國,那空叻差是瑪府,丹坤托縣,Kut Phiman,
15.304129,101.89803898,泰國,那空叻差是瑪府,丹坤托縣,Non Mueang Phatthana,
15.24346627,101.86201209,泰國,那空叻差是瑪府,丹坤托縣,Nong Bua Lakhon,
15.28210847,101.81984492,泰國,那空叻差是瑪府,丹坤托縣,Nong Bua Takiat,
15.34975903,101.66737544,泰國,那空叻差是瑪府,丹坤托縣,Nong Krat,
15.35977616,101.85553425,泰國,那空叻差是瑪府,丹坤托縣,Nong Sai,
15.26584652,101.68855003,泰國,那空叻差是瑪府,丹坤托縣,Phan Chana,
15.14712132,101.80832533,泰國,那空叻差是瑪府,丹坤托縣,Sa Chorakhe,
15.12221806,101.70895261,泰國,那空叻差是瑪府,丹坤托縣,Takhian,
15.02842779,102.31031367,泰國,那空叻差是瑪府,乍倫帕革縣,Chang Thong,
15.06129428,102.22922549,泰國,那空叻差是瑪府,乍倫帕革縣,Nong Ngu Lueam,
14.93110682,102.28573367,泰國,那空叻差是瑪府,乍倫帕革縣,Nong Yang,
14.97546638,102.23238531,泰國,那空叻差是瑪府,乍倫帕革縣,Phraphut,
14.98016034,102.33079402,泰國,那空叻差是瑪府,乍倫帕革縣,Tha Chang,
15.03095911,102.43346999,泰國,那空叻差是瑪府,乍卡叻縣,Chakkarat,
15.0079262,102.49438182,泰國,那空叻差是瑪府,乍卡叻縣,Hin Khon,
14.84706122,102.50297664,泰國,那空叻差是瑪府,乍卡叻縣,Khlong Mueang,
14.92999306,102.50872865,泰國,那空叻差是瑪府,乍卡叻縣,Nong Kham,
15.08711926,102.39314523,泰國,那空叻差是瑪府,乍卡叻縣,Nong Phluang,
14.93456495,102.43025035,泰國,那空叻差是瑪府,乍卡叻縣,Si Lako,
14.87434579,102.38351204,泰國,那空叻差是瑪府,乍卡叻縣,Si Suk,
15.04991394,102.35416062,泰國,那空叻差是瑪府,乍卡叻縣,Thong Lang,
14.97888059,101.73251283,泰國,那空叻差是瑪府,四球縣,Ban Han,
15.02502274,101.45809306,泰國,那空叻差是瑪府,四球縣,Don Mueang,
14.86285665,101.55040118,泰國,那空叻差是瑪府,四球縣,Khlong Phai,
15.03514295,101.56814961,泰國,那空叻差是瑪府,四球縣,Kritsana,
14.93876321,101.7271661,泰國,那空叻差是瑪府,四球縣,Kut Noi,
14.82127439,101.62920337,泰國,那空叻差是瑪府,四球縣,Lat Bua Khao,
14.79495796,101.68478416,泰國,那空叻差是瑪府,四球縣,Mittraphap,
15.03036622,101.73375899,泰國,那空叻差是瑪府,四球縣,Nong Bua Noi,
14.93331025,101.48374345,泰國,那空叻差是瑪府,四球縣,Nong Nam Sai,
14.9683571,101.57443654,泰國,那空叻差是瑪府,四球縣,Nong Ya Khao,
14.907236,101.70613205,泰國,那空叻差是瑪府,四球縣,Sikhio,
15.06156402,101.62010163,泰國,那空叻差是瑪府,四球縣,Wang Rong Yai,
15.03130091,101.92819428,泰國,那空叻差是瑪府,坎他雷索縣,Bueng O,
14.97311599,101.95940226,泰國,那空叻差是瑪府,坎他雷索縣,Kham Thale So,
15.08586157,101.89438216,泰國,那空叻差是瑪府,坎他雷索縣,Nong Suang,
15.06509226,101.96193964,泰國,那空叻差是瑪府,坎他雷索縣,Phan Dung,
14.97007704,101.91531154,泰國,那空叻差是瑪府,坎他雷索縣,Pong Daeng,
15.34934785,102.10256064,泰國,那空叻差是瑪府,坎沙蓋森縣,Chiwuek,
15.35339233,102.19254665,泰國,那空叻差是瑪府,坎沙蓋森縣,Kham Sakaesaeng,
15.42550332,102.15814816,泰國,那空叻差是瑪府,坎沙蓋森縣,Mueang Kaset,
15.38653019,102.24868642,泰國,那空叻差是瑪府,坎沙蓋森縣,Mueang Nat,
15.40966682,102.09782992,泰國,那空叻差是瑪府,坎沙蓋森縣,Non Mueang,
15.43217778,102.22321722,泰國,那空叻差是瑪府,坎沙蓋森縣,Nong Hua Fan,
15.33469873,102.14843382,泰國,那空叻差是瑪府,坎沙蓋森縣,Pha-Ngat,
14.44940752,102.20872651,泰國,那空叻差是瑪府,坤武里縣,Ban Mai,
14.56857357,102.2749495,泰國,那空叻差是瑪府,坤武里縣,Chae,
14.49244965,102.27871665,泰國,那空叻差是瑪府,坤武里縣,Chaliang,
14.36881153,102.10128995,泰國,那空叻差是瑪府,坤武里縣,Chorakhe Hin,
14.30129404,102.19608223,泰國,那空叻差是瑪府,坤武里縣,Khok Krachai,
14.60645082,102.1306226,泰國,那空叻差是瑪府,坤武里縣,Khon Buri,
14.53380159,102.10304433,泰國,那空叻差是瑪府,坤武里縣,Khon Buri Tai,
14.25472505,102.30241399,泰國,那空叻差是瑪府,坤武里縣,Lamphiak,
14.5580958,102.35384279,泰國,那空叻差是瑪府,坤武里縣,Map Tako En,
14.56998317,102.20453975,泰國,那空叻差是瑪府,坤武里縣,Oraphim,
14.52777362,102.38287541,泰國,那空叻差是瑪府,坤武里縣,Sa Wan Phraya,
14.46172894,102.34539872,泰國,那空叻差是瑪府,坤武里縣,Tabaek Ban,
15.43934878,102.95540811,泰國,那空叻差是瑪府,孟揚縣,Krabueang Nok,
15.48562742,102.88787561,泰國,那空叻差是瑪府,孟揚縣,Lahan Pla Khao,
15.41237592,102.88817906,泰國,那空叻差是瑪府,孟揚縣,Mueang Yang,
15.4300696,102.81558305,泰國,那空叻差是瑪府,孟揚縣,Non Udom,
15.47641905,102.79874238,泰國,那空叻差是瑪府,巴泰縣,Don Man,
15.61044799,102.65618279,泰國,那空叻差是瑪府,巴泰縣,Han Huai Sai,
15.46738129,102.74035679,泰國,那空叻差是瑪府,巴泰縣,Khok Klang,
15.53788886,102.65164608,泰國,那空叻差是瑪府,巴泰縣,Krathum Rai,
15.63760463,102.72956641,泰國,那空叻差是瑪府,巴泰縣,Mueang Don,
15.48495656,102.61583768,泰國,那空叻差是瑪府,巴泰縣,Nang Ram,
15.6767244,102.68411768,泰國,那空叻差是瑪府,巴泰縣,Non Phet,
15.59409493,102.75890202,泰國,那空叻差是瑪府,巴泰縣,Nong Khai,
15.5830263,102.70724322,泰國,那空叻差是瑪府,巴泰縣,Nong Phluang,
15.53530993,102.72452788,泰國,那空叻差是瑪府,巴泰縣,Prathai,
15.5263479,102.77541433,泰國,那空叻差是瑪府,巴泰縣,Talat Sai,
15.49581703,102.68685451,泰國,那空叻差是瑪府,巴泰縣,Thung Sawang,
15.68346866,102.63185116,泰國,那空叻差是瑪府,巴泰縣,Wang Mai Daeng,
14.80532309,101.4548683,泰國,那空叻差是瑪府,巴衝縣,Chan Thuek,
14.61096307,101.48232765,泰國,那空叻差是瑪府,巴衝縣,Khanong Phra,
14.63753262,101.64737625,泰國,那空叻差是瑪府,巴衝縣,Khlong Muang,
14.65043187,101.28221895,泰國,那空叻差是瑪府,巴衝縣,Klang Dong,
14.50116545,101.40179882,泰國,那空叻差是瑪府,巴衝縣,Mu Si,
14.60602346,101.36872399,泰國,那空叻差是瑪府,巴衝縣,Nong Nam Daeng,
14.71285938,101.50012822,泰國,那空叻差是瑪府,巴衝縣,Nong Sarai,
14.72144445,101.36292432,泰國,那空叻差是瑪府,巴衝縣,Pak Chong,
14.60063301,101.23538061,泰國,那空叻差是瑪府,巴衝縣,Phaya Yen,
14.48596628,101.55765151,泰國,那空叻差是瑪府,巴衝縣,Pong Ta Long,
14.53666272,101.63830515,泰國,那空叻差是瑪府,巴衝縣,Wang Katha,
14.70521831,101.5715219,泰國,那空叻差是瑪府,巴衝縣,Wang Sai,
14.62837003,101.90431575,泰國,那空叻差是瑪府,巴通猜縣,Bo Pla Thong,
14.68279557,102.1058277,泰國,那空叻差是瑪府,巴通猜縣,Don,
14.67225705,102.05809518,泰國,那空叻差是瑪府,巴通猜縣,Kasem Sap,
14.74439003,102.09139948,泰國,那空叻差是瑪府,巴通猜縣,Khok Thai,
14.5612632,101.86983636,泰國,那空叻差是瑪府,巴通猜縣,Lam Nang Kaeo,
14.72543102,102.02837711,泰國,那空叻差是瑪府,巴通猜縣,Mueang Pak,
14.67219251,101.99791317,泰國,那空叻差是瑪府,巴通猜縣,Ngio,
14.68477246,102.03587047,泰國,那空叻差是瑪府,巴通猜縣,Nok Ok,
14.58825513,101.95996823,泰國,那空叻差是瑪府,巴通猜縣,Phu Luang,
14.60442536,102.04889243,泰國,那空叻差是瑪府,巴通猜縣,Sakae Rat,
14.65243031,102.0809497,泰國,那空叻差是瑪府,巴通猜縣,Samrong,
14.67475054,101.92492675,泰國,那空叻差是瑪府,巴通猜縣,Suk Kasem,
14.63447034,101.80090365,泰國,那空叻差是瑪府,巴通猜縣,Takhop,
14.75259175,101.95186988,泰國,那空叻差是瑪府,巴通猜縣,Takhu,
14.79149656,102.03537297,泰國,那空叻差是瑪府,巴通猜縣,Thong Chai Nuea,
14.66999564,101.96087612,泰國,那空叻差是瑪府,巴通猜縣,Tum,
15.37170047,101.91238701,泰國,那空叻差是瑪府,帕通堪縣,Map Krat,
15.35523088,102.05143946,泰國,那空叻差是瑪府,帕通堪縣,Nong Hoi,
15.29246432,101.99759327,泰國,那空叻差是瑪府,帕通堪縣,Phang Thiam,
15.32183179,101.95804575,泰國,那空叻差是瑪府,帕通堪縣,Sa Phra,
15.40349202,101.9737502,泰國,那空叻差是瑪府,帕通堪縣,Thap Rang,
15.233945,102.62944024,泰國,那空叻差是瑪府,披邁縣,Bot,
15.32587637,102.51990457,泰國,那空叻差是瑪府,披邁縣,Chiwan,
15.35422223,102.61957075,泰國,那空叻差是瑪府,披邁縣,Dong Yai,
15.27061173,102.45833213,泰國,那空叻差是瑪府,披邁縣,Krabueang Yai,
15.4228499,102.63222552,泰國,那空叻差是瑪府,披邁縣,Krachon,
15.20566643,102.48852163,泰國,那空叻差是瑪府,披邁縣,Nai Mueang,
15.12611099,102.52298043,泰國,那空叻差是瑪府,披邁縣,Nikhom Sang Ton-Eng,
15.1126498,102.44096517,泰國,那空叻差是瑪府,披邁縣,Nong Rawiang,
15.19118805,102.55464337,泰國,那空叻差是瑪府,披邁縣,Rang Ka Yai,
15.20646968,102.42188565,泰國,那空叻差是瑪府,披邁縣,Samrit,
15.27733156,102.54928073,泰國,那空叻差是瑪府,披邁縣,Tha Luang,
15.16264348,102.40270154,泰國,那空叻差是瑪府,披邁縣,Than Lalot,
14.5753793,101.73074029,泰國,那空叻差是瑪府,旺南膠縣,Raroeng,
14.35486091,101.96718317,泰國,那空叻差是瑪府,旺南膠縣,Thai Samakkhi,
14.49204215,101.96834568,泰國,那空叻差是瑪府,旺南膠縣,Udom Sap,
14.42630808,101.71737742,泰國,那空叻差是瑪府,旺南膠縣,Wang Mi,
14.41280532,101.81813271,泰國,那空叻差是瑪府,旺南膠縣,Wang Nam Khiao,
15.34729747,102.74947866,泰國,那空叻差是瑪府,春龐縣,Chum Phuang,
15.2549882,102.82119076,泰國,那空叻差是瑪府,春龐縣,Non Rang,
15.14764298,102.74999066,泰國,那空叻差是瑪府,春龐縣,Non Tum,
15.34562135,102.81690543,泰國,那空叻差是瑪府,春龐縣,Non Yo,
15.40784042,102.7297309,泰國,那空叻差是瑪府,春龐縣,Nong Lak,
15.33319678,102.67516433,泰國,那空叻差是瑪府,春龐縣,Prasuk,
15.17689617,102.71492428,泰國,那空叻差是瑪府,春龐縣,Sarai,
15.16031296,102.80472479,泰國,那空叻差是瑪府,春龐縣,Talat Sai,
15.24739725,102.72730511,泰國,那空叻差是瑪府,春龐縣,Tha Lat,
15.1531995,101.91457443,泰國,那空叻差是瑪府,暖泰縣,Ban Wang,
15.22217718,101.92797001,泰國,那空叻差是瑪府,暖泰縣,Banlang,
15.17763523,102.11112621,泰國,那空叻差是瑪府,暖泰縣,Dan Chak,
15.11844445,102.06003396,泰國,那空叻差是瑪府,暖泰縣,Kampang,
15.14924074,101.97352377,泰國,那空叻差是瑪府,暖泰縣,Khang Phlu,
15.2527713,102.10998405,泰國,那空叻差是瑪府,暖泰縣,Makha,
15.21293942,102.05602184,泰國,那空叻差是瑪府,暖泰縣,Non Thai,
15.25674446,102.02755613,泰國,那空叻差是瑪府,暖泰縣,Sai-O,
15.1281686,102.01756068,泰國,那空叻差是瑪府,暖泰縣,Samrong,
15.27470729,102.13763539,泰國,那空叻差是瑪府,暖泰縣,Thanon Pho,
15.12136455,102.33591781,泰國,那空叻差是瑪府,暖頌縣,Bing,
15.15665232,102.15434508,泰國,那空叻差是瑪府,暖頌縣,Chan-At,
15.15243781,102.21108889,泰國,那空叻差是瑪府,暖頌縣,Dan Khla,
15.17109225,102.33877188,泰國,那空叻差是瑪府,暖頌縣,Don Chomphu,
15.11354983,102.27599919,泰國,那空叻差是瑪府,暖頌縣,Don Wai,
15.30440477,102.21950031,泰國,那空叻差是瑪府,暖頌縣,Kham Thao,
15.25054194,102.21002016,泰國,那空叻差是瑪府,暖頌縣,Lam Kho Hong,
15.06740295,102.30314462,泰國,那空叻差是瑪府,暖頌縣,Lammun,
15.22367499,102.31199239,泰國,那空叻差是瑪府,暖頌縣,Lum Khao,
15.13807159,102.26184582,泰國,那空叻差是瑪府,暖頌縣,Mai,
15.31555871,102.32128861,泰國,那空叻差是瑪府,暖頌縣,Makha,
15.20124242,102.19389398,泰國,那空叻差是瑪府,暖頌縣,Mueang Prasat,
15.18004654,102.25583356,泰國,那空叻差是瑪府,暖頌縣,Non Sung,
15.30887779,102.27298834,泰國,那空叻差是瑪府,暖頌縣,Phon Songkhram,
15.07895762,102.27087083,泰國,那空叻差是瑪府,暖頌縣,Tanot,
15.25427348,102.38784235,泰國,那空叻差是瑪府,暖頌縣,Than Prasat,
14.99130316,102.56330511,泰國,那空叻差是瑪府,會他倫縣,Hin Dat,
14.98313496,102.6989161,泰國,那空叻差是瑪府,會他倫縣,Huai Khaen,
14.96636789,102.64824951,泰國,那空叻差是瑪府,會他倫縣,Huai Thalaeng,
15.04909552,102.75495449,泰國,那空叻差是瑪府,會他倫縣,Kong Rot,
15.06452469,102.5512978,泰國,那空叻差是瑪府,會他倫縣,Lung Pradu,
15.12366902,102.63455259,泰國,那空叻差是瑪府,會他倫縣,Lung Takhian,
15.06957821,102.63670638,泰國,那空叻差是瑪府,會他倫縣,Mueang Phlapphla,
15.08344115,102.69656449,泰國,那空叻差是瑪府,會他倫縣,Ngio,
15.02265374,102.7036936,泰國,那空叻差是瑪府,會他倫縣,Tako,
15.02239407,102.6340686,泰國,那空叻差是瑪府,會他倫縣,Thap Sawai,
15.66123836,102.23645389,泰國,那空叻差是瑪府,根沙南南縣,Bueng Phalai,
15.72143233,102.20015917,泰國,那空叻差是瑪府,根沙南南縣,Bueng Samrong,
15.72761979,102.27752675,泰國,那空叻差是瑪府,根沙南南縣,Kaeng Sanam Nang,
15.74979309,102.32458999,泰國,那空叻差是瑪府,根沙南南縣,Non Samran,
15.66353477,102.16137854,泰國,那空叻差是瑪府,根沙南南縣,Si Suk,
14.24728198,102.4740449,泰國,那空叻差是瑪府,森桑縣,Ban Rat,
14.45735327,102.54035084,泰國,那空叻差是瑪府,森桑縣,Kut Bot,
14.27952452,102.398669,泰國,那空叻差是瑪府,森桑縣,Non Sombun,
14.32552612,102.55132155,泰國,那空叻差是瑪府,森桑縣,Sa Takhian,
14.42832645,102.42854677,泰國,那空叻差是瑪府,森桑縣,Soeng Sang,
14.52555508,102.44665392,泰國,那空叻差是瑪府,森桑縣,Suk Phaibun,
15.60330259,102.43758784,泰國,那空叻差是瑪府,波艾縣,Bua Yai,
15.63645155,102.40388116,泰國,那空叻差是瑪府,波艾縣,Dan Chang,
15.48625273,102.46621376,泰國,那空叻差是瑪府,波艾縣,Don Tanin,
15.62983989,102.32336948,泰國,那空叻差是瑪府,波艾縣,Huai Yang,
15.68248267,102.36500616,泰國,那空叻差是瑪府,波艾縣,Khun Thong,
15.57438746,102.48555254,泰國,那空叻差是瑪府,波艾縣,Kut Chok,
15.53279822,102.34473112,泰國,那空叻差是瑪府,波艾縣,Non Thong Lang,
15.5891694,102.29580934,泰國,那空叻差是瑪府,波艾縣,Nong Bua Sa-At,
15.56600841,102.37150647,泰國,那空叻差是瑪府,波艾縣,Nong Chaeng Yai,
15.51635044,102.4296362,泰國,那空叻差是瑪府,波艾縣,Sema Yai,
15.65974734,102.49078298,泰國,那空叻差是瑪府,波萊縣,Bua Lai,
15.64967503,102.53048101,泰國,那空叻差是瑪府,波萊縣,Mueang Phalai,
15.69914044,102.47246466,泰國,那空叻差是瑪府,波萊縣,Non Chan,
15.67109367,102.57501856,泰國,那空叻差是瑪府,波萊縣,Nong Wa,
15.61646475,102.11238327,泰國,那空叻差是瑪府,班倫縣,Ban Lueam,
15.54209557,102.06809543,泰國,那空叻差是瑪府,班倫縣,Cho Raka,
15.57079676,102.18749359,泰國,那空叻差是瑪府,班倫縣,Khok Krabueang,
15.57082972,102.10704209,泰國,那空叻差是瑪府,班倫縣,Wang Pho,
15.47484202,102.08015281,泰國,那空叻差是瑪府,空縣,Ban Prang,
15.40063195,102.32930803,泰國,那空叻差是瑪府,空縣,Don Yai,
15.37130282,102.4062102,泰國,那空叻差是瑪府,空縣,Kham Sombun,
15.4448627,102.40658275,泰國,那空叻差是瑪府,空縣,Khu Khat,
15.45126078,102.33343115,泰國,那空叻差是瑪府,空縣,Mueang Khong,
15.46212206,102.24678828,泰國,那空叻差是瑪府,空縣,Non Teng,
15.49670792,102.16696587,泰國,那空叻差是瑪府,空縣,Nong Bua,
15.50237778,102.28038575,泰國,那空叻差是瑪府,空縣,Nong Manao,
15.31105849,102.38874045,泰國,那空叻差是瑪府,空縣,Ta Chan,
15.36761493,102.46702868,泰國,那空叻差是瑪府,空縣,Thephalai,
15.2360235,102.92353157,泰國,那空叻差是瑪府,蘭他門猜縣,Ban Yang,
15.27980517,102.87839369,泰國,那空叻差是瑪府,蘭他門猜縣,Chong Maeo,
15.35253154,102.88234392,泰國,那空叻差是瑪府,蘭他門猜縣,Khui,
15.34663841,102.95550373,泰國,那空叻差是瑪府,蘭他門猜縣,Phlai,
14.76386043,102.17188563,泰國,那空叻差是瑪府,觸猜縣,Chok Chai,
14.86356727,102.18877971,泰國,那空叻差是瑪府,觸猜縣,Dan Kwian,
14.7147611,102.18905729,泰國,那空叻差是瑪府,觸猜縣,Krathok,
14.80742225,102.24514326,泰國,那空叻差是瑪府,觸猜縣,Lalom Mai Phatthana,
14.75722061,102.13023639,泰國,那空叻差是瑪府,觸猜縣,Phlapphla,
14.82202475,102.1640612,泰國,那空叻差是瑪府,觸猜縣,Tha Ang,
14.8701375,102.2595954,泰國,那空叻差是瑪府,觸猜縣,Tha Chalung,
14.6724142,102.15419837,泰國,那空叻差是瑪府,觸猜縣,Tha Lat Khao,
14.71649292,102.2374529,泰國,那空叻差是瑪府,觸猜縣,Tha Yiam,
14.62949869,102.20788081,泰國,那空叻差是瑪府,觸猜縣,Thung Arun,
15.30627603,101.43858685,泰國,那空叻差是瑪府,貼帕拉縣,Bueng Prue,
15.24395095,101.49561541,泰國,那空叻差是瑪府,貼帕拉縣,Nong Waeng,
15.28963986,101.56858104,泰國,那空叻差是瑪府,貼帕拉縣,Samnak Takhro,
15.35440622,101.52270826,泰國,那空叻差是瑪府,貼帕拉縣,Wang Yai Thong,
14.75337239,102.39973936,泰國,那空叻差是瑪府,農汶瑪縣,Ban Mai,
14.77409061,102.32645899,泰國,那空叻差是瑪府,農汶瑪縣,Laem Thong,
14.81655644,102.34214299,泰國,那空叻差是瑪府,農汶瑪縣,Lung Khwao,
14.65073236,102.43852924,泰國,那空叻差是瑪府,農汶瑪縣,Nong Bunnak,
14.71555954,102.33270201,泰國,那空叻差是瑪府,農汶瑪縣,Nong Hua Raet,
14.64534747,102.31850286,泰國,那空叻差是瑪府,農汶瑪縣,Nong Mai Phai,
14.65519922,102.397357,泰國,那空叻差是瑪府,農汶瑪縣,Nong Takai,
14.81312355,102.41651022,泰國,那空叻差是瑪府,農汶瑪縣,Saraphi,
14.74383401,102.44778444,泰國,那空叻差是瑪府,農汶瑪縣,Thai Charoen,
15.43569593,102.50759178,泰國,那空叻差是瑪府,農登縣,Don Yao Yai,
15.40964203,102.53556471,泰國,那空叻差是瑪府,農登縣,Non Daeng,
15.43563696,102.47201358,泰國,那空叻差是瑪府,農登縣,Non Ta Then,
15.45251402,102.56820225,泰國,那空叻差是瑪府,農登縣,Sam Phaniang,
15.50597105,102.56584393,泰國,那空叻差是瑪府,農登縣,Wang Hin,
15.01015611,102.1288315,泰國,那空叻差是瑪府,那空叻差是瑪府治縣,Ban Ko,
14.96336527,102.021794,泰國,那空叻差是瑪府,那空叻差是瑪府治縣,Ban Mai,
15.04768299,102.19375576,泰國,那空叻差是瑪府,那空叻差是瑪府治縣,Ban Pho,
14.84281121,102.07904849,泰國,那空叻差是瑪府,那空叻差是瑪府治縣,Chai Mongkhon,
15.04584755,102.1299399,泰國,那空叻差是瑪府,那空叻差是瑪府治縣,Cho Ho,
14.96494866,102.13683598,泰國,那空叻差是瑪府,那空叻差是瑪府治縣,Hua Thale,
14.89252516,101.97291681,泰國,那空叻差是瑪府,那空叻差是瑪府治縣,Khok Kruat,
15.09241746,102.10882677,泰國,那空叻差是瑪府,那空叻差是瑪府治縣,Khok Sung,
14.97609845,102.16376005,泰國,那空叻差是瑪府,那空叻差是瑪府治縣,Maroeng,
15.01546267,102.09872008,泰國,那空叻差是瑪府,那空叻差是瑪府治縣,Muen Wai,
14.97420482,102.08234124,泰國,那空叻差是瑪府,那空叻差是瑪府治縣,Nai Mueang,
14.90358916,102.15484053,泰國,那空叻差是瑪府,那空叻差是瑪府治縣,Nong Bua Sala,
14.92042825,102.05797045,泰國,那空叻差是瑪府,那空叻差是瑪府治縣,Nong Chabok,
15.10658905,102.16487225,泰國,那空叻差是瑪府,那空叻差是瑪府治縣,Nong Khai Nam,
15.01805778,102.07795191,泰國,那空叻差是瑪府,那空叻差是瑪府治縣,Nong Krathum,
14.94237797,102.08501258,泰國,那空叻差是瑪府,那空叻差是瑪府治縣,Nong Phai Lom,
14.94064196,102.19663439,泰國,那空叻差是瑪府,那空叻差是瑪府治縣,Nong Rawiang,
14.98825165,102.19157128,泰國,那空叻差是瑪府,那空叻差是瑪府治縣,Phanao,
14.90152908,102.10849939,泰國,那空叻差是瑪府,那空叻差是瑪府治縣,Pho Klang,
15.02003386,102.00828357,泰國,那空叻差是瑪府,那空叻差是瑪府治縣,Phon Krang,
15.0488415,102.03709788,泰國,那空叻差是瑪府,那空叻差是瑪府治縣,Phutsa,
14.96867923,102.04892876,泰國,那空叻差是瑪府,那空叻差是瑪府治縣,Pru Yai,
14.9901638,102.00254357,泰國,那空叻差是瑪府,那空叻差是瑪府治縣,Si Mum,
14.89387472,102.01872697,泰國,那空叻差是瑪府,那空叻差是瑪府治縣,Suranari,
15.01997809,102.15910491,泰國,那空叻差是瑪府,那空叻差是瑪府治縣,Talat,
14.95276909,101.83903861,泰國,那空叻差是瑪府,頌嫩縣,Bung Khi Lek,
14.929381,101.90773924,泰國,那空叻差是瑪府,頌嫩縣,Khong Yang,
14.91086214,101.85167417,泰國,那空叻差是瑪府,頌嫩縣,Khorat,
14.91575363,101.89819797,泰國,那空叻差是瑪府,頌嫩縣,Kut Chik,
14.77533416,101.80239052,泰國,那空叻差是瑪府,頌嫩縣,Makluea Kao,
14.7967544,101.72770271,泰國,那空叻差是瑪府,頌嫩縣,Makluea Mai,
14.872361,101.91885396,泰國,那空叻差是瑪府,頌嫩縣,Na Klang,
15.00686487,101.8601643,泰國,那空叻差是瑪府,頌嫩縣,Non Kha,
14.79081701,101.8956587,泰國,那空叻差是瑪府,頌嫩縣,Nong Takai,
14.98470477,101.79490981,泰國,那空叻差是瑪府,頌嫩縣,Sema,
14.86427399,101.83992428,泰國,那空叻差是瑪府,頌嫩縣,Sung Noen,
17.09706758,104.74407489,泰國,那空拍儂府,塔帕農縣,Don Nang Hong,
16.91904174,104.67580802,泰國,那空拍儂府,塔帕農縣,Fang Daeng,
17.05973395,104.72620048,泰國,那空拍儂府,塔帕農縣,Kut Chim,
16.91485428,104.65156271,泰國,那空拍儂府,塔帕農縣,Na Nat,
17.13515734,104.73816616,泰國,那空拍儂府,塔帕農縣,Na Thon,
16.87165124,104.72417024,泰國,那空拍儂府,塔帕農縣,Nam Kam,
17.15201221,104.69241587,泰國,那空拍儂府,塔帕農縣,Phon Phaeng,
16.99617444,104.71196382,泰國,那空拍儂府,塔帕農縣,Phra Klang Thung,
17.06396632,104.74744289,泰國,那空拍儂府,塔帕農縣,Saen Phan,
16.93992665,104.70905951,泰國,那空拍儂府,塔帕農縣,That Phanom,
16.9673784,104.68540358,泰國,那空拍儂府,塔帕農縣,That Phanom Nuea,
16.84000495,104.66956775,泰國,那空拍儂府,塔帕農縣,Um Mao,
17.63310047,104.43477595,泰國,那空拍儂府,塔烏廷縣,Chai Buri,
17.54034859,104.58860661,泰國,那空拍儂府,塔烏廷縣,Non Tan,
17.78220587,104.35509412,泰國,那空拍儂府,塔烏廷縣,Nong Thao,
17.69678526,104.39526979,泰國,那空拍儂府,塔烏廷縣,Phanom,
17.78755852,104.31153366,泰國,那空拍儂府,塔烏廷縣,Phathai,
17.47100223,104.63490244,泰國,那空拍儂府,塔烏廷縣,Ram Rat,
17.58129469,104.48184607,泰國,那空拍儂府,塔烏廷縣,Tha Champa,
17.57138993,104.60269465,泰國,那空拍儂府,塔烏廷縣,Tha Uthen,
17.5087798,104.67863386,泰國,那空拍儂府,塔烏廷縣,Woen Phrabat,
17.144652,104.46551441,泰國,那空拍儂府,巴巴縣,Khok Sawang,
17.19463867,104.43277023,泰國,那空拍儂府,巴巴縣,Khok Sung,
17.21760691,104.60860822,泰國,那空拍儂府,巴巴縣,Ku Ta Kai,
17.26500561,104.46253174,泰國,那空拍儂府,巴巴縣,Mahachai,
17.27246309,104.65388409,泰國,那空拍儂府,巴巴縣,Na Makhuea,
17.12831786,104.58863837,泰國,那空拍儂府,巴巴縣,Nong Hi,
17.1213471,104.52388368,泰國,那空拍儂府,巴巴縣,Nong Thao Yai,
17.20671257,104.52733018,泰國,那空拍儂府,巴巴縣,Pla Pak,
17.08682643,104.50161757,泰國,那空拍儂府,旺揚縣,Khok Si,
17.07691466,104.47961048,泰國,那空拍儂府,旺揚縣,Nong Pho,
17.06720262,104.4371316,泰國,那空拍儂府,旺揚縣,Wang Yang,
17.07434692,104.38606211,泰國,那空拍儂府,旺揚縣,Yot Chat,
17.96203828,104.21798247,泰國,那空拍儂府,班噴縣,Ban Phaeng,
17.87589389,104.25890798,泰國,那空拍儂府,班噴縣,Na Khe,
17.9447516,104.18416785,泰國,那空拍儂府,班噴縣,Na Ngua,
17.78820476,104.24355598,泰國,那空拍儂府,班噴縣,Nong Waeng,
17.98648457,104.15374189,泰國,那空拍儂府,班噴縣,Phai Lom,
17.87347418,104.21474182,泰國,那空拍儂府,班噴縣,Phon Thong,
17.78878493,104.08711825,泰國,那空拍儂府,納吞縣,Don Toei,
17.84735718,104.04020592,泰國,那空拍儂府,納吞縣,Na Thom,
17.86646066,104.1455234,泰國,那空拍儂府,納吞縣,Nong Son,
17.55347544,104.08287938,泰國,那空拍儂府,納瓦縣,Ban Siao,
17.59864944,104.09701022,泰國,那空拍儂府,納瓦縣,Lao Phatthana,
17.50371985,104.13811729,泰國,那空拍儂府,納瓦縣,Na Khun Yai,
17.42929871,104.10245429,泰國,那空拍儂府,納瓦縣,Na Ngua,
17.47830032,104.11423627,泰國,那空拍儂府,納瓦縣,Na Wa,
17.50494943,104.05253244,泰國,那空拍儂府,納瓦縣,Tha Ruea,
17.47203188,104.26461994,泰國,那空拍儂府,蓬沙萬縣,Ban Kho,
17.48079699,104.36875391,泰國,那空拍儂府,蓬沙萬縣,Na Hua Bo,
17.51771914,104.47822774,泰國,那空拍儂府,蓬沙萬縣,Na Khamin,
17.4637916,104.57231068,泰國,那空拍儂府,蓬沙萬縣,Na Nai,
17.44423748,104.52131601,泰國,那空拍儂府,蓬沙萬縣,Phon Bok,
17.41244671,104.41000055,泰國,那空拍儂府,蓬沙萬縣,Phon Chan,
17.43776498,104.45880429,泰國,那空拍儂府,蓬沙萬縣,Phon Sawan,
17.66578237,104.12061775,泰國,那空拍儂府,西頌堪縣,Ban Kha,
17.55037955,104.2358264,泰國,那空拍儂府,西頌堪縣,Ban Ueang,
17.71149669,104.30383377,泰國,那空拍儂府,西頌堪縣,Hat Phaeng,
17.56686445,104.30837438,泰國,那空拍儂府,西頌堪縣,Na Duea,
17.61823357,104.35734636,泰國,那空拍儂府,西頌堪縣,Na Kham,
17.53545758,104.17042905,泰國,那空拍儂府,西頌堪縣,Phon Sawang,
17.73058068,104.16467947,泰國,那空拍儂府,西頌堪縣,Sam Phong,
17.64282792,104.27424884,泰國,那空拍儂府,西頌堪縣,Si Songkhram,
17.63370576,104.1963962,泰國,那空拍儂府,西頌堪縣,Tha Bo Songkhram,
17.44431414,104.73607334,泰國,那空拍儂府,那空拍儂府治縣,At Samat,
17.16784126,104.76711274,泰國,那空拍儂府,那空拍儂府治縣,Ban Klang,
17.36523857,104.60614951,泰國,那空拍儂府,那空拍儂府治縣,Ban Phueng,
17.20590874,104.78289839,泰國,那空拍儂府,那空拍儂府治縣,Dong Khwang,
17.2624597,104.76415898,泰國,那空拍儂府,那空拍儂府治縣,Kham Thao,
17.2168253,104.70463267,泰國,那空拍儂府,那空拍儂府治縣,Kham Toei,
17.33321245,104.54598468,泰國,那空拍儂府,那空拍儂府治縣,Kurukhu,
17.41735177,104.70653846,泰國,那空拍儂府,那空拍儂府治縣,Na Rat Khwai,
17.39722979,104.67113712,泰國,那空拍儂府,那空拍儂府治縣,Na Sai,
17.38932047,104.78780956,泰國,那空拍儂府,那空拍儂府治縣,Nai Mueang,
17.42430096,104.77163378,泰國,那空拍儂府,那空拍儂府治縣,Nong Saeng,
17.34092828,104.73866717,泰國,那空拍儂府,那空拍儂府治縣,Nong Yat,
17.34306317,104.6905146,泰國,那空拍儂府,那空拍儂府治縣,Pho Tak,
17.32071704,104.77446503,泰國,那空拍儂府,那空拍儂府治縣,Tha Kho,
17.32352894,104.47051546,泰國,那空拍儂府,那空拍儂府治縣,Wang Ta Mua,
16.92361848,104.4486001,泰國,那空拍儂府,那革縣,Ban Kaeng,
16.9249208,104.40344463,泰國,那空拍儂府,那革縣,Kan Lueang,
16.93706919,104.36825737,泰國,那空拍儂府,那革縣,Kham Phi,
16.89801856,104.49527684,泰國,那空拍儂府,那革縣,Na Kae,
16.98204542,104.53707764,泰國,那空拍儂府,那革縣,Na Khu,
17.05156522,104.52823589,泰國,那空拍儂府,那革縣,Na Liang,
16.93128426,104.32243652,泰國,那空拍儂府,那革縣,Nong Bo,
16.99146911,104.47563236,泰國,那空拍儂府,那革縣,Nong Sang,
16.9250743,104.55631764,泰國,那空拍儂府,那革縣,Phiman,
17.03123375,104.55843419,泰國,那空拍儂府,那革縣,Phra Song,
16.90897941,104.6090631,泰國,那空拍儂府,那革縣,Phum Kae,
16.91966022,104.57708783,泰國,那空拍儂府,那革縣,Si Chomphu,
17.05672935,104.60881642,泰國,那空拍儂府,雷努那空縣,Khok Hin Hae,
16.99102117,104.62727974,泰國,那空拍儂府,雷努那空縣,Na Kham,
17.1175255,104.6714262,泰國,那空拍儂府,雷努那空縣,Na Ngam,
17.02016747,104.69770377,泰國,那空拍儂府,雷努那空縣,Nong Yang Chin,
17.06348026,104.69603333,泰國,那空拍儂府,雷努那空縣,Phon Thong,
17.08138037,104.64625095,泰國,那空拍儂府,雷努那空縣,Renu,
17.01805722,104.66050827,泰國,那空拍儂府,雷努那空縣,Renu Tai,
17.00845193,104.58987466,泰國,那空拍儂府,雷努那空縣,Tha Lat,
8.18455001,100.07920693,泰國,那空是貪瑪叻府,乍倫帕傑縣,Chian Khao,
8.21253039,100.0400029,泰國,那空是貪瑪叻府,乍倫帕傑縣,Don Tro,
8.12375942,100.05580722,泰國,那空是貪瑪叻府,乍倫帕傑縣,Suan Luang,
8.23410488,99.98830296,泰國,那空是貪瑪叻府,乍倫帕傑縣,Thang Phun,
8.15647523,100.19793637,泰國,那空是貪瑪叻府,千艾縣,Ban Klang,
8.18415817,100.19301815,泰國,那空是貪瑪叻府,千艾縣,Ban Noen,
8.19783377,100.11966936,泰國,那空是貪瑪叻府,千艾縣,Chian Yai,
8.06748149,100.14201657,泰國,那空是貪瑪叻府,千艾縣,Karaket,
8.07006398,100.18953731,泰國,那空是貪瑪叻府,千艾縣,Khao Phrabat,
8.07555287,100.0948357,泰國,那空是貪瑪叻府,千艾縣,Mae Chao Yu Hua,
8.20385534,100.16308798,泰國,那空是貪瑪叻府,千艾縣,Sai Mak,
8.15797226,100.22246082,泰國,那空是貪瑪叻府,千艾縣,Suea Hueng,
8.13772148,100.16701457,泰國,那空是貪瑪叻府,千艾縣,Tha Khanan,
8.14666123,100.11670962,泰國,那空是貪瑪叻府,千艾縣,Thong Lamchiak,
9.15546097,99.85634225,泰國,那空是貪瑪叻府,卡農縣,Khanom,
9.17797341,99.78119313,泰國,那空是貪瑪叻府,卡農縣,Khuan Thong,
9.27194946,99.81488606,泰國,那空是貪瑪叻府,卡農縣,Thong Nian,
8.56122296,99.88492649,泰國,那空是貪瑪叻府,塔沙拉縣,Don Tako,
8.62120237,99.87274152,泰國,那空是貪瑪叻府,塔沙拉縣,Hua Taphan,
8.81192172,99.90198966,泰國,那空是貪瑪叻府,塔沙拉縣,Klai,
8.59109114,99.87643793,泰國,那空是貪瑪叻府,塔沙拉縣,Mokkhalan,
8.6060273,99.923121,泰國,那空是貪瑪叻府,塔沙拉縣,Pho Thong,
8.75018576,99.87295125,泰國,那空是貪瑪叻府,塔沙拉縣,Sa Kaeo,
8.78269193,99.82163025,泰國,那空是貪瑪叻府,塔沙拉縣,Taling Chan,
8.71465875,99.89622395,泰國,那空是貪瑪叻府,塔沙拉縣,Tha Khuen,
8.64399157,99.94004371,泰國,那空是貪瑪叻府,塔沙拉縣,Tha Sala,
8.66238975,99.87875912,泰國,那空是貪瑪叻府,塔沙拉縣,Thai Buri,
8.39495294,99.55521404,泰國,那空是貪瑪叻府,差旺縣,Chan Di,
8.39041096,99.50360597,泰國,那空是貪瑪叻府,差旺縣,Chawang,
8.58594525,99.46340896,泰國,那空是貪瑪叻府,差旺縣,Huai Prik,
8.51815453,99.46268869,泰國,那空是貪瑪叻府,差旺縣,Kapiat,
8.46538789,99.63401378,泰國,那空是貪瑪叻府,差旺縣,La-Ai,
8.45906869,99.47597046,泰國,那空是貪瑪叻府,差旺縣,Mai Riang,
8.41854077,99.46201211,泰國,那空是貪瑪叻府,差旺縣,Na Kacha,
8.53159484,99.50023815,泰國,那空是貪瑪叻府,差旺縣,Na Khliang,
8.48491164,99.52301162,泰國,那空是貪瑪叻府,差旺縣,Na Wae,
8.4456432,99.54824788,泰國,那空是貪瑪叻府,差旺縣,Sai Ra,
8.0619908,99.99828766,泰國,那空是貪瑪叻府,差渥縣,Ban Tun,
8.00486102,100.01925144,泰國,那空是貪瑪叻府,差渥縣,Cha-Uat,
7.97999099,99.88108407,泰國,那空是貪瑪叻府,差渥縣,Khao Phra Thong,
7.86905148,100.03634221,泰國,那空是貪瑪叻府,差渥縣,Khon Hat,
7.95044792,100.10466066,泰國,那空是貪瑪叻府,差渥縣,Khreng,
8.0086657,99.8829133,泰國,那空是貪瑪叻府,差渥縣,Khuan Nong Hong,
7.90905852,99.93812955,泰國,那空是貪瑪叻府,差渥縣,Ko Khan,
7.9113964,100.01702794,泰國,那空是貪瑪叻府,差渥縣,Nang Long,
7.97329607,99.96225941,泰國,那空是貪瑪叻府,差渥縣,Tha Pracha,
7.94381101,100.00021802,泰國,那空是貪瑪叻府,差渥縣,Tha Samet,
7.92091715,99.85593741,泰國,那空是貪瑪叻府,差渥縣,Wang Ang,
8.27882486,100.1497867,泰國,那空是貪瑪叻府,巴帕南縣,Ban Mai,
8.29251647,100.22757145,泰國,那空是貪瑪叻府,巴帕南縣,Ban Phoeng,
8.32792149,100.23130501,泰國,那空是貪瑪叻府,巴帕南縣,Bang Phra,
8.24742026,100.18568283,泰國,那空是貪瑪叻府,巴帕南縣,Bang Sala,
8.23314551,100.15371165,泰國,那空是貪瑪叻府,巴帕南縣,Bang Taphong,
8.27325543,100.05447527,泰國,那空是貪瑪叻府,巴帕南縣,Chamao,
8.3137945,100.18388975,泰國,那空是貪瑪叻府,巴帕南縣,Hu Long,
8.20762718,100.2625795,泰國,那空是貪瑪叻府,巴帕南縣,Khanap Nak,
8.31619837,100.14625774,泰國,那空是貪瑪叻府,巴帕南縣,Khlong Krabue,
8.35856234,100.10838844,泰國,那空是貪瑪叻府,巴帕南縣,Khlong Noi,
8.28079256,100.08979622,泰國,那空是貪瑪叻府,巴帕南縣,Ko Thuat,
8.473842,100.17950722,泰國,那空是貪瑪叻府,巴帕南縣,Laem Talumphuk,
8.24461115,100.12071523,泰國,那空是貪瑪叻府,巴帕南縣,Pa Rakam,
8.34890861,100.19925966,泰國,那空是貪瑪叻府,巴帕南縣,Pak Phanang,
8.40294195,100.19471373,泰國,那空是貪瑪叻府,巴帕南縣,Pak Phanang Fang Tawan Ok,
8.36186062,100.16318934,泰國,那空是貪瑪叻府,巴帕南縣,Pak Phanang Fang Tawan Tok,
8.24632057,100.21285147,泰國,那空是貪瑪叻府,巴帕南縣,Pak Phraek,
8.26291798,100.25675985,泰國,那空是貪瑪叻府,巴帕南縣,Tha Phaya,
8.31102522,99.96579583,泰國,那空是貪瑪叻府,帕蓬縣,Chang Sai,
8.33436242,99.91169241,泰國,那空是貪瑪叻府,帕蓬縣,Na Phru,
8.3704263,99.91835815,泰國,那空是貪瑪叻府,帕蓬縣,Na San,
8.29938501,99.90953036,泰國,那空是貪瑪叻府,帕蓬縣,Thai Samphao,
8.63216474,99.52532487,泰國,那空是貪瑪叻府,披奔縣,Kathun,
8.6337636,99.61543077,泰國,那空是貪瑪叻府,披奔縣,Khao Phra,
8.53016955,99.54928279,泰國,那空是貪瑪叻府,披奔縣,Khuan Klang,
8.55744987,99.65231966,泰國,那空是貪瑪叻府,披奔縣,Phipun,
8.51986292,99.65998001,泰國,那空是貪瑪叻府,披奔縣,Yang Khom,
8.34061986,99.64645787,泰國,那空是貪瑪叻府,昌格朗縣,Chang Klang,
8.34682366,99.55277609,泰國,那空是貪瑪叻府,昌格朗縣,Lak Chang,
8.40833774,99.6300751,泰國,那空是貪瑪叻府,昌格朗縣,Suan Khan,
8.05620095,99.93477813,泰國,那空是貪瑪叻府,朱拉邦縣,Ban Cha-Uat,
8.03257523,99.91134604,泰國,那空是貪瑪叻府,朱拉邦縣,Ban Khuan Mut,
8.0941138,99.93117197,泰國,那空是貪瑪叻府,朱拉邦縣,Khuan Nong Kwa,
8.04047889,99.84448183,泰國,那空是貪瑪叻府,朱拉邦縣,Na Mo Bun,
8.07673188,99.85339347,泰國,那空是貪瑪叻府,朱拉邦縣,Sam Tambon,
8.10648457,99.83458809,泰國,那空是貪瑪叻府,朱拉邦縣,Thung Pho,
8.1616412,99.66920145,泰國,那空是貪瑪叻府,童頌縣,Chamai,
8.02796572,99.68960394,泰國,那空是貪瑪叻府,童頌縣,Kapang,
8.17322739,99.49993195,泰國,那空是貪瑪叻府,童頌縣,Khao Khao,
8.04552802,99.59466016,泰國,那空是貪瑪叻府,童頌縣,Khao Ro,
8.15470026,99.60836695,泰國,那空是貪瑪叻府,童頌縣,Khuan Krot,
8.24269778,99.7041585,泰國,那空是貪瑪叻府,童頌縣,Na Luang Sen,
8.11044379,99.58474338,泰國,那空是貪瑪叻府,童頌縣,Na Mai Phai,
8.21221716,99.57217856,泰國,那空是貪瑪叻府,童頌縣,Na Pho,
7.95559825,99.77170627,泰國,那空是貪瑪叻府,童頌縣,Namtok,
8.19917886,99.62979219,泰國,那空是貪瑪叻府,童頌縣,Nong Hong,
8.16498124,99.69013481,泰國,那空是貪瑪叻府,童頌縣,Pak Phraek,
8.16399697,99.74301137,泰國,那空是貪瑪叻府,童頌縣,Tham Yai,
8.0840449,99.70306708,泰國,那空是貪瑪叻府,童頌縣,Thi Wang,
8.08256129,100.24343464,泰國,那空是貪瑪叻府,華賽縣,Ban Ram,
8.10674401,100.2458846,泰國,那空是貪瑪叻府,華賽縣,Bang Nop,
8.03743416,100.28592628,泰國,那空是貪瑪叻府,華賽縣,Hua Sai,
7.97585833,100.26965825,泰國,那空是貪瑪叻府,華賽縣,Khao Phang Krai,
7.91139427,100.20943188,泰國,那空是貪瑪叻府,華賽縣,Khuan Chalik,
8.132306,100.28460324,泰國,那空是貪瑪叻府,華賽縣,Ko Phet,
7.96975835,100.19156117,泰國,那空是貪瑪叻府,華賽縣,Laem,
8.01643348,100.31422412,泰國,那空是貪瑪叻府,華賽縣,Na Saton,
7.9375078,100.2916349,泰國,那空是貪瑪叻府,華賽縣,Ram Kaeo,
8.03971381,100.22696516,泰國,那空是貪瑪叻府,華賽縣,Sai Khao,
8.14245579,100.24690073,泰國,那空是貪瑪叻府,華賽縣,Tha Som,
8.53029397,99.81640965,泰國,那空是貪瑪叻府,蓬基里縣,Ban Ko,
8.53360301,99.90804845,泰國,那空是貪瑪叻府,蓬基里縣,In Khiri,
8.51010743,99.88653501,泰國,那空是貪瑪叻府,蓬基里縣,Na Riang,
8.50388503,99.80146291,泰國,那空是貪瑪叻府,蓬基里縣,Phrommalok,
8.57898789,99.77645034,泰國,那空是貪瑪叻府,蓬基里縣,Thon Hong,
8.44111076,99.75628601,泰國,那空是貪瑪叻府,蘭沙加縣,Kamlon,
8.37152783,99.74156855,泰國,那空是貪瑪叻府,蘭沙加縣,Khao Kaeo,
8.34410737,99.84443517,泰國,那空是貪瑪叻府,蘭沙加縣,Khun Thale,
8.30557239,99.77283219,泰國,那空是貪瑪叻府,蘭沙加縣,Lan Saka,
8.41183638,99.82151845,泰國,那空是貪瑪叻府,蘭沙加縣,Tha Di,
8.66661312,99.82789885,泰國,那空是貪瑪叻府,諾披丹縣,Karo,
8.79999707,99.62127722,泰國,那空是貪瑪叻府,諾披丹縣,Krung Ching,
8.65613291,99.75072255,泰國,那空是貪瑪叻府,諾披丹縣,Na Reng,
8.7292916,99.73199056,泰國,那空是貪瑪叻府,諾披丹縣,Nopphitam,
8.46216579,99.34786926,泰國,那空是貪瑪叻府,貪攀那拉縣,Dusit,
8.49030738,99.41787499,泰國,那空是貪瑪叻府,貪攀那拉縣,Khlong Se,
8.42365741,99.38758871,泰國,那空是貪瑪叻府,貪攀那拉縣,Tham Phannara,
8.39887346,99.2815129,泰國,那空是貪瑪叻府,通艾縣,Bang Rup,
8.18757587,99.40427557,泰國,那空是貪瑪叻府,通艾縣,Krung Yan,
8.19399116,99.33786637,泰國,那空是貪瑪叻府,通艾縣,Kurae,
8.28451991,99.43660786,泰國,那空是貪瑪叻府,通艾縣,Prik,
8.30614244,99.34624744,泰國,那空是貪瑪叻府,通艾縣,Tha Yang,
8.36892454,99.34449568,泰國,那空是貪瑪叻府,通艾縣,Thung Sang,
8.36608794,99.42962386,泰國,那空是貪瑪叻府,通艾縣,Thung Yai,
8.37598062,100.06068682,泰國,那空是貪瑪叻府,那空是貪瑪叻府治縣,Bang Chak,
8.39936983,99.90785347,泰國,那空是貪瑪叻府,那空是貪瑪叻府治縣,Chai Montri,
8.4003552,99.86920533,泰國,那空是貪瑪叻府,那空是貪瑪叻府治縣,Kamphaeng Sao,
8.43451333,99.96628903,泰國,那空是貪瑪叻府,那空是貪瑪叻府治縣,Khlang,
8.39915523,99.95116641,泰國,那空是貪瑪叻府,那空是貪瑪叻府治縣,Mamuang Song Ton,
8.45223004,99.92435879,泰國,那空是貪瑪叻府,那空是貪瑪叻府治縣,Na Khian,
8.47240642,99.91689724,泰國,那空是貪瑪叻府,那空是貪瑪叻府治縣,Na Sai,
8.40592941,99.9722415,泰國,那空是貪瑪叻府,那空是貪瑪叻府治縣,Nai Mueang,
8.44161336,100.01028026,泰國,那空是貪瑪叻府,那空是貪瑪叻府治縣,Pak Nakhon,
8.53452677,99.97469073,泰國,那空是貪瑪叻府,那空是貪瑪叻府治縣,Pak Phun,
8.42695496,99.9242235,泰國,那空是貪瑪叻府,那空是貪瑪叻府治縣,Pho Sadet,
8.4657348,99.8604785,泰國,那空是貪瑪叻府,那空是貪瑪叻府治縣,Tha Ngio,
8.4265739,100.04201427,泰國,那空是貪瑪叻府,那空是貪瑪叻府治縣,Tha Rai,
8.3240953,100.01244383,泰國,那空是貪瑪叻府,那空是貪瑪叻府治縣,Tha Ruea,
8.49054517,100.01389708,泰國,那空是貪瑪叻府,那空是貪瑪叻府治縣,Tha Sak,
8.44889443,99.96405056,泰國,那空是貪瑪叻府,那空是貪瑪叻府治縣,Tha Wang,
8.27773672,99.52972204,泰國,那空是貪瑪叻府,那邦縣,Kaeo Saen,
8.25404853,99.62009361,泰國,那空是貪瑪叻府,那邦縣,Na Bon,
8.28791946,99.49009282,泰國,那空是貪瑪叻府,那邦縣,Thung Song,
7.97338102,99.45920185,泰國,那空是貪瑪叻府,邦坎縣,Ban Lamnao,
7.92590252,99.50826855,泰國,那空是貪瑪叻府,邦坎縣,Ban Nikhom,
8.07963915,99.45774816,泰國,那空是貪瑪叻府,邦坎縣,Bang Khan,
7.97761764,99.55541004,泰國,那空是貪瑪叻府,邦坎縣,Wang Hin,
8.89871034,99.78396891,泰國,那空是貪瑪叻府,錫春縣,Chalong,
8.93371906,99.74170748,泰國,那空是貪瑪叻府,錫春縣,Khao Noi,
8.83544338,99.83780417,泰國,那空是貪瑪叻府,錫春縣,Plian,
8.89272689,99.89128475,泰國,那空是貪瑪叻府,錫春縣,Sao Phao,
9.02270596,99.78626896,泰國,那空是貪瑪叻府,錫春縣,Si Khit,
9.01032319,99.87817577,泰國,那空是貪瑪叻府,錫春縣,Sichon,
8.8573288,99.78590317,泰國,那空是貪瑪叻府,錫春縣,Theppharat,
8.95755717,99.87619041,泰國,那空是貪瑪叻府,錫春縣,Thung Prang,
9.07175737,99.86078422,泰國,那空是貪瑪叻府,錫春縣,Thung Sai,
8.2575854,99.84274701,泰國,那空是貪瑪叻府,隆披汶縣,Hin Tok,
8.18344751,99.91351991,泰國,那空是貪瑪叻府,隆披汶縣,Khuan Chum,
8.1361079,99.89850924,泰國,那空是貪瑪叻府,隆披汶縣,Khuan Koei,
8.16272931,99.97787802,泰國,那空是貪瑪叻府,隆披汶縣,Khuan Phang,
8.17507129,99.82482153,泰國,那空是貪瑪叻府,隆披汶縣,Ron Phibun,
8.26064621,99.9094262,泰國,那空是貪瑪叻府,隆披汶縣,Sao Thong,
15.68404143,100.53717379,泰國,那空沙旺府,他達戈縣,Don Kha,
15.58189274,100.4312235,泰國,那空沙旺府,他達戈縣,Hua Thanon,
15.50610914,100.51107336,泰國,那空沙旺府,他達戈縣,Nong Luang,
15.70839095,100.43716667,泰國,那空沙旺府,他達戈縣,Phanom Rok,
15.72672883,100.34313878,泰國,那空沙旺府,他達戈縣,Phanom Set,
15.7685347,100.48300346,泰國,那空沙旺府,他達戈縣,Sai Lamphong,
15.63786438,100.45868691,泰國,那空沙旺府,他達戈縣,Tha Tako,
15.57680401,100.54541076,泰國,那空沙旺府,他達戈縣,Thamnop,
15.64820774,100.35370417,泰國,那空沙旺府,他達戈縣,Wang Mahakon,
15.78187857,100.40030214,泰國,那空沙旺府,他達戈縣,Wang Yai,
15.55465698,100.30521339,泰國,那空沙旺府,帕育哈奇里縣,Khao Kala,
15.57465181,100.19125236,泰國,那空沙旺府,帕育哈奇里縣,Khao Thong,
15.39268875,100.18312381,泰國,那空沙旺府,帕育哈奇里縣,Muang Hak,
15.45843413,100.08641584,泰國,那空沙旺府,帕育哈奇里縣,Nam Song,
15.48458309,100.28095898,泰國,那空沙旺府,帕育哈奇里縣,Nikhom Khao Bo Kaeo,
15.44927826,100.20025285,泰國,那空沙旺府,帕育哈奇里縣,Noen Makok,
15.45487186,100.14550645,泰國,那空沙旺府,帕育哈奇里縣,Phayuha,
15.51058525,100.17014288,泰國,那空沙旺府,帕育哈奇里縣,Sa Thale,
15.41939523,100.17502607,泰國,那空沙旺府,帕育哈奇里縣,Tha Nam Oi,
15.51850834,100.12257045,泰國,那空沙旺府,帕育哈奇里縣,Yan Matsi,
15.51178142,100.0669814,泰國,那空沙旺府,帕育哈奇里縣,Yang Khao,
15.59860857,100.08053054,泰國,那空沙旺府,戈帕縣,Bang Mafo,
15.65212301,100.00636416,泰國,那空沙旺府,戈帕縣,Bang Pramung,
15.50550757,99.99084299,泰國,那空沙旺府,戈帕縣,Hat Sung,
15.55843587,100.06451727,泰國,那空沙旺府,戈帕縣,Krok Phra,
15.61978053,99.98137604,泰國,那空沙旺府,戈帕縣,Na Klang,
15.54166386,100.01599353,泰國,那空沙旺府,戈帕縣,Noen Kwao,
15.54028608,99.96072011,泰國,那空沙旺府,戈帕縣,Noen Sala,
15.58170479,99.99642185,泰國,那空沙旺府,戈帕縣,Sala Daeng,
15.58621329,100.11401586,泰國,那空沙旺府,戈帕縣,Yang Tan,
15.86511224,99.78702538,泰國,那空沙旺府,拉堯縣,Ban Rai,
15.71561497,99.68695856,泰國,那空沙旺府,拉堯縣,Huai Nam Hom,
15.77563852,99.74827571,泰國,那空沙旺府,拉堯縣,Lat Yao,
15.68946801,99.76469657,泰國,那空沙旺府,拉堯縣,Map Kae,
15.83895008,99.86295598,泰國,那空沙旺府,拉堯縣,Noen Khi Lek,
15.77849123,99.8676375,泰國,那空沙旺府,拉堯縣,Nong Nom Wua,
15.74223122,99.88699022,泰國,那空沙旺府,拉堯縣,Nong Yao,
15.78081468,99.8074399,泰國,那空沙旺府,拉堯縣,Sa Kaeo,
15.78184354,99.66815686,泰國,那空沙旺府,拉堯縣,San Chao Kai To,
15.72033711,99.80049989,泰國,那空沙旺府,拉堯縣,Soi Lakhon,
15.6950464,99.8774993,泰國,那空沙旺府,拉堯縣,Wang Ma,
15.65176963,99.8265189,泰國,那空沙旺府,拉堯縣,Wang Mueang,
15.6222406,99.56556331,泰國,那空沙旺府,春他邦縣,Chum Ta Bong,
15.69989278,99.54492808,泰國,那空沙旺府,春他邦縣,Pang Sawan,
15.86207054,100.19905502,泰國,那空沙旺府,春森縣,Bang Khian,
15.89389685,100.30924026,泰國,那空沙旺府,春森縣,Chum Saeng,
15.94854957,100.3121286,泰國,那空沙旺府,春森縣,Kha Mang,
15.83112502,100.2355876,泰國,那空沙旺府,春森縣,Khok Mo,
15.86758079,100.29026261,泰國,那空沙旺府,春森縣,Koei Chai,
15.89952827,100.39312852,泰國,那空沙旺府,春森縣,Nong Krachao,
15.8304284,100.35756166,泰國,那空沙旺府,春森縣,Phai Sing,
15.83297577,100.2769624,泰國,那空沙旺府,春森縣,Phan Lan,
15.90383044,100.32783037,泰國,那空沙旺府,春森縣,Phikun,
15.91329724,100.25553826,泰國,那空沙旺府,春森縣,Tha Mai,
15.75762516,100.286636,泰國,那空沙旺府,春森縣,Thap Krit,
15.76965733,100.23289585,泰國,那空沙旺府,春森縣,Thap Krit Tai,
15.6921899,99.38516688,泰國,那空沙旺府,梅本縣,Mae Poen,
15.62180245,100.60274579,泰國,那空沙旺府,派沙利縣,Khok Duea,
15.72313856,100.78532937,泰國,那空沙旺府,派沙利縣,Na Khom,
15.62848967,100.69348068,泰國,那空沙旺府,派沙利縣,Phaisali,
15.42042357,100.59386922,泰國,那空沙旺府,派沙利縣,Pho Prasat,
15.52401239,100.63256342,泰國,那空沙旺府,派沙利縣,Samrong Chai,
15.47643043,100.70934229,泰國,那空沙旺府,派沙利縣,Takhro,
15.59518796,100.76689459,泰國,那空沙旺府,派沙利縣,Wang Khoi,
15.71097038,100.66467125,泰國,那空沙旺府,派沙利縣,Wang Nam Lat,
15.88312382,99.52124146,泰國,那空沙旺府,湄翁縣,Khao Chon Kan,
15.84239618,99.29948153,泰國,那空沙旺府,湄翁縣,Mae Le,
15.77343495,99.57104958,泰國,那空沙旺府,湄翁縣,Mae Wong,
15.8392806,99.59309029,泰國,那空沙旺府,湄翁縣,Wang San,
15.87006011,99.94684192,泰國,那空沙旺府,班坡披猜縣,Ang Thong,
15.938636,99.88300972,泰國,那空沙旺府,班坡披猜縣,Ban Daen,
15.97790352,99.85028662,泰國,那空沙旺府,班坡披猜縣,Bang Kaeo,
15.94088245,100.0341074,泰國,那空沙旺府,班坡披猜縣,Bang Ta Ngai,
16.07341113,100.0649172,泰國,那空沙旺府,班坡披猜縣,Bueng Pla Thu,
15.98647139,100.00932389,泰國,那空沙旺府,班坡披猜縣,Charoen Phon,
16.07785221,100.00183049,泰國,那空沙旺府,班坡披猜縣,Dan Chang,
15.87922557,100.00380306,泰國,那空沙旺府,班坡披猜縣,Hu Kwang,
15.99789622,100.0952014,泰國,那空沙旺府,班坡披猜縣,Nong Krot,
16.12978621,100.05389114,泰國,那空沙旺府,班坡披猜縣,Nong Ta Ngu,
16.01483079,99.91714252,泰國,那空沙旺府,班坡披猜縣,Ta Khit,
15.99429583,99.96797176,泰國,那空沙旺府,班坡披猜縣,Ta Sang,
15.91151008,99.94355452,泰國,那空沙旺府,班坡披猜縣,Tha Ngio,
15.90688191,100.49336347,泰國,那空沙旺府,農磨縣,Huai Ruam,
15.86209285,100.48949947,泰國,那空沙旺府,農磨縣,Huai Thua Nuea,
15.83963509,100.46207995,泰國,那空沙旺府,農磨縣,Huai Thua Tai,
15.85899465,100.42670364,泰國,那空沙旺府,農磨縣,Huai Yai,
15.84871701,100.65004333,泰國,那空沙旺府,農磨縣,Nong Bua,
15.93094718,100.61487182,泰國,那空沙旺府,農磨縣,Nong Klap,
15.78816305,100.54721941,泰國,那空沙旺府,農磨縣,Than Thahan,
15.93124963,100.71362763,泰國,那空沙旺府,農磨縣,Thung Thong,
15.79394193,100.70535562,泰國,那空沙旺府,農磨縣,Wang Bo,
15.13288606,100.46341577,泰國,那空沙旺府,達利縣,Chan Sen,
15.19663276,100.42453146,泰國,那空沙旺府,達利縣,Chong Khae,
15.37209183,100.34694141,泰國,那空沙旺府,達利縣,Hua Wai,
15.22471948,100.48224557,泰國,那空沙旺府,達利縣,Huai Hom,
15.2233737,100.54290404,泰國,那空沙旺府,達利縣,Lat Thippharot,
15.19682738,100.32383623,泰國,那空沙旺府,達利縣,Nong Mo,
15.40392685,100.27835571,泰國,那空沙旺府,達利縣,Nong Pho,
15.15925741,100.40863109,泰國,那空沙旺府,達利縣,Phrom Nimit,
15.11691482,100.38851348,泰國,那空沙旺府,達利縣,Soi Thong,
15.27407443,100.34867581,泰國,那空沙旺府,達利縣,Takhli,
15.27875247,100.44854891,泰國,那空沙旺府,達法縣,Khao Chai Thong,
15.31799434,100.57241943,泰國,那空沙旺府,達法縣,Lam Phayon,
15.33980909,100.42934424,泰國,那空沙旺府,達法縣,Nong Phikun,
15.40176379,100.46648566,泰國,那空沙旺府,達法縣,Phu Nok Yung,
15.36555884,100.53696904,泰國,那空沙旺府,達法縣,Suk Samran,
15.31309688,100.48826672,泰國,那空沙旺府,達法縣,Tak Fa,
15.47544154,100.41892605,泰國,那空沙旺府,達法縣,Udom Thanya,
15.78911255,100.05754436,泰國,那空沙旺府,那空沙旺府治縣,Ban Kaeng,
15.7974282,100.12203859,泰國,那空沙旺府,那空沙旺府治縣,Ban Makluea,
15.75692559,100.11318619,泰國,那空沙旺府,那空沙旺府治縣,Bang Muang,
15.77149364,100.18871889,泰國,那空沙旺府,那空沙旺府治縣,Bang Phra Luang,
15.74791211,100.13861728,泰國,那空沙旺府,那空沙旺府治縣,Bueng Senat,
15.71391093,100.17110826,泰國,那空沙旺府,那空沙旺府治縣,Khwae Yai,
15.62942045,100.12068391,泰國,那空沙旺府,那空沙旺府治縣,Klang Daet,
15.73483251,100.1873303,泰國,那空沙旺府,那空沙旺府治縣,Kriangkrai,
15.66783029,100.12849055,泰國,那空沙旺府,那空沙旺府治縣,Nakhon Sawan Ok,
15.68146879,100.073301,泰國,那空沙旺府,那空沙旺府治縣,Nakhon Sawan Tok,
15.80463341,99.96580428,泰國,那空沙旺府,那空沙旺府治縣,Nong Kradon,
15.72199805,99.99391187,泰國,那空沙旺府,那空沙旺府治縣,Nong Krot,
15.64084293,100.16904759,泰國,那空沙旺府,那空沙旺府治縣,Nong Pling,
15.70229159,100.12196186,泰國,那空沙旺府,那空沙旺府治縣,Pak Nam Pho,
15.64451384,100.2577348,泰國,那空沙旺府,那空沙旺府治縣,Phra Non,
15.63365558,100.06840819,泰國,那空沙旺府,那空沙旺府治縣,Takhian Luean,
15.73665696,100.07919381,泰國,那空沙旺府,那空沙旺府治縣,Wat Sai,
15.9026262,100.08195876,泰國,那空沙旺府,高廖縣,Hua Dong,
15.85099295,100.0850404,泰國,那空沙旺府,高廖縣,Kao Liao,
15.84076913,100.03888605,泰國,那空沙旺府,高廖縣,Khao Din,
15.82567165,100.09805533,泰國,那空沙旺府,高廖縣,Maha Phot,
15.88051004,100.14545742,泰國,那空沙旺府,高廖縣,Nong Tao,
14.18047834,101.30532004,泰國,那空那育府,北丕縣,Khok Kruat,
14.15252769,101.22933184,泰國,那空那育府,北丕縣,Ko Pho,
14.16676003,101.26410952,泰國,那空那育府,北丕縣,Ko Wai,
14.29914625,101.40709387,泰國,那空那育府,北丕縣,Na Hin Lat,
14.21251123,101.30567225,泰國,那空那育府,北丕縣,Nong Saeng,
14.11729263,101.28328338,泰國,那空那育府,北丕縣,Pak Phli,
14.08568972,101.23503225,泰國,那空那育府,北丕縣,Tha Ruea,
14.22669767,101.03483207,泰國,那空那育府,班納縣,Asa,
14.26267841,101.05979309,泰國,那空那育府,班納縣,Ban Na,
14.23538042,101.11151326,泰國,那空那育府,班納縣,Ban Phrao,
14.27638865,101.00218805,泰國,那空那育府,班納縣,Ban Phrik,
14.17666423,101.06970952,泰國,那空那育府,班納縣,Bang O,
14.36240205,101.09679922,泰國,那空那育府,班納縣,Khao Phoem,
14.29667386,101.06529736,泰國,那空那育府,班納縣,Pa Kha,
14.24322829,101.04972828,泰國,那空那育府,班納縣,Phikun Ok,
14.30789627,101.1181405,泰國,那空那育府,班納縣,Si Ka-Ang,
14.20783927,101.03709586,泰國,那空那育府,班納縣,Thong Lang,
14.05648106,101.06830468,泰國,那空那育府,翁卡叻縣,Bang Luk Suea,
14.16639034,100.9601549,泰國,那空那育府,翁卡叻縣,Bang Pla Kot,
14.02113907,101.11261217,泰國,那空那育府,翁卡叻縣,Bang Sombun,
14.05234075,100.93767791,泰國,那空那育府,翁卡叻縣,Bueng San,
13.98847318,100.93671112,泰國,那空那育府,翁卡叻縣,Chumphon,
14.11243321,100.95244251,泰國,那空那育府,翁卡叻縣,Khlong Yai,
14.09977353,101.00760541,泰國,那空那育府,翁卡叻縣,Ongkharak,
14.20936519,100.95044262,泰國,那空那育府,翁卡叻縣,Pho Thaen,
13.98679069,101.01675176,泰國,那空那育府,翁卡叻縣,Phra Achan,
14.13104875,101.03808752,泰國,那空那育府,翁卡叻縣,Sai Mun,
14.03963881,101.00368225,泰國,那空那育府,翁卡叻縣,Sisa Krabue,
14.2149793,101.22740879,泰國,那空那育府,那空那育府治縣,Ban Yai,
14.13749796,101.11094935,泰國,那空那育府,那空那育府治縣,Don Yo,
14.12945769,101.16869568,泰國,那空那育府,那空那育府治縣,Dong Lakhon,
14.36261421,101.34153795,泰國,那空那育府,那空那育府治縣,Hin Tang,
14.30004234,101.21128631,泰國,那空那育府,那空那育府治縣,Khao Phra,
14.20394318,101.21588395,泰國,那空那育府,那空那育府治縣,Nakhon Nayok,
14.26468623,101.16328764,泰國,那空那育府,那空那育府治縣,Phrommani,
14.37932622,101.26710458,泰國,那空那育府,那空那育府治縣,Sarika,
14.05839404,101.15629754,泰國,那空那育府,那空那育府治縣,Si Chula,
14.21483001,101.26958196,泰國,那空那育府,那空那育府治縣,Si Nawa,
14.19033979,101.17505261,泰國,那空那育府,那空那育府治縣,Tha Chang,
14.18223148,101.12622426,泰國,那空那育府,那空那育府治縣,Tha Sai,
14.17750065,101.21075288,泰國,那空那育府,那空那育府治縣,Wang Krachom,
19.22010455,100.89728896,泰國,難府,Pua,Chai Watthana,
19.16350187,100.84684903,泰國,難府,Pua,Chedi Chai,
19.20022515,100.83093478,泰國,難府,Pua,Ngaeng,
19.13282148,100.91662097,泰國,難府,Pua,Pa Klang,
19.23760066,101.05707372,泰國,難府,Pua,Phu Kha,
19.17078277,100.90064715,泰國,難府,Pua,Pua,
19.25734671,101.00458698,泰國,難府,Pua,Sakat,
19.22729721,100.94088859,泰國,難府,Pua,Sathan,
19.14638375,100.96602805,泰國,難府,Pua,Sila Laeng,
19.09664654,100.99463487,泰國,難府,Pua,Sila Phet,
19.01680853,101.00665876,泰國,難府,Pua,Uan,
19.17503149,100.9378586,泰國,難府,Pua,Wora Nakhon,
19.55851618,101.04635366,泰國,難府,乍倫帕傑縣,Huai Kon,
19.4822565,101.17230257,泰國,難府,乍倫帕傑縣,Khun Nan,
19.30960308,101.17444426,泰國,難府,博格勒縣,Bo Kluea Nuea,
19.08612771,101.18731196,泰國,難府,博格勒縣,Bo Kluea Tai,
19.22042448,101.19829403,泰國,難府,博格勒縣,Dong Phaya,
18.97217076,101.2009703,泰國,難府,博格勒縣,Phu Fa,
19.09029496,100.86327531,泰國,難府,塔旺帕縣,Chom Phra,
19.10743767,100.66516939,泰國,難府,塔旺帕縣,Pa Kha,
19.23499726,100.68380309,泰國,難府,塔旺帕縣,Pha Thong,
19.21450897,100.77367772,泰國,難府,塔旺帕縣,Pha To,
19.12001465,100.79777116,泰國,難府,塔旺帕縣,Rim,
19.15280607,100.72015941,泰國,難府,塔旺帕縣,Saen Thong,
19.06870032,100.72618278,泰國,難府,塔旺帕縣,Si Phum,
19.0226725,100.83837457,泰國,難府,塔旺帕縣,Tan Chum,
19.12532951,100.82566561,泰國,難府,塔旺帕縣,Tha Wang Pha,
19.06811092,100.92702294,泰國,難府,塔旺帕縣,Yom,
18.80164697,100.8915608,泰國,難府,普平縣,Fai Kaeo,
18.75589026,100.80741615,泰國,難府,普平縣,Muang Tuet,
18.8747834,100.826148,泰國,難府,普平縣,Mueang Chang,
18.69833219,100.79377535,泰國,難府,普平縣,Na Pang,
18.70105019,100.87282306,泰國,難府,普平縣,Nam Kaen,
18.73501888,100.88130952,泰國,難府,普平縣,Nam Kian,
18.73156423,100.78640748,泰國,難府,普平縣,Tha Nao,
18.51029228,100.5995311,泰國,難府,淵沙縣,Ai Na Lai,
18.63786392,100.86200877,泰國,難府,淵沙縣,Chom Chan,
18.53609932,100.82922905,泰國,難府,淵沙縣,Khueng,
18.5771196,100.74011329,泰國,難府,淵沙縣,Klang Wiang,
18.58842253,100.86688769,泰國,難府,淵沙縣,Lai Nan,
18.6857207,100.55721658,泰國,難府,淵沙縣,Mae Khaning,
18.56539003,100.6533236,泰國,難府,淵沙縣,Mae Sa,
18.47418556,100.63715893,泰國,難府,淵沙縣,Mae Sakhon,
18.66956523,100.83541905,泰國,難府,淵沙縣,Na Lueang,
18.44312976,100.94072281,泰國,難府,淵沙縣,Nam Muap,
18.63681719,100.72425576,泰國,難府,淵沙縣,Nam Pua,
18.60137749,100.64302507,泰國,難府,淵沙縣,Pong Sanuk,
18.4707752,100.76434073,泰國,難府,淵沙縣,San,
18.53133265,100.99597657,泰國,難府,淵沙縣,Sanna Nong Mai,
18.63732492,100.78309711,泰國,難府,淵沙縣,Tan Chum,
18.66515205,100.65309143,泰國,難府,淵沙縣,Thung Si Thong,
18.61754141,100.45333936,泰國,難府,淵沙縣,Yap Hua Na,
19.24118773,100.85188095,泰國,難府,清格朗縣,Chiang Khan,
19.31019344,100.94345755,泰國,難府,清格朗縣,Chiang Klang,
19.28167588,100.95205523,泰國,難府,清格朗縣,Phaya Kaeo,
19.26385949,100.81266236,泰國,難府,清格朗縣,Phra Phutthabat,
19.33864661,100.92502523,泰國,難府,清格朗縣,Phrathat,
19.33293433,100.83426625,泰國,難府,清格朗縣,Puea,
18.83012163,101.11049802,泰國,難府,湄差林縣,Mae Charim,
18.68445988,101.00387333,泰國,難府,湄差林縣,Mo Mueang,
18.64681151,100.95603017,泰國,難府,湄差林縣,Nam Pai,
18.65515678,101.13757606,泰國,難府,湄差林縣,Nam Phang,
18.74580253,101.06965213,泰國,難府,湄差林縣,Nong Daeng,
18.78211898,100.42903649,泰國,難府,班鑾縣,Ban Fa,
18.91262447,100.46621952,泰國,難府,班鑾縣,Ban Phi,
18.8552735,100.40023073,泰國,難府,班鑾縣,Pa Kha Luang,
18.84102558,100.46408808,泰國,難府,班鑾縣,Suat,
18.35062655,100.57251666,泰國,難府,納內縣,Bua Yai,
18.2890852,100.86497056,泰國,難府,納內縣,Chiang Khong,
18.313069,100.68100264,泰國,難府,納內縣,Na Noi,
18.39401257,100.62802189,泰國,難府,納內縣,Namtok,
18.28629517,100.5584483,泰國,難府,納內縣,Santha,
18.21177248,100.7841841,泰國,難府,納內縣,Sathan,
18.37031072,100.84567611,泰國,難府,納內縣,Sisa Ket,
18.89682228,100.89928989,泰國,難府,訕滴素縣,Du Phong,
18.95369851,100.89714541,泰國,難府,訕滴素縣,Pa Laeo Luang,
18.90780329,101.04288536,泰國,難府,訕滴素縣,Phong,
19.4370442,100.87894201,泰國,難府,通昌縣,Lae,
19.47919077,100.92602399,泰國,難府,通昌縣,Ngop,
19.55852184,100.93542202,泰國,難府,通昌縣,Pon,
19.3912351,100.91645419,泰國,難府,通昌縣,Thung Chang,
18.19579842,100.66991477,泰國,難府,那蒙縣,Bo Kaeo,
18.21925793,100.50368972,泰國,難府,那蒙縣,Mueang Li,
18.10836921,100.70149561,泰國,難府,那蒙縣,Na Thanung,
18.1091119,100.49973241,泰國,難府,那蒙縣,Ping Luang,
18.9799448,100.7234569,泰國,難府,難府府治縣,Bo,
18.74042455,100.64698028,泰國,難府,難府府治縣,Bo Suak,
18.77761912,100.72906511,泰國,難府,難府府治縣,Chai Sathan,
18.73947438,100.73976775,泰國,難府,難府府治縣,Du Tai,
18.69379846,100.74853166,泰國,難府,難府府治縣,Kong Khwai,
18.70846836,100.66651457,泰國,難府,難府府治縣,Na Sao,
18.78451811,100.77877354,泰國,難府,難府府治縣,Nai Wiang,
18.84968923,100.75007915,泰國,難府,難府府治縣,Pha Sing,
18.77456548,100.59041052,泰國,難府,難府府治縣,Rueang,
18.90865154,100.59907744,泰國,難府,難府府治縣,Sanian,
18.79657816,100.70188189,泰國,難府,難府府治縣,Thuem Tong,
19.46690659,100.68330248,泰國,難府,頌威縣,Chon Daen,
19.33396075,100.70956827,泰國,難府,頌威縣,Na Rai Luang,
19.38997449,100.57968155,泰國,難府,頌威縣,Yot,
16.11639208,103.17552508,泰國,馬哈沙拉堪府,博拉布縣,Bo Yai,
16.09130676,103.1140928,泰國,馬哈沙拉堪府,博拉布縣,Borabue,
15.89832498,103.19906843,泰國,馬哈沙拉堪府,博拉布縣,Bua Mat,
15.90614705,103.16515123,泰國,馬哈沙拉堪府,博拉布縣,Don Ngua,
15.96410824,103.14776889,泰國,馬哈沙拉堪府,博拉布縣,Kamphi,
15.90240899,103.07963735,泰國,馬哈沙拉堪府,博拉布縣,Non Daeng,
15.92384411,103.12009665,泰國,馬哈沙拉堪府,博拉布縣,Non Rasi,
16.02001366,103.17156621,泰國,馬哈沙拉堪府,博拉布縣,Nong Chik,
15.94120481,102.99720403,泰國,馬哈沙拉堪府,博拉布縣,Nong Khu Khat,
16.07312981,103.20058984,泰國,馬哈沙拉堪府,博拉布縣,Nong Ko,
15.96153749,103.21204951,泰國,馬哈沙拉堪府,博拉布縣,Nong Muang,
16.04324132,103.08651947,泰國,馬哈沙拉堪府,博拉布縣,Nong Sim,
15.98559157,103.06411601,泰國,馬哈沙拉堪府,博拉布縣,Wang Chai,
16.02322475,103.03209478,泰國,馬哈沙拉堪府,博拉布縣,Wang Mai,
15.91906201,103.23577684,泰國,馬哈沙拉堪府,博拉布縣,Yang,
16.12284064,103.04910574,泰國,馬哈沙拉堪府,古朗縣,Huai Toei,
16.07317104,103.00030039,泰國,馬哈沙拉堪府,古朗縣,Kut Rang,
15.96276501,102.95724911,泰國,馬哈沙拉堪府,古朗縣,Loeng Faek,
16.07538273,102.9063468,泰國,馬哈沙拉堪府,古朗縣,Na Pho,
15.99907877,102.93484835,泰國,馬哈沙拉堪府,古朗縣,Nong Waeng,
16.16844328,102.89011474,泰國,馬哈沙拉堪府,哥頌披柿縣,Don Klang,
16.28068562,103.1407647,泰國,馬哈沙拉堪府,哥頌披柿縣,Hae Tai,
16.24920122,103.0645497,泰國,馬哈沙拉堪府,哥頌披柿縣,Hua Khwang,
16.19728996,103.10259198,泰國,馬哈沙拉堪府,哥頌披柿縣,Kaeng Kae,
16.34530055,103.06570497,泰國,馬哈沙拉堪府,哥頌披柿縣,Khuean,
16.26825177,102.89008533,泰國,馬哈沙拉堪府,哥頌披柿縣,Khwao Rai,
16.19277885,103.04828954,泰國,馬哈沙拉堪府,哥頌披柿縣,Lao,
16.22198971,103.1311052,泰國,馬哈沙拉堪府,哥頌披柿縣,Loeng Tai,
16.27301186,103.01333515,泰國,馬哈沙拉堪府,哥頌披柿縣,Nong Bon,
16.37706611,102.96984225,泰國,馬哈沙拉堪府,哥頌披柿縣,Nong Bua,
16.19424824,102.97481704,泰國,馬哈沙拉堪府,哥頌披柿縣,Nong Kung Sawan,
16.14031086,102.97338403,泰國,馬哈沙拉堪府,哥頌披柿縣,Nong Lek,
16.26433205,102.96536477,泰國,馬哈沙拉堪府,哥頌披柿縣,Phaeng,
16.33106765,102.95324805,泰國,馬哈沙拉堪府,哥頌披柿縣,Phon Ngam,
16.22600739,102.92955274,泰國,馬哈沙拉堪府,哥頌披柿縣,Wang Yao,
16.30033466,103.10073548,泰國,馬哈沙拉堪府,哥頌披柿縣,Yang Noi,
16.31553646,103.03624342,泰國,馬哈沙拉堪府,哥頌披柿縣,Yang Tha Chaeng,
15.55782602,103.22248114,泰國,馬哈沙拉堪府,帕亞蓬披賽縣,Kam Pu,
15.57025225,103.17261116,泰國,馬哈沙拉堪府,帕亞蓬披賽縣,Lan Sakae,
15.5350799,103.1021292,泰國,馬哈沙拉堪府,帕亞蓬披賽縣,Mek Dam,
15.48345884,103.21436242,泰國,馬哈沙拉堪府,帕亞蓬披賽縣,Mueang Suea,
15.47908955,103.3810345,泰國,馬哈沙拉堪府,帕亞蓬披賽縣,Mueang Tao,
15.63295104,103.25018063,泰國,馬哈沙拉堪府,帕亞蓬披賽縣,Na Si Nuan,
15.59291385,103.1034261,泰國,馬哈沙拉堪府,帕亞蓬披賽縣,Nong Bua,
15.54639219,103.3084276,泰國,馬哈沙拉堪府,帕亞蓬披賽縣,Nong Bua Kaeo,
15.50300205,103.17592509,泰國,馬哈沙拉堪府,帕亞蓬披賽縣,Palan,
15.59934919,103.24184164,泰國,馬哈沙拉堪府,帕亞蓬披賽縣,Phan Aen,
15.45685058,103.32168357,泰國,馬哈沙拉堪府,帕亞蓬披賽縣,Rat Charoen,
15.50866177,103.30315817,泰國,馬哈沙拉堪府,帕亞蓬披賽縣,Rat Phatthana,
15.51346752,103.26386166,泰國,馬哈沙拉堪府,帕亞蓬披賽縣,Wiang Chai,
15.46171138,103.26240412,泰國,馬哈沙拉堪府,帕亞蓬披賽縣,Wiang Sa-At,
15.68317436,103.15152761,泰國,馬哈沙拉堪府,揚西蘇拉縣,Ban Ku,
15.65243065,103.14334224,泰國,馬哈沙拉堪府,揚西蘇拉縣,Dong Mueang,
15.68126583,103.03060674,泰國,馬哈沙拉堪府,揚西蘇拉縣,Na Phu,
15.63124751,103.1762713,泰國,馬哈沙拉堪府,揚西蘇拉縣,Nong Bua Santu,
15.62542884,103.1129757,泰國,馬哈沙拉堪府,揚西蘇拉縣,Sang Saeng,
15.63789368,103.03496408,泰國,馬哈沙拉堪府,揚西蘇拉縣,Waeng Dong,
15.68022765,103.09213318,泰國,馬哈沙拉堪府,揚西蘇拉縣,Yang Sisurat,
16.55701087,103.15013452,泰國,馬哈沙拉堪府,春衝縣,Chuen Chom,
16.60978489,103.15828476,泰國,馬哈沙拉堪府,春衝縣,Kut Pla Duk,
16.49628388,103.14655836,泰國,馬哈沙拉堪府,春衝縣,Lao Dokmai,
16.50299957,103.1120236,泰國,馬哈沙拉堪府,春衝縣,Nong Kung,
16.43240268,103.09171468,泰國,馬哈沙拉堪府,清雲縣,Chiang Yuen,
16.424576,103.15055487,泰國,馬哈沙拉堪府,清雲縣,Don Ngoen,
16.42574575,103.00268146,泰國,馬哈沙拉堪府,清雲縣,Ku Thong,
16.37329492,103.00896496,泰國,馬哈沙拉堪府,清雲縣,Lao Bua Ban,
16.38219733,103.05642435,泰國,馬哈沙拉堪府,清雲縣,Na Thong,
16.35172021,103.12448794,泰國,馬哈沙拉堪府,清雲縣,Nong Son,
16.3706159,103.14546086,泰國,馬哈沙拉堪府,清雲縣,Phon Thong,
16.47063843,103.05254688,泰國,馬哈沙拉堪府,清雲縣,Suea Thao,
15.82004373,103.26147131,泰國,馬哈沙拉堪府,瓦比巴統縣,Ban Wai,
15.89939461,103.30755567,泰國,馬哈沙拉堪府,瓦比巴統縣,Dong Yai,
15.7584708,103.3495206,泰國,馬哈沙拉堪府,瓦比巴統縣,Hua Ruea,
15.90252838,103.27214558,泰國,馬哈沙拉堪府,瓦比巴統縣,Khaen,
15.92209114,103.39496009,泰國,馬哈沙拉堪府,瓦比巴統縣,Kham Pom,
15.87334565,103.32727533,泰國,馬哈沙拉堪府,瓦比巴統縣,Khok Si Thong Lang,
15.83964225,103.19349757,泰國,馬哈沙拉堪府,瓦比巴統縣,Na Kha,
15.95523939,103.34713212,泰國,馬哈沙拉堪府,瓦比巴統縣,Ngua Ba,
15.88401262,103.43292407,泰國,馬哈沙拉堪府,瓦比巴統縣,Nong Hai,
15.9921679,103.42672768,泰國,馬哈沙拉堪府,瓦比巴統縣,Nong Saen,
15.82955663,103.36397763,泰國,馬哈沙拉堪府,瓦比巴統縣,Nong Saeng,
15.88380868,103.37628946,泰國,馬哈沙拉堪府,瓦比巴統縣,Nong Thum,
15.75847,103.39903954,泰國,馬哈沙拉堪府,瓦比巴統縣,Pho Chai,
15.81585973,103.41850455,泰國,馬哈沙拉堪府,瓦比巴統縣,Pracha Phatthana,
15.94811675,103.44233577,泰國,馬哈沙拉堪府,瓦比巴統縣,Suea Kok,
16.24902538,103.23602466,泰國,馬哈沙拉堪府,甘他拉威猜縣,Kham Riang,
16.27688794,103.31982419,泰國,馬哈沙拉堪府,甘他拉威猜縣,Kham Thao Phatthana,
16.30003884,103.28143318,泰國,馬哈沙拉堪府,甘他拉威猜縣,Khanthararat,
16.33598631,103.32108619,泰國,馬哈沙拉堪府,甘他拉威猜縣,Khok Phra,
16.23001467,103.18099943,泰國,馬哈沙拉堪府,甘他拉威猜縣,Khwao Yai,
16.28550233,103.37809642,泰國,馬哈沙拉堪府,甘他拉威猜縣,Kut Sai Cho,
16.24866168,103.36563298,泰國,馬哈沙拉堪府,甘他拉威猜縣,Makha,
16.31819355,103.20127557,泰國,馬哈沙拉堪府,甘他拉威猜縣,Na Si Nuan,
16.34933608,103.2624105,泰國,馬哈沙拉堪府,甘他拉威猜縣,Si Suk,
16.24165863,103.28605326,泰國,馬哈沙拉堪府,甘他拉威猜縣,Tha Khon Yang,
15.66138177,103.25878896,泰國,馬哈沙拉堪府,納敦縣,Dong Bang,
15.73195288,103.16886757,泰國,馬哈沙拉堪府,納敦縣,Dong Duan,
15.75410655,103.27058042,泰國,馬哈沙拉堪府,納敦縣,Dong Yang,
15.68882256,103.19673744,泰國,馬哈沙拉堪府,納敦縣,Hua Dong,
15.71361557,103.27730647,泰國,馬哈沙拉堪府,納敦縣,Ku Santarat,
15.7295569,103.2183555,泰國,馬哈沙拉堪府,納敦縣,Na Dun,
15.78062572,103.22728198,泰國,馬哈沙拉堪府,納敦縣,Nong Khu,
15.72649335,103.3179658,泰國,馬哈沙拉堪府,納敦縣,Nong Phai,
15.68956664,103.25243119,泰國,馬哈沙拉堪府,納敦縣,Phrathat,
15.84319159,103.05707945,泰國,馬哈沙拉堪府,納觸縣,Khwao Rai,
15.77267032,103.05060464,泰國,馬哈沙拉堪府,納觸縣,Na Chueak,
15.88631709,102.94475258,泰國,馬哈沙拉堪府,納觸縣,Nong Daeng,
15.72169367,103.03918997,泰國,馬哈沙拉堪府,納觸縣,Nong Kung,
15.7820189,102.99950247,泰國,馬哈沙拉堪府,納觸縣,Nong Mek,
15.76620675,103.12894791,泰國,馬哈沙拉堪府,納觸縣,Nong Pho,
15.8217392,103.1339702,泰國,馬哈沙拉堪府,納觸縣,Nong Ruea,
15.81420704,102.9587045,泰國,馬哈沙拉堪府,納觸縣,Po Phan,
15.87039561,103.00354713,泰國,馬哈沙拉堪府,納觸縣,Samrong,
15.72679828,103.09538722,泰國,馬哈沙拉堪府,納觸縣,San Pa Tong,
16.01448482,103.37882303,泰國,馬哈沙拉堪府,革丹縣,Kae Dam,
16.09473616,103.38696337,泰國,馬哈沙拉堪府,革丹縣,Mittraphap,
16.02922766,103.44325244,泰國,馬哈沙拉堪府,革丹縣,Non Phiban,
16.07638483,103.4373017,泰國,馬哈沙拉堪府,革丹縣,Nong Kung,
16.05297813,103.35786596,泰國,馬哈沙拉堪府,革丹縣,Wang Saeng,
15.99001742,103.27586295,泰國,馬哈沙拉堪府,馬哈沙拉堪府治縣,Bua Kho,
16.00035461,103.31778629,泰國,馬哈沙拉堪府,馬哈沙拉堪府治縣,Don Wan,
16.13303945,103.45023189,泰國,馬哈沙拉堪府,馬哈沙拉堪府治縣,Huai Aeng,
16.16080344,103.25506063,泰國,馬哈沙拉堪府,馬哈沙拉堪府治縣,Kaeng Loeng Chan,
16.03268302,103.26246503,泰國,馬哈沙拉堪府,馬哈沙拉堪府治縣,Khok Ko,
16.15591462,103.39263959,泰國,馬哈沙拉堪府,馬哈沙拉堪府治縣,Khwao,
16.21030176,103.30329289,泰國,馬哈沙拉堪府,馬哈沙拉堪府治縣,Koeng,
16.20703247,103.39682204,泰國,馬哈沙拉堪府,馬哈沙拉堪府治縣,Lat Phatthana,
16.10004151,103.24992957,泰國,馬哈沙拉堪府,馬哈沙拉堪府治縣,Nong No,
16.07837652,103.30974603,泰國,馬哈沙拉堪府,馬哈沙拉堪府治縣,Nong Pling,
16.18429841,103.30196345,泰國,馬哈沙拉堪府,馬哈沙拉堪府治縣,Talat,
16.16841137,103.1794905,泰國,馬哈沙拉堪府,馬哈沙拉堪府治縣,Tha Song Khon,
16.17599715,103.46319667,泰國,馬哈沙拉堪府,馬哈沙拉堪府治縣,Tha Tum,
16.13109851,103.31470431,泰國,馬哈沙拉堪府,馬哈沙拉堪府治縣,Waeng Nang,
17.25540879,101.14440198,泰國,黎府,丹賽縣,Dan Sai,
17.17071512,101.25045628,泰國,黎府,丹賽縣,I Pum,
17.37036288,101.22937966,泰國,黎府,丹賽縣,Khok Ngam,
17.05012647,101.09274691,泰國,黎府,丹賽縣,Kok Sathon,
17.41991202,101.15421195,泰國,黎府,丹賽縣,Na Di,
17.33447331,101.1430623,泰國,黎府,丹賽縣,Na Ho,
17.48112998,101.22087276,泰國,黎府,丹賽縣,Pak Man,
17.29102939,101.27413396,泰國,黎府,丹賽縣,Phon Sung,
17.13959909,101.17353441,泰國,黎府,丹賽縣,Pong,
17.2088535,101.38460922,泰國,黎府,丹賽縣,Wang Yao,
17.37667969,101.91715734,泰國,黎府,埃拉萬縣,Erawan,
17.3158746,101.96457966,泰國,黎府,埃拉萬縣,Pha In Plaeng,
17.23219895,102.03740492,泰國,黎府,埃拉萬縣,Pha Sam Yot,
17.19174624,101.99114244,泰國,黎府,埃拉萬縣,Sap Phaiwan,
17.64538517,101.3542752,泰國,黎府,塔利縣,A Hi,
17.54641974,101.48894675,泰國,黎府,塔利縣,Khok Yai,
17.68238045,101.53059343,泰國,黎府,塔利縣,Nam Khaem,
17.55787535,101.32643202,泰國,黎府,塔利縣,Nam Thun,
17.67696812,101.44828571,泰國,黎府,塔利縣,Nong Phue,
17.57298066,101.41233855,泰國,黎府,塔利縣,Tha Li,
17.85131958,101.96220111,泰國,黎府,巴宗縣,Chiang Klom,
17.78065628,101.8926577,泰國,黎府,巴宗縣,Chom Charoen,
18.11970626,102.0438179,泰國,黎府,巴宗縣,Hat Khamphi,
17.73875026,101.99532577,泰國,黎府,巴宗縣,Huai Bo Suen,
18.0123735,101.97532348,泰國,黎府,巴宗縣,Huai Phichai,
17.97232534,101.87537767,泰國,黎府,巴宗縣,Pak Chom,
17.09964168,101.93993487,泰國,黎府,帕告縣,Ban Phoem,
17.10594975,102.04917634,泰國,黎府,帕告縣,Non Pa Sang,
17.03366666,102.01101646,泰國,黎府,帕告縣,Non Po Daeng,
17.03003712,101.96255754,泰國,黎府,帕告縣,Pha Khao,
17.01997965,102.08955648,泰國,黎府,帕告縣,Tha Chang Khlong,
17.31054671,101.61754124,泰國,黎府,旺沙蓬縣,Khao Luang,
17.17389359,101.89331912,泰國,黎府,旺沙蓬縣,Khok Khamin,
17.37407769,101.57063074,泰國,黎府,旺沙蓬縣,Nong Ngio,
17.25536234,101.88668994,泰國,黎府,旺沙蓬縣,Nong Ya Plong,
17.35621185,101.73932714,泰國,黎府,旺沙蓬縣,Pak Puan,
17.21703441,101.7452717,泰國,黎府,旺沙蓬縣,Pha Bing,
17.35032303,101.83020474,泰國,黎府,旺沙蓬縣,Pha Noi,
17.23050655,101.59672318,泰國,黎府,旺沙蓬縣,Sai Khao,
17.25501573,101.79954088,泰國,黎府,旺沙蓬縣,Si Songkhram,
17.29377171,101.74420189,泰國,黎府,旺沙蓬縣,Wang Saphung,
16.94554098,101.92388988,泰國,黎府,普加東縣,Huai Som,
16.8958445,101.98600718,泰國,黎府,普加東縣,Pha Nok Khao,
16.91345425,101.87403776,泰國,黎府,普加東縣,Phu Kradueng,
16.8798772,101.77070527,泰國,黎府,普加東縣,Si Than,
17.50692828,101.28275405,泰國,黎府,普勒縣,Lat Khang,
17.46062727,101.36207276,泰國,黎府,普勒縣,Nong Bua,
17.33967329,101.40559474,泰國,黎府,普勒縣,Pla Ba,
17.36018727,101.32042324,泰國,黎府,普勒縣,Rong Chik,
17.46010928,101.48136932,泰國,黎府,普勒縣,Santom,
17.36867547,101.47766022,泰國,黎府,普勒縣,Tha Sala,
17.13775503,101.73989961,泰國,黎府,普鑾縣,Huai Si Siat,
17.04970536,101.67784472,泰國,黎府,普鑾縣,Kaeng Si Phum,
17.08363513,101.54260605,泰國,黎府,普鑾縣,Loei Wang Sai,
17.13697278,101.69073604,泰國,黎府,普鑾縣,Nong Khan,
17.13566098,101.6286062,泰國,黎府,普鑾縣,Phu Ho,
17.9411998,101.78544049,泰國,黎府,清刊縣,Bu Hom,
17.87473571,101.66709405,泰國,黎府,清刊縣,Chiang Khan,
17.7637665,101.73748416,泰國,黎府,清刊縣,Chom Si,
17.73326242,101.63322472,泰國,黎府,清刊縣,Hat Sai Khao,
17.82050245,101.78034185,泰國,黎府,清刊縣,Khao Kaeo,
17.81321832,101.66579313,泰國,黎府,清刊縣,Na Sao,
17.79000875,101.58878879,泰國,黎府,清刊縣,Pak Tom,
17.72991227,101.80059983,泰國,黎府,清刊縣,That,
17.52144679,100.89129359,泰國,黎府,納豪縣,Lao Ko Hok,
17.47765486,101.03950224,泰國,黎府,納豪縣,Na Haeo,
17.34744889,101.03316431,泰國,黎府,納豪縣,Na Mala,
17.41653689,101.02696407,泰國,黎府,納豪縣,Na Phueng,
17.50163354,100.96644126,泰國,黎府,納豪縣,Saeng Pha,
17.11217036,101.86173669,泰國,黎府,農信縣,Nong Hin,
17.06970478,101.7799844,泰國,黎府,農信縣,Puan Phu,
17.03121646,101.87884323,泰國,黎府,農信縣,Tat Kha,
17.59163548,101.9900324,泰國,黎府,那鑾縣,Na Dok Kham,
17.49794854,102.04547544,泰國,黎府,那鑾縣,Na Duang,
17.49871351,101.91444994,泰國,黎府,那鑾縣,Tha Sa-At,
17.4301887,101.94294276,泰國,黎府,那鑾縣,Tha Sawan,
17.521523,101.77645124,泰國,黎府,黎府府治縣,Chaiyaphruek,
17.60070738,101.60783459,泰國,黎府,黎府府治縣,Kok Du,
17.51934125,101.5614181,泰國,黎府,黎府府治縣,Kok Thong,
17.49154308,101.72942117,泰國,黎府,黎府府治縣,Kut Pong,
17.53770585,101.70110419,泰國,黎府,黎府府治縣,Mueang,
17.45927111,101.74475381,泰國,黎府,黎府府治縣,Na An,
17.44192976,101.83871307,泰國,黎府,黎府府治縣,Na Din Dam,
17.68665306,101.65914219,泰國,黎府,黎府府治縣,Na Khaem,
17.58125218,101.74291351,泰國,黎府,黎府府治縣,Na O,
17.40514323,101.68597227,泰國,黎府,黎府府治縣,Na Pong,
17.51884764,101.64895925,泰國,黎府,黎府府治縣,Nam Man,
17.61236642,101.85107516,泰國,黎府,黎府府治縣,Nam Suai,
17.63749917,101.73677371,泰國,黎府,黎府府治縣,Si Song Rak,
17.45845384,101.60123762,泰國,黎府,黎府府治縣,Siao,
15.85577376,103.64108175,泰國,黎逸府,乍都拉帕披曼縣,Dong Daeng,
15.80695075,103.60972975,泰國,黎逸府,乍都拉帕披曼縣,Dong Klang,
15.78274093,103.46706055,泰國,黎逸府,乍都拉帕披曼縣,Du Noi,
15.84398948,103.56827223,泰國,黎逸府,乍都拉帕披曼縣,Hua Chang,
15.77615989,103.51548129,泰國,黎逸府,乍都拉帕披曼縣,I Ngong,
15.9077997,103.53369781,泰國,黎逸府,乍都拉帕披曼縣,Khok Lam,
15.75631183,103.43440907,泰國,黎逸府,乍都拉帕披曼縣,Lin Fa,
15.87273552,103.48334,泰國,黎逸府,乍都拉帕披曼縣,Mueang Hong,
15.89569074,103.61203729,泰國,黎逸府,乍都拉帕披曼縣,Nam Sai,
15.83309733,103.51219041,泰國,黎逸府,乍都拉帕披曼縣,Nong Phue,
15.80237481,103.66592247,泰國,黎逸府,乍都拉帕披曼縣,Pa Sang,
15.77280845,103.56784702,泰國,黎逸府,乍都拉帕披曼縣,Si Khot,
16.3959103,103.91542873,泰國,黎逸府,噴通縣,Kham Na Di,
16.16994604,104.029171,泰國,黎逸府,噴通縣,Khok Kok Muang,
16.20638948,103.89380358,泰國,黎逸府,噴通縣,Khok Sung,
16.31882601,103.85594684,泰國,黎逸府,噴通縣,Na Udom,
16.21265104,103.95569448,泰國,黎逸府,噴通縣,Non Chai Si,
16.40089095,103.99770571,泰國,黎逸府,噴通縣,Nong Yai,
16.24185534,103.89106847,泰國,黎逸府,噴通縣,Pho Si Sawang,
16.32156952,103.91969843,泰國,黎逸府,噴通縣,Pho Thong,
16.19958973,104.08489897,泰國,黎逸府,噴通縣,Phrom Sawan,
16.27415921,103.96473339,泰國,黎逸府,噴通縣,Sa Nok Kaeo,
16.21684825,104.00474384,泰國,黎逸府,噴通縣,Sawang,
16.27601466,103.86405616,泰國,黎逸府,噴通縣,Um Mao,
16.32883252,103.98355556,泰國,黎逸府,噴通縣,Waeng,
16.26727187,104.04061466,泰國,黎逸府,噴通縣,Wang Samakkhi,
16.07239019,103.84957323,泰國,黎逸府,塔瓦武里縣,Bueng Nakhon,
15.94043219,103.75721339,泰國,黎逸府,塔瓦武里縣,Khwao Thung,
16.08005075,103.73058152,泰國,黎逸府,塔瓦武里縣,Ma-Ue,
15.96220439,103.7856574,泰國,黎逸府,塔瓦武里縣,Mueang Noi,
16.04790115,103.73480332,泰國,黎逸府,塔瓦武里縣,Niwet,
16.00088829,103.72194452,泰國,黎逸府,塔瓦武里縣,Nong Phai,
16.09946647,103.76660686,泰國,黎逸府,塔瓦武里縣,Nong Phok,
16.02514877,103.8168871,泰國,黎逸府,塔瓦武里縣,Phaisan,
15.95361142,103.71602051,泰國,黎逸府,塔瓦武里縣,Ratchathani,
16.11613824,103.81056322,泰國,黎逸府,塔瓦武里縣,Thawat Buri,
16.09980947,103.85224974,泰國,黎逸府,塔瓦武里縣,Thong Thani,
16.03494102,103.78822888,泰國,黎逸府,塔瓦武里縣,Um Mao,
15.74817507,103.71845909,泰國,黎逸府,孟雙縣,Khu Mueang,
15.76999902,103.75761512,泰國,黎逸府,孟雙縣,Kok Kung,
15.81651373,103.75370571,泰國,黎逸府,孟雙縣,Mueang Suang,
15.78553705,103.80923936,泰國,黎逸府,孟雙縣,Nong Hin,
15.82023645,103.71097755,泰國,黎逸府,孟雙縣,Nong Phue,
15.64709958,103.35756552,泰國,黎逸府,巴吞拉縣,Bua Daeng,
15.63583826,103.3078238,泰國,黎逸府,巴吞拉縣,Dok Lam,
15.63164963,103.46262924,泰國,黎逸府,巴吞拉縣,Khi Lek,
15.60798899,103.34838059,泰國,黎逸府,巴吞拉縣,Non Sa-Nga,
15.58050708,103.43517428,泰國,黎逸府,巴吞拉縣,Non Sawan,
15.68924862,103.37599362,泰國,黎逸府,巴吞拉縣,Nong Khaen,
15.65022472,103.42526614,泰國,黎逸府,巴吞拉縣,Phon Sung,
15.56667435,103.37010618,泰國,黎逸府,巴吞拉縣,Sa Bua,
15.80151393,104.08646774,泰國,黎逸府,帕農派縣,Chanuwan,
15.63704125,104.16632096,泰國,黎逸府,帕農派縣,Kham Hai,
15.59770252,104.13762245,泰國,黎逸府,帕農派縣,Kho Yai,
15.63507994,104.07118086,泰國,黎逸府,帕農派縣,Khok Sawang,
15.77092902,104.06248334,泰國,黎逸府,帕農派縣,Kut Nam Sai,
15.63937359,104.12483282,泰國,黎逸府,帕農派縣,Na Nuan,
15.68815911,103.98977285,泰國,黎逸府,帕農派縣,Nong Thap Thai,
15.68740219,104.11861633,泰國,黎逸府,帕農派縣,Phanom Phrai,
15.58817762,104.08803672,泰國,黎逸府,帕農派縣,Pho Chai,
15.7570799,104.01706535,泰國,黎逸府,帕農派縣,Pho Yai,
15.70460938,104.08095231,泰國,黎逸府,帕農派縣,Sa Kaeo,
15.75219286,104.1065827,泰國,黎逸府,帕農派縣,Saen Suk,
15.68429487,104.04396075,泰國,黎逸府,帕農派縣,Wari Sawat,
16.14218347,103.593954,泰國,黎逸府,昌漢縣,Changhan,
16.18210387,103.67700755,泰國,黎逸府,昌漢縣,Din Dam,
16.1784774,103.58045018,泰國,黎逸府,昌漢縣,Dong Sing,
16.19823756,103.52745947,泰國,黎逸府,昌漢縣,Muang Lat,
16.14104742,103.63644224,泰國,黎逸府,昌漢縣,Pa Fa,
16.17273294,103.52349295,泰國,黎逸府,昌漢縣,Phak Waen,
16.1853717,103.6348902,泰國,黎逸府,昌漢縣,Saen Chat,
16.12136562,103.66528532,泰國,黎逸府,昌漢縣,Yang Yai,
16.42399569,104.1491289,泰國,黎逸府,梅瓦迪縣,Bung Loet,
16.39331843,104.09767056,泰國,黎逸府,梅瓦迪縣,Chom Sa-At,
16.34164029,104.06727467,泰國,黎逸府,梅瓦迪縣,Chumphon,
16.39472218,104.16654353,泰國,黎逸府,梅瓦迪縣,Moei Wadi,
16.39064818,103.75117174,泰國,黎逸府,樸猜縣,Ak Khakham,
16.28060279,103.81266705,泰國,黎逸府,樸猜縣,Bua Kham,
16.24311598,103.80674847,泰國,黎逸府,樸猜縣,Chiang Mai,
16.19831949,103.81941208,泰國,黎逸府,樸猜縣,Don Ong,
16.42252257,103.8401364,泰國,黎逸府,樸猜縣,Kham Pha-Ung,
16.33101064,103.7703241,泰國,黎逸府,樸猜縣,Kham Pia,
16.25870411,103.76260075,泰國,黎逸府,樸猜縣,Nong Ta Kai,
16.36157023,103.82272464,泰國,黎逸府,樸猜縣,Pho Si,
16.20784816,103.76885775,泰國,黎逸府,樸猜縣,Sa-At,
16.14971638,103.71043228,泰國,黎逸府,清寬縣,Ban Khueang,
16.19102244,103.72448646,泰國,黎逸府,清寬縣,Chiang Khwan,
16.09977434,103.7038261,泰國,黎逸府,清寬縣,Mu Mon,
16.14755108,103.80304719,泰國,黎逸府,清寬縣,Phlapphla,
16.12806474,103.74122526,泰國,黎逸府,清寬縣,Phrachao,
16.16743955,103.76327877,泰國,黎逸府,清寬縣,Phrathat,
15.69881683,103.44904679,泰國,黎逸府,甲色威賽縣,Ban Fang,
15.5120304,103.60853849,泰國,黎逸府,甲色威賽縣,Dong Khrang Noi,
15.48572251,103.53288024,泰國,黎逸府,甲色威賽縣,Dong Khrang Yai,
15.55949461,103.49935337,泰國,黎逸府,甲色威賽縣,Kamphaeng,
15.66274803,103.60877745,泰國,黎逸府,甲色威賽縣,Kaset Wisai,
15.58909578,103.65592628,泰國,黎逸府,甲色威賽縣,Ku Ka Sing,
15.72049135,103.55242716,泰國,黎逸府,甲色威賽縣,Lao Luang,
15.59265144,103.58047227,泰國,黎逸府,甲色威賽縣,Mueang Bua,
15.63677008,103.52181023,泰國,黎逸府,甲色威賽縣,Nam Om,
15.70434647,103.5059334,泰國,黎逸府,甲色威賽縣,Non Sawang,
15.73940097,103.62348694,泰國,黎逸府,甲色威賽縣,Nong Waeng,
15.71428752,103.67148218,泰國,黎逸府,甲色威賽縣,Sing Khok,
15.48759863,103.4573646,泰國,黎逸府,甲色威賽縣,Thung Thong,
15.60202924,103.9003749,泰國,黎逸府,素旺那蓬縣,Bo Phan Khan,
15.59087699,103.92810925,泰國,黎逸府,素旺那蓬縣,Champa Khan,
15.67604176,103.94339268,泰國,黎逸府,素旺那蓬縣,Chang Phueak,
15.64830396,103.76721006,泰國,黎逸府,素旺那蓬縣,Dokmai,
15.59711836,103.71660766,泰國,黎逸府,素旺那蓬縣,Hin Kong,
15.64589214,103.90777236,泰國,黎逸府,素旺那蓬縣,Hua Chang,
15.70951383,103.85330418,泰國,黎逸府,素旺那蓬縣,Hua Thon,
15.69960562,103.89426748,泰國,黎逸府,素旺那蓬縣,Huai Hin Lat,
15.62244041,103.85857877,泰國,黎逸府,素旺那蓬縣,Mueang Thung,
15.70304387,103.7496851,泰國,黎逸府,素旺那蓬縣,Na Yai,
15.73423928,103.82494324,泰國,黎逸府,素旺那蓬縣,Nam Kham,
15.57969952,103.79964567,泰國,黎逸府,素旺那蓬縣,Sa Khu,
15.47659273,103.80817561,泰國,黎逸府,素旺那蓬縣,Thung Kula,
15.48155818,103.71301087,泰國,黎逸府,素旺那蓬縣,Thung Luang,
15.57282456,103.87215819,泰國,黎逸府,素旺那蓬縣,Thung Si Mueang,
16.01953568,104.02228607,泰國,黎逸府,色拉蓬縣,Bueng Kluea,
16.02721327,103.9531293,泰國,黎逸府,色拉蓬縣,Khwan Mueang,
15.94521704,103.98674772,泰國,黎逸府,色拉蓬縣,Khwao,
16.01421366,103.935454,泰國,黎逸府,色拉蓬縣,Klang,
16.16271529,103.8626818,泰國,黎逸府,色拉蓬縣,Ko Kaeo,
16.09457045,104.04079208,泰國,黎逸府,色拉蓬縣,Lao Noi,
15.99918017,103.99654597,泰國,黎逸府,色拉蓬縣,Mueang Phrai,
15.96363398,103.93111199,泰國,黎逸府,色拉蓬縣,Na Loeng,
16.0741927,103.93962767,泰國,黎逸府,色拉蓬縣,Na Mueang,
15.87964611,103.97509329,泰國,黎逸府,色拉蓬縣,Na Ngam,
16.1448285,103.96537521,泰國,黎逸府,色拉蓬縣,Na Saeng,
16.15064889,103.9266577,泰國,黎逸府,色拉蓬縣,Nong Luang,
16.1432722,104.14299159,泰國,黎逸府,色拉蓬縣,Pho Thong,
16.1814424,104.14324455,泰國,黎逸府,色拉蓬縣,Phon Sawan,
16.04222596,104.07754049,泰國,黎逸府,色拉蓬縣,Phu Ngoen,
16.13690333,104.0540512,泰國,黎逸府,色拉蓬縣,Si Wilai,
16.12384323,103.89289395,泰國,黎逸府,色拉蓬縣,Tha Muang,
16.09007979,103.99557,泰國,黎逸府,色拉蓬縣,Wang Luang,
15.49577162,104.00503372,泰國,黎逸府,蓬賽縣,Phon Sai,
15.46705455,103.93226392,泰國,黎逸府,蓬賽縣,Sam Kha,
15.5296512,103.90976936,泰國,黎逸府,蓬賽縣,Si Sawang,
15.49022019,103.88902366,泰國,黎逸府,蓬賽縣,Tha Hat Yao,
15.44237317,103.97132839,泰國,黎逸府,蓬賽縣,Yang Kham,
15.98750507,103.51858891,泰國,黎逸府,西頌德縣,Ban Bak,
16.00890287,103.5508446,泰國,黎逸府,西頌德縣,Mueang Plueai,
15.94973616,103.50636934,泰國,黎逸府,西頌德縣,Nong Waeng Khuang,
16.04264808,103.54201012,泰國,黎逸府,西頌德縣,Nong Yai,
16.09469577,103.47554284,泰國,黎逸府,西頌德縣,Pho Sai,
15.9783188,103.54297517,泰國,黎逸府,西頌德縣,Pho Thong,
15.98619794,103.48481133,泰國,黎逸府,西頌德縣,Si Somdet,
16.0333998,103.4926391,泰國,黎逸府,西頌德縣,Suan Chik,
15.5802745,103.96367405,泰國,黎逸府,農希縣,Den Rat,
15.55870379,104.01616244,泰國,黎逸府,農希縣,Duk Ueng,
15.62553079,104.00507825,泰國,黎逸府,農希縣,Nong Hi,
15.54999483,104.06277888,泰國,黎逸府,農希縣,Sao Hae,
16.37769596,104.28722856,泰國,黎逸府,農樸縣,Bueng Ngam,
16.26890198,104.2757558,泰國,黎逸府,農樸縣,Khok Sawang,
16.29606381,104.11373189,泰國,黎逸府,農樸縣,Kok Pho,
16.23459056,104.14866551,泰國,黎逸府,農樸縣,Nong Khun Yai,
16.32826086,104.19262561,泰國,黎逸府,農樸縣,Nong Phok,
16.31940449,104.31298458,泰國,黎逸府,農樸縣,Pha Nam Yoi,
16.39755896,104.23406359,泰國,黎逸府,農樸縣,Phu Khao Thong,
16.2827737,104.20678285,泰國,黎逸府,農樸縣,Rop Mueang,
16.1956744,104.21270736,泰國,黎逸府,農樸縣,Tha Sida,
15.98616247,103.89691928,泰國,黎逸府,通考鑾縣,Bueng Ngam,
15.96475734,103.82808769,泰國,黎逸府,通考鑾縣,Lao,
16.03843854,103.88878477,泰國,黎逸府,通考鑾縣,Maba,
15.96561732,103.86434226,泰國,黎逸府,通考鑾縣,Thoet Thai,
16.0315453,103.85360116,泰國,黎逸府,通考鑾縣,Thung Khao Luang,
15.84686268,103.88103388,泰國,黎逸府,阿沙瑪縣,At Samat,
15.8550265,103.9402151,泰國,黎逸府,阿沙瑪縣,Ban Chaeng,
15.88708737,103.72827688,泰國,黎逸府,阿沙瑪縣,Ban Du,
15.85866923,103.81131538,泰國,黎逸府,阿沙瑪縣,Hora,
15.90668206,103.79246443,泰國,黎逸府,阿沙瑪縣,Khi Lek,
15.80742632,103.95547296,泰國,黎逸府,阿沙瑪縣,Nom,
15.86125933,103.76451884,泰國,黎逸府,阿沙瑪縣,Nong Bua,
15.8030905,103.86422088,泰國,黎逸府,阿沙瑪縣,Nong Kham,
15.75537849,103.94224091,泰國,黎逸府,阿沙瑪縣,Nong Muen Than,
15.90713072,103.87957057,泰國,黎逸府,阿沙瑪縣,Phon Mueang,
16.05882938,103.59367108,泰國,黎逸府,黎逸府治縣,Dong Lan,
15.89492935,103.67075862,泰國,黎逸府,黎逸府治縣,Khaen Yai,
16.02438084,103.59042186,泰國,黎逸府,黎逸府治縣,Khon Kaen,
15.9306672,103.57856809,泰國,黎逸府,黎逸府治縣,Mueang Thong,
15.96127827,103.56879892,泰國,黎逸府,黎逸府治縣,Na Pho,
16.05058203,103.65317009,泰國,黎逸府,黎逸府治縣,Nai Mueang,
16.00153541,103.66267294,泰國,黎逸府,黎逸府治縣,Non Rang,
15.97028173,103.66688219,泰國,黎逸府,黎逸府治縣,Non Tan,
15.93120348,103.68247929,泰國,黎逸府,黎逸府治縣,Nong Kaeo,
16.10323901,103.60303484,泰國,黎逸府,黎逸府治縣,Nong Waeng,
16.07536503,103.65976917,泰國,黎逸府,黎逸府治縣,Nuea Mueang,
16.08104505,103.52355757,泰國,黎逸府,黎逸府治縣,Po Phan,
16.01706588,103.64530924,泰國,黎逸府,黎逸府治縣,Rop Mueang,
15.95574981,103.61589036,泰國,黎逸府,黎逸府治縣,Sa-At Sombun,
16.12622574,103.52682006,泰國,黎逸府,黎逸府治縣,Si Kaeo,
